file,ts_len,Var-8,Var-16,Var-32,Var-64,Var-96,Var-128,Var-256,Range-8,Range-16,Range-32,Range-64,Range-96,Range-128,Range-256,Last-1,Last-2,Last-3,Last-8,Last-16,Last-32,Last-64,Centered-3,Centered-16,Centered-64,AbsDiff-1,AbsDiff-4,AbsDiff-16,MAD-32,MAD-128,SpecEnt-64,SpecEnt-256
001_NAB_id_1_Facility_tr_1007_1st_2014.csv,4031.0,0.2394298115610752,0.318562096681965,0.4264657952699425,0.6065528907899737,0.8108489636315479,0.9678655528963492,0.693324199394112,0.2288981113075378,0.3142743696914656,0.4601734517729536,0.6670800486245817,0.8561220073174257,0.988309108228951,0.6976576301656537,0.1687259599306129,0.16833782612462,0.1731459504827804,0.1828345502976576,0.1861656427746564,0.1785321162709075,0.1758631528555013,0.1819525862224697,0.2140319102553637,0.2905190073448898,0.1687259599306129,0.2016640305344504,0.3017970623330546,0.1862619372770052,0.1637785629061117,0.2707174216221969,0.2480280631282649
002_NAB_id_2_WebService_tr_1500_1st_4106.csv,6000.0,0.1636792380342163,0.1985829082203734,0.250445161570511,0.340485769641229,0.4304978451568163,0.5210252955588346,0.8366425662957372,0.167138800379429,0.2121555089944334,0.2631452901455949,0.3554360499445855,0.4525856673516731,0.5451116767776998,0.8676199284859468,0.1385476015503688,0.132054884047327,0.131789044857857,0.1461584490641947,0.1578065400564672,0.1751782638376334,0.2156783918038027,0.13168573181822,0.157499524821102,0.214281908620328,0.1385476015503688,0.1533325235893258,0.2009117176948661,0.1533878146540158,0.1035626348196591,0.127710002290408,0.2201727304599444
005_NAB_id_5_Traffic_tr_594_1st_1645.csv,2379.0,0.1000037272824688,0.1043700628409261,0.112180074854454,0.1339102335327112,0.1477279057530559,0.1614747925386715,0.2469452304657688,0.1087785923982259,0.1234357708551689,0.1851584631639103,0.350986092982307,0.4705929968588965,0.5910637079348153,0.9889489708282044,0.0990134244849643,0.1019917450691462,0.1026922450653746,0.1030208601843406,0.1071942093487602,0.1121409030546966,0.1196737228184584,0.1028390836157106,0.1079307085679866,0.1240869222865566,0.0990134244849643,0.0957529998276581,0.101179422634706,0.1144760923820547,0.0765820785845967,0.0972465927138708,0.0637064488812237
006_NAB_id_6_Traffic_tr_2579_1st_5839.csv,10319.0,0.0969872188622235,0.0925967675166165,0.091567794739026,0.0911782566855944,0.0914151259297233,0.1092069422128016,0.1481732972291833,0.0966180154686017,0.0928308681224989,0.0950600828769462,0.1189735904227238,0.1579125827833505,0.1986536819919931,0.3393779286232479,0.0997256598386649,0.0993857474468931,0.1000780726010221,0.1019443330906774,0.0998655180406504,0.1107347877477391,0.111763927983662,0.1001130503886503,0.0999485994391395,0.1111899065981877,0.0997256598386649,0.0962449401803338,0.0864651363535534,0.105162128970354,0.283972384487264,0.1225704044074313,0.2180709931765718
008_NAB_id_8_Synthetic_tr_1007_1st_2734.csv,4031.0,0.3805172029900643,0.5867404109385349,0.7582191834602096,0.8122471460550297,0.8323557119570227,0.8497049907615204,0.9311801361022584,0.3662255900503537,0.453880385389558,0.5342086827705148,0.5750343148605753,0.5963801022666947,0.6187456821392773,0.7670307636537858,0.2072618906339093,0.2129992530185177,0.2370162905317871,0.3425266996937947,0.4122227304476927,0.4638974036408029,0.4606851381162787,0.2381201414549058,0.4228888118168517,0.5206211703967067,0.2072618906339093,0.2590213644060507,0.4999632554328398,0.2957201235462496,0.1146869782222786,0.06679718024034,0.0559783072515178
009_NAB_id_9_Traffic_tr_500_1st_438.csv,2161.0,0.1769162728262085,0.1767882302087905,0.2105435484730583,0.2505846324692834,0.2485665028887292,0.2510147473914265,0.2767659422705967,0.1804960990676811,0.1802579858831551,0.2015472498820553,0.2235414924469138,0.2494847312499021,0.2758758670721511,0.2539592394116255,0.1617440783929543,0.1596520907897827,0.1596667791749354,0.1620962116622348,0.1711380672759684,0.1694516842700416,0.1736006440580616,0.1610069260268764,0.1744950849836075,0.2088745680581922,0.1617440783929543,0.1766696884942121,0.2107074957691236,0.2439403890057973,0.6551653792755677,0.1008132821767709,0.0844584938872949
010_NAB_id_10_WebService_tr_500_1st_271.csv,1000.0,0.4032100251165446,0.5474698549841404,0.8162867679606667,0.976305791300574,0.8574402228775063,0.6906005777915771,0.4774002149203095,0.4082866653815282,0.5523211643987362,0.823483221667742,0.9704386938928612,0.8506052905448238,0.7335164488999533,0.4651506828890193,0.3052170671552162,0.3224208587029332,0.3120985632057748,0.3747119341061022,0.4397923721699289,0.4185923117378985,0.3952761163927016,0.3136524638779051,0.433061657633676,0.3241816046194294,0.3052170671552162,0.3566185471444449,0.5393307379962642,0.3754031378641247,0.273830438836239,0.7327568548789734,0.3972093721915343
011_NAB_id_11_Facility_tr_1007_1st_1526.csv,4031.0,0.3831936966225015,0.4488575776251797,0.5536402384062117,0.7072631283486053,0.819746860646268,0.9121519326645404,0.9953607220616316,0.3954643690061696,0.5017056966946704,0.5922289339110409,0.7167207943904386,0.8397073096852218,0.9118549848195248,0.99253697016542,0.2096853912389631,0.1980194959869453,0.1964171919508281,0.2190621780704923,0.2453056622150481,0.3066897049475495,0.4304065086167623,0.1968060504792637,0.2467829109567276,0.4377828139801957,0.2096853912389631,0.281846373368967,0.4024660970503444,0.1912864090787812,0.4047899834524603,0.1869957975398557,0.0774834650369406
013_NAB_id_13_Traffic_tr_623_1st_2084.csv,2494.0,0.318583444455423,0.4237084425572647,0.571510729242683,0.7504399123182166,0.9192995386770988,0.988438533947655,0.6727281918950034,0.3161453454159525,0.4016805694571108,0.5536326468079363,0.7373291936802826,0.939402545793964,0.934907775142648,0.7199953696226589,0.1836983823431549,0.1943763453496815,0.2098111163143121,0.2775334517319072,0.3489143953639294,0.3937075597128854,0.3611954729675929,0.2096481468642552,0.3465752141753455,0.3423834125169991,0.1836983823431549,0.2459491766324893,0.3338204557957549,0.2916509251887316,0.2313410123361207,0.0750980690864883,0.0801264501159565
014_NAB_id_14_WebService_tr_500_1st_1045.csv,1537.0,0.1421501017481603,0.1923319724837005,0.2913494232554773,0.4896306648083102,0.6837480950134441,0.4660237730321457,0.2813186217024002,0.1393934534279068,0.1899791438747443,0.288913206073328,0.4887279756684146,0.6975282418729667,0.8801972223059604,0.7495715171374717,0.10475593029984,0.1113519191555902,0.1181535608550681,0.1187311677445388,0.1237614959358628,0.1205968059622648,0.1242986810645349,0.1181715118608062,0.1251568533230255,0.1259593399410555,0.10475593029984,0.1124738452119674,0.1737798258599734,0.1010370378673955,0.0993948904481499,0.4848400985611841,0.6429419136203993
015_NAB_id_15_Synthetic_tr_1007_1st_2787.csv,4031.0,0.1157700181156707,0.1196193016858278,0.1215101043887387,0.1173937844148876,0.1070092964882852,0.0983841654964742,0.0845563035474494,0.115272365221718,0.1153741849920235,0.1145190248114625,0.1100665284256568,0.0991254346804248,0.0905044595899619,0.0882028027836003,0.1179405989181675,0.1193577763920175,0.1185954286285174,0.1173803627353091,0.1181580022227965,0.1183045745391639,0.1140104531783658,0.1186827526056365,0.1184089197508939,0.1144112388610282,0.1179405989181675,0.1129409459343654,0.1082142788230601,0.1154048384281239,0.1118959150176521,0.1421926068441594,0.5067032812377221
016_NAB_id_16_Environment_tr_1816_1st_3540.csv,7266.0,0.1357537740096253,0.1463765667851586,0.1707747901289577,0.1810263359794009,0.1986872279767713,0.2244961424769584,0.2441544287956498,0.137270315691904,0.1502020760870615,0.1771619792714891,0.1958586938220866,0.2206302828760042,0.2586792626983241,0.2829201585993762,0.1205488733845581,0.1228039506291731,0.1263147475015369,0.1347191217876201,0.1368968825313799,0.1450771487638474,0.1586597017499652,0.1264188483954232,0.1373749698116975,0.1633403715469216,0.1205488733845581,0.1293363440017595,0.1548858435155069,0.1521068019624404,0.2220992728173616,0.0970103360939235,0.0778190416771734
017_NAB_id_17_Synthetic_tr_1007_1st_1805.csv,4031.0,0.1286598510342371,0.1200285235950895,0.1601733054178895,0.2249553750437008,0.369628884355606,0.3889105241778365,0.7029501361269874,0.114700092672918,0.1151992911764295,0.1153270827841067,0.1148045609145833,0.1102604131133901,0.1102604131133901,0.1102604131133901,0.1121512773486163,0.1136912081870254,0.1143315561925378,0.1169447557293601,0.1169815188472412,0.1247768988816691,0.1656365601309998,0.1142161325518433,0.1170491512648723,0.1642352902220271,0.1121512773486163,0.1149386101370531,0.1226341478495206,0.0,0.0,0.1001572799817229,0.6251274978778922
018_NAB_id_18_Facility_tr_500_1st_669.csv,1881.0,0.1530287716911225,0.1484043796572108,0.1351054812146735,0.1330094905418484,0.131684679958485,0.1241365817158494,0.1055201707276697,0.1592734974370449,0.158654555373255,0.1412366011915146,0.1310648185219241,0.1289585999613611,0.1340300559618321,0.1444755875296997,0.1381651720985703,0.142128980215497,0.1415012084266842,0.143207625006211,0.1741159396838549,0.187683974841195,0.1892023800831592,0.1427695532124128,0.1859776489008068,0.2451467514567382,0.1381651720985703,0.1407048420023513,0.1334594095854186,0.2324935364573306,0.1532522297226415,0.0835543187839775,0.0841683435134905
019_NAB_id_19_Facility_tr_1007_1st_1171.csv,4031.0,0.1953899429894454,0.2347736564061464,0.3204000114381993,0.4790833749857534,0.5164440000966274,0.5669445416400771,0.5621669653587956,0.1800323398729117,0.2310841903062798,0.3223120954789665,0.5120449282132372,0.6628679029320956,0.777165687243356,0.8731034024210219,0.1413954214405503,0.1431723312479721,0.1490434347791259,0.1493543498132886,0.149395006100531,0.1510086491083654,0.1484368908233803,0.1483899441477888,0.1469706410486174,0.1453507732041367,0.1413954214405503,0.1525816659961181,0.1894692584421679,0.1664799540412488,0.1914638037527571,0.2758586011274297,0.4762171368807212
020_NAB_id_20_Synthetic_tr_1007_1st_2679.csv,4031.0,0.1437168528825022,0.1486464540033469,0.1500679657022564,0.1465162343464126,0.1402411518520244,0.1320751858213965,0.1055072760492781,0.1446692637928025,0.1467972820869113,0.1500808956222251,0.154082250773152,0.1779274047644058,0.1817477669211861,0.3789531905042001,0.134995123784697,0.139185725762124,0.1383638927020563,0.1429924533611497,0.1450217834848363,0.1477857174580891,0.1472129384846712,0.1387536474609962,0.1460847546454953,0.1499520236105977,0.134995123784697,0.1382612428843713,0.1390631629653843,0.1411835399746125,0.1784789957305402,0.1091468833254464,0.6860709430382148
022_NAB_id_22_Facility_tr_1007_1st_2980.csv,4031.0,0.5163608899834334,0.568626842406313,0.6303620329527732,0.7161044488617133,0.7528738316421183,0.7952872727584603,0.9171619363911258,0.5056371116916804,0.5577468241559468,0.6191478454323324,0.7303089238798474,0.7745272766770142,0.814794166738764,0.909487769994636,0.3963777198106002,0.3101836837440708,0.3563870643002295,0.3220378392629226,0.3430774442849705,0.371211090270915,0.4192828300889591,0.3578591917111999,0.3450457689630626,0.4260238582581366,0.3963777198106002,0.4930176492547944,0.5816944035280792,0.4704361011737885,0.441874757197065,0.0858469615293946,0.077531789807904
023_NAB_id_23_Facility_tr_4512_1st_16551.csv,18049.0,0.1190751949729277,0.1018707689648642,0.1197407390473123,0.1472563772730464,0.1821147975085927,0.2072468003795727,0.3291922993604275,0.1088531858848441,0.1351474063697394,0.2018519499121752,0.2919489045963166,0.42231582589529,0.530441659115392,0.7465166984123283,0.1085461054954135,0.1032631524388535,0.1008985392618627,0.1049445643626351,0.1064214705463169,0.1104351110449825,0.1192884040135819,0.1009080536900507,0.1057875629997577,0.1161337539597635,0.1085461054954135,0.1063285339985218,0.199410993753815,0.5767319546855851,0.6996258019447538,0.3596522469995336,0.501479257176756
024_NAB_id_24_Synthetic_tr_1007_1st_2787.csv,4031.0,0.207575692143092,0.2184261700012396,0.2550824585047828,0.3687468950407493,0.4821676313456999,0.5719188940511879,0.8234831139018629,0.2198857535245692,0.2307313395337797,0.2857669273343853,0.4366859194121271,0.5652049236382186,0.6748119903356559,0.8828135272214266,0.1821095096081689,0.1671364579949363,0.1672634518622702,0.1691048003623376,0.1891173337524263,0.2309452188420419,0.3064182272792421,0.1672308019850968,0.1891464766452773,0.305940542922077,0.1821095096081689,0.1932640855924084,0.3594020655933153,0.1928464602581022,0.2107375431962547,0.1182772786777501,0.3884256658800588
025_NAB_id_25_WebService_tr_3958_1st_4614.csv,15832.0,0.1031727312081076,0.1144247611632736,0.1502632609054113,0.1959922803531766,0.2369211479890528,0.2764009996420757,0.3384899222805415,0.1039718346097469,0.1156601980784663,0.1511538042929018,0.1990501332248438,0.2380797399258007,0.2789395028955004,0.4265776495622741,0.1004045460461401,0.1025777402242268,0.1040125251936936,0.1080018024493087,0.112387063039859,0.1146535626121715,0.1185268167783624,0.104107391161475,0.1124763477793943,0.1191921515311588,0.1004045460461401,0.099842932738772,0.1108179626923621,0.1006429015861645,0.0960933175378082,0.2013746759746134,0.411786425271815
026_NAB_id_26_Traffic_tr_624_1st_2261.csv,2499.0,0.1536486882526764,0.2043244164659603,0.2652996440177405,0.387326113473018,0.5144194690864569,0.7919680401377152,0.989158262944726,0.1480697084990798,0.1904691431149148,0.2462593005308816,0.3915288875365438,0.5509331372817747,0.7819801894746307,1.0,0.1048979750490686,0.1080822668697323,0.1122355271028948,0.1244906001690918,0.1390975502909043,0.1239527906202523,0.1327180088986524,0.1116220551259997,0.1356509297663181,0.1193060391692487,0.1048979750490686,0.1151321716247155,0.1369140961424825,0.1721354567616161,0.1662407896127801,0.0606971484076601,0.0664493505378596
027_NAB_id_27_Facility_tr_757_1st_2582.csv,3031.0,0.1412398340963225,0.2057336205958298,0.2946133858254794,0.4133245467790821,0.5472845582562467,0.6871763274344516,0.9940717344190524,0.1592489140536203,0.2103745982603793,0.3019077330475513,0.4658025279339479,0.5864081634283436,0.7086850363623429,0.9077222419398262,0.1047370838387629,0.1068435230716245,0.0989852705638818,0.1035864455348306,0.1049412747880976,0.1045678094940025,0.1063095746403786,0.0989579599297834,0.1056947472787195,0.1090384018313077,0.1047370838387629,0.135654280282822,0.2004946969459647,0.1580419226733187,0.1108231592476829,0.0789130803450045,0.0401144016846388
028_NAB_id_28_Facility_tr_1007_1st_3447.csv,4031.0,0.1674852055287247,0.215975561961709,0.2807662957002592,0.3736827871783567,0.4313338155169394,0.4960638780393325,0.919392978117195,0.1624249662640511,0.1977121957678829,0.2464461246094367,0.3380724107293018,0.4075817427077068,0.4805720612612961,0.7071046161816145,0.1258164700560637,0.1247585685172172,0.1298542759227484,0.1414108578399236,0.1447290241343771,0.1528988465673657,0.1509513541805422,0.1301515293022983,0.1475769431500048,0.1540408779190182,0.1258164700560637,0.138031516433971,0.194059461611124,0.134428710241168,0.1371842437851026,0.1999721598828064,0.0743354168146502
032_WSD_id_4_WebService_tr_4559_1st_11822.csv,10686.0,0.296645188896078,0.7523848254176114,0.9339242039631944,0.7291491937051666,0.4075866633723919,0.0902571243941186,0.0098218743374114,0.305598941385814,0.8121051567284086,0.951310983953851,0.8041057044636413,0.6280084371604074,0.4826902225084747,0.163225407640354,0.0724407001718381,0.100290203113524,0.1253722125788404,0.1794443252270411,0.1285810784246714,0.116839119319602,0.0765542700172802,0.1239626997571934,0.1160474511937209,0.0375328570249087,0.0724407001718381,0.1471228971713116,0.6782883422154604,0.0163638544003889,0.0040039093579556,0.088480231815468,0.4234802998491371
039_WSD_id_11_WebService_tr_1746_1st_1846.csv,18219.0,0.7096527124004215,0.9180898286373484,0.8718430533593019,0.7531707824730532,0.632287545101147,0.5611743525820687,0.5347299366477244,0.7119732459602042,0.9078693290078482,0.8587961624378881,0.7003301257255187,0.5738109198149156,0.4817134810414011,0.3805924223615433,0.2086069603231002,0.3337199363666665,0.4240877250729785,0.5149405625486128,0.6439522287976764,0.6852961367550569,0.6364340803759843,0.4249361906848137,0.6590267991212299,0.4256535282002573,0.2086069603231002,0.4429849876559606,0.5952622437471199,0.7753451576742058,0.6032997831331133,0.1066318744972057,0.0127950240019805
040_WSD_id_12_WebService_tr_4559_1st_9714.csv,18236.0,0.1198256795526752,0.1354071717632772,0.0398594989611796,0.0210218399074501,0.0170505186696616,0.012871422804926,0.0059776369643657,0.0552721820469806,0.2398958856148956,0.3092162131320299,0.2020089991615372,0.1215825563705319,0.0718625055954496,0.0201029831188652,0.0108705282046033,0.0179614053078802,0.0247533015756936,0.0406260232636331,0.0353448529759432,0.0245346098806902,0.0205962192033149,0.0249886523038592,0.0361724710375862,0.0119594285270166,0.0108705282046033,0.0102443224285332,0.0094110103595161,0.0059006335868104,0.0035075297804571,0.0109272438618555,0.1785050920484251
043_WSD_id_15_WebService_tr_4521_1st_6828.csv,18085.0,0.2635692717545987,0.4257290262064357,0.7001665786331673,0.3592723939747471,0.0265222858141312,0.0125387600425489,0.0040426761362102,0.5359593934550504,0.6431147903706275,0.7450070894526667,0.5847079451908659,0.4438810144411488,0.3654788130899534,0.1568196423289288,0.1165123519317647,0.1524233834502193,0.1802262353358968,0.1526912153535454,0.1074646016472583,0.0946594093020667,0.0916916000841388,0.1727202698816911,0.0790800525125161,0.0221027073555532,0.1165123519317647,0.2059928009526569,0.4354191541911308,0.004560771731975,0.0019208603473084,0.4517187550961792,0.0120417780351576
049_WSD_id_21_WebService_tr_4297_1st_7097.csv,17189.0,0.6593280289291454,0.5511166877879103,0.5007221468330414,0.3526158568731158,0.2352071175392046,0.1753046580541685,0.0567036901434628,0.6472875281822498,0.6549949651344371,0.6628667803410181,0.4929833722017018,0.3831360397017896,0.3117641112246628,0.1231084019713903,0.1317799363674435,0.2104294026776259,0.2708927201335337,0.1375929933169259,0.1280795967995625,0.1062759363757024,0.08625223116969,0.2747765615498938,0.1106871687286673,0.0375267566288325,0.1317799363674435,0.3627874409501271,0.4355301647316457,0.0571149365502609,0.072620616292674,0.3819518507499714,0.2165715645354356
054_WSD_id_26_WebService_tr_2409_1st_2509.csv,18391.0,0.5038070158012165,0.9445922110743944,0.8618541114538796,0.6054235781991512,0.2699102723236503,0.036890064385174,0.0139901131418974,0.5230325573567683,0.967552739889127,0.8860966671089855,0.7137870970174525,0.5646211458585124,0.4180922853330307,0.1746785337782512,0.092370318754055,0.1191954075192246,0.1748748821410341,0.3388263124792743,0.2510225018311567,0.0950417153912333,0.0435090031774477,0.1762708697052965,0.2809847287590587,0.0246531099617667,0.092370318754055,0.2318616882095615,0.8248750338884084,0.0191511069870945,0.0111086900212676,0.0408290729432199,0.206182215794742
058_WSD_id_30_WebService_tr_1136_1st_1236.csv,18236.0,0.3012068933152681,0.3832613369746042,0.5369918428018645,0.6194320450184845,0.634095450838627,0.536144631585383,0.0233658993706946,0.5326760577989751,0.9350987992755312,0.7427287311325771,0.7192687793907336,0.5630759093142123,0.4399880398408667,0.2635974090615977,0.1693787037197909,0.1844910384282973,0.2057821036724813,0.3139998718484436,0.3583833773053422,0.3395269429458508,0.2356340284675128,0.2118056928785839,0.3430510856193386,0.1009062820035336,0.1693787037197909,0.2056329674025494,0.1947256002329081,0.2715662450190627,0.0066287932894121,0.0004933087460792,0.0008387915156183
060_WSD_id_32_WebService_tr_4576_1st_4766.csv,18305.0,0.7299999541089083,0.9443653958266228,0.9070075918187136,0.7460593263658162,0.5443291266622257,0.0718167431201538,0.0227650952553308,0.6790624685111782,0.944349930214723,0.9025612277523,0.7373269132612126,0.5901794108177458,0.4654464928368492,0.2325545336177426,0.1395095882462565,0.1857204213542577,0.2342747494681836,0.5369369882778289,0.2796839188189603,0.1216332307582689,0.0701267112351324,0.2383616464410116,0.2810375815467201,0.0345611158630874,0.1395095882462565,0.3698686239928896,0.9400897220330992,0.0303496873361688,0.0131639168787114,0.3251626476407438,0.1310467122213448
068_WSD_id_40_WebService_tr_4549_1st_13322.csv,18197.0,0.15799779275533,0.0989732935157215,0.1770650089230924,0.3012417578970701,0.2760263646343864,0.0144302194494595,0.0045360591762891,0.225221589041026,0.5359314274726994,0.7907507686444852,0.4052229352396466,0.2760543099129841,0.2273525246792917,0.1081247989635697,0.0503315432796729,0.0542990051245537,0.0448049989876519,0.0760297043515507,0.0406764729156622,0.0424015440164425,0.0241559294541336,0.0440468564908331,0.0342565381230264,0.0088252938378359,0.0503315432796729,0.1094996324183582,0.5715773502776923,0.0030270829128743,0.002397399128203,0.477849408184757,0.1984987340194088
074_WSD_id_46_WebService_tr_990_1st_1090.csv,18236.0,0.9673860708697832,0.9661587070018895,0.9042263156271118,0.7732118209173396,0.6780159633648133,0.5811785949326874,0.3592089170927757,0.9665975617013912,0.9513725257047212,0.8730586839001425,0.7177469818203097,0.5936716878601125,0.48362302367373,0.3096999200192503,0.6782389263573356,0.755438227436484,0.8157237186084912,0.9317283887471188,0.9376803518284024,0.91835834109067,0.8809790231381136,0.8384606074490162,0.9272593699360326,0.5858738276130252,0.6782389263573356,0.9172067067535276,0.9456708215797888,0.5874285113294347,0.1676648714114929,0.0226487376655729,0.148876818014465
089_WSD_id_61_WebService_tr_1010_1st_1110.csv,17429.0,0.9877355592135346,0.96457182666329,0.8942242625704696,0.7754383209270905,0.6888533736159249,0.5949265704677945,0.4529362021960423,0.9867742713364408,0.9546526874505704,0.8773412859275581,0.7369631358945192,0.610959551444488,0.5064954735548043,0.3012854707011352,0.7858123704192408,0.8630145457984733,0.913110632195304,0.9668447808202086,0.9460368910742664,0.930630137864309,0.9123558830614829,0.9179576858753502,0.923212452002312,0.6400922097022548,0.7858123704192408,0.9896063534622864,0.9795151107109794,0.742251542814988,0.3602948950877443,0.0180673068014278,0.1357759104036448
094_WSD_id_66_WebService_tr_3309_1st_3914.csv,13237.0,0.4371332197109464,0.922414697397816,0.8662849433468364,0.7113306656116235,0.1000424488916417,0.0256279279237133,0.0092194886060533,0.416104598297372,0.7546417561786243,0.8699325703019242,0.7260794648787509,0.5830171611214673,0.4352030227337793,0.197636067060701,0.0837777126756562,0.1186007870720621,0.1798162949433526,0.3734519097907061,0.2261960124955542,0.0844282072796554,0.045469658434671,0.1793445429435289,0.2306299916943415,0.0193089334195145,0.0837777126756562,0.1814670274945621,0.8863202498684584,0.0227398468213602,0.0042328391473876,0.1060713026168789,0.1486453657831724
099_WSD_id_71_WebService_tr_4559_1st_14411.csv,18236.0,0.1510605387849752,0.3880628105850676,0.8159068422530446,0.831302598824703,0.3492967023748903,0.073201070581556,0.0045684309476333,0.1443875385233158,0.390699525585775,0.8211806312708173,0.7969289048227611,0.6835630161513863,0.5427240387062902,0.2450658506128676,0.0364812827066696,0.0567131558361976,0.0666459877436422,0.0860859759468979,0.0643357632707637,0.0450325670371416,0.0305263870690214,0.0660213913982149,0.0598529641633101,0.0134000668730414,0.0364812827066696,0.0745026023476003,0.3201954518608709,0.0088950309369513,0.0028464728908174,0.0902546835318156,0.2365510003848008
106_WSD_id_78_WebService_tr_3363_1st_3463.csv,18236.0,0.3536234715597672,0.7353786026557321,0.9343637714007168,0.857032575038645,0.7138881838098038,0.3786112174277297,0.2402438113481267,0.3275932815286429,0.6691615563622416,0.910222698693076,0.8126930283453351,0.6804854413839972,0.5980970729887694,0.5406954976557451,0.0652879536727249,0.0843351180724718,0.1108206641785884,0.2069731540634288,0.2378136202971275,0.2883904402554623,0.4598979510742308,0.1111373341518878,0.2508223992307236,0.3226414223156111,0.0652879536727249,0.1215427137193418,0.4440358688834846,0.4516558382915426,0.1877619377431889,0.0156622394183728,0.0339652510608363
113_WSD_id_85_WebService_tr_500_1st_335.csv,18242.0,0.7273549632146187,0.967050525224626,0.9076871713973764,0.7540579780676406,0.1417243341141802,0.0549974777716293,0.0190184416488541,0.7311737329684954,0.9613530091845948,0.9013178087120656,0.7352398341641255,0.5864200765146134,0.4492902880133865,0.2150822644318167,0.1939305840829989,0.2189262967381623,0.2516938758479792,0.490083633357958,0.2428504813600239,0.1011860033960048,0.0667408276812805,0.2480262602178272,0.2400603085590169,0.025383102982344,0.1939305840829989,0.4248138438623736,0.9667350223385032,0.0452149098107519,0.0122094573875609,0.5041857359628825,0.1984408583879937
117_WSD_id_89_WebService_tr_3251_1st_3351.csv,16376.0,0.3411783166475488,0.3878691065183777,0.4698222009511565,0.2515147720412344,0.0129443797312717,0.0049590437710333,0.0047948576568136,0.9601030189496822,0.923075041705348,0.4614546358652803,0.6009574588765098,0.4546022821665409,0.4233836936287605,0.2506859511466915,0.3476944685257505,0.3599120256770549,0.3733257329872465,0.344521116187701,0.3414487356537313,0.3370391905812441,0.3357011965094716,0.3142253541672725,0.2198939478202164,0.0714229690233971,0.3476944685257505,0.3224539311879055,0.4131050576563893,0.0064976982576276,0.0037580546268574,0.216210638248638,0.0006439504717042
125_WSD_id_97_WebService_tr_2217_1st_2317.csv,18250.0,0.5884425358238422,0.9043847247685272,0.8984764288426796,0.7047022735763465,0.2587558990305205,0.0648889611141294,0.0261436437964313,0.582850904342706,0.9068319837563084,0.902761081798368,0.7245016914996024,0.570376431419476,0.4425960462641511,0.1873269834097616,0.1467394816535231,0.2365426424607789,0.2539026637714058,0.4638414822554202,0.2743644717112922,0.1305015139961996,0.073565127439377,0.2578770177291281,0.27879220042494,0.0387352279019009,0.1467394816535231,0.3440052903109527,0.8903598168586732,0.0410418666520838,0.0164983989197355,0.2025604161339177,0.2078258290115725
130_WSD_id_102_WebService_tr_2362_1st_2462.csv,18236.0,0.5198887517727763,0.7760565830042342,0.9066662512382726,0.8126675643074655,0.7054218964712657,0.5518061128252557,0.0931582189969374,0.5289223415363932,0.7736784141888244,0.8817106420771709,0.7554270303179295,0.6197762798093048,0.5043241790407068,0.2652540247575173,0.1243177637921614,0.1560957237185312,0.2104013814876255,0.2232276408204743,0.2035803891160408,0.264191097976291,0.2450273195714408,0.2102299845270568,0.1872008322166935,0.1459895065204497,0.1243177637921614,0.3151371725647037,0.767228800687232,0.2656932146712301,0.0988194381292787,0.6443133949932736,0.148043582302751
137_WSD_id_109_WebService_tr_4559_1st_14404.csv,18236.0,0.1132411139180097,0.301493707972839,0.856367427298855,0.7805496079145195,0.3482376750817201,0.0665144801809869,0.0059635819689275,0.132171911359494,0.3543299699429303,0.8763845742984958,0.8294170176186794,0.704826241743434,0.5663711412754546,0.2504219456758585,0.031676727378803,0.047739436640695,0.0467343502852037,0.0606601704634022,0.0476043856556451,0.0366425779716277,0.025277363499461,0.0467598296793828,0.0470556491886812,0.0158447689590621,0.031676727378803,0.058973319826292,0.2474982314457524,0.0095723943559762,0.0039092586639639,0.0997639813246103,0.3602767175132195
139_WSD_id_111_WebService_tr_1701_1st_1801.csv,18381.0,0.8235253334207917,0.8459994859466786,0.7830678980032367,0.6647385646055793,0.5429670948288843,0.4470608929397717,0.3004225773817948,0.8333875262878032,0.8594845196335815,0.7685994218858432,0.6342878209644847,0.5072570197524393,0.4190793707497983,0.2655331335930344,0.3576238022259413,0.5090134976637095,0.6182939129892671,0.710780215963114,0.7771171223705654,0.6585215232890882,0.5381494829215943,0.6398809373886015,0.8183613157993131,0.4139943843886623,0.3576238022259413,0.7804612913090451,0.7916246066520071,0.5386187052471568,0.295043488296702,0.1168384135795784,0.0151947681694613
140_MSL_id_1_Sensor_tr_530_1st_630.csv,2430.0,0.128935649268403,0.1906039218865691,0.3139404671229014,0.5606135575955662,0.7456183754500646,0.9990669668755656,0.6805367405810655,0.128935649268403,0.1906039218865691,0.3139404671229014,0.5606135575955662,0.8072866480682307,0.990730760066704,0.6385145517971701,0.0826844448047783,0.0749759107275076,0.0749759107275076,0.0749759107275076,0.1983124559638399,0.3216490012001721,0.5441477634439515,0.0749759107275076,0.1983124559638399,0.568322091672837,0.0826844448047783,0.0903929788820491,0.1828953878092984,0.0,0.0,0.59915622798192,0.726487667822558
141_MSL_id_2_Sensor_tr_500_1st_550.csv,2264.0,0.3320494651802263,0.3875558739955818,0.4498162717176742,0.4013913446175925,0.3694873972697503,0.3299898109123791,0.4582863753464056,0.3462369288129196,0.4132943904728714,0.4972543784755457,0.4838286563848981,0.4427851335763416,0.430063704398929,0.3798597624394588,0.2837573802881975,0.2981740979493357,0.308046749455224,0.3481837506859362,0.3968719759419198,0.4092914552159447,0.3482558741583718,0.3051921096261372,0.3774967371372204,0.2715895479210263,0.2837573802881975,0.316631372368221,0.4658233501013591,0.4075550803244966,0.5339008344779387,0.2021000516642392,0.5439119597372091
143_MSL_id_4_Sensor_tr_980_1st_3550.csv,3922.0,0.164652809731923,0.2703907071460276,0.4744834012637517,0.8365362705203632,0.999528470491989,0.9997619586477462,0.992898314534344,0.168588428616439,0.2676024097784525,0.4955742484660359,0.8597624024904195,0.989221980774336,0.940734056302852,0.7903353641927076,0.086044040668335,0.0936800293971275,0.1076104188277329,0.1649624798924348,0.2664221642326683,0.4156220744137001,0.7301818487321478,0.1078229367971928,0.2699509817703472,0.7693913799319206,0.086044040668335,0.1231677604655706,0.3007008166805529,0.0795871540308735,0.7084901395113179,0.0496228002898323,0.0251572423272735
144_MSL_id_5_Sensor_tr_1525_1st_4590.csv,6100.0,0.0260505342493803,0.024692874890826,0.0218590502470188,0.0202400908975067,0.0184978529843696,0.0176815443216185,0.0174565555089225,0.0260505342493803,0.024692874890826,0.0238641676285224,0.0234155754480526,0.0247749134806824,0.0271617867538024,0.0362569266878578,0.0278271209483176,0.027519825314354,0.0272217577137209,0.0257779309929077,0.0251255096883622,0.0235711603524504,0.0230022930380682,0.0272182301543536,0.0246584122080503,0.0200089637719629,0.0278271209483176,0.0269327990465966,0.0244074232585795,0.0,0.0,0.0289569450073993,0.5697011529805792
145_MSL_id_6_Sensor_tr_530_1st_630.csv,2430.0,0.1844659529319534,0.2608412428097656,0.3052532802420262,0.302926906969641,0.2741563838063869,0.2116652225874971,0.2534807004118922,0.2059220822395424,0.2924947483451401,0.363716327248833,0.4074052865751446,0.4278199726946529,0.5081763663264078,0.8296821031843999,0.0880158861706779,0.1089367973793125,0.1183148783090525,0.1968252037766378,0.2573088207170156,0.3039373401129846,0.2602613385031426,0.1175951724174192,0.2468078878293423,0.1595241763642053,0.0880158861706779,0.1418719481147814,0.3443317286633152,0.5013846720521836,0.2185356531090587,0.1537125682338292,0.4619748167907433
147_MSL_id_8_Sensor_tr_590_1st_690.csv,2430.0,0.285402575944953,0.3710302015304146,0.4653838165876681,0.5801474126206599,0.613112683697757,0.6581162760891338,0.6048811583459328,0.2984727966864752,0.3941995835952761,0.5019525320083977,0.5750421786886382,0.6680815643609848,0.6403951955177098,0.4713520042530028,0.1752463186600104,0.1975759786593839,0.2129690552661705,0.288033893811888,0.3521198851740267,0.4389579209907961,0.5438378746095631,0.2117388063089406,0.341950783802197,0.4876885351355914,0.1752463186600104,0.2353242782098912,0.3995494985798587,0.4648336470494493,0.4868207349173585,0.2374665592614357,0.0858084395866478
148_MSL_id_9_Sensor_tr_883_1st_1238.csv,3535.0,0.3374914433219303,0.4758789361149167,0.6621027131813086,0.8464337737502777,0.9165093335550648,0.8695798179640315,0.6046424629916491,0.4205676855777641,0.5437992114002826,0.678995735161195,0.8510759404598133,0.9278800174677287,0.9296853115110186,0.6670705316705864,0.2383576654468092,0.2329981364281813,0.2083390225305794,0.2511688697863175,0.3195766364182702,0.3696445856331663,0.400737639886489,0.2092639251422451,0.3187994806353879,0.3245979209340388,0.2383576654468092,0.3967979179585373,0.5914663589457333,0.5307259735110079,0.6188475019392404,0.2523087192600137,0.0926312002836967
149_Stock_id_1_Finance_tr_500_1st_7.csv,20000.0,0.9558227965892065,0.932284846824877,0.8994544942027594,0.8669658383517632,0.8477273947676295,0.8393709176458816,0.8069831749290208,0.9539213041667677,0.9293923708969102,0.8921957123203956,0.8484681267664347,0.825245727605769,0.8112864070565784,0.7904313662055935,0.9835967191157767,0.9824609855593548,0.978327201976426,0.9935964386085991,0.9981561645169126,0.9967515800014408,0.998103227724813,0.9628827461160216,0.8854203955468332,0.7860750382730102,0.9835967191157767,0.9693842427657015,0.9320245000374312,0.7831020577553436,0.7851790426107945,0.7210496711111218,0.7832834420223637
151_Stock_id_3_Finance_tr_500_1st_62.csv,10000.0,0.9485967027993416,0.9214031533078271,0.8905221603369812,0.8568675855537452,0.8441636427718889,0.8301888592325058,0.7929758004137172,0.9511911570432613,0.9259296497091739,0.8908821244568377,0.8525022223107395,0.8301957161788222,0.8195415410573532,0.790539852139232,0.9756751565403676,0.97905620085899,0.9837710421429935,0.9897914340690894,0.9909916611061247,0.9921929899306412,0.9928426517952503,0.9347013738068997,0.8589263606752168,0.8051604371370814,0.9756751565403676,0.9612406209560131,0.9092659706836886,0.7864885882811267,0.7244867646316265,0.7748734877009863,0.7655153327418496
155_Stock_id_7_Finance_tr_500_1st_18.csv,20000.0,0.9550594904308998,0.9310481584065609,0.8983811240694226,0.865548534024162,0.8482387965209922,0.8397911922459752,0.8201514293316596,0.9533280152197687,0.9285734176753143,0.8913352325890412,0.8499799590485471,0.8310919913063279,0.8237304259307751,0.8076483524225362,0.9832615109369391,0.9822316129958555,0.9774298179746793,0.9949334840272869,0.9978845453649626,0.9986597187229164,0.9983529936069371,0.9627146879224333,0.883503639728723,0.7915904192417357,0.9832615109369391,0.9683869218976304,0.9307909806326092,0.8181395734344589,0.7918720316022874,0.7215931738190222,0.7448421101972149
156_Stock_id_8_Finance_tr_500_1st_24.csv,10000.0,0.9509847900596876,0.9275422724763644,0.8957806494025695,0.8586938218317189,0.8309007403241936,0.8149033156945951,0.7860323884130044,0.9529987380512686,0.9320836913082475,0.8946475599170073,0.8524142995931033,0.8189480204796628,0.8024415716793057,0.7741581998679291,0.9768715215655028,0.9803978014323532,0.9865334033285875,0.9934404067135107,0.9951025808264568,0.9953764770740764,0.9943661547770132,0.9404458585344474,0.8665345868212523,0.7746675912506901,0.9768715215655028,0.9634457823936227,0.9201706550254721,0.8062079365405853,0.7901386664271064,0.7467205048532005,0.7928087907435483
160_Stock_id_12_Finance_tr_500_1st_14.csv,20000.0,0.9549405419859704,0.9311995440823244,0.9009153987222277,0.8650381659886686,0.8497117040080072,0.8381860713741736,0.8271946031039951,0.9527049093303642,0.9270451346171931,0.8943588247982256,0.8436092766103234,0.8201992930768837,0.8124686694837979,0.7891352101793915,0.9831166386001606,0.9824054062479107,0.9779305745253272,0.9941809030750431,0.9974527882197194,0.9983121921074111,0.9981832325371289,0.9623772990958817,0.8861971511200839,0.7932669584487109,0.9831166386001606,0.9685511232152093,0.931525549143447,0.8040903520929873,0.780447844388012,0.7179509081282951,0.7987165467912056
162_Stock_id_14_Finance_tr_500_1st_4.csv,10000.0,0.9719856265108238,0.9613589076068519,0.9510054707143281,0.9419565075091111,0.9388830416906782,0.9379767717472431,0.9301432492869728,0.9697220291319137,0.9558191676598357,0.9415212722525965,0.930830159849386,0.9289116974811344,0.9267888076866757,0.9219757044866553,0.9868240674321699,0.9937546207547981,0.9962649947340481,0.9989081425950848,0.9992869457362326,0.9995445180131117,0.9992222301984691,0.9671919675704388,0.9305494293692504,0.9232243588534764,0.9868240674321699,0.9802408877845011,0.9618676296450676,0.9342901931770549,0.921568328654185,0.9267100685790346,0.9246314184578358
165_Stock_id_17_Finance_tr_500_1st_7.csv,20000.0,0.9704022959847496,0.9593196184034443,0.949714283795408,0.9415443436493617,0.9379253120240512,0.9371158429121034,0.93238503016331,0.9687004224409025,0.9548865101527394,0.9423862757791756,0.9331390064446935,0.9308148266763182,0.9296332709143375,0.9285077599210924,0.986963044355492,0.986675566196499,0.9909326490144968,0.9972346201009417,0.9992493062595783,0.9996112919556364,0.9995769444859425,0.9707278744245783,0.935704589810097,0.927595981891395,0.986963044355492,0.9782248662517812,0.9606581321016994,0.9347510711877054,0.9243151417326025,0.9110984977156774,0.9251026955300037
166_Stock_id_18_Finance_tr_500_1st_18.csv,20000.0,0.9706016737828753,0.959235034938689,0.948142665307974,0.9428004532451412,0.93956712347127,0.9378100662886217,0.9315763198787526,0.96867847234696,0.9555380231286266,0.941924374350533,0.9349974593416182,0.9312895742867018,0.9283614418989444,0.9256268114933885,0.9870109358850397,0.986991396280374,0.9906918784274964,0.9971677499018945,0.999221013641602,0.99968105638113,0.9996974278535475,0.9707346846609092,0.9345158813851611,0.9276201489547047,0.9870109358850397,0.9781022268020539,0.9607286287309202,0.9330443417223119,0.9263366119797173,0.9113778975772049,0.9255943015878048
169_Daphnet_id_1_HumanActivity_tr_9693_1st_20732.csv,38774.0,0.4773293437154359,0.5007773073146076,0.5052011091720889,0.5302088478530316,0.5510951119505825,0.5612172845145116,0.5523998410991395,0.4637775433651485,0.4751847537824488,0.470561518724405,0.49388242245439234,0.5158580978574273,0.5269504609730538,0.49473334512734995,0.364684489471864,0.4007944782736982,0.42843618656373617,0.4792817920794635,0.428232000001805,0.4238461111909962,0.4236907761694903,0.42801935860628576,0.42689186799413986,0.413010793064091,0.364684489471864,0.40087213262143473,0.43343545791429516,0.5132144257546153,0.5162846186326442,0.034524921406711664,0.03775352194353452
170_MITDB_id_1_Medical_tr_17675_1st_17775.csv,500000.0,0.05316186352672328,0.05627506767721407,0.06094727256055,0.05890940079006757,0.053819451256225226,0.050736586876593714,0.06963786969360715,0.053019566866465924,0.05591546684454907,0.05983772296676729,0.05728240302208001,0.052609938841909294,0.04978222464404112,0.03783642095575879,0.050999707865146016,0.05158906229293516,0.051880735431183975,0.05301694780501248,0.05705054275026818,0.0618780772836781,0.06028025325676723,0.05170070116446315,0.05590163450762937,0.05511855409981491,0.050999707865146016,0.05177921441726668,0.05247195325025473,0.05967230393979454,0.06080295225551779,0.03846397799711523,0.038772394514084846
171_MITDB_id_2_Medical_tr_50000_1st_88864.csv,650000.0,0.05942216633556041,0.06643899935599513,0.09206772244667367,0.30607631689133175,0.45930558514518055,0.5976638591383032,0.8131158014125726,0.060513956388366645,0.0651742731195082,0.0754299562567464,0.19202274899109775,0.30788283817788387,0.37277060081280305,0.6501753324453169,0.04824746937953494,0.052032465972744725,0.054252387268945594,0.06592655453012429,0.06876141753073571,0.08375363954276685,0.1435801047094606,0.05411529341524429,0.06788052183147893,0.14008196968232062,0.04824746937953494,0.053973931855452045,0.057626910957107605,0.29113443074467155,0.5818652579216743,0.0298441877714223,0.017661844398914096
172_MITDB_id_3_Medical_tr_27274_1st_27374.csv,650000.0,0.025711994891081006,0.02425529729692471,0.022669835270650463,0.021289619593715964,0.020232135188093824,0.019370603445731303,0.0168141918184539,0.02523937842383582,0.02372268365354013,0.02250018679698868,0.021331312997435327,0.020855586066626325,0.020162188349435613,0.016467842984523404,0.025396960531422198,0.02529308551236283,0.025573485540860662,0.025170680544504047,0.023602277333304188,0.0224789135838561,0.021134795783836084,0.02551508367547608,0.023349400105833692,0.020416187152882608,0.025396960531422198,0.025933931199371502,0.024575448472677324,0.02281833723347627,0.019730733636573586,0.03661943920452435,0.11497563569153525
173_MITDB_id_4_Medical_tr_13620_1st_13720.csv,650000.0,0.09998531585250431,0.09587401799670212,0.09137376506116783,0.09633205243564531,0.11364839343950597,0.14329764501076425,0.19243868404781903,0.10066666666905194,0.096006751103384,0.09152620300140613,0.08935428914655331,0.09731826872701395,0.11096889217178098,0.12939462300403243,0.10520482622931895,0.1038103349236598,0.10332315313434055,0.10401678495703937,0.09961617055819631,0.09819497743234819,0.10800530000890299,0.10306798965200771,0.09822160531574378,0.09526594908569164,0.10520482622931895,0.10162312644015252,0.09674089311330511,0.10712267113099924,0.1823435049949899,0.15427384429851818,0.07554013871862403
175_MITDB_id_6_Medical_tr_27274_1st_27374.csv,650000.0,0.030494447679397307,0.03019148266301428,0.032719568534170886,0.037105189102695564,0.07711256004464583,0.1200132483942217,0.3218220326624325,0.030511782259575702,0.0301304681920075,0.029776874204795637,0.028564303184899956,0.028846153883636424,0.03018583256806546,0.04987434504207028,0.030528891570418683,0.03058671509282634,0.030720904840438802,0.03103812710028056,0.031237727824806577,0.03153225634794322,0.03539659943803488,0.03068792271999467,0.03094221904290556,0.034433051478215466,0.030528891570418683,0.03051185194243416,0.029792471435508356,0.03317880920306981,0.08454870321109306,0.030245324979138982,0.02120029055821415
176_MITDB_id_7_Medical_tr_6232_1st_6332.csv,650000.0,0.07107501421912138,0.0880256351305232,0.2023895343131241,0.33854289132040205,0.4705658521119502,0.5969047648014593,0.8823161167416598,0.07177009166192995,0.09944743640222635,0.18364244888019968,0.2971926964860743,0.40850119287713593,0.5244567822519882,0.8012129953534788,0.06901868427319204,0.06920625567225563,0.0696324810338645,0.07266929186406917,0.09810399681015787,0.1715267801166454,0.1859825406036156,0.0693398657670991,0.09590028244556673,0.17701903514683318,0.06901868427319204,0.06987308020420188,0.07234757555396834,0.1553311996857056,0.4784190531031324,0.08942945167016308,0.03850016623730752
177_MITDB_id_8_Medical_tr_17675_1st_17775.csv,650000.0,0.05530207606074603,0.05867504382715977,0.06089046297619515,0.057975479669318576,0.05460477969358966,0.05348385858647798,0.26605576716942775,0.055456664629845207,0.05934993805066042,0.06298144238534194,0.06283341826961612,0.06258734478191007,0.06399262214308028,0.06482592163236094,0.05054583360193617,0.05226401522747561,0.053059262724112516,0.05556846270665027,0.05864808144861574,0.06035974283969706,0.06061753743649122,0.05279494702479609,0.0571603843972121,0.054965942714015406,0.05054583360193617,0.05338609227308887,0.05813787467674164,0.059356774590312085,0.0835332649294812,0.04652190281375004,0.04986734931241683
178_SMD_id_1_Facility_tr_6000_1st_10609.csv,24000.0,0.1079453890492195,0.23760569610824356,0.2014504780951959,0.11581725305031879,0.1324057345242852,0.14247116067035995,0.056355151901525465,0.10777832614943636,0.24485782520198296,0.3496769264016122,0.3566878639562822,0.24724165358208308,0.22118992141467242,0.1330328327071157,0.040302566094788814,0.04456288465292798,0.054811608155265756,0.07848711381963581,0.10019716640551553,0.13420521120711942,0.14541365027492933,0.05473339821231524,0.09855772813144896,0.12638836257921912,0.040302566094788814,0.069770075249194,0.23394200431977327,0.05687560328954149,0.03846603757241124,0.05713037797564551,0.11197082586785434
179_SMD_id_2_Facility_tr_5925_1st_17580.csv,23703.0,0.5965000810908377,0.82592780299017,0.9473972134056264,0.9657787229389311,0.9578094619906925,0.9336921166181423,0.9161258506333575,0.5343185879574069,0.8019808704685271,0.8850864125440946,0.9309691984366203,0.9352632784791032,0.8970052574624601,0.7370881842228456,0.13812762428319367,0.15787733834842085,0.15192648295841835,0.2754183351627101,0.4231325863033241,0.43126905568257823,0.48944406238507315,0.15160488327632193,0.42098325749259613,0.4100713506529005,0.13812762428319367,0.3178775068273146,0.6507981216776108,0.7844716960526125,0.6804470454348808,0.0068383499334203485,0.0957010243439992
180_SMD_id_3_Facility_tr_5925_1st_17580.csv,23703.0,0.7368868000703057,0.8101186601628644,0.9127941792593535,0.9808839726472075,0.9764205042704973,0.9834660428762064,0.8296393034859152,0.7155216290182189,0.7821279768462631,0.9180162832747074,0.9817647666733171,0.9711187830843045,0.9695053431651226,0.7818384588784714,0.5107406414634169,0.5877302238369071,0.676061683966351,0.6525486010072267,0.6744959045270129,0.7456518889447358,0.9325325888105863,0.676061683966351,0.675624938580425,0.9224664792174311,0.5107406414634169,0.6965734653099231,0.8166661774009748,0.6366859565671628,0.6366859565671628,0.00547543182184832,0.005474897832538067
181_SMD_id_4_Facility_tr_5000_1st_15144.csv,20000.0,0.5983280006739342,0.6136943355451683,0.6100980984517996,0.6296245795746841,0.6432500351741911,0.6445735292312066,0.5243766637564852,0.6186261787097453,0.6463602567892633,0.6497317191935383,0.696487840437853,0.7182096809970209,0.6869961348007443,0.5507004095315909,0.466873394512743,0.48928661667627027,0.49782256465533564,0.4982692375728364,0.5064662447159843,0.4762090013349564,0.5092002212119262,0.49702768759238336,0.5085413589655172,0.5700219000863583,0.466873394512743,0.6202711979890413,0.7597442907410453,0.5747083684076051,0.672610415320309,0.04696262361185367,0.05085148801956313
183_SMD_id_6_Facility_tr_5925_1st_17580.csv,23703.0,0.9170343597988515,0.9512682232901917,0.9679203257272581,0.9695405718030646,0.9749140688072472,0.948347877106921,0.855851327482179,0.9156018529446955,0.951306733677151,0.9695614713299735,0.9702265075023855,0.9443910982275294,0.8939357780774801,0.7517749699299068,0.6782092063156405,0.686623667756917,0.7399329894064323,0.788106666526958,0.7980445441989462,0.7828557019894146,0.6526214024760034,0.7429460863807992,0.8135999657932574,0.6434207017069256,0.6782092063156405,0.8717248585754174,0.942595953011057,0.9092584509814918,0.8249943300385124,0.021197082605268293,0.8387072471043087
184_SMD_id_7_Facility_tr_7119_1st_15849.csv,28479.0,0.5909916747731608,0.6578842540404365,0.7064249131365955,0.7272803218259635,0.7228031695648676,0.7142676543522416,0.7219308577568443,0.5543629746006165,0.6143198498854099,0.664555884210116,0.6866392937091527,0.6737975393525409,0.6525567418893757,0.620537834651562,0.33585147877229127,0.38565315205300715,0.40982938691181264,0.4509332687026046,0.47750583776011907,0.5037455471063418,0.5211499867009994,0.40798679829204415,0.4723128442172108,0.4960166567409761,0.33585147877229127,0.49749847562635385,0.6642249935918169,0.3556096142548108,0.2567698946581923,0.1444205615435687,0.18818794446574721
185_SMD_id_8_Facility_tr_5000_1st_15144.csv,20000.0,0.49972326646433585,0.556839908253325,0.6214214772709091,0.6582379056523391,0.673303048278183,0.6606456066367655,0.5252655897544034,0.5160099777521294,0.5831770098007244,0.6485428367131698,0.7062574791348956,0.7286246155130183,0.6925088969456229,0.5524429694631617,0.3059138723281454,0.3352661871841893,0.3532618180274978,0.41098839099253565,0.45499778551065057,0.48111337188108133,0.5232867126315662,0.3545902416048895,0.46802559771510516,0.6069199312400227,0.3059138723281454,0.48429712569869626,0.7090863901965132,0.5646193560356625,0.709291190925701,0.02737836823820751,0.030507063175949277
187_SMD_id_10_Facility_tr_5000_1st_15849.csv,20000.0,0.28370224945987604,0.32190576619540673,0.3582372204020484,0.39463451499818597,0.42013615885559863,0.43893721642266614,0.4831819615779925,0.28044407375658753,0.3228185315773494,0.35403342240699204,0.39350343342076693,0.4291099006240473,0.45496736835389884,0.4941690663578739,0.17236290215959893,0.19268003355345223,0.20313104768001036,0.23132294832757364,0.2691629191255735,0.29626193076148744,0.31794801424429653,0.2034407419084691,0.27759935892870885,0.36514726528646213,0.17236290215959893,0.218118860652682,0.296058601470261,0.34809846486896034,0.3882171925065258,0.08231915372025736,0.074035053470608
188_SMD_id_11_Facility_tr_500_1st_392.csv,23703.0,0.3579668140314507,0.436014561115246,0.5605414247150595,0.6437906820738888,0.6189483169801949,0.5846843459626093,0.42267667662796626,0.3394316156119315,0.38529585176215025,0.48141906547002533,0.5172340677570442,0.48035302589611695,0.42638108992774815,0.2778367207236611,0.18956195528718436,0.24613824137314913,0.2851173357567691,0.3604357802016933,0.427050835111129,0.5028032068571542,0.49823205565924394,0.2846390208076146,0.44174219026335604,0.6045485760039733,0.18956195528718436,0.3100612151150804,0.45937365911963496,0.05606037573970061,0.0,0.08391617987214738,0.0449753347395438
189_SMD_id_12_Facility_tr_5925_1st_17580.csv,23703.0,0.8108036393309792,0.920541834994958,0.9602902471677385,0.9700992860169342,0.9432037612620441,0.9280025169959916,0.914733486509843,0.7902365233725672,0.8784201783850346,0.9251147158600392,0.9507088836479666,0.9624298601234964,0.9655444191701934,0.8964935489947246,0.2941810477040186,0.31909086297969114,0.3344152956817241,0.43193143345313356,0.564050352671438,0.6730953642825183,0.791151338860328,0.3339638071696324,0.5604638682494573,0.7106422733596752,0.2941810477040186,0.5445848959724098,0.8248965484539905,0.9265706781412805,0.9315140072396361,0.004901586007849841,0.01828619246907475
190_SMD_id_13_Facility_tr_7119_1st_15849.csv,28479.0,0.5375603187986648,0.596649292655405,0.6461111771018199,0.6700712343165414,0.6707176555447574,0.6617182323276917,0.671076610048976,0.5176075504000744,0.5610559315795159,0.5977445022495732,0.6103666094434829,0.6022699298972592,0.6015896823199165,0.6160892442484169,0.32098443629214085,0.35925138333636186,0.3833515474796312,0.41155071832091783,0.4295627678782345,0.44923446381999177,0.4490475244875153,0.3825094764090108,0.42376454652286827,0.4050467942573735,0.32098443629214085,0.4596146723926242,0.5724323197574294,0.5057305285004039,0.4651872927773065,0.09292440538257019,0.12020639071594816
191_SMD_id_14_Facility_tr_4596_1st_4696.csv,22700.0,0.7594709343025104,0.8421346875246896,0.8474373333345481,0.9356165074464872,0.6802936991197652,0.44042100028014286,0.28866251757711486,0.7569700590922653,0.8594297712535599,0.904383312668399,0.915800139600508,0.8399255584635054,0.779582790336665,0.380995681860425,0.45403359165047197,0.5554140633245639,0.5496464376750076,0.6318377946543425,0.738818151933359,0.753311917603033,0.7667116678696858,0.541731043358451,0.6743979541975059,0.4521465494001704,0.45403359165047197,0.6938055304975123,0.8899249814535146,0.7057927299499758,0.4586431690963653,0.02046620745063368,0.03182429091177954
192_SMD_id_15_Facility_tr_5925_1st_17580.csv,23703.0,0.8945172989388711,0.9476904283193178,0.9693757137003456,0.9647802063619435,0.9427690863706002,0.9331980027773116,0.9600996891509488,0.8823777480041269,0.9177028440859843,0.9417797807168907,0.9527189853299373,0.9348934692094675,0.7561670055315091,0.5318540456505378,0.5938723524935869,0.7164500154932689,0.7380084884502395,0.8190344991598603,0.8875525230995883,0.9203527319891719,0.9369884290696027,0.7396443596466965,0.8974686583537642,0.9087132809464682,0.5938723524935869,0.8392024176741245,0.9405699002933299,0.9176625182998456,0.9660293526582496,0.00651178231336191,0.017498670509939515
194_SMD_id_17_Facility_tr_5925_1st_17580.csv,23703.0,0.3480162408367591,0.47295215194515167,0.7804338978741527,0.8953696390179642,0.9189361904553698,0.8716675309968502,0.8478220631803822,0.3344662583536273,0.44757330640351073,0.7258182961272628,0.7231273644197576,0.6828824408128193,0.8888513896641813,0.6252996871443787,0.19032566852386223,0.23044385243391766,0.27312021998329017,0.4602720878476369,0.600427174538012,0.7730867241559524,0.8909763087007798,0.2728228947329015,0.595168212430151,0.8282019106888296,0.19032566852386223,0.31407238653024816,0.5404611332098437,0.6972039541095107,0.9161084443388859,0.004862421608870432,0.00453925697932681
195_SMD_id_18_Facility_tr_5925_1st_17580.csv,23703.0,0.9175139926596657,0.9512682232901917,0.9679203257272581,0.9729626002206161,0.9747230956162976,0.9680930094328208,0.9092004942502229,0.9177031069706172,0.9494643780177077,0.9673928573629461,0.967969171416285,0.9460357978195759,0.8951710779810439,0.7517853235134425,0.7180833262855914,0.7678521060822859,0.7585713767699909,0.7805498544575994,0.8305987031665137,0.8244623556370212,0.7567442031506413,0.7613250078221766,0.843956307827843,0.7346001189808151,0.7180833262855914,0.8756132592342944,0.942595953011057,0.8986556853321639,0.7950327659389788,0.02202254573028214,0.8061958516558957
196_SMD_id_19_Facility_tr_7174_1st_21230.csv,28696.0,0.31180815772559844,0.5649233491083107,0.6987172683204714,0.7487722402298849,0.6497005105055724,0.5696607917363061,0.04118303866028883,0.31085350988570865,0.5434410880769118,0.6803638169486403,0.7433239057083485,0.8354908232264971,0.7779787153591279,0.19823568802333863,0.039625878098105964,0.07905689539041437,0.1169461011834081,0.28715240019371246,0.46243578876148916,0.5000366258820759,0.29434513638261356,0.11796747484024796,0.4816613200386736,0.4653326413100933,0.039625878098105964,0.11996158948251796,0.5000166365262024,0.3934177598376605,0.2213990923018039,0.008935931492228452,0.02013885348710244
197_SMD_id_20_Facility_tr_5000_1st_15144.csv,20000.0,0.5962185625024314,0.6114114998590694,0.6191058024536861,0.6116749978006712,0.6483048660834457,0.6469664373781598,0.5352307477634972,0.6131170193439955,0.6546005807771395,0.6646263815121447,0.7029981677976485,0.7350311299522598,0.7033360247127264,0.5828886432363015,0.4465289601510489,0.47004077310728576,0.4878580968958538,0.4891218467545515,0.49717976258981017,0.4657932379251699,0.4965306229487655,0.48718902469198716,0.4999392799836712,0.5669864271829044,0.4465289601510489,0.601810965423249,0.741912048465594,0.5857530958279487,0.675390572663394,0.04155353016370806,0.0459207800610931
198_SMD_id_21_Facility_tr_5925_1st_17580.csv,23703.0,0.3789851729382926,0.4822543513428746,0.7299970483333839,0.8087859942282517,0.887740679507074,0.8637003468177284,0.8275143304769289,0.3803994169744466,0.4642328770007616,0.7066711312296642,0.7726548799228501,0.7865866133114453,0.8624114083132597,0.6857627356378894,0.27731057497225853,0.2919668698745599,0.30712230039692834,0.40008764010470793,0.5483841387104637,0.7167033646380538,0.820797554385183,0.3069571465602186,0.5451104443856035,0.7252167559038347,0.27731057497225853,0.36570088991047794,0.6794500197778176,0.8766425147882456,0.931854308390923,0.006557411762802716,0.005283380568417282
199_SMD_id_22_Facility_tr_5925_1st_17580.csv,23703.0,0.853430372431512,0.94455237253554,0.9641890459191133,0.9525825319623142,0.9332966800024808,0.8930157324585614,0.8963981666772205,0.8431729248403814,0.9238996656662496,0.9618797777947397,0.9635547852660777,0.920242441561439,0.8519535806871038,0.6716789776060896,0.2831989177499693,0.33844141114045106,0.3321493532642186,0.4441496493721899,0.6288671502951816,0.7046777480349927,0.691459109026777,0.33225827789725104,0.6318645521910238,0.648372704688915,0.2831989177499693,0.6332059613619045,0.8625070729570965,0.959895105024717,0.8750721180993525,0.039964370276529444,0.06138602756404558
201_SMD_id_24_Facility_tr_7174_1st_21230.csv,28696.0,0.24333697208740773,0.47053802754512547,0.5908103393329979,0.6579573004880671,0.6104881757755901,0.5962807900878375,0.03911035377034822,0.22988261537587606,0.46192408597738305,0.5738931960595013,0.64711108531338,0.8698409130923812,0.8007913659200661,0.17009483478935733,0.03281808436985054,0.0591254948172312,0.1013733935963371,0.2216496181611535,0.3792540926422242,0.41390573323123825,0.3680046575248338,0.1020947354909709,0.3891938438608993,0.3787059032679428,0.03281808436985054,0.09199049325478897,0.3962015739902215,0.2334736704460224,0.18822101897379617,0.01072556963582425,0.021929185169917386
202_SMD_id_25_Facility_tr_6250_1st_21230.csv,25000.0,0.0907419911922211,0.24982759100537838,0.328182453605007,0.5486406763680319,0.4264723946774344,0.1912800835595549,0.014399302186456475,0.10430893432081123,0.26621431982248317,0.35397153774748735,0.5893936635045053,0.8542265518949509,0.7522857806698262,0.3911374144061197,0.023456831363051323,0.03092841793506793,0.04003441067071389,0.11006249148387542,0.21603654311923015,0.3445132824661544,0.13853579696296547,0.03989249291392963,0.21226210267422943,0.09997553339833284,0.023456831363051323,0.04426490390119804,0.19185200717818657,0.11150258685676279,0.01328506291949136,0.029292260901468144,0.005282655223303973
203_SMD_id_26_Facility_tr_7174_1st_21230.csv,28696.0,0.3012221874687428,0.48530504456002305,0.5522483350489625,0.6942194906683496,0.8160718007680642,0.8652287729422001,0.8209883833270798,0.29715926699721745,0.4871268343416814,0.5582346838424732,0.7351848364797292,0.8668747500057392,0.8710434438786762,0.7710106963108818,0.09038478681831631,0.1385450936746635,0.17276073411586712,0.2740219400742978,0.36713369575134286,0.5025058230698122,0.5868696162608608,0.17188771971779143,0.3643729289110185,0.4999347988566051,0.09038478681831631,0.1749227763794335,0.380415445509808,0.390060994678019,0.023102408298739635,0.011587199414352356,0.08339511125433766
204_SMD_id_27_Facility_tr_5000_1st_15144.csv,20000.0,0.35469479078613503,0.45323195670875793,0.5806397289928601,0.6913958436106575,0.7225932577483093,0.707107264380339,0.5537468769682458,0.35250780360739975,0.41182938647894674,0.47709582214506613,0.6130187603440345,0.6721737233046708,0.669970896727914,0.5429852964299698,0.21985722614765185,0.23185290707556594,0.23318733384657578,0.2829315580208135,0.3284959398456141,0.3878912919680678,0.45235986999078776,0.23305959966815012,0.33299694634471794,0.515482207464453,0.21985722614765185,0.31319748903588446,0.5563996540863066,0.6109134212477336,0.7306669647344003,0.026256890972990058,0.031990205304342156
205_SMD_id_28_Facility_tr_5925_1st_17580.csv,23703.0,0.9162391712420623,0.9505542778142815,0.9663954017989389,0.9635929544392372,0.9584750439679279,0.9315942579058774,0.8101088452764019,0.9215833108534296,0.951306733677151,0.9656310456413583,0.9693555576660943,0.9464145326281664,0.8968355840809533,0.7590610762479243,0.7451673325178435,0.7340441205432671,0.7572372647130867,0.7697495682126967,0.7984744286406344,0.787738192411013,0.6321639057712567,0.7607244088156888,0.8170850415613468,0.6429064297455762,0.7451673325178435,0.8831742459914639,0.94455237253554,0.9020607226235168,0.7980361476531878,0.023413214291625083,0.8387480047574359
206_SMD_id_29_Facility_tr_6250_1st_21230.csv,25000.0,0.15882527472548308,0.27250627560132856,0.3707084337155716,0.5399313138139983,0.290442643633695,0.13092350404611328,0.01225423838710965,0.1466105070464676,0.2897043471749907,0.3510422492997242,0.5839238209819706,0.8542265518949509,0.7505858327039231,0.3902726917001545,0.02591751318525955,0.04046652452013587,0.060998711271468845,0.13813249918114504,0.23347477157981586,0.3127606682191273,0.07988589793909401,0.06134377972297309,0.23749697786379906,0.07451464391569726,0.02591751318525955,0.056795726855528056,0.21035596145714688,0.1209351229199323,0.0178325088699251,0.013029429570996856,0.005169626480111853
207_SMD_id_30_Facility_tr_7174_1st_21230.csv,28696.0,0.41020344227512173,0.5405839541198876,0.6025836498529136,0.7578635561883532,0.8808539660653676,0.9019664466455078,0.6406205254850823,0.4291010671531762,0.5448076802788985,0.6154380775799698,0.8184253512322819,0.8779822283836313,0.8700518475676287,0.7640011689881833,0.22430722034847952,0.25888672232828586,0.28426789126245683,0.41831270906089724,0.48715413746293285,0.5452702214941705,0.4460070856651297,0.2833696185000861,0.4841336436950564,0.3966194463094288,0.22430722034847952,0.30709491962080615,0.4522544741391975,0.5108457512630782,0.17820362771191267,0.02823813747453586,0.18157145806976
208_SMD_id_31_Facility_tr_5000_1st_15144.csv,20000.0,0.5622295580335624,0.6082663616302412,0.6328117822771229,0.6454280816180459,0.6435090784316856,0.6265297610758904,0.5056926327794585,0.5723620450365318,0.6197255083431358,0.6483318592410899,0.6824660223353919,0.6871706038742706,0.6597656489038597,0.5427285682379565,0.37790749024964865,0.42625488337311296,0.45459787620298564,0.5155979126714323,0.5425948950437227,0.5214193105941988,0.4911119057091552,0.459529726468781,0.5685089617607113,0.6053074897826157,0.37790749024964865,0.5605740611495698,0.7140522140684463,0.5607542629324447,0.7061530005881109,0.03031682018940669,0.029538719260658503
209_SMD_id_32_Facility_tr_5925_1st_17580.csv,23703.0,0.21041800747463527,0.23917306106303388,0.18971964776275724,0.47458521606622867,0.9272334922799527,0.9285662977040069,0.9299515145110466,0.19113319169607243,0.20128954655415604,0.16713711131626258,0.13465946013598684,0.11956103421013449,0.10374017461797182,0.1571981457060783,0.055561569508943955,0.06414910143667936,0.07278629836870994,0.10740668388095873,0.16260290719637194,0.3022031588040714,0.44634323661442643,0.07287548282023439,0.1628316630210765,0.4066022428243892,0.055561569508943955,0.09614002526253623,0.15422066225941797,0.9383562085292069,0.9536206712463043,0.004108669842060794,0.004366931833161244
211_SMD_id_34_Facility_tr_5925_1st_17580.csv,23703.0,0.8068472599168538,0.8789235924831261,0.9419341932394754,0.942983523017182,0.927547983495356,0.868350284326265,0.8176095588908159,0.8082626426089204,0.8775165761349667,0.9463557294487656,0.9683760838162175,0.9522797569312411,0.8691643025718083,0.6643941928622477,0.5049623535517206,0.5628741368823437,0.6206051089026411,0.6690029615577378,0.8037502234010379,0.8742058575188298,0.8953300166468537,0.6201699559380391,0.79389352011213,0.8455400525509527,0.5049623535517206,0.7733749141520914,0.8804333123311604,0.8743824825533485,0.9554619498207435,0.004402861363698474,0.0045368142067634225
212_SMD_id_35_Facility_tr_5925_1st_17580.csv,23703.0,0.8077499834321891,0.8959500411864236,0.9068540887301868,0.9395654267382934,0.9574273700216728,0.8984873689150455,0.8921997408309433,0.8041153081556475,0.892923888441615,0.8800888835294081,0.9444463708411158,0.9587484328345175,0.8835347293554342,0.7360898531699045,0.645238680188228,0.6240200918365777,0.6812588398046011,0.7513770007478262,0.7684022901052229,0.7858281257794946,0.7782057688106456,0.6808448609045984,0.7589639509238364,0.6995121417105677,0.645238680188228,0.7589024571616313,0.9025443171310638,0.8572828475563408,0.611822220859389,0.015768777984519276,0.13141407552146772
213_SMD_id_36_Facility_tr_5925_1st_17580.csv,23703.0,0.9574306586481013,0.9736253256679607,0.980082968377008,0.9598469129697006,0.9329306969955988,0.8832206290626903,0.6395948818400472,0.9592290006312276,0.9769011514600328,0.9793512952793058,0.9618302836024046,0.9397172999163051,0.8524868587970639,0.6478416280312145,0.8255309291918123,0.8664950642789301,0.8722267991388162,0.9192523179651235,0.9565131408936155,0.9231115567984041,0.9119092825856531,0.8784974932382219,0.9691332028834237,0.9203546234356645,0.8255309291918123,0.944064263655914,0.9685214853715458,0.9641966266148259,0.9799328278205037,0.005146494898076491,0.004946215273599293
214_SMD_id_37_Facility_tr_5925_1st_17580.csv,23703.0,0.597290905786273,0.8259357386500079,0.9473972134056264,0.9657787229389311,0.9578094619906925,0.9336921166181423,0.9161258506333575,0.5361830626972497,0.8025439754558575,0.8850864125440946,0.9309691984366203,0.9352632784791032,0.8970052574624601,0.7370881842228456,0.13798609932742403,0.1578136667696138,0.15192832352159982,0.27515287954471374,0.42303387549518773,0.43129313745384623,0.489433703549361,0.15160813613117424,0.42089198791198923,0.41005281670611604,0.13798609932742403,0.317829878205123,0.6493102883686579,0.7841841652259692,0.6808108984168271,0.006841349636056331,0.09590933708046764
215_SMD_id_38_Facility_tr_5925_1st_17580.csv,23703.0,0.732363689807604,0.7831016273675457,0.826224497787226,0.8811928061592446,0.8832599581566316,0.840110125098985,0.8097426034225867,0.7510727922618144,0.8425239747255387,0.8833728556976681,0.8813772315229789,0.9118971837567937,0.9262995617539591,0.8104372394183034,0.6790619956586762,0.6434070327972669,0.6106452994423672,0.6048493135131409,0.5599522601575293,0.573967275871024,0.5335006415410702,0.6098603448241947,0.55027969861172,0.4627518959428106,0.6790619956586762,0.7967698819255706,0.8998643497033925,0.8318238124448762,0.829452277827388,0.02120276360964288,0.0590811226549604
216_LTDB_id_1_Medical_tr_500_1st_266.csv,100000.0,0.15449847166400965,0.14599690245416175,0.1411151095475843,0.12547115047017882,0.11861760153845134,0.12002213650041806,0.1325999935357774,0.15296851018487168,0.1452158778628754,0.14199681600289205,0.1261832578445267,0.12134867581985295,0.1349955930594054,0.1982715596821669,0.16780533083098717,0.16283343998054597,0.16073260571868953,0.15617587290791904,0.15580452815924542,0.1541640372051348,0.15499119431632152,0.15960231533553085,0.14934359215415016,0.14401960572999817,0.16780533083098717,0.1629777471355891,0.1551216076335379,0.13672418226330296,0.113679604121653,0.3293052524817781,0.5545976037876976
218_LTDB_id_3_Medical_tr_500_1st_266.csv,100000.0,0.14837093433376736,0.13980379965310352,0.12888430934343592,0.11559570666483326,0.10923544954817842,0.11159222152678983,0.13838157038525795,0.14842255273349483,0.13935363251519783,0.12882720281046378,0.11556699622428192,0.11262467785027509,0.11982771888242513,0.175213337667994,0.1635084826927027,0.1580142216498445,0.15492948404215834,0.1490995579211159,0.14716815533699432,0.14292033042692737,0.14947488249364868,0.15389793308323768,0.14210773689002096,0.13888645698594645,0.1635084826927027,0.15628857497714405,0.14684279166637565,0.13878374371472144,0.13039987532877298,0.30826907546329085,0.45235613766432
219_LTDB_id_4_Medical_tr_3618_1st_3718.csv,100000.0,0.2833372819107224,0.2458268249550615,0.4588380028393391,0.737188239264772,0.9394687857864582,0.9114038518543528,0.7335461967906336,0.2900109593404848,0.262647068476767,0.36938730351239246,0.6388443227274572,0.9263506023159535,0.9403106443844732,0.7284526813040917,0.3268886177623593,0.3132944978368482,0.30853281348108763,0.2806830279212172,0.34894834998134905,0.4262441319574112,0.45967670175499664,0.3074895252509067,0.34212418141675277,0.5257668018395548,0.3268886177623593,0.31930185603696853,0.2671349269912393,0.6452884851149883,0.8644970597281314,0.1430185717707627,0.10306242590118465
220_LTDB_id_5_Medical_tr_500_1st_26.csv,100000.0,0.43784431358295156,0.4860792287745555,0.5858111413795118,0.6874608431968721,0.8034579220398266,0.8830284127998123,0.8429731046959837,0.4359143852184806,0.46823351240451405,0.526285069762229,0.6016046566267722,0.6558226448863801,0.7109226258042272,0.659291540320496,0.39655252356257037,0.4108094228272673,0.4224126006390318,0.4633839338318929,0.5200301749746725,0.5466442442537772,0.5399573327991701,0.4207855934453791,0.5093244044102228,0.5172920473115521,0.39655252356257037,0.3987930985346156,0.4010514633674168,0.6237537426473055,0.6785040861746384,0.28735600733541383,0.23180586950767995
221_LTDB_id_6_Medical_tr_500_1st_26.csv,100000.0,0.39470419449198646,0.39347759863891046,0.3932419084761013,0.3886728365141842,0.4215293957779312,0.4457482171796061,0.4368600376969553,0.3935262592637512,0.3946800685027503,0.3903037179816011,0.36216642241028985,0.39856815195134937,0.487118253290467,0.7287330222685381,0.38769852756943335,0.3937154844180213,0.3977067394133634,0.4024104356760268,0.42191129509064024,0.4591951024368271,0.4551647152122317,0.3960367025693341,0.4133894923488024,0.4251591680085585,0.38769852756943335,0.3880330248249594,0.38872452352997755,0.5096102126989749,0.4959758510231707,0.36238998130950584,0.30322900300060945
222_LTDB_id_7_Medical_tr_3618_1st_3718.csv,100000.0,0.33152435184408147,0.41287432901291615,0.5621406374851771,0.8265890607715366,0.9715043135734569,0.9737327670191613,0.7571862239949054,0.3339259851909517,0.3999777789025096,0.5127922944959832,0.738455566656843,0.9417260596823845,0.9624142352379296,0.7419164891998004,0.29530278592091014,0.2877763218005945,0.2863710091419485,0.31735775887953194,0.4023718392966629,0.48076936701064055,0.39974071862274874,0.2844198295181353,0.39034255365194104,0.4007219900643038,0.29530278592091014,0.299789781822061,0.3499745817411032,0.5877134700777877,0.7525644875549061,0.12408891604681499,0.10553628669227881
223_LTDB_id_8_Medical_tr_4456_1st_4556.csv,100000.0,0.2043284323460711,0.19779054934039111,0.18270962727719148,0.1712200597076385,0.23010626726356384,0.2059422016708032,0.1650269493043388,0.2044662200446555,0.19790811655006643,0.18012430285414863,0.15583734491035384,0.22586450877970707,0.34601052173938956,0.6767653415787502,0.20597224513846385,0.20774432674485027,0.20848420514058127,0.2113907643863734,0.21422970960487583,0.22600947769653432,0.23393968185801867,0.20667915352265187,0.20440506915037587,0.20459646660196995,0.20597224513846385,0.20729143809661607,0.198829406390427,0.4180525583743635,0.5622771474550486,0.19138651520270183,0.1262026498334167
224_LTDB_id_9_Medical_tr_4456_1st_4556.csv,100000.0,0.22382633112892555,0.22920213107889376,0.27528896666355523,0.43909824801988434,0.6584951500197315,0.6709482513422169,0.5431143444153317,0.22323627197444784,0.22813286317485362,0.27622438082566453,0.34691876041855674,0.3997577774197181,0.5956357366504239,0.6921657119588346,0.2081744997552713,0.21425289330760747,0.21810155530187916,0.23089520462436716,0.24219269032327526,0.3032466118862661,0.2986022300013215,0.21642238260506072,0.23245382336020898,0.2718029584356746,0.2081744997552713,0.21658058203587824,0.2169864946309502,0.4161700657527429,0.6046732616384691,0.1890935099384701,0.15489200459827251
225_MGAB_id_1_Synthetic_tr_25000_1st_38478.csv,100000.0,0.006402796431245733,0.006318514451071232,0.006395440130706358,0.005728596488366371,0.005318265287214974,0.004742147762960294,0.0070246155576464365,0.006303428345580168,0.006589642675847824,0.006418991045127468,0.006196924646123687,0.004328132324968017,0.004592294531273802,0.005460927465021988,0.006516208338218702,0.006557846835364534,0.006554474543258326,0.006430682559594523,0.006463238318371695,0.006523969769153189,0.006102384120325985,0.006486093463498169,0.006040123594069988,0.005062192940126906,0.006516208338218702,0.006581073550631612,0.006816694199627371,0.006290904581388505,0.008044031773416439,0.005826269485699946,0.0044120742263382765
226_MGAB_id_2_Synthetic_tr_20000_1st_45134.csv,80000.0,0.005295151998189956,0.005223681485133258,0.00496350971684885,0.004538674643920765,0.0038635003378537716,0.003216294259403557,0.004270120696406588,0.005263524405987068,0.005212257895671308,0.00490306085430329,0.004395298928954862,0.0033713390965164477,0.0036614947190267036,0.003860179288360268,0.005354225796469516,0.005441345036024778,0.005351817793203916,0.005200641352475533,0.004992624721207076,0.004845021440936323,0.004863951604736445,0.005419574164085907,0.005240876352644347,0.004931359488147225,0.005354225796469516,0.005374765083187739,0.005415529743814027,0.005502313998048952,0.006956849370256059,0.004521357983384273,0.03384855251047631
227_MGAB_id_3_Synthetic_tr_25000_1st_44340.csv,100000.0,0.006615725085118503,0.00738931586883935,0.008212268606781443,0.006901598019847322,0.00954180524891186,0.008681908065692159,0.006626933979226289,0.006697482918143123,0.007908640012259577,0.008273123572339716,0.006613404562738079,0.005731618355524043,0.0058043739648097085,0.008561288573839525,0.006560763597537952,0.006542630437467365,0.00653843605384735,0.0065515254452790505,0.007289226299706469,0.006563159589445186,0.006503602434062717,0.006601909355406762,0.007747968821627673,0.008022997581959795,0.006560763597537952,0.006571096075610062,0.00863023395120201,0.007576208004344806,0.012836185816546235,0.007835554942597682,0.017939440590408248
228_MGAB_id_4_Synthetic_tr_25000_1st_38948.csv,100000.0,0.006937925764525289,0.007587912606835315,0.0077391412908683,0.008484086205010594,0.009658155583798709,0.007030554308101886,0.005531682854110498,0.006903807660310891,0.007562600059646313,0.007972466216284873,0.00963524754378337,0.008236380831878548,0.007397017511096297,0.004844799001068606,0.006900986224446197,0.0068703753706989695,0.006846553751061204,0.006875958789305253,0.007949915002814016,0.007384340845893547,0.007974212336172643,0.006847174114048834,0.007759251753226748,0.007386017657049645,0.006900986224446197,0.006827438168656263,0.007826405234826113,0.007698680240159796,0.006387701066700362,0.004657034685080913,0.013983124945381616
229_MGAB_id_5_Synthetic_tr_25000_1st_33098.csv,100000.0,0.0058701073376609455,0.00615937251081651,0.006274784174399701,0.005833433964866397,0.007061255089525919,0.007063624992151547,0.009551826365986952,0.005894921027881805,0.006300429604487673,0.006314258388000121,0.006165584309726303,0.006118254610333204,0.006113855548659767,0.005964078241807337,0.006004638336902314,0.005896390445023633,0.005897354856318829,0.005832526964152562,0.006014877093848363,0.005666006742958941,0.0058048140226699225,0.0059608779777173835,0.006490555111876888,0.007544099037217398,0.006004638336902314,0.005868673741617965,0.006180545183496588,0.006313958284717311,0.008050151644736405,0.00659261988945752,0.007608023225707411
231_MGAB_id_7_Synthetic_tr_25000_1st_35544.csv,100000.0,0.006355093929653223,0.006127604746380358,0.006145036623981513,0.005706402347858577,0.005849304563805824,0.004686533529075716,0.01048218922980195,0.006271528636187696,0.006138068896996048,0.0061152788758075645,0.006035831874150197,0.004718352887878088,0.004703163027727076,0.006829096322517548,0.006458328890903266,0.006453244426628488,0.006449858507848217,0.006260057392963105,0.005968479024226338,0.006101155227314865,0.005821540680276935,0.006458091101775601,0.006019428494463203,0.006131455477139438,0.006458328890903266,0.006416150684241216,0.006017354617818217,0.00600643487080407,0.006780779592535736,0.005584533324404834,0.011703434598125369
232_MGAB_id_8_Synthetic_tr_25000_1st_32708.csv,100000.0,0.006120955372572492,0.006011535167402308,0.005797962063607316,0.005973511699332119,0.006622211419177943,0.005152148727512982,0.0033130855287584345,0.006062022360655077,0.00602249839238699,0.005959446437909419,0.006217396792443284,0.005444759708513847,0.005655679766080921,0.00460545522662571,0.006185105683188927,0.006174285804124679,0.0061747506571532985,0.006086397944018237,0.006146026962084398,0.006003276335950417,0.006228027150153285,0.006160014096938116,0.005946093429379363,0.0057515891594707045,0.006185105683188927,0.006153447344801913,0.006089107186767312,0.006316283079704161,0.009647283150462451,0.005142964307369935,0.004179951839345027
233_MGAB_id_9_Synthetic_tr_25000_1st_41300.csv,100000.0,0.005821458480120269,0.005207119815738168,0.004360744941471406,0.004563554285575254,0.007528494789388376,0.00910011500486674,0.00917632667728227,0.005712343529718891,0.004837786659497368,0.004652707116808322,0.005485017784187814,0.005007776094331071,0.005971827684372729,0.0070583851381100715,0.005856398065130231,0.005895609169041197,0.005894091095870345,0.005849215236255626,0.005144870863058268,0.005100783460573948,0.005536955241191264,0.005846752951686955,0.004908200118033751,0.005537486114719446,0.005856398065130231,0.005879157416573302,0.00486017088980974,0.004955153492878934,0.01373584321921162,0.0046910093820524985,0.0061995820614749635
234_SED_id_1_Medical_tr_3740_1st_3840.csv,19999.0,0.07690012190218057,0.06558325302510341,0.05008852170773366,0.03654389409478756,0.035070643530628616,0.03388229219335825,0.03548196623925202,0.07725398972186757,0.06930579166107352,0.07414000450047199,0.06410127528009144,0.05981103511403365,0.05156931035819158,0.05103373711424158,0.07832857997899745,0.07969924220988664,0.07983312187106224,0.07394859743624174,0.061881886593692585,0.045920776676840976,0.04489371726264858,0.07995592009430176,0.062025551955610894,0.05412899181118141,0.07832857997899745,0.0781612473637508,0.09142669026338347,0.09845887047542687,0.0594355275947388,0.5628337274278025,0.13249211357209031
236_SED_id_3_Medical_tr_3740_1st_3840.csv,39999.0,0.060952046958999584,0.05253379469372454,0.04213699828968925,0.028167546454707603,0.027096713003677653,0.025840247084789637,0.027731302541776,0.06125703222973381,0.05503608070651593,0.0676904237403098,0.05664032490037038,0.04988447267815887,0.041054798614686194,0.03910395140671985,0.06085402196609866,0.06217637944891206,0.062492226869199745,0.05846193923108241,0.04886468501994061,0.03610218364179464,0.034750058018908944,0.06264840550322838,0.04900401021359986,0.04172133054978855,0.06085402196609866,0.0611168165518003,0.06864690401796816,0.08135782821823077,0.047613794168850705,0.48916076273826137,0.23298762770779563
237_SVDB_id_1_Medical_tr_11587_1st_11687.csv,130400.0,0.1215306878827702,0.21776825705140207,0.37328958048060806,0.6468575166344878,0.894587688378925,0.9411593262523008,0.9409378356317873,0.11676655827689093,0.11637106088723533,0.23833568425238097,0.44984704186223107,0.737810422968513,0.9172189400905734,0.9066216158108806,0.09719797332549307,0.10680609951215814,0.11394936820472977,0.12962277977835737,0.18822793156614,0.283398313199768,0.3319424121281329,0.11370571506538325,0.18663190375573563,0.3288768555722358,0.09719797332549307,0.10156571435322924,0.10441123473771886,0.519067003945294,0.8358119971600282,0.05082578068913003,0.04184571101894814
238_SVDB_id_2_Medical_tr_25000_1st_71963.csv,100000.0,0.012600032270515897,0.02531296065022615,0.10323853523650657,0.43822988801578494,0.6825764902025799,0.5990948021583619,0.9022579284321491,0.012325738647843039,0.016240278057074495,0.07172794209171054,0.14681790136874456,0.24561797008129116,0.3015061956752297,0.5682284354450169,0.008789549149169075,0.009348673501377365,0.00992712951124595,0.012795775676181318,0.01705348986740676,0.01784835472226357,0.015724475773502066,0.009906951652755774,0.016936542332514425,0.01560723871983039,0.008789549149169075,0.009053555791092531,0.010986626290531086,0.051217669339388754,0.10752307673798737,0.004669309341804693,0.004723649807083021
239_SVDB_id_3_Medical_tr_50000_1st_106634.csv,230400.0,0.031817377713947444,0.03886881988915051,0.08578938945119817,0.16329420319909396,0.3246555098550222,0.5242824557538238,0.5541717122624994,0.030900648352086,0.03680278075423682,0.055133968888685644,0.10246671252339047,0.18670536840297286,0.24720716407728172,0.3301097872425143,0.025653306723331177,0.025268666811133735,0.025578325496971956,0.030003652956518363,0.037673497866287334,0.054675365745213804,0.06062056581656722,0.025488802642107792,0.03713464651009324,0.05901407374823887,0.025653306723331177,0.02769014206487238,0.02891546546502873,0.08371896178209108,0.21559409766634063,0.014600288801844285,0.015455386525667612
240_SVDB_id_4_Medical_tr_18462_1st_18562.csv,130400.0,0.09404957176232098,0.08693111980605832,0.09135209824524568,0.16153802311239226,0.4024659609494265,0.4225804385849363,0.4138111606065833,0.09527596410542984,0.0965098501937533,0.10477725847138758,0.13458335382532247,0.1701553854161628,0.2142964434424639,0.27531407689727283,0.09854190602742258,0.09197501862519651,0.08763337212838306,0.08242948213831583,0.08239908598387038,0.10224155093086877,0.1113812864192935,0.08726873680428267,0.08001378022379144,0.1019422786986895,0.09854190602742258,0.10616947721263409,0.14871786727829206,0.2633925127615144,0.2847247010009235,0.10754676204807374,0.15804524797797956
241_SVDB_id_5_Medical_tr_11587_1st_11687.csv,130400.0,0.1085531481613602,0.10795101532700271,0.10825993065052913,0.25077078118160695,0.6200241854674822,0.8257866285055477,0.542539522909596,0.10869780723585752,0.10632825393343835,0.09554184282984998,0.09155884090540908,0.1684362991285376,0.24766026619749398,0.4012775426430234,0.09897427986398283,0.10504049409865995,0.10886673505199318,0.10895677564449191,0.12960566880776916,0.18704969781391528,0.1987275201878561,0.10862604927507435,0.12826230120934828,0.19381489507735808,0.09897427986398283,0.10048766331024453,0.09774456417194372,0.4149360929575,0.47567466333919217,0.05244407638837995,0.041839343950630034
243_SVDB_id_7_Medical_tr_11393_1st_11493.csv,180400.0,0.03826130525987509,0.04258363137512422,0.0533303682089786,0.0885037847520596,0.232243502000285,0.3175038767997359,0.1312257190092388,0.038366794306618886,0.04378808002391747,0.07436399671806954,0.07792697641267976,0.08146948063215434,0.07882761643353708,0.12173971697819048,0.03853894403964536,0.038351175458592464,0.038319921358775565,0.0381551984528376,0.03897383905947762,0.045509554529720726,0.03439968821714296,0.037958076603204535,0.03693778108852009,0.030225044860252827,0.03853894403964536,0.038705991729924887,0.03899812226661228,0.04019600669838563,0.053438114043210375,0.030551741240677496,0.05937040841010642
244_SVDB_id_8_Medical_tr_17803_1st_17903.csv,130400.0,0.04058540447937321,0.03899148610041373,0.05199800885965152,0.14619300590725184,0.2996934091694399,0.30412336670125195,0.3165701110993466,0.040633176953852136,0.0391789656752371,0.04878664750785255,0.08395655292256245,0.15366242432140592,0.31397477992019057,0.5612631724645797,0.03985263191458783,0.04126465406854636,0.041755044226945134,0.04251248708099704,0.0435648882024914,0.05660708224404369,0.053803623386806186,0.04132148448941471,0.04134657497469007,0.04780412516563865,0.03985263191458783,0.0409714086031095,0.038572627791094834,0.17221927659962885,0.46321898989421667,0.04238808212927382,0.04169173943841661
245_SVDB_id_9_Medical_tr_12607_1st_12707.csv,180400.0,0.17579273548002897,0.20784159399853325,0.45314253301822893,0.7998183111618015,0.8933671206048642,0.8836005972506428,0.6012499902591931,0.1710257459894714,0.16131004320385117,0.19907146589553137,0.4598618390106253,0.7252649599976217,0.8209964924143329,0.5705974527492188,0.1446721426398139,0.156479736051803,0.16774848844072668,0.18823469731542009,0.22945565622903522,0.27128093574104656,0.23774628684953494,0.1672218123566541,0.22575941961000245,0.2505932568317102,0.1446721426398139,0.15429306752726263,0.1477534408951112,0.6172274136041326,0.555543542990695,0.06408700527156061,0.0624209420537034
246_SVDB_id_10_Medical_tr_20100_1st_68460.csv,80400.0,0.013011210080684985,0.013269664309310966,0.01272078029923008,0.029023692120374648,0.07766291786495523,0.042418521246829814,0.04352786950695575,0.013081753659241153,0.013274670196448436,0.015813503409722287,0.052599628971127826,0.15094047147929368,0.1819489608151157,0.17771800791009054,0.011144197970906364,0.011451503032084455,0.012013203469655506,0.012960175230451386,0.013289839240079622,0.014796890361095286,0.0193642355505594,0.011988892094406227,0.013166071102051206,0.01785090506520323,0.011144197970906364,0.011569946845733176,0.011651771660888082,0.029344360033120277,0.14825764328052035,0.006967915020817752,0.0062076375973519615
247_SVDB_id_11_Medical_tr_20100_1st_23611.csv,80400.0,0.029167361255960127,0.06125944461215704,0.1507873801732258,0.2962583340092044,0.44996225527128464,0.5287543916566184,0.4158675032250246,0.02738745048008283,0.05849057338076,0.11066165422085557,0.23788105713815666,0.301422734454866,0.39007352430679904,0.3743281433135911,0.01577235555715942,0.020815526442141505,0.024053075966440143,0.030001756025539925,0.04810159689766214,0.06705083222808349,0.05753180970511,0.023836325208348157,0.047049251999153364,0.05385865097449704,0.01577235555715942,0.019258174563772486,0.022034403777958657,0.056541650481611756,0.022774560407597105,0.011616265946914207,0.009650419311141299
248_SVDB_id_12_Medical_tr_18462_1st_18562.csv,130400.0,0.1018204517879894,0.13987146498713557,0.19583074715871462,0.3242114630886735,0.47667477335882447,0.6164591189349607,0.6312806341508623,0.10084390040699774,0.14458870490435394,0.20318046294632588,0.33055568393520685,0.4503945084188708,0.5681188551475428,0.6053846077702011,0.10000396776934382,0.09191474622671522,0.08718860414706005,0.08619805181516134,0.0894045824584166,0.10077217527192128,0.09520141158997855,0.08690537528512719,0.08757107201599897,0.08852253039106109,0.10000396776934382,0.10780950892246506,0.16369711868043535,0.14880215521477683,0.3968385306229809,0.08468601108892945,0.0867758299473735
249_SVDB_id_13_Medical_tr_50000_1st_54982.csv,230400.0,0.049951593148700665,0.08491725394433186,0.14069465719028076,0.24415883578574507,0.35990749593741306,0.5895445660539391,0.42396782899268426,0.05160258724095587,0.08168390525179557,0.13601007422328557,0.23559720356714156,0.3507293358370041,0.5002957549829505,0.37306730358543905,0.048143287159796315,0.04695311975796184,0.046930449224174726,0.048330187630893,0.049314724340046634,0.05985971534968421,0.06017298138137008,0.04659133732227823,0.047500762179333036,0.054097867408115986,0.048143287159796315,0.04871796378929387,0.0549347752424234,0.06013606414313982,0.08488174147595887,0.04169521037779422,0.03208989026043067
250_SVDB_id_14_Medical_tr_50000_1st_107354.csv,230400.0,0.045158883655271945,0.0742132799101074,0.18262991185376504,0.44326831373448994,0.5893701189940029,0.5250836773526618,0.5357541733048522,0.044908333146121686,0.05057549518384389,0.062316691314398986,0.11306917888722444,0.12880027844366526,0.09082249517252429,0.10095475634621028,0.03997111421895092,0.04134223552765149,0.04227371137470325,0.043425986568397926,0.04731700671349463,0.046653295566752705,0.04380029043708507,0.042243951305787945,0.047202607564226874,0.044005840048523655,0.03997111421895092,0.042374744633644316,0.04782914208616918,0.057403485716159504,0.3527394814664868,0.022019866491507188,0.03797353534505917
251_SVDB_id_15_Medical_tr_5421_1st_5521.csv,230400.0,0.08517372146494834,0.17712942421628386,0.2732902241830287,0.5227567829574848,0.7621099821695021,0.8137638544969337,0.7678477680408033,0.07983619986908119,0.10379396099085605,0.20606243197241228,0.36591758512286976,0.5696745727252202,0.7441574331989984,0.7788322769836961,0.07987697628465652,0.08108369908354794,0.08182591790738396,0.08971320471981346,0.1249155894385046,0.17982426415116456,0.17202149906400452,0.08111727405663496,0.1197860554192825,0.1616199118373107,0.07987697628465652,0.07944725129766389,0.07567378842472718,0.30230405257386417,0.4600167908012399,0.051601361207125815,0.03475199650589292
253_SVDB_id_17_Medical_tr_17803_1st_17903.csv,130400.0,0.03833862956728958,0.038781094625227594,0.045620800392809566,0.15906924995286206,0.4312080294587838,0.2575336441449992,0.208496743964497,0.03826419455197968,0.03763087525896606,0.03709107594728464,0.03983445190431577,0.10474744501639287,0.2432368342843505,0.5710722572990109,0.03752701840998161,0.03840866546572099,0.03916003440021085,0.04046994844611069,0.04286193237110832,0.04869553048513817,0.04771539567261685,0.03875189323896234,0.04053433183014399,0.04164773102684904,0.03752701840998161,0.03752339750885023,0.03693784304665377,0.2001097562649259,0.44345600544840186,0.033640740002867785,0.019754282709913484
254_SVDB_id_18_Medical_tr_30824_1st_30924.csv,230400.0,0.055396704903866896,0.05756649326078677,0.06535370612298162,0.12371304434406108,0.3264920890342474,0.42405368028404433,0.3619759492760886,0.054904267019174446,0.05488665191478419,0.05569450434102731,0.0522597460785576,0.051376350416071095,0.05648090451662999,0.05817283843229675,0.05168177868933273,0.0529321119945484,0.05330534190557035,0.05414777316897175,0.0566527770241296,0.060299511891158744,0.057233238618038675,0.05317116851419879,0.055734607332251156,0.05416434761914475,0.05168177868933273,0.055118224184761304,0.057938241862026715,0.060075900164440095,0.11087127220754228,0.03774995582133739,0.023607060038472655
255_SVDB_id_19_Medical_tr_50000_1st_54982.csv,230400.0,0.055284161528245966,0.06964196077621251,0.09035407016616803,0.12847344934249313,0.19022505421036398,0.3736533497949036,0.2708026749149678,0.05896492926743123,0.08733763739934255,0.13682790346739304,0.22111770248049617,0.31516671997286894,0.4244618610155845,0.3993771808375046,0.049917356715019165,0.049669519578981414,0.04935064379163034,0.04960084070532286,0.04898841032240409,0.0513631035330008,0.04980858184525286,0.04918626055341507,0.047717900618263545,0.04775602792396564,0.049917356715019165,0.052282409709296804,0.06064678811118556,0.06234596234992591,0.05388329430919112,0.053390087855996055,0.10637417511932254
256_SVDB_id_20_Medical_tr_6264_1st_6364.csv,230400.0,0.03945646690599441,0.040931970109812685,0.044298799838220354,0.050525159323095606,0.12993834254597061,0.10209870825357652,0.09406600911204334,0.0395199963229063,0.04116098033471177,0.04666307588077248,0.05155915615626221,0.049411426635979735,0.052526222547211975,0.060296381156523075,0.0407043778426938,0.04032725094344985,0.04013779256212192,0.040193842309624486,0.04235860594337182,0.046978056104167686,0.04285741602740147,0.03975473980845736,0.04032868056705962,0.038005085917589165,0.0407043778426938,0.03978535564155074,0.0399825573000037,0.053039771760480935,0.26648080772407146,0.06178218404456235,0.05456000143141673
257_TAO_id_1_Environment_tr_500_1st_3.csv,10000.0,0.966636207747909,0.9514208012915992,0.9368204976436243,0.9241516301101678,0.9163425307861951,0.9090097179684407,0.9024485771622976,0.9562914327396861,0.9311155007162665,0.9072332142193977,0.8933073626739544,0.8866676574008269,0.8852501366707124,0.887855149342877,0.9851857483566155,0.9947645873188963,0.9973206232112217,0.9995006874364503,0.9991724344575199,0.9996568433533214,0.9996487213397182,0.9652419193483116,0.9175217412203416,0.8831327051743961,0.9851857483566155,0.9779755647380554,0.954399107714277,0.9052200521012052,0.898467029023315,0.867582783074158,0.8836781620159224
258_TAO_id_2_Environment_tr_500_1st_4.csv,10000.0,0.9731756186209634,0.962893789275913,0.952731283822698,0.943512087715936,0.9403875441880633,0.9394432993758849,0.9306171242056458,0.9607947296420045,0.9408425780057588,0.9254318447716309,0.9209211243216575,0.9209740030468714,0.92058668443962,0.9205344513543043,0.9854746936833421,0.9935312881200946,0.9969690261411432,0.9998260610596377,0.9997689990892099,0.9995734029100036,0.9993998274845959,0.968726333473386,0.9283198979354077,0.9175186148713785,0.9854746936833421,0.981056775643566,0.9642339557330338,0.9376886433922141,0.9243638064500131,0.9180679364152937,0.9225574190225367
260_IOPS_id_1_WebService_tr_5000_1st_11804.csv,20000.0,0.28983010650880453,0.37114908069525604,0.4783083320924351,0.624944718201789,0.6425279045742504,0.5768637355011038,0.16265931854468477,0.4936093148637303,0.34730767654904227,0.8382200709577409,0.8228985339809147,0.6604864424316907,0.5137678920665697,0.2205458017971701,0.1668903228573794,0.22803947341018677,0.24150042347252657,0.30167787557720943,0.34541525296172343,0.3751919905783605,0.2784881022974625,0.24154070406561157,0.34584241889671974,0.4888003417007531,0.1668903228573794,0.22853194662903464,0.3624090709717247,0.39452413472375425,0.034372325458246054,0.08699654626628307,0.2185595654466393
261_IOPS_id_2_WebService_tr_2178_1st_2278.csv,8784.0,0.47056068070865187,0.4406155134025716,0.3086979143399272,0.029211452572961722,0.012648332788637646,0.008443530540091681,0.005149405930009577,0.45962495927177305,0.8026747198001611,0.7485735326964925,0.6176693076320204,0.40386949938614775,0.32343877554160927,0.2134396451292473,0.19280600927652433,0.24966734872898835,0.2791689777930238,0.31041240262375863,0.2230763615757218,0.11518455535862604,0.09164178171671669,0.2759103738307592,0.21553590177116713,0.03443699588590035,0.19280600927652433,0.36117884985578963,0.8437151734070745,0.02168931394723269,0.011997460482627948,0.08702307486051544,0.03150471377896309
262_IOPS_id_3_WebService_tr_7028_1st_7128.csv,125135.0,0.2856213871081237,0.2769443714691902,0.2554688600871014,0.2312373529474672,0.21318733267768825,0.19530779824575556,0.1498415936571939,0.2835954285595106,0.2694781803427334,0.2285823529745505,0.18907169545424862,0.16764922321246156,0.1574862126654242,0.14424673862380175,0.19978236846125222,0.20297899818696225,0.20559205420140145,0.2144744884705983,0.21674436726646432,0.21445359492381108,0.22063303962599692,0.2059052770360584,0.2161063266386623,0.20117344771524437,0.19978236846125222,0.2793184620159393,0.32434005596113946,0.2158722863034374,0.1407516230901991,0.0645318521538755,0.04666047245215974
263_IOPS_id_4_WebService_tr_3482_1st_3582.csv,149123.0,0.8524678428883825,0.9232315478329828,0.8750172894025312,0.7673048066108026,0.656164684233944,0.5736480773540573,0.45264029862253274,0.8412928265630842,0.9303727967122475,0.8558694152243997,0.7149197841654023,0.5939648380347922,0.5092520100596438,0.3768392685399133,0.2423808369494413,0.36991238876169097,0.4357610634398049,0.5758268234645652,0.6389734261972425,0.6595271493086339,0.5782725109787059,0.4386724312849724,0.6639465591924091,0.4503390423921124,0.2423808369494413,0.4907164683618724,0.6288595969065081,0.6491780866563612,0.5275426756429289,0.06410333881119064,0.022591357709655292
264_IOPS_id_5_WebService_tr_11665_1st_11765.csv,60000.0,0.26200306185231653,0.3600079224442297,0.39642230568894005,0.49383642684215484,0.4865922257479685,0.4289162535712259,0.28151972395839686,0.12439357470997717,0.12702680232681146,0.15891626510528906,0.2140268907978209,0.244546372214633,0.29662198604380674,0.3576286034432168,0.09042744114410346,0.10299310849416653,0.09481314289667071,0.07851669494604742,0.08105702327550991,0.0815632442551671,0.07393956462849038,0.09475947767549221,0.08166624746015702,0.07954206845301177,0.09042744114410346,0.11090173463876057,0.23048158160300816,0.021326585858587842,0.01643271215710152,0.13265356316570742,0.3545881529130612
266_IOPS_id_7_WebService_tr_4010_1st_4110.csv,89155.0,0.3568940537972657,0.4669368860912834,0.5207585011583352,0.4654594235502219,0.3929534527692574,0.33520672306760496,0.23685529993148693,0.357049763279574,0.49055214364841954,0.6171905254840183,0.5878488243377825,0.474169117498702,0.37901977120161684,0.22613180722322546,0.1050193364123723,0.1475611213878834,0.16865154731490176,0.15181830205044827,0.14432362746561933,0.159356666582268,0.18043178711805216,0.1703329440364621,0.14560133443307982,0.15831822736795728,0.1050193364123723,0.24173001740061634,0.38343848907749983,0.08930026574791025,0.21084747817947969,0.32611995519707937,0.07601210557587296
267_IOPS_id_8_WebService_tr_1534_1st_1882.csv,6138.0,0.36333801800090737,0.17702873948169762,0.09045121306700936,0.06447152067308189,0.0554915174308741,0.04398314652021346,0.05162903979337747,0.29718597689096526,0.17473045448179428,0.15758841541378593,0.22668394020418475,0.10969680259013352,0.0889527629543875,0.09811089844411544,0.16965373655522714,0.2402060111964144,0.28847322276901677,0.19078770031584985,0.10276591720057357,0.05603849400585156,0.028386272379778164,0.29874385488154326,0.12384190504815502,0.07320882209569964,0.16965373655522714,0.3730060451882321,0.28737906520425577,0.07073719488067777,0.04033470862816932,0.0794753124054284,0.05044359005743597
268_IOPS_id_9_WebService_tr_6216_1st_6316.csv,29133.0,0.45383978091955,0.5393125018941561,0.6130964843406891,0.6314648637353308,0.5876488490804278,0.5527826770830258,0.32805837777776714,0.46053341924105695,0.581935775316028,0.6791367100275076,0.6618560876903097,0.571021511767995,0.48075045207797407,0.29940356319910877,0.21384933077473323,0.22967937164351745,0.2374580266509114,0.2255135016785909,0.2229306955830273,0.2530765818245392,0.27267842498368605,0.23930469499952678,0.21916990125812108,0.24398956150969717,0.21384933077473323,0.3630240054394575,0.6347164609719232,0.3543521717624131,0.336107574393905,0.21572934017078224,0.07589440799463423
269_IOPS_id_10_WebService_tr_1216_1st_1728.csv,4866.0,0.24589948575357845,0.5696188940864416,0.8768523301443677,0.8826585570013213,0.7953971947437929,0.653172089117114,0.32104531372239636,0.22030513201919824,0.32832948361129255,0.5484781529861701,0.7265439459342666,0.6226761276265599,0.5243467226099596,0.259209326705263,0.0553713462364727,0.0923056099475275,0.12029363343630946,0.17134642531099262,0.2610761630364323,0.3942869584553874,0.3938097546512373,0.12364590124298298,0.24397154594573942,0.30038269313551214,0.0553713462364727,0.07815486761864625,0.07988188258855894,0.4244528712683754,0.35467236564756716,0.01574294354210603,0.029502958708122726
271_IOPS_id_12_WebService_tr_500_1st_341.csv,8784.0,0.6931317989285176,0.27328572903413395,0.1198290995317961,0.0735730680687091,0.05206378679250319,0.042974053964958146,0.05051798750694817,0.7060845395345817,0.47809174814700056,0.20138447487357575,0.1615428035805631,0.13056680805348952,0.11278418311893361,0.08993625914145227,0.23011219193248944,0.3197185740557924,0.32265402552902345,0.3630027898769,0.2419220499058783,0.08992191206787974,0.04264088832913782,0.31815566060391354,0.21785094188679294,0.052112524180355446,0.23011219193248944,0.4665869439852463,0.6248826349781605,0.07065769914761318,0.040403575370739964,0.16142069889760724,0.12734944180292074
272_IOPS_id_13_WebService_tr_3442_1st_3542.csv,149156.0,0.8744599867402784,0.8967284293446802,0.8536664544446741,0.7131340270306933,0.5743208581197785,0.4642019806627415,0.3590329529703462,0.8786796049255394,0.9007155745112494,0.8220034088052454,0.6662606147210396,0.5283014468234024,0.4203553826245606,0.2920831178869233,0.269392289860532,0.4424531750411526,0.514916389842345,0.7258277784884588,0.7834153333018505,0.7167944468417203,0.6046780186459451,0.5251546953412152,0.8270565489498156,0.46171765400725584,0.269392289860532,0.5568555589582063,0.6953128363309876,0.6184874826445564,0.35526099296545244,0.09962984798703763,0.02047216049986894
273_IOPS_id_14_WebService_tr_5569_1st_5669.csv,149122.0,0.43568498091488345,0.7084180933494936,0.7527898884794715,0.4909320549261283,0.23443063950805393,0.1383058960740345,0.03990693890776465,0.4352560003840095,0.6932985464286654,0.7192004975586529,0.5747032667230857,0.4273879750890611,0.31544325733087564,0.17086694694552046,0.0726027955031456,0.10758925430713698,0.14249617627875066,0.1611216205403086,0.19634886077358257,0.24582259177867763,0.13327118913563765,0.14595810991138544,0.17974326393465184,0.09265696508437803,0.0726027955031456,0.19528809870852123,0.5532285031528483,0.18589877745725075,0.04122675641072703,0.4179767709814992,0.04829437024708964
274_IOPS_id_15_WebService_tr_4591_1st_4691.csv,149132.0,0.44626481569408977,0.5400452824897879,0.613706717050801,0.6226653448218591,0.5834825731895922,0.5355488895001583,0.350726626789969,0.4479691358215858,0.5546294443157787,0.640352855443794,0.6454897666998203,0.5742954568045193,0.49619870046655296,0.3362610718650258,0.19175319322866768,0.20941322644549473,0.22384296064540252,0.2453328196675409,0.2594109457338703,0.3071581801648105,0.3235345165102687,0.2251774850324607,0.2548568470145092,0.29568294955543245,0.19175319322866768,0.3188548703554979,0.5067137006154088,0.3858803686468006,0.33514476341737776,0.15928133122134194,0.06315197168668708
275_IOPS_id_16_WebService_tr_1482_1st_1582.csv,8784.0,0.19428812167879406,0.13607881388515086,0.1026775787707192,0.07301756508977744,0.06827097418984761,0.06302251462013578,0.036169880805037254,0.18084753386831248,0.12226075415506359,0.09841014840205348,0.08505369332990192,0.10074792163281371,0.11041528082615223,0.07275905245776708,0.11926045196446948,0.16258116558047153,0.1485735470361454,0.11506305780110632,0.10519864087353552,0.0973013792452199,0.07903142965303973,0.14938648393818174,0.10033893875009707,0.06459743615888744,0.11926045196446948,0.18065282636980376,0.2173740146029187,0.08567938385252045,0.060871711056755796,0.06092580304630768,0.018701188376067466
276_IOPS_id_17_WebService_tr_19197_1st_19297.csv,91370.0,0.47036862893101633,0.5342827796645024,0.5676892552447306,0.5361681253692838,0.44834193212005563,0.3513754342098892,0.20624277932489812,0.4339189936752417,0.5117972257051853,0.5687268121487323,0.5694588247185312,0.5186184056718592,0.4613279708231482,0.322126811274228,0.2193160296088771,0.23109596756743883,0.22729224737983642,0.24313768162487673,0.25408374416874513,0.26537196683763903,0.24542624212832223,0.22756917591787748,0.25204732754943565,0.2147643833432629,0.2193160296088771,0.30686521331592537,0.3456295375383683,0.293280908728069,0.1901601294256944,0.0366017173453819,0.0719824085671962
277_NEK_id_1_WebService_tr_500_1st_17.csv,1073.0,0.8975057228708975,0.9957860261342508,0.9726572741313958,0.9449888917588096,0.9504713434971521,0.863226184602013,0.8999736752833539,0.8997846573400528,0.995693483781558,0.9743139438936607,0.9290450343369657,0.9128611007596336,0.8995146336392639,0.6809035822587605,0.7314354225694206,0.7763109121073115,0.7958914376395583,0.912190823833613,0.9831360146721289,0.9335285463095276,0.8570927205516098,0.796098574569929,0.992792154284949,0.9016957696243827,0.7314354225694206,0.8267324468027749,0.9975774376902037,0.585844387075462,0.2427108971749163,0.10941190239336414,0.11718178146540585
278_NEK_id_2_WebService_tr_500_1st_64.csv,1073.0,0.8952199979486788,0.9745732823640822,0.9577494508941156,0.8405314086499085,0.7039738027341365,0.6582595535888861,0.47999327304761685,0.8818456700543044,0.9730062161161653,0.9494435762611885,0.8220783514847289,0.6794462198060293,0.6254474319825699,0.5095412458032845,0.46311326448444046,0.5224245046189686,0.5542131185782544,0.5778129466801275,0.542237968528792,0.5476825648998618,0.4871238185375581,0.563300006323615,0.5441733254709786,0.34731494825870435,0.46311326448444046,0.636306491859923,0.9379442522468826,0.2691534451788558,0.256337319573784,0.556574489214176,0.2776082886766545
279_NEK_id_3_WebService_tr_500_1st_974.csv,1073.0,0.4303023831644785,0.5867017366569148,0.7229416055324821,0.9353570752018167,0.9438841904676314,0.9851025326246504,0.8992412336153297,0.4019679729490428,0.6138448069466339,0.761764460341387,0.8561428427688681,0.790591734253404,0.7584527663505782,0.5388103362762029,0.21892724878265094,0.24587320106858085,0.2513903444995167,0.267382069685139,0.32005882686762377,0.4563754443267177,0.6164888818219036,0.25075396007673045,0.30967160669497923,0.707441956008141,0.21892724878265094,0.3118922004071472,0.6772660041795515,0.4352589737772693,0.9549972490802302,0.14929603605840208,0.11093574468766634
281_NEK_id_5_WebService_tr_500_1st_974.csv,1073.0,0.39358133936608314,0.6348231584835317,0.7777245432589817,0.9459590681710683,0.9462174471716327,0.9728521252986778,0.8977542541151939,0.39519271741256484,0.6334769083219465,0.77005489496331,0.9097556979878856,0.928259971578684,0.8699154481549866,0.5970789106764225,0.20333650257352348,0.195690207073328,0.21136180911354482,0.291529650839145,0.40100118776616983,0.5022295360315528,0.6718854205598999,0.21058123421636515,0.44269079424375923,0.749414807493417,0.20333650257352348,0.2932311970563482,0.5304551687521578,0.5721557777105944,0.9810068927979141,0.054579840638104386,0.11013717166221831
282_NEK_id_6_WebService_tr_500_1st_64.csv,1073.0,0.9314718548741706,0.8372523423553433,0.765605480890882,0.6921741961410076,0.6148436100765795,0.545467008599105,0.40246176013529156,0.988116825671924,0.9531519077624894,0.8568810144366864,0.7179483757627803,0.6241577172365355,0.5553761648233746,0.36403308711997373,0.6039785682150566,0.6573148440193415,0.665624009195455,0.6365095131628818,0.6223953914664928,0.6526866808770418,0.6333566558928172,0.6678559372540042,0.6024287588591232,0.42802528064771395,0.6039785682150566,0.8185793089100458,0.910071401496738,0.6288565592179758,0.4485242870621825,0.4269242342768953,0.2521335722266646
283_NEK_id_7_WebService_tr_500_1st_777.csv,1073.0,0.5562108884804698,0.8044060458803651,0.9317287319028258,0.9283534740259404,0.9169447872270341,0.8872457827315265,0.7197016445495062,0.5571261605971028,0.8100690526104282,0.9543189598698324,0.8960970673864883,0.8066926823390149,0.7362275188127679,0.5207735648484966,0.28904565472114396,0.33223831752696553,0.3505703259645241,0.4429309845210959,0.4773142817546191,0.5614584532161856,0.6510100202782735,0.34936285076633816,0.48532527253672414,0.7107137448992096,0.28904565472114396,0.3686145528591849,0.661718760070693,0.6529993105040237,0.8947863583880966,0.13084260092010908,0.13909048747432737
284_NEK_id_8_WebService_tr_500_1st_976.csv,1073.0,0.45778912098018004,0.6762002035084574,0.8503663329824993,0.912387225037767,0.8991413027773981,0.9786305087484231,0.8936526271217337,0.4785173765509978,0.7174638439327314,0.8536136283107126,0.8384085972279605,0.9019306331006243,0.9168261736717822,0.8744252276960404,0.21200107808535656,0.26502781561074573,0.2608347127722085,0.3053089190801284,0.38449199782885085,0.49353020662508845,0.6488618128266319,0.25862160415155955,0.3931156622018894,0.6983304946741968,0.21200107808535656,0.35082976240282077,0.6599983140096016,0.546571504698301,0.9815538550293148,0.07325539679691573,0.10911191455455807
285_NEK_id_9_WebService_tr_500_1st_780.csv,1073.0,0.5736955052029841,0.8165559260893722,0.9086119318374931,0.8873505125260588,0.8736183353873898,0.8604949266455812,0.6852498024878845,0.5765363292901656,0.8212320669693374,0.9247511828356698,0.8435554622440306,0.7498987870196107,0.6906588836305352,0.48700071013884216,0.28579925471047646,0.33260769033359994,0.35366061998382176,0.4556606425385915,0.4897665419638386,0.581138613147949,0.6757707848793906,0.34871552181361265,0.47093694601486324,0.6768520984821835,0.28579925471047646,0.3724881725241576,0.6754568758262272,0.6618159915149057,0.8665231649515268,0.11758339027927481,0.13334609819656215
286_CATSv2_id_1_Sensor_tr_17792_1st_17892.csv,300000.0,0.12823629788264654,0.17885446980370173,0.22994769131307152,0.27487435798675436,0.26419565387817656,0.2582846752869237,0.22389802422830885,0.1267089284895039,0.1814671711098574,0.24528938425675928,0.24607607235513568,0.24818006271009493,0.2463003163374972,0.23501765683588624,0.08017089751624733,0.08908551125210663,0.09797616613411181,0.1236362012599946,0.12535942028157532,0.1067671144567884,0.10555260422999733,0.09798149865346786,0.1255213351186087,0.10884718329447955,0.08017089751624733,0.10988622969892999,0.1883630315199771,0.057203705713616805,0.06895114780160874,0.3048864385211919,0.27815494468519464
287_TODS_id_1_Synthetic_tr_500_1st_11.csv,5000.0,0.9256240545883999,0.8962234799689877,0.8808935386606895,0.8781931643975739,0.8822919077727654,0.8571270434790933,0.8662562470742257,0.9278914112708097,0.8954883393368029,0.8639948649256703,0.8411648717996064,0.8201644718326575,0.8156236959464601,0.7906453016404821,0.9751490333943778,0.9666073937030755,0.9585857537145005,0.926491829817363,0.8890695091848462,0.8720408661281689,0.8862847946647415,0.9430040520740389,0.8728249318703828,0.8207306980391034,0.9751490333943778,0.9595632047174468,0.9188836253025928,0.8822747502240138,0.8739697436297543,0.864806967501317,0.8661136757444371
288_TODS_id_2_Synthetic_tr_500_1st_65.csv,5000.0,0.9105450466263767,0.7725845255596038,0.7212059181270272,0.6380311267269358,0.6649677496307411,0.6557965750152774,0.6237192020304578,0.9186923934443577,0.8418826391384444,0.7944140584353796,0.7549704926544807,0.7525220860836099,0.7416124442117605,0.6162986253183411,0.831806704211084,0.8620698299248767,0.8586293639536878,0.7496307668277429,0.7067079686515805,0.6211114421874323,0.6297894605518636,0.8463232743601237,0.6853825854659967,0.5928875734564002,0.831806704211084,0.9329578264072932,0.9068499356211439,0.6224146944227069,0.6327519799304131,0.8231302203855674,0.68774518962633
289_TODS_id_3_Synthetic_tr_500_1st_26.csv,5000.0,0.9333956476177185,0.6959869658058488,0.6932363113967334,0.6391214845383051,0.6370077563242906,0.5752450332614629,0.5830963305738672,0.93728128902293,0.7839597175212965,0.7296175451429988,0.6318764931248089,0.6207396143511987,0.6259384300855282,0.6329009033493745,0.9305151181124309,0.9487635855231776,0.9509452316435785,0.8364038690175343,0.7838214718022805,0.6721765030945481,0.6193610476978597,0.9388914219572289,0.7501468594738958,0.5981336119701839,0.9305151181124309,0.9604067604605089,0.9171732666968886,0.6244995890116749,0.6700793599974485,0.7906472469075607,0.7106223468235033
290_TODS_id_4_Synthetic_tr_500_1st_26.csv,5000.0,0.8820835317747812,0.5998828712332748,0.5863994441191739,0.49180547155547455,0.4893077965105084,0.4930544216863282,0.576178091485779,0.8843445637545203,0.6933925922543498,0.643388203883953,0.5055396392503094,0.5120819369215988,0.5287371794400779,0.557101716183824,0.7570200958007794,0.7969443833828391,0.8076974351535577,0.7157742291729722,0.6717437042179072,0.5770665616662453,0.5179318145051104,0.8030598827373872,0.6493396171462187,0.5186104098176834,0.7570200958007794,0.8893218054476411,0.8966501850331379,0.5429023014337242,0.6009197485616891,0.7750893731466688,0.6877360233640183
292_TODS_id_6_Synthetic_tr_500_1st_11.csv,5000.0,0.9380878526490041,0.8858703510449879,0.8659898414988321,0.8337400364195614,0.8496364791499069,0.8112275266097139,0.8329132826583491,0.9389788573909053,0.895415056703512,0.8538455749336472,0.8403136288513526,0.8276024699675681,0.8263445768631048,0.7884603078927773,0.9768144721301065,0.9702053036862808,0.965168529613069,0.9349261307184958,0.8864148780801373,0.8395579965198436,0.8427950151850393,0.9517667163694701,0.860312810453762,0.7921352575204802,0.9768144721301065,0.9623985792229985,0.9223823987281802,0.8488286144596803,0.8129360649635273,0.8752423351531885,0.8479605693301421
293_TODS_id_7_Synthetic_tr_500_1st_7.csv,5000.0,0.5753890418959295,0.6612954340278985,0.6888352246413059,0.48102636512391994,0.5723719818302488,0.46346413878261067,0.34891049125238566,0.5873174677476407,0.6158906003462439,0.6684927679461626,0.20855644522582767,0.21243424863817315,0.22188014680182794,0.23336139232639327,0.5030038322361994,0.5033162413844163,0.5138472415852678,0.49879331763859447,0.5201502645832687,0.4794828000699949,0.24926391022388494,0.5096028583929663,0.5217022084637791,0.25936248689343694,0.5030038322361994,0.7382381790111711,0.8469906652542788,0.3573533148656505,0.46395452647569985,0.6904192666750132,0.4744119099167658
294_TODS_id_8_Synthetic_tr_500_1st_200.csv,5000.0,0.4831048952950186,0.5096690171473809,0.5495539505731789,0.24295402410480485,0.39346645936562186,0.36697060256348574,0.27486801570069186,0.48672073441946684,0.5068923175062483,0.5366650311560353,0.195016333537905,0.14242109171513367,0.14707874579584193,0.16929181891558895,0.3679808619338319,0.4391984270924711,0.46540063613383575,0.448796670837665,0.46422438389263476,0.40347173745415793,0.19340335776418072,0.46560186755876976,0.48079206170925337,0.19287854549330447,0.3679808619338319,0.5304271888182277,0.6410109967534635,0.3454702229488765,0.4163446258127037,0.6753012337372517,0.467503800092593
295_TODS_id_9_Synthetic_tr_1250_1st_2046.csv,5000.0,0.508521533423681,0.4103263836443526,0.34260210793499535,0.2501487260066695,0.37268174661244907,0.3695897058784386,0.3133379120487128,0.5017415650741461,0.4181464249991576,0.35158037204606846,0.348086729223917,0.43595848719288727,0.4724959798989958,0.3288172846291823,0.32911163285412687,0.43644785998128505,0.47145157607012306,0.4743626035494588,0.38398497492856776,0.2977416332165984,0.2146956423051484,0.4732749740074533,0.39638470977818807,0.26641133965139013,0.32911163285412687,0.526432059829215,0.6797105850476194,0.2677128713141102,0.3309084772053199,0.6910128553012249,0.3315825144581807
296_TODS_id_10_Synthetic_tr_500_1st_26.csv,5000.0,0.9250816560332944,0.8548122894305354,0.83416117913385,0.8050154149878122,0.7818503262707398,0.7219388756136245,0.7029214599597328,0.927666760949668,0.8752620201038768,0.8262437039480518,0.7857627076896868,0.7693498722062214,0.7630899565029324,0.6881833886092704,0.9652046895063875,0.9576054573304855,0.9529782026806192,0.9062297048366901,0.8529357649092318,0.765941530576275,0.7235981719831139,0.934601326807274,0.8172843025130873,0.713571007928486,0.9652046895063875,0.9544570332408653,0.9056388220626138,0.7964227282199685,0.7385719448377,0.8218148447172939,0.7411769818776937
297_TODS_id_11_Synthetic_tr_500_1st_7.csv,5000.0,0.9370263853563682,0.7752923389224993,0.7089751985684847,0.674222752401403,0.6913880062150611,0.6017775577484332,0.454523637284467,0.9336330251089927,0.7591581816724688,0.7010682663217951,0.6758977879381609,0.6794385059037819,0.637765322778905,0.4290991556965589,0.712392517707218,0.8189727355151531,0.8489460717231696,0.85517689722346,0.6902719668374147,0.6499862235900326,0.6427294638307293,0.8484008144460614,0.7161311774432381,0.5874326248337676,0.712392517707218,0.9324908320643633,0.9712315204612841,0.5865390125682072,0.5268344797471531,0.6549831076718827,0.24186017574364274
298_TODS_id_12_Synthetic_tr_500_1st_0.csv,5000.0,0.932265475224953,0.8934810049622167,0.8261406306222188,0.7261947367345962,0.6823095636965132,0.644909919519496,0.5404933505577626,0.9331000613293365,0.895045516391674,0.8233603683521109,0.7299921259345875,0.6558727895126857,0.5916866178287172,0.4349385226440633,0.7351453507844544,0.8060396433887627,0.8509792293584494,0.8339082429820573,0.760305943644616,0.6730568258725298,0.5675102905551631,0.8466056809654612,0.7205354729145709,0.6057511445642101,0.7351453507844544,0.8973348526088221,0.905661677776556,0.5769187704396773,0.6074301694723525,0.786551308154132,0.4982268380343811
299_TODS_id_13_Synthetic_tr_500_1st_65.csv,5000.0,0.9395000523696715,0.8953269440733649,0.8438298042427366,0.7766108795177842,0.7337139356100058,0.7187746215338223,0.6494057357962103,0.9400211009944114,0.899569507905522,0.8390445172988645,0.7661321510626551,0.7230033242975931,0.6986846656490923,0.5878773861405886,0.9248248909227758,0.9665433775786747,0.964991888970014,0.950516250533704,0.9213022001819777,0.8634897020867376,0.7735228753446052,0.958093551249197,0.8461219550671145,0.6485006701516208,0.9248248909227758,0.9602912351627719,0.9090096824933667,0.7728087508375219,0.6963729608465473,0.7782907617837697,0.6034208976980114
301_TODS_id_15_Synthetic_tr_500_1st_245.csv,5000.0,0.4643007706640108,0.4116515747741979,0.43194776240791394,0.27991787556154735,0.4300404005065208,0.37156207161466037,0.35677641830001794,0.4572116985731649,0.40621364030413315,0.4304147158432967,0.2555678025119656,0.25521850500025783,0.34670902222772604,0.3116324292520952,0.3278869214916996,0.387337641222265,0.3990637949221371,0.4149070578528895,0.3795502308607283,0.31711748994040656,0.18351869017587816,0.3984617749133419,0.38901252150717003,0.2936738019753818,0.3278869214916996,0.4952032585281089,0.6142936866267907,0.28100704551883504,0.438556006032561,0.7205500851772397,0.3389597627963409
302_Power_id_1_Facility_tr_7685_1st_7785.csv,35040.0,0.07790983848944771,0.0770868620547566,0.07610761612840983,0.07577058244903759,0.07533663841716817,0.0749767502232956,0.07381754442691987,0.07816175202808162,0.07710367079329031,0.07565778320492682,0.07278870054119982,0.07312950497559406,0.07370566228731908,0.07731769404130193,0.08194645691678575,0.0813644878229207,0.08135345283691765,0.07891988308280701,0.07820991364467347,0.07558423324078463,0.07376942738039187,0.08130770362364959,0.07815165692452064,0.07352836396957127,0.08194645691678575,0.07924470000766552,0.07758722238885003,0.07566299705017944,0.06652937027387133,0.13769935196663277,0.3299859014051429
304_UCR_id_2_Medical_tr_2499_1st_7000.csv,9998.0,0.014089453757225708,0.021314004545298783,0.05201943627824608,0.05406393541458481,0.04477371840091234,0.03972708397403763,0.03047792938668545,0.044256191339504335,0.17773876718924325,0.5403585865050179,0.49619793514600913,0.440096558963556,0.37060972127268105,0.18491945052015107,0.03334351320565474,0.012036513755489486,0.011937667906142682,0.01310113511499427,0.0157654773121029,0.02290103574171991,0.03226243595172914,0.011912361045402905,0.015669027955041378,0.024680781982195643,0.03334351320565474,0.019937528110297743,0.37327791820361933,0.014515799372404253,0.006828270414362093,0.010027067508699914,0.004717960485821633
309_UCR_id_7_Medical_tr_3000_1st_5948.csv,12000.0,0.1347449205351397,0.11607013520562245,0.02458171677369789,0.011639864700134325,0.00943858813889025,0.008531327048312505,0.0768302720316734,0.12178866488227268,0.08286233660231317,0.016265574303123413,0.009167559417872234,0.005807385563966554,0.004333638750976446,0.005396448415162186,0.14624076489479848,0.14647440897242775,0.1321883991906192,0.1299923182835175,0.08145288053510043,0.0424291430316024,0.010238212395185839,0.13036265906019426,0.08257726692932602,0.01037053972476556,0.14624076489479848,0.13269625022635456,0.08356434293348099,0.038972042717624715,0.2720172389401619,0.003775902460497125,0.002680271352191265
326_UCR_id_24_Medical_tr_1875_1st_4187.csv,7501.0,0.3480445989633223,0.015225156759030115,0.010437919051044995,0.007549964145671111,0.006690659657058487,0.006887309998836745,0.005793945423017248,0.3215680192819392,0.01977799013033703,0.019774838704155848,0.007244236750801956,0.011038718966713339,0.01817485777394275,0.059176487284520685,0.40245384896662695,0.4425212871429638,0.30588956765518605,0.12553638599902317,0.023867135527565468,0.1139334417504885,0.016813060035117722,0.32743760944944866,0.017879340455321083,0.005171425999166205,0.40245384896662695,0.5372435473922518,0.7732617172207831,0.00882373024729967,0.061801391469680826,0.021654752708747643,0.003870559259399251
346_UCR_id_44_Medical_tr_7456_1st_17390.csv,29826.0,0.005061297750676032,0.004655181076096254,0.006546741808344033,0.010221413712675553,0.021657002127904203,0.030610171448436908,0.009360372190709228,0.0049654453116659645,0.004602485511579804,0.0031400956082171445,0.003305796841404129,0.0031729836171605543,0.003174787786164821,0.0039915996503321,0.012242254822378335,0.004987801328505199,0.005141163981718825,0.005615533453326314,0.005943093907324319,0.006102244060676397,0.007048960765660188,0.005142729172682774,0.005935160887930332,0.006480370683615198,0.012242254822378335,0.004228312710314955,0.0036187452975705667,0.09312216469264054,0.5367372743073613,0.003572918890161104,0.005532373246037136
361_UCR_id_59_Medical_tr_3000_1st_7175.csv,12000.0,0.019241832249994477,0.019382031399933906,0.019336631122717413,0.01912571795496442,0.017577728701072954,0.014895204852588016,0.014248320593812846,0.01925475081847306,0.01939366802895148,0.0193313293557449,0.01960832375195668,0.01688889893068663,0.014508378114991201,0.013515464153188286,0.01908217824370011,0.019092215731446188,0.01906973886249684,0.019074351902809955,0.018873716064098767,0.01829022332893475,0.01823050073795218,0.019266928930059078,0.019645599198990265,0.02294539737258682,0.01908217824370011,0.019122997649007545,0.019292108910859945,0.01954817607415437,0.11514905379624849,0.018746915280388556,0.08954108993821121
371_UCR_id_69_Medical_tr_1853_1st_6200.csv,7415.0,0.05961521059425114,0.06630641029540113,0.051106071252679,0.04044102544488296,0.03183973175990679,0.020698382461768916,0.019571855989081566,0.05867372607594746,0.06372762182014902,0.05019008420197537,0.04502813134280134,0.040686145333500144,0.029846572325666416,0.07428717837155026,0.0586336273799758,0.06092275319468739,0.05866538524899204,0.06018150239631366,0.0593697261688467,0.05089543660090725,0.0326963569760377,0.058860685486789265,0.0597430362153967,0.03037805974965603,0.0586336273799758,0.06112112876311649,0.07434475659608933,0.046026070545961056,0.02524400785400084,0.02208153942994369,0.08593698380206223
382_UCR_id_80_Medical_tr_7500_1st_11800.csv,30000.0,0.03623611526485906,0.0780910905389911,0.19528185667175324,0.39175085524016673,0.4343820675373023,0.6211230788500305,0.8979603356471959,0.047945983438671194,0.11014777566595954,0.31079698333693506,0.5616736760601885,0.7909153364329955,0.8815434519834707,0.9516946083527954,0.02222984498956998,0.02119202214289425,0.022780594215781196,0.029259445248144313,0.0271679588429002,0.025371654394883113,0.022113763635204245,0.02275615341465177,0.027076163961271247,0.022114809394564183,0.02222984498956998,0.029663926779844495,0.06561489680693586,0.10719131642937244,0.06693016580752341,0.013177751553658933,0.08841155196768717
391_UCR_id_89_Medical_tr_1875_1st_5759.csv,7500.0,0.04528244344763532,0.04766498815546749,0.03869022273258304,0.023772126789045424,0.023034962847807428,0.02558594204388371,0.024949442078398543,0.04529179656589965,0.044988365205888545,0.026574079422416935,0.022949605848758416,0.024063698460373355,0.026507752865087122,0.03046537730947453,0.03631395664233475,0.040164394882715636,0.03958365516451582,0.046672023077952804,0.04604503715435532,0.029179770089689444,0.02467459392781954,0.04007685641535767,0.047457791486419786,0.02797868402808027,0.03631395664233475,0.04305172047891521,0.047443527805365746,0.028903277792373425,0.04493807654122447,0.02424751792215333,0.014025826332926148
396_UCR_id_94_Medical_tr_1875_1st_5607.csv,7501.0,0.10065344012312664,0.038222363393142625,0.015759986402999953,0.011502808387189633,0.011256949654634658,0.018244964250339068,0.018682033075873506,0.10020603628971869,0.0890890116879052,0.0360794987525514,0.011828920406802595,0.020296128227039065,0.019704267725278387,0.01574312873794504,0.05804359211935213,0.06745751505898953,0.07624261371156198,0.08756510051402425,0.018799647980498168,0.013959451633331083,0.009525453157465318,0.07018008564840644,0.01780186703155847,0.009056635293426412,0.05804359211935213,0.0750072990349458,0.2748536937258273,0.02490341993874988,0.029658035924057843,0.04678314808181482,0.010997283529235822
415_UCR_id_113_Medical_tr_3000_1st_8612.csv,12000.0,0.05072495193584182,0.04499078455094768,0.044587523105617935,0.02897149077724109,0.02220821143778292,0.01704051631239946,0.014811345475709389,0.0464828989860694,0.05232297626724065,0.04935013496507342,0.07429790596072043,0.0881289580524798,0.0770038956652101,0.06959887850902799,0.03804101267380627,0.042989310792468864,0.04301302751029676,0.049914295278994915,0.04763134964230307,0.03442631422476559,0.018847321741342734,0.04427681363362509,0.0500785203404886,0.022750176208164243,0.03804101267380627,0.05364587795248757,0.05635411756768342,0.0448297145087421,0.05304012698534563,0.007691478652182698,0.019880298026514066
436_UCR_id_134_Medical_tr_1875_1st_4526.csv,7501.0,0.011738182715864437,0.009762356578989245,0.007372785652935972,0.004733153914583696,0.0044741035727642415,0.0038422598106113196,0.00465870551347588,0.012168183646134296,0.011167504967653563,0.009644371248163273,0.0055148081242437814,0.005586841688675508,0.005547312042905451,0.010869606274770235,0.04651941505501204,0.05569708851705191,0.01691473839958908,0.013572813517074617,0.009221758747745624,0.007312955676354196,0.006880904462866628,0.015964744767685297,0.008103555646179025,0.005391232367688878,0.04651941505501204,0.06186165411685335,0.1189478459672244,0.009661426983621383,0.007315189157508674,0.018637160076386564,0.005305480877219835
437_UCR_id_135_Medical_tr_2499_1st_8000.csv,9998.0,0.004963913867857902,0.0053152077464766224,0.009904928076461317,0.004440564869579529,0.0019176999879369522,0.001984573978711987,0.00223129670676883,0.0056231701523552415,0.01879807720868499,0.06544364642981723,0.059919296540335794,0.029537080889897573,0.02112005740198427,0.040279960954363564,0.005557235564351634,0.005546351898233621,0.005566848592191877,0.005278544306279974,0.007140935754036675,0.030856592149576787,0.0074200052071321234,0.005621593740805939,0.008597811739683825,0.011007995516266876,0.005557235564351634,0.0052513860912391085,0.0046499242327472205,0.0075411080348077985,0.1771582044660264,0.24907177525798987,0.7149471887924678
307_UCR_id_5_Facility_tr_29895_1st_39240.csv,119580.0,0.002171910729530678,0.0022703340913004973,0.0026271273173509337,0.003050743061139689,0.002821264928280551,0.0022470982473539363,0.0025685913424909894,0.0022369801602680744,0.0023935891344188474,0.003471366442992703,0.0064001123588123396,0.008949302686847117,0.006790128949028326,0.002891086822315775,0.002032934576499879,0.0020332036773959275,0.0020400355311109906,0.002103888446416334,0.0021785196762419854,0.0022652866362212016,0.0024518075616639114,0.0020403308491076934,0.0022337656001562285,0.0018322762481156264,0.002032934576499879,0.0022237432824267008,0.00284606837958989,0.002574546380461909,0.001566345233359895,0.0007917738034101608,0.0008107600306877764
331_UCR_id_29_Facility_tr_50000_1st_837400.csv,900000.0,0.0019403241792090116,0.001918266932943294,0.0018985323788103313,0.001796381114837496,0.0017849077979964715,0.0019445688216299497,0.0018164288686583134,0.0019336027846979236,0.0019168733571019397,0.0018971934596929934,0.0018683044101290278,0.001843074449670249,0.0018175081015406806,0.0017277067214613584,0.0019360663614000852,0.001956026161592514,0.00189452545591743,0.0019433901302266681,0.0019297463909613475,0.0019153236614475027,0.001825769985064823,0.0018945239906489391,0.0019297463909613475,0.0018257538939970093,0.0019360663614000852,0.0019405411505860261,0.0019147130915727728,0.0019360663614000852,0.0019389889386731583,0.0019741566724373145,0.0019439030640880821
332_UCR_id_30_Facility_tr_13750_1st_52600.csv,55000.0,0.0043633864637475745,0.0043157876954693425,0.004167199910266242,0.003774670709045743,0.003481341969367849,0.003243123091323128,0.00420304491462942,0.004460923584249794,0.004426417566522932,0.0043700148151360795,0.00458230815975299,0.003881833507645599,0.003450960224183245,0.003791518020847443,0.004292295384187541,0.00430641516168531,0.004358169605854709,0.004281722478869774,0.0042350790465760044,0.0037737937493242404,0.004336305956361566,0.004323289011753417,0.00402904723043356,0.0035880217574765574,0.004292295384187541,0.00444742448145597,0.004230056355302034,0.004389448262473398,0.11221207366429005,0.009527480368756896,0.0036414683382256325
349_UCR_id_47_Facility_tr_29954_1st_74900.csv,119819.0,0.0021309093776751592,0.0022447071298939874,0.0025685502264083592,0.002914721195999892,0.0027740469113905915,0.002184623754121029,0.0025416219929671902,0.0020749050113706784,0.002277210685707405,0.002883319120809851,0.0032534341431250586,0.0036866275544253,0.0035495327779849393,0.0015592095638180031,0.002111377376068727,0.001900648339590161,0.0018177517302578614,0.0020404797243867906,0.0021070979126812427,0.0021577214738278177,0.0024576955881556602,0.0018247160501659245,0.002173962328720279,0.001960373050626847,0.002111377376068727,0.0020841993743288944,0.002488442987566214,0.0019182002436938185,0.001560796130280415,0.0009528256124223352,0.000637760090497518
358_UCR_id_56_Facility_tr_10500_1st_29080.csv,42000.0,0.002542734006402271,0.0023008367721610965,0.0017628224773280255,0.0015357991835983611,0.0014619954022723192,0.001322619889639817,0.0011260902896721686,0.0031612445645805057,0.005385777993077871,0.009275634668007654,0.010999312762825255,0.009856932595688503,0.008738353041661663,0.005881729349028447,0.0026412276628216776,0.0026259253856001042,0.002605032557120704,0.0024892245037891137,0.002347727185841519,0.0022652814365255185,0.002312027740410821,0.0026136726013593764,0.002406410023992304,0.002366149778071539,0.0026412276628216776,0.002600567601578159,0.0024486814125133727,0.006122457914514336,0.004573447259712112,0.002450689838128182,0.0034596591306683155
406_UCR_id_104_Facility_tr_20000_1st_67950.csv,80000.0,0.007792532465417142,0.007436832275267549,0.00832869721327787,0.028465451873704698,0.059968825938005434,0.11386717292715354,0.6528187029333092,0.0078090037593611696,0.007566619053790217,0.012784785954644893,0.04113484392918737,0.17871166893611506,0.3421962444949747,0.8735776461105635,0.008052140181320278,0.00803323874347762,0.00804169143642768,0.007921818537996585,0.007833489226410159,0.010685106828826556,0.023658036573328645,0.00796119758245566,0.007519764685849079,0.02202241742817099,0.008052140181320278,0.007993335711184135,0.0075536271019134614,0.008904319005356974,0.09443856240067583,0.003338970419499211,0.0025259364305209443
419_UCR_id_117_Facility_tr_3000_1st_6168.csv,12000.0,0.004815444636018677,0.005233951466821414,0.005669275420643014,0.008055060566340417,0.01272521952975773,0.020944414126716795,0.021689439778350122,0.004905858009169414,0.005437345980525749,0.006195356911588667,0.008455454560959088,0.014816204097839398,0.020200856942893333,0.03404581551752015,0.005188892683403148,0.005090516322698112,0.00513405651773548,0.005253488578236357,0.00628966674866852,0.008375710581649756,0.01407436050835007,0.004923612406060119,0.005111048074923499,0.0054349948715562025,0.005188892683403148,0.0050305938198041055,0.005420814373085806,0.005381336324953792,0.0033703395436592075,0.007053325675714834,0.007018060879059802
420_UCR_id_118_Facility_tr_13750_1st_52600.csv,55000.0,0.011097648888969316,0.028386003333187554,0.10331347976414108,0.4597766987396934,0.6359082797566566,0.8038218408946479,0.8141738615655941,0.01276307115072599,0.030775989494241214,0.06653330214294767,0.24927085553488562,0.4342122403073687,0.5363416860861528,0.9015235552299198,0.010788368372260876,0.011037328795033599,0.011447036913698578,0.013412470042521938,0.028580308691669696,0.06731723173077363,0.11839657344885508,0.011406797600647327,0.028410967791019835,0.11374471276912872,0.010788368372260876,0.010457249603758951,0.012636117786707608,0.26214933228045323,0.28591354815797543,0.0036368113015805845,0.003633866589508122
432_UCR_id_130_Facility_tr_23000_1st_26970.csv,92000.0,0.00645149111144599,0.006070320755002673,0.005632790118299252,0.006577072518034278,0.006922399519296772,0.0072975764995858025,0.006951515547819086,0.0064432990144093335,0.007091456937139624,0.0124365262106586,0.020666302366441312,0.027196563056293584,0.029481155512631186,0.03420212577522364,0.005679792496860227,0.005379118829865465,0.0053431917527562494,0.005143764850095974,0.004936119683661625,0.004718167268046454,0.004239295965449505,0.005325691747585568,0.004894919791979309,0.004122371383739168,0.005679792496860227,0.007296355037365753,0.00809727212114431,0.005295558463919991,0.006782086985021308,0.005548826208422573,0.0037710644580061406
452_UCR_id_150_Facility_tr_10000_1st_35774.csv,40000.0,0.016788226830737694,0.03598081252242562,0.22861311101690324,0.5598948266721895,0.7613016013245265,0.8279849424026579,0.6292764471949291,0.046510211220780404,0.13164816664333523,0.09619644493478788,0.49180097454756844,0.8152274465466416,0.7186590445933622,0.5997138354671423,0.0065115670863078855,0.0067158150807941006,0.016537582718005074,0.016942622609648402,0.014409856396756682,0.021578983068489748,0.021584446483923696,0.016507235664492928,0.014307988432752805,0.03494151011611734,0.0065115670863078855,0.006088685572397069,0.021346856848823127,0.15732788938322181,0.4375560895855633,0.0018280336059940427,0.002521867817089121
471_UCR_id_169_Facility_tr_10000_1st_35774.csv,40000.0,0.004075373231969499,0.02048116477578675,0.04619676100334846,0.0036412087163691996,0.00689628805365113,0.004655294385464755,0.00198069696334281,0.004119188901206305,0.006657685299417521,0.011537100184390229,0.019537391223464703,0.020743588695297768,0.20767466233298512,0.5206859723350143,0.0033976917207262187,0.0033771805201102336,0.003192348611761293,0.003479357872587687,0.003981369814827565,0.003880797878520748,0.0031096493049403632,0.0031642249521497716,0.003780295187839928,0.002794392768028998,0.0033976917207262187,0.003385518953314766,0.003682137619978805,0.004552611593270068,0.005165385862750011,0.0026540665476045707,0.015999365955881164
494_UCR_id_192_Facility_tr_22500_1st_72150.csv,90000.0,0.00506528839077292,0.005383250601467215,0.006018925119121834,0.005542458502911982,0.0053495596866685894,0.0052171148438924,0.0035466930139690087,0.005087676621182903,0.005451385379850938,0.005566863378070103,0.005563808915930671,0.005695269063980465,0.005191291603529028,0.0028857365738504787,0.004994641015405153,0.005030079775369977,0.005033355339222921,0.005102618081941596,0.005499729287475224,0.008749962212470794,0.00601486438575618,0.00499724055621139,0.005347547968812892,0.005401228401746564,0.004994641015405153,0.0050356167238697035,0.005530481701996012,0.004551001694228712,0.0050187309248632545,0.00745856907923463,0.003644652041071748
500_UCR_id_198_Facility_tr_7482_1st_23357.csv,29931.0,0.00936864897552185,0.007864798151037982,0.007300905796580894,0.0071011775086914745,0.007176944969290361,0.00735587475246997,0.0074285399359955125,0.008968062668285206,0.007402940201014697,0.007293652199273465,0.0075403135441454204,0.007595374951969347,0.007639965043532107,0.008274053549573888,0.010738379822881486,0.01019312077475933,0.009969794450108775,0.009183439586648384,0.00846724315924921,0.009291761573328557,0.009597546947958033,0.009986188937344263,0.008549524928271136,0.009931548126871016,0.010738379822881486,0.009236839979449218,0.0073330782963013565,0.009128634174917166,0.007258858669851247,0.029928871844804562,0.05424966783427163
517_UCR_id_215_Facility_tr_7482_1st_24005.csv,29931.0,0.00446693577486463,0.003961399099195552,0.004118572963399475,0.0035363266720505465,0.002916806062976928,0.002587305153706196,0.0021564611203092974,0.004699692143549394,0.006467225370947626,0.016632662720292575,0.015313947187695588,0.014045157810760175,0.012030767753876254,0.008944262347431078,0.00600980097968805,0.005918928915794004,0.0051151988430684055,0.0043709645525129084,0.004645221243262823,0.0040865145420838035,0.003639354564929993,0.0051121868450761535,0.004623017905370838,0.0035233444735167305,0.00600980097968805,0.008321863912985818,0.04303965481639979,0.005000941245380539,0.0024396077987249285,0.006523161500750253,0.03808343790537925
525_UCR_id_223_Facility_tr_50000_1st_250720.csv,299790.0,0.0032104050050885597,0.003206318486726907,0.005637347334317487,0.008888417298948086,0.007766054594008686,0.005032848170162571,0.0035515914982277618,0.0032370578857141914,0.003288165828193937,0.003677964635469337,0.004001219540277387,0.004209977058154958,0.0036818293747785174,0.0033184347255858716,0.0030578634265288683,0.003072793520273483,0.003004084966170489,0.0028855812700438687,0.002938052743224683,0.003730754104440569,0.0036324610933963584,0.0030014053051865292,0.0029520584621284874,0.0037977241808387257,0.0030578634265288683,0.0035479923672946086,0.004554635891133588,0.0051350764722305495,0.006130388022112545,0.002564634239313817,0.0018680024609534565
310_UCR_id_8_HumanActivity_tr_2631_1st_8285.csv,10524.0,0.005785340475188522,0.005637986934412368,0.0041639667940893245,0.0033342915968173565,0.002708009609463349,0.0027982466748288797,0.0029135365355299047,0.006637511921197487,0.005930850308603588,0.005904387871579571,0.006323715589741517,0.005304779432854087,0.005998655321786842,0.011011645756745458,0.007050389958054973,0.007038985973796855,0.007121979965128668,0.006716839690054863,0.006858753130623279,0.0070193634284562295,0.0067240764148030025,0.007187764365220186,0.006852587006058161,0.006833954830311381,0.007050389958054973,0.007653888427219734,0.009574842658240094,0.004063936264759949,0.00337873399816486,0.007082270582532625,0.007651783575224125
311_UCR_id_9_HumanActivity_tr_16000_1st_38400.csv,64000.0,0.01318278281074114,0.013201164657172727,0.013526014985215171,0.013310210441532681,0.012237217709759612,0.01097822917729,0.009282502571585256,0.012814405810722667,0.012849892030102379,0.01329926732247892,0.012959902788276844,0.011875518895921835,0.0112550447754741,0.012324312906325543,0.012854153710759646,0.01386786065722238,0.013691532760241959,0.012648704336863725,0.012540792269169591,0.012826982131874352,0.012477683131885261,0.013679132600900703,0.01249176649800086,0.012201688069932133,0.012854153710759646,0.01395226901271958,0.013321834833995724,0.010819624613770461,0.014016565571648595,0.020073604818885583,0.012232392266163055
315_UCR_id_13_HumanActivity_tr_16000_1st_33070.csv,64000.0,0.0049297287588151075,0.004993245329232958,0.004594327306656965,0.0030901653032081563,0.0026487906128322245,0.0026496535436325076,0.0019703220209892776,0.0044756414437130765,0.004857109427022901,0.0044001386557821895,0.016522887255330135,0.2827733791674824,0.5277269032853062,0.3191157032093059,0.0050327677142679855,0.0044584804606879365,0.0044259729378372595,0.00437379464658766,0.004475611231412559,0.003931555243643715,0.0027033877011641825,0.004464085195208142,0.00458285694752214,0.002528846339697539,0.0050327677142679855,0.004496386167036341,0.00481814927233667,0.003406074136007935,0.013735741927973643,0.0019014042208703806,0.007995012142856528
334_UCR_id_32_HumanActivity_tr_1671_1st_2764.csv,6684.0,0.02502170379164483,0.02481586784432285,0.02467034497150276,0.02284068302935882,0.021563899625525056,0.02090235190011678,0.02055602897924391,0.025111954671200594,0.025236456928353204,0.025785456162516384,0.027843695034682252,0.02768289260319124,0.026924676914574487,0.030474829983261467,0.02623175622381212,0.026602462051413683,0.026974193551253106,0.0270418651614389,0.028078633250382175,0.029827160322225862,0.029000705831818126,0.02691528437178111,0.02779985397020529,0.027399511825061566,0.02623175622381212,0.024624217838164947,0.02355590778827884,0.02510426877312747,0.022009543012319388,0.024861268616447687,0.027746161719158707
341_UCR_id_39_HumanActivity_tr_48812_1st_128430.csv,195250.0,1.9694954682483114e-05,1.0362683146446194e-05,8.707911314489852e-06,1.3099569294298292e-05,1.0783356736110902e-05,1.1661192212789682e-05,7.696012725271322e-06,2.292343442801159e-05,1.8645620382423193e-05,3.722851255136599e-05,3.2067752047099965e-05,1.662096453973734e-05,1.3516246556547886e-05,1.224092853834011e-05,0.00015457747764955785,9.388791154038681e-05,5.266204007596085e-05,1.5796057459111724e-05,1.1255729818979327e-05,9.767464824911287e-06,9.680340895827414e-06,5.6028425505468445e-05,1.1650233907507221e-05,8.318577723971385e-06,0.00015457747764955785,3.701370380450354e-05,2.3644869147875225e-05,8.335766611571521e-06,1.4582134508732605e-05,0.0027200586088428616,0.009422751250347031
355_UCR_id_53_HumanActivity_tr_48750_1st_143411.csv,195000.0,0.12377611882937138,0.041482932986706314,0.0037857269312925584,0.001647149024208221,0.001095921535595707,0.0008699068593176649,0.0006439819481625018,0.12474805173103988,0.09753221638938163,0.01579864306301273,0.003517488751859875,0.0017158586767013692,0.0015084653353105585,0.0009105616547412421,0.06982944071325993,0.05814346615614627,0.0521251538371431,0.02452024868135129,0.014899538508725631,0.002422856319353833,0.0014535572868744511,0.0519122923853263,0.014802772707630968,0.0013576324158476626,0.06982944071325993,0.1349513110839168,0.15161148223443247,0.002091479448649989,0.000853175889834483,0.02662045695800807,0.0007864548902037649
381_UCR_id_79_HumanActivity_tr_16000_1st_31200.csv,64000.0,0.011575916739694613,0.011296931156195173,0.010935510088815261,0.010185865176931385,0.009215574473100755,0.008711679251338799,0.008088095045610809,0.011385982895258757,0.011031814945812237,0.01085110346570996,0.00999332661915644,0.009601932955156245,0.01032062130918691,0.01589547442949155,0.010644275679753902,0.010963526609031686,0.011368815477929988,0.011261633487641583,0.010837691674228492,0.010415548223873125,0.010063864500569489,0.01135733998576396,0.01081055225367566,0.00998576537193902,0.010644275679753902,0.010493425331634148,0.009999477594356371,0.010419001676718423,0.014515992651099374,0.012107579505557913,0.009086804000621623
401_UCR_id_99_HumanActivity_tr_1671_1st_5920.csv,6684.0,0.04869228677830293,0.03872610186379236,0.09852303900889461,0.6000702677301653,0.8509461349692513,0.9118845267450975,0.41018664861436027,0.13527175679625358,0.23217733744773741,0.3952907372689891,0.6104258076336092,0.7026705251717701,0.6670453895343689,0.23820214499599826,0.046332069929833165,0.04475907043895725,0.04352973762108716,0.018496621214819625,0.01982554698745018,0.024641689769185453,0.08924529932608777,0.040591927899365124,0.018016612196078214,0.11010110464090357,0.046332069929833165,0.05387611364397075,0.157688881235809,0.07107893465980851,0.8221111835807702,0.4304190029242084,0.010469303860784101
421_UCR_id_119_HumanActivity_tr_48750_1st_130700.csv,195000.0,0.013277139628190346,0.014747066948536879,0.015440581096355073,0.01298808023545493,0.011724585344169754,0.010900560556056354,0.010418444864667392,0.013600225304014611,0.0143588377127134,0.013898980419634456,0.01231506118872192,0.010317046307399604,0.010100245994691814,0.009212390894651,0.008908101189811765,0.01037255099133187,0.011097180108301094,0.013071133853776905,0.01334369291681024,0.013099382794751853,0.011553342519240433,0.011095095370695625,0.013337107468945668,0.011551059083929732,0.008908101189811765,0.011950164731513922,0.016554074933590814,0.007712831248775573,0.009110729051321547,0.007967116446830718,0.005440659816295978
430_UCR_id_128_HumanActivity_tr_12500_1st_46500.csv,50000.0,0.006804493324509102,0.007116703764195245,0.006892810507192095,0.006498005483931006,0.006616129962513056,0.007297852130007079,0.007897109278050202,0.006782024932161838,0.00708285889457093,0.006860702323223574,0.006776985116403682,0.00790843635881063,0.013363979831763483,0.05024358115769836,0.006408056113793935,0.0064462290587743104,0.006523524332280631,0.007042683994323405,0.007111828442352532,0.006886234670570059,0.006514770448578337,0.006544469476463669,0.00721076150644874,0.007085922230747698,0.006408056113793935,0.006358275712230067,0.0063859479100897044,0.007263451907180486,0.008530417755744634,0.007379177588470221,0.004143501533213843
439_UCR_id_137_HumanActivity_tr_48750_1st_110800.csv,195000.0,0.5815297015426175,0.5020158492209094,0.01237011360335559,5.903012508155206e-05,3.339112927666146e-05,3.681596713167838e-05,1.2811601688031148e-05,0.5815297015426175,0.8382905029422905,0.8105546747753428,0.022449637560187446,0.0011920505025954798,0.0001827104180381234,0.00029866970797290724,0.6308487873348424,0.6315966169844502,0.6319990055572273,0.633486906459422,0.6301499735083556,0.6300074428864809,0.0008266786720787141,0.5801602095371735,0.45877982954340935,0.00021656436425500933,0.6308487873348424,0.6320726141089739,0.6363635359974845,5.61673157390288e-05,5.6793416482340514e-05,0.2671784678279329,5.890016581328737e-05
459_UCR_id_157_HumanActivity_tr_50000_1st_110260.csv,200000.0,0.0008123838108066752,0.0007848783909129904,0.0007359539740722424,0.0006510662888831713,0.0005960453945409924,0.0005660335174374405,0.0005466883399828751,0.0008112299409078702,0.0007840532147327552,0.0007278104847368936,0.0006341130233338614,0.0005845209827950693,0.0005689629443626162,0.0006305315997682039,0.000844023917420598,0.0008347677437529448,0.0008301390058256201,0.0008117330376023017,0.0007867063234584769,0.0007434819234644141,0.0006577986540466966,0.000826366318370831,0.0007702870468835676,0.0006278721453844973,0.000844023917420598,0.0007599207431171498,0.0007802221814215066,0.0008285662325610258,0.0007909045800745323,0.012992576796685442,0.0008214500108124731
473_UCR_id_171_HumanActivity_tr_2617_1st_7290.csv,10468.0,0.008182484717454992,0.010671073385275448,0.009991118771907727,0.004193959280011639,0.003753368146573397,0.0030966169795292385,0.0031707364107428004,0.01967027793600878,0.01645861634725041,0.01653027321161262,0.019960469987404195,0.019512479770429313,0.017948046392620567,0.010545252845227065,0.009122222439322506,0.012884525839732246,0.012553318137183566,0.007750769549190366,0.0084551633907191,0.008905784904845119,0.010352434174719555,0.012709814136803825,0.008582212094180058,0.0066654165777614,0.009122222439322506,0.013209493270772518,0.06720684206074976,0.005349332108286584,0.004245192346090849,0.0010067135904797493,0.0014569001955510915
516_UCR_id_214_HumanActivity_tr_2108_1st_4702.csv,8432.0,0.002405390639186995,0.001957384264104455,0.002113620804179643,0.0018212382392606143,0.0016048950564907986,0.0015105756721095285,0.0014891663519507172,0.0032163651939040917,0.0030708013527680185,0.0045229366571493505,0.0064381966666068255,0.00890215214732319,0.01179012019880384,0.0039068490393436225,0.0034540073741646717,0.0035899341674342547,0.0034969324952196464,0.005727412361669588,0.006531821071667993,0.004309869726536138,0.004913534229167778,0.0034721909195972412,0.006754494587453307,0.004609638063565461,0.0034540073741646717,0.0027301818455135332,0.0017946564284460967,0.018994883975823544,0.004359397327317797,0.001914861387405986,0.002426611220217457
530_UCR_id_228_HumanActivity_tr_16250_1st_38500.csv,65000.0,0.0049858352169602285,0.004938185062565556,0.004677776703223822,0.004298876469283962,0.004298467000348598,0.004678443232364803,0.008118248875343057,0.004999274139081761,0.004890323632142606,0.004587183867116033,0.004257399663373115,0.004172440630937755,0.006021422387314906,0.1049889072637204,0.004822945958374772,0.0049638850853565815,0.005033686633339393,0.004983371822572651,0.005010575369989533,0.004764215560612401,0.00473941099695265,0.005034508743046187,0.005008588526717844,0.004610090125626527,0.004822945958374772,0.00492997945679742,0.0047374152329625165,0.005279857345099295,0.005766885824905352,0.006425469281594585,0.003208279008247531
319_UCR_id_17_Environment_tr_6166_1st_19280.csv,24667.0,0.03262631078555839,0.08930074336151954,0.15725220282944405,0.6841370779785789,0.8884372701200834,0.6866276923630569,0.7454938732482331,0.022292448618203512,0.03747212056053707,0.09155611665671223,0.48712296246911463,0.9251797598317102,0.7761744223061687,0.5052737207360424,0.015682656034150894,0.01548872113897057,0.015758618159948865,0.028044569326660256,0.02231425312757441,0.03158304330340488,0.028319508039094065,0.01572961839958421,0.02214931167631365,0.02701458670089105,0.015682656034150894,0.017265638900428388,0.017315548149326763,0.010506175483526592,0.007023191522899141,0.007970924968901725,0.006646632022306886
385_UCR_id_83_Environment_tr_2046_1st_6006.csv,8184.0,0.013487312691519636,0.008638493695384362,0.009704060025564192,0.012487500917857202,0.012316413735030774,0.0124597560187372,0.023734121226692644,0.023563327837222207,0.0143418132147885,0.04697342874514233,0.06900932155793607,0.07904815584148972,0.0590332936410445,0.04983951270675018,0.031527240437865055,0.03230929966629424,0.03188501537028106,0.009455433720365983,0.009113382573694172,0.018539761723876044,0.012733403055827562,0.0333316139255094,0.00877495372777762,0.017015817950138575,0.031527240437865055,0.03808659569539186,0.11696525663672154,0.009676106826669391,0.016347026799228316,0.016005518240005207,0.3376339904524538
387_UCR_id_85_Environment_tr_2046_1st_5549.csv,8184.0,0.022517859940473804,0.018423066239020715,0.017834881591181195,0.01977276363506115,0.018546614999430472,0.016364210170824376,0.010441175603742348,0.03882247245640148,0.1465339392067975,0.36606394219288674,0.18342532639436157,0.12046576718835857,0.08824580461417483,0.09373666615113156,0.19377434062452153,0.08171753433764306,0.0483100702901351,0.016333731034642616,0.02090324554148914,0.04797428847064622,0.044809706791638294,0.04844419509051383,0.02198336434434776,0.029141000710554723,0.19377434062452153,0.43563107571532617,0.8555315818392084,0.018251007543958513,0.01791403994337732,0.22677869699386205,0.04830139020663198
393_UCR_id_91_Environment_tr_2046_1st_4852.csv,8184.0,0.01038464132300619,0.008783673373959156,0.008032172681834836,0.00786515021637172,0.008063409689575024,0.008878838057588302,0.013037878895670742,0.011392014896563156,0.010047278116082123,0.011744766136146901,0.01148984530217826,0.012514407952130395,0.010132409519971698,0.008312592507705106,0.03306920692867039,0.031177822581759183,0.029938741618081445,0.009744730929194912,0.009062504399909108,0.01273381453568235,0.011245949087370777,0.028098669485501295,0.009084551487122946,0.012377644473529195,0.03306920692867039,0.04146294736392305,0.050876416890209164,0.007973091830542522,0.02110470675749613,0.032018757056969674,0.1692380873617157
400_UCR_id_98_Environment_tr_2046_1st_5391.csv,8184.0,0.0026734770113505174,0.0021661762116385493,0.0004986881951607409,0.0007403284470610585,0.0006395830461158262,0.000551297554666411,0.0005453674252321986,0.003593833123389002,0.004512801337487989,0.0025884958667570734,0.003409048081080512,0.011055765222477747,0.012783573843048105,0.004692944716425299,1.0,0.02160661139455096,0.00880349344555883,0.002199135765465606,0.002572942908560246,0.005215130537502353,0.005228617261816209,0.008489747008701296,0.0029216933561109024,0.007921798080409248,1.0,0.6606886040625882,0.24864012798846155,0.0010677033178057703,0.0004930384339895784,0.0406881794112588,0.022526480322933508
411_UCR_id_109_Environment_tr_2046_1st_4852.csv,8184.0,0.010452094507871969,0.009045462156788288,0.008375457436936774,0.007828869050098837,0.007794962618495384,0.0083283134520436,0.012907844452548788,0.01141465353569183,0.010362210967658915,0.014747462242801723,0.012666618543572032,0.011823711355483355,0.00952140902046292,0.01238780274521084,0.03319591784347605,0.03128396824007945,0.030195282530168,0.009811355461226091,0.009241775692402903,0.012284472289440759,0.010277734896144905,0.02835325893806158,0.009279887462658397,0.011324579431812344,0.03319591784347605,0.04164212750572833,0.04976407086797268,0.007371777322247858,0.017248583055335963,0.046398985566329695,0.19600689539307234
445_UCR_id_143_Environment_tr_6166_1st_19280.csv,24667.0,0.032466426695881616,0.08647309318209215,0.17953036920460022,0.7196409099166081,0.9270399678120645,0.898467453446236,0.9108106963851085,0.02197555454258136,0.03565330594059141,0.10444310928843055,0.4624411018951452,0.7621493792887928,0.7629751007574073,0.3909248298910647,0.01339264016817115,0.014473865811077343,0.015031499665628405,0.027177634252253363,0.02257377087247926,0.03277052321770456,0.029317771211038176,0.014996374491081904,0.022404810043636907,0.026023651458563515,0.01339264016817115,0.015900506849185352,0.01670059476347569,0.011363237421869047,0.008928678641195438,0.008311198785735479,0.007110553068229549
463_UCR_id_161_Environment_tr_2046_1st_6006.csv,8184.0,0.013923278175238236,0.008763868304440009,0.010057899687743193,0.012198074086758255,0.01172234794259607,0.012089267829940237,0.027617332519778954,0.02494522551099099,0.01552474882780271,0.052479226569860746,0.0801634380822207,0.07161450064845018,0.059620835309768166,0.06902620457176877,0.03148578655554039,0.03218659380929852,0.03186666334382314,0.009606378479698436,0.009459041306093013,0.01796972940527032,0.01172446468608967,0.03330652998954432,0.009015767603668587,0.015421736013489853,0.03148578655554039,0.039669417888324655,0.10715266030177306,0.009420933117310813,0.012897666964439477,0.04551211514540664,0.3650543962629044
467_UCR_id_165_Environment_tr_6166_1st_19280.csv,24667.0,0.03160521616349919,0.08899850106904487,0.146975132594096,0.6636756796934605,0.8836251891758617,0.6355514193692067,0.7462956665087584,0.02897110872487601,0.043822426735862126,0.10661663619453052,0.45585076644621514,0.7630413845431004,0.7631593808604161,0.44655479401154097,0.011179098979842832,0.012882335671748653,0.01399943600565884,0.026917933341590268,0.027508332679367156,0.030775472467924118,0.027988126378273564,0.013973530330105899,0.02731165407334382,0.026739066238305756,0.011179098979842832,0.01343629477159193,0.015192490567696688,0.011330137312979544,0.007058916734816731,0.00496656314451662,0.005439160982101444
474_UCR_id_172_Environment_tr_2046_1st_6520.csv,8184.0,0.005409651910937621,0.0034439751878932337,0.003648786608161268,0.003429346042212616,0.002912148995923762,0.0026144756751047614,0.0025862523033265824,0.005715261519607255,0.0039672117072579215,0.004929264280262494,0.009483823438216955,0.010483970160875275,0.006309009141819216,0.006639205014545742,0.04742979108104179,0.045394098727420534,0.007585145045687272,0.004632314796809991,0.004280384799232364,0.00789350325871843,0.005193441099884572,0.007366372278826951,0.0041639143252272595,0.004328213794614521,0.04742979108104179,0.010948160312463593,0.016357099082778204,0.0046644272083681045,0.0029597019191330725,0.03943029707705518,0.9731928175639848
495_UCR_id_193_Environment_tr_2046_1st_6520.csv,8184.0,0.005401529723151632,0.003392804726976202,0.003748374624687436,0.0035052467584084403,0.0027503528112940625,0.002694417204514775,0.0026448463378674777,0.005668901009615598,0.004062025049009643,0.005154646807835556,0.009895686301477476,0.010944850478493915,0.006627359575849529,0.009267806377633135,0.0460720127272525,0.008001583296512528,0.007357651691095557,0.004593640656090715,0.004164876201498535,0.00848539143581027,0.005675279746440029,0.0071507565302450634,0.00404718478851865,0.004571102993971841,0.0460720127272525,0.013942089770186237,0.020710108398409675,0.004662340246397066,0.003364508652691775,0.036657078373220374,0.9653179643724662
496_UCR_id_194_Environment_tr_2046_1st_5391.csv,8184.0,0.002655224848753291,0.0020181876095906833,0.000640064276035195,0.0005671821720024062,0.0011073654685234897,0.00042014061150911917,0.00047528676842471595,0.003431250771900339,0.004050939396078694,0.0023175195964336985,0.0028435498134766887,0.009668539928402598,0.01106975923824372,0.0016907036261851005,0.059348786537447594,0.022641592756248267,0.008614143488127418,0.002357181129942798,0.0025520099595594432,0.004465553172955524,0.0034905754388998757,0.008297505354070984,0.00302578789832548,0.005939153422833538,0.059348786537447594,0.6606886040625882,0.0856069017055561,0.0009928473135904854,0.0004830759117623353,0.09506955135561249,0.0697804853323758
499_UCR_id_197_Environment_tr_2046_1st_5703.csv,8184.0,0.00556125563555107,0.005205151546999146,0.005074959704169995,0.005028431624684104,0.005045575866118938,0.004764398101547261,0.005167992194120485,0.005536884212756489,0.005159321146557018,0.00590494006159816,0.005211744373237742,0.006829883324465764,0.006340121924005345,0.00532803352797368,0.005975484128658525,0.005936196592850408,0.005926647351920034,0.005659563206166317,0.006404392226824403,0.01114048693082452,0.007306702211194099,0.005956983454325728,0.006789636012590426,0.00876827454993531,0.005975484128658525,0.005556342388371684,0.004343137792467148,0.006680584305611379,0.018725250082042785,0.004163811028287231,0.007626749232678105
504_UCR_id_202_Environment_tr_2046_1st_5549.csv,8184.0,0.022544186794559804,0.0180348086352581,0.01516516961165122,0.01629321506199105,0.016136578847803774,0.014245701500401716,0.010529237307627278,0.03691802269267337,0.16346130115795188,0.32433513298577094,0.10985215618000232,0.08510552438880921,0.0711389428542877,0.07132475021976824,0.19413027947563571,0.07895216009772583,0.04666663443486448,0.016586591011449183,0.017668984989244175,0.04158948065465144,0.041511687423049205,0.0468119467190528,0.01894396310251599,0.027174020387037996,0.19413027947563571,0.4196291900108045,0.8651953407938457,0.01605230486823533,0.01786859069564856,0.20354274038664305,0.036031664704088445
506_UCR_id_204_Environment_tr_2046_1st_5549.csv,8184.0,0.023688122044966217,0.01996151716754421,0.019486130642101127,0.023565851479262635,0.021206192809047193,0.018088669769729195,0.010794524372163116,0.04186329301402928,0.13660477961951917,0.3325522155206605,0.11024787924719133,0.07968854979972272,0.06104515335874968,0.06971480364957432,0.15479269763166317,0.058946474080727194,0.04689859853409885,0.01750997536266141,0.018961215005980345,0.04313437036757931,0.044194899111515355,0.04714713916847453,0.020238667639692516,0.030232227904268407,0.15479269763166317,0.3599602999174771,0.9315978586608565,0.018848911010749158,0.02244730989408739,0.10231939544775501,0.030851566264137695
313_UCR_id_11_Sensor_tr_2827_1st_4711.csv,11308.0,0.014384683997537933,0.012735692855237898,0.011043695303944365,0.05376341823459786,0.42008614901154434,0.012242133724633624,0.008159306393285045,0.014239438996798663,0.012989243529473478,0.011182449942682632,0.00893052826957207,0.008932314011626639,0.008807224535030711,0.00906573634166794,0.014630784083862529,0.014784391874825841,0.014689673910136468,0.024158738016833124,0.025862171765577084,0.02499594984367173,0.028666383645897752,0.014711084517104484,0.025838004697142893,0.02388738543545269,0.014630784083862529,0.014929516498034128,0.0467456176418711,0.012273887822055322,0.010006729203551811,0.01153248593337403,0.06018563694116677
316_UCR_id_14_Sensor_tr_2833_1st_5988.csv,11334.0,0.010801924838155248,0.011607422859101149,0.014094170522274362,0.052972759279985224,0.48382850627116175,0.015408388813292918,0.22255496106229172,0.010899564931872418,0.0113897006292551,0.013254933395325944,0.01360830956875115,0.01679601594740287,0.0220507620765782,0.021587270738542014,0.010833248114114876,0.011166922992388764,0.011285702474815062,0.011359782806228605,0.012614437517256034,0.012808089291242107,0.015167817373012326,0.011386243639124494,0.013401240620134697,0.015607978443751072,0.010833248114114876,0.01019274975964199,0.010022475336061862,0.011991241118966904,0.007150754701632736,0.011200245867898001,0.026197008613421183
339_UCR_id_37_Sensor_tr_2750_1st_5400.csv,11000.0,0.0280027283671709,0.029603323585617444,0.04785982818850358,0.1620512050686491,0.3406284057236064,0.4098156278591545,0.4693262393886184,0.02678524117797529,0.031240663643911995,0.08441268795498501,0.2552006469469797,0.3203984353419056,0.4282944245294686,0.6879937482329638,0.027657751060334555,0.02885894849406518,0.02773200129077271,0.027846349989407146,0.028436649318127536,0.034142302843284796,0.04647432855689482,0.027774884347582306,0.028623947991362676,0.04772804816466395,0.027657751060334555,0.027491860145576676,0.032357796578856936,0.024026524471426013,0.023984639013752897,0.09302966135920131,0.37182352180840733
344_UCR_id_42_Sensor_tr_2851_1st_5365.csv,11406.0,0.007545343594396144,0.009946730600753574,0.008765410349884406,0.005137494185753402,0.0028098343903187775,0.003315950258509681,0.005437660333170144,0.007266600247488715,0.0086103642912902,0.009745089510248342,0.004998222464591681,0.004711894767277531,0.0063019260245611355,0.010058785703822001,0.0074104499880274,0.0072179064556295944,0.006847962961222379,0.007244508683714182,0.007978998939912914,0.0054754700653352525,0.004591050094160448,0.0073041476612566835,0.010974348627955158,0.006307053065764828,0.0074104499880274,0.007082307278498285,0.009312444417263636,0.009324961431001219,0.0043110702699365585,0.008512216119558227,0.001968801820550101
364_UCR_id_62_Sensor_tr_2833_1st_5988.csv,11334.0,0.01203033215555575,0.0123143321428443,0.013123384229745417,0.019874311978942148,0.037079868652445606,0.012530031476618072,0.021091374214981844,0.012166428595530522,0.01226338115989861,0.012357848339251257,0.012104209132746731,0.01391810550708644,0.018938235437681774,0.022046669912654904,0.01159437041281794,0.012047285977225366,0.012302264845965482,0.012320604495697069,0.012768059707134518,0.012299931777600826,0.012307370131607957,0.012407983518234465,0.013385205329770031,0.01325663654453878,0.01159437041281794,0.010995664974417353,0.010211193005174308,0.012027860409680029,0.006083525990152131,0.012572288689279702,0.04562620114324911
369_UCR_id_67_Sensor_tr_2750_1st_5400.csv,11000.0,0.02764836972231156,0.02993310588325298,0.04369993068985186,0.16447542462262343,0.3410711849270598,0.40291382033989465,0.5661614373268763,0.027115614749312286,0.031335282107764276,0.08081055727524677,0.25828692270926557,0.3790011687195478,0.4670490566854533,0.7584690463888526,0.024090881111406972,0.025494582685305505,0.0246735813189056,0.024259331472464573,0.028927276753662173,0.03276891046482542,0.04588367344884862,0.02470997859470105,0.029103691771074365,0.04728649402934122,0.024090881111406972,0.02352820107261024,0.03311461101567213,0.025287660514825196,0.018642492224158227,0.09346543341624525,0.392864525245482
373_UCR_id_71_Sensor_tr_2827_1st_5988.csv,11308.0,0.017353539322900294,0.02093745199680976,0.023561431170647896,0.02443205263581729,0.030543763654951532,0.0207489834838103,0.02613919146045104,0.018808106456773634,0.025673261555147125,0.050169185838672185,0.04413855911278165,0.3159170759812396,0.6326343744150624,0.3055541516520391,0.02699191405637149,0.027577850879796875,0.026281964339355885,0.027623067046881167,0.02963321700830225,0.01927846920760069,0.01824081623689726,0.026256840006523667,0.02975365762146115,0.013419547283576305,0.02699191405637149,0.02688007389523407,0.0574809593175635,0.02143108674733928,0.01954422005922329,0.013235695275055512,0.053868921609202425
405_UCR_id_103_Sensor_tr_2827_1st_5988.csv,11308.0,0.026935455500619026,0.03016178116542958,0.024216826446176575,0.043551781183038804,0.38339699194506344,0.043166580103065434,0.03405649368496209,0.02871579957457382,0.02716456707081501,0.19422024975413643,0.4124891096379288,0.5406292775523006,0.6162339252148166,0.5722601557096927,0.02905711703305467,0.028105736370678047,0.02589104176351004,0.027299664956672808,0.031746141511599726,0.02944790265248424,0.02985328149346561,0.02586962406798546,0.03234300379784283,0.025046634774364494,0.02905711703305467,0.0268064571458203,0.039968299576015574,0.01952340191208529,0.17141527447934424,0.018093338576894276,0.05900239929030914
417_UCR_id_115_Sensor_tr_2750_1st_5400.csv,11000.0,0.028272808098695482,0.03033022824007005,0.04607957878471847,0.16174734405746244,0.3410487657640102,0.4078946378157134,0.5071531036921456,0.028184204692742458,0.039067863702148875,0.11257970767718957,0.28373745455167293,0.36231075545827574,0.4496994332400296,0.6527007850109674,0.02515294305427028,0.02335979893637269,0.02733813523566307,0.02695474956912189,0.027688988944176245,0.034613724157143706,0.048651821558519416,0.027357570595743282,0.027848225908444546,0.049954397339277756,0.02515294305427028,0.03193756690346713,0.051130354759189665,0.024808414673348378,0.02472196298482481,0.3992744637439314,0.3761541799003176
426_UCR_id_124_Sensor_tr_2827_1st_4711.csv,11308.0,0.013933422391035856,0.012375902126688258,0.010906915210048307,0.04541315849755567,0.3970239469809571,0.012418715817494633,0.008803518696766781,0.013924643139555631,0.01308813131339204,0.012501927098067392,0.009401713347226975,0.007927079405378115,0.00867304788110522,0.013171655796092346,0.014164554024575437,0.01448769270892285,0.014782548395996685,0.015258141366661825,0.027052613217052934,0.025875494981764675,0.017391987593993137,0.014873633194603024,0.02692865341536225,0.012987228834106693,0.014164554024575437,0.014799048152322162,0.04960515535170727,0.012054549663455903,0.010424938406989395,0.011856730128111073,0.14992021280558465
449_UCR_id_147_Sensor_tr_2847_1st_9330.csv,11388.0,0.17058259692331643,0.26074885923650093,0.048432941197871025,0.0029218708817113567,0.018116679135949255,0.00232903266843766,0.0013283386368381847,0.17511761098521395,0.08464991791020354,0.011134203684747513,0.0036186028930267934,0.0033980068070077283,0.0030299363819347273,0.003220801414778227,0.10606304602337509,0.10904700673551553,0.11019734254684471,0.1348060928417726,0.16675406328532516,0.0056293330917570805,0.006139887781288197,0.11003208048687335,0.1422456385511548,0.0031376006621038526,0.10606304602337509,0.12965118742562198,0.3206867348185566,0.038103907781520584,0.0008268384073071012,0.0037422024336694016,0.0024637237506188294
493_UCR_id_191_Sensor_tr_2847_1st_9330.csv,11388.0,0.1701540364076408,0.26069024194866014,0.1737121422678555,0.00323446990047784,0.14663414395219446,0.004885093416111608,0.0025383955136618016,0.3491596505565296,0.06428312039177181,0.007644094509302042,0.011044755762366399,0.006516092769564196,0.004652145777587769,0.0065175085947608855,0.10825270507307352,0.10924038487672721,0.1099174806972288,0.13216514402296695,0.16592289509284247,0.0059825953269609196,0.007486910538113946,0.10974119877969919,0.14093472461641976,0.004179315123080756,0.10825270507307352,0.12923219931206142,0.3206867348185566,0.04610833487016735,0.0017663142970194884,0.0036389007178756552,0.0020437558605053267
526_UCR_id_224_Sensor_tr_2827_1st_4711.csv,11308.0,0.01379033146599387,0.012505092448093941,0.01074569322494696,0.011806605491391831,0.016043856189130408,0.008962135772995051,0.006356074918174561,0.013768300726432954,0.012497299455134753,0.010813580561163395,0.00797946495163211,0.007068316057951765,0.007798556125008258,0.007610008500682348,0.013374264325969831,0.013588556368522034,0.01373783054004347,0.013577620092873766,0.01421007902577594,0.012915746165660052,0.014082050168349649,0.013783916607591252,0.01405354777574294,0.010130457776467799,0.013374264325969831,0.014036429352186573,0.045473162272993264,0.011935512133326049,0.007486549608201545,0.013225974392175573,0.08461899081175592
531_SMAP_id_1_Sensor_tr_1811_1st_4510.csv,7244.0,0.11412520185966672,0.21120737151888144,0.40537171083731055,0.7885069505218644,0.9275530840907905,0.9314802809798061,0.4896250607594803,0.11412520185966672,0.21120737151888144,0.40537171083731055,0.7881227834453437,0.9538411132536769,0.8673809983396532,0.4822645517971699,0.041313574615255824,0.029178303407854,0.029178303407854,0.029178303407854,0.029178303407854,0.41416085472869785,0.4623420896586067,0.029178303407854,0.029178303407854,0.8001945150001877,0.041313574615255824,0.05344884582265764,0.19907210031147957,0.0,0.0,0.7330240334371597,0.5487098900447803
532_SMAP_id_2_Sensor_tr_2075_1st_5550.csv,8302.0,0.06508278150074556,0.0765902414448981,0.15418897276695148,0.31562186853139645,0.4039965842192116,0.4884468128046601,0.714309889243184,0.07964425964338048,0.10475370833813287,0.21814099624516353,0.33981352401018616,0.45643231139272344,0.5445667189505843,0.7091986411727111,0.06250742877810228,0.06399386861606987,0.062394865042350985,0.06018924320151016,0.06366206964546256,0.10473398936848553,0.20088101801480313,0.06254962840952667,0.06379081454347733,0.20299179525178054,0.06250742877810228,0.07394768502586273,0.09721320347232018,0.08221279601410485,0.269916277680688,0.08318432130614502,0.16739049298620082
533_SMAP_id_3_Sensor_tr_2052_1st_5300.csv,8209.0,0.8487129649491268,0.9368408537465145,0.9711437988666899,0.9872406692075069,0.9999612911513198,1.0,0.9998886005833664,0.8444648020768,0.9280118825824885,0.9632126921941614,0.9845512611236373,0.9999902159943658,0.9979209017182307,0.9787211778671651,0.4631444608708043,0.6127509958145315,0.6934393836546179,0.8497457016984706,0.9315469099557794,0.9630997867091278,0.9723008651973771,0.6937384066876621,0.9318358480102553,0.9790310569432243,0.4631444608708043,0.7135993294513242,0.9534450666712787,0.8300413861962631,0.9815405982009703,0.08032260879114068,0.07449815967105737
534_SMAP_id_4_Sensor_tr_1968_1st_4370.csv,7874.0,0.16687028589047911,0.32187116293411083,0.6318729170213748,0.9950603524750936,0.9044956795035051,0.7671337149645895,0.3650770517971699,0.16687028589047911,0.32187116293411083,0.6318729170213748,0.9441301514376692,0.838262709354907,0.7062932760834921,0.3650770517971699,0.050619628107755256,0.03124451847730126,0.03124451847730126,0.03124451847730126,0.03124451847730126,0.6512480266518286,0.7370139275974574,0.03124451847730126,0.03124451847730126,0.9371552572545654,0.050619628107755256,0.06999473773820918,0.3024960533036569,0.0,0.0,0.9698182740880534,0.415376556711447
536_SMAP_id_6_Sensor_tr_2160_1st_5600.csv,8640.0,0.05414803058364729,0.10063180432121357,0.3039617697204647,0.6306653392167156,0.9201485381658292,0.9984151445903787,0.9984151445903787,0.107770926910083,0.18301111730522485,0.35172075234450195,0.645007510137767,0.9457270310693969,0.9560609538982895,0.5625871578826492,0.039278928415409524,0.04835364973311795,0.039760063384511345,0.06623856233422365,0.10858416726938397,0.3248801513539956,0.5585624174802531,0.04004365828278794,0.11054875417354512,0.6457207608022222,0.039278928415409524,0.0508649808297216,0.11094404725238063,0.10901930711228713,0.5403533265246852,0.3753149863390643,0.030588299137510485
537_SMAP_id_7_Sensor_tr_2077_1st_5394.csv,8310.0,0.2591223149777287,0.3994784338165278,0.5704125789089963,0.8109402259145551,0.9971600739781707,0.9983945961861879,0.9802556782021592,0.24998138723908025,0.39835994054710155,0.5958772455246109,0.8311988616304298,0.9989961153104892,0.9988510138413514,0.9631194014462103,0.06904598356169778,0.09649382240042932,0.13748883419291455,0.26039264398071676,0.40286159605564686,0.5644513933750752,0.7431590173282526,0.13734489077748904,0.4020813920793566,0.7717003853864894,0.06904598356169778,0.18891909559702477,0.537251289701606,0.4106517318767025,0.5040711830118115,0.029313656965668716,0.019222349200249123
538_SMAP_id_8_Sensor_tr_2007_1st_3650.csv,8029.0,0.40311575731431654,0.7214421303789882,0.8825273133064774,0.9827568467900312,0.9259024859522278,0.8536055687613152,0.6821625324232621,0.21630716830959348,0.23320635419139532,0.2170014380801659,0.20221602182592277,0.1809144602098856,0.16401864057068077,0.10485076451594853,0.06898614302955786,0.09217927770680905,0.12598578197448457,0.3417369191489461,0.47073132280481234,0.534068528985412,0.5591944507729422,0.12565144849838752,0.47613725823588,0.668154002732739,0.06898614302955786,0.11828374026841681,0.18214904806065987,0.056339082745541946,0.0,0.07079707406363228,0.04067368570289766
539_SMAP_id_9_Sensor_tr_1857_1st_4270.csv,7431.0,0.05166929227371396,0.14164664059503385,0.515043960188493,0.9918069279033225,0.9977007470827016,0.9964755243073863,0.9964755243073863,0.1270791283392877,0.2564007389556897,0.515043960188493,0.9959400879426223,0.9082344746497091,0.7804505744366391,0.3753584105763307,0.03008792037698638,0.030853221058234324,0.03270520827698846,0.05909132420185709,0.15781184192208403,0.5051911543775521,0.6579949999665309,0.03270520827698846,0.15781184192208403,0.995060851909542,0.03008792037698638,0.07858352435813705,0.2725659402827398,0.03008792037698638,0.03008792037698638,0.02254764394014133,0.0076878492279779465
540_SMAP_id_10_Sensor_tr_2051_1st_4575.csv,8205.0,0.15513138563830903,0.18096393322500898,0.13438133346625694,0.09640456444361609,0.057428485384871754,0.14470353646111234,0.5252573004077252,0.1499559833602121,0.19501340018201335,0.12622161492654074,0.10174450672679271,0.09818060904663099,0.11651576811721188,0.7405208847380923,0.06028553222731165,0.060145027893888627,0.05178805740792453,0.05191243666502078,0.06645976013411266,0.04031975676737125,0.022597465638500795,0.05191272702759695,0.06702167418730362,0.021394182811886295,0.06028553222731165,0.07362512893299696,0.19635788966925383,0.031774581073567384,0.05366614145398944,0.5821015958287218,0.9936367922803011
541_SMAP_id_11_Sensor_tr_1832_1st_5300.csv,7331.0,0.22121197729755507,0.30318414536098415,0.33207745741054384,0.4285760045462255,0.5283659226977586,0.5951862081135345,0.9541148604019742,0.27619141731744645,0.3709944213488404,0.47791584204301124,0.6228493302508362,0.7606254619058735,0.8469625169045762,0.9657541856052732,0.12816564124258023,0.07638263019393735,0.06744569477401596,0.08653196884858885,0.09030259562525238,0.09708728042961902,0.11026843568939051,0.0673824834175153,0.09030339211247591,0.11084120722678088,0.12816564124258023,0.10299019238322678,0.13751554803841057,0.06832693037127148,0.22119898182802247,0.05393285707507959,0.03418956646556283
542_SMAP_id_12_Sensor_tr_1908_1st_4690.csv,7632.0,0.24084290639645783,0.3579557465940102,0.9692014626610914,0.8580313034233618,0.9199052824920428,0.8073359549831746,0.2554195641308837,0.2979313861975977,0.5533229653309205,0.9922581933408298,0.8658811552572679,0.7125486902417849,0.5689632542926671,0.28583550684854303,0.07346939333315634,0.07457657370685135,0.045019455363992614,0.06321553591464947,0.09089353179197686,0.6232876441536599,0.44038102182967476,0.044945297243180755,0.09622084446205668,0.8432015964834529,0.07346939333315634,0.09139944839609697,0.1715784870675089,0.0424138649788882,0.0,0.2635739930859082,0.7750224307801893
544_SMAP_id_14_Sensor_tr_1978_1st_4450.csv,7914.0,0.0716340770316129,0.11738744483738213,0.027013169139922594,0.011146886928006765,0.009636817391487622,0.010094216912620234,0.008964327103772565,0.14436843043083894,0.032909681583338624,0.020045797219055556,0.012073479579116565,0.01293751932425649,0.013665487722705807,0.017446235490927282,0.03562563409133665,0.034780092103672534,0.035595614843646955,0.037823493138704506,0.038525318165855985,0.025951702957137605,0.014424675129147097,0.03566046849818513,0.0370572804335483,0.012622564267140594,0.03562563409133665,0.017432822061297006,0.015174506129174608,0.020984546548271376,0.013018095046705655,0.09510383068630254,0.875978207708495
545_SMAP_id_15_Sensor_tr_1173_1st_2750.csv,4693.0,0.8497794014642733,0.9394132015695393,0.9917118228860925,0.9561345385578686,0.9175734023051244,0.8961997019832159,0.8896866847078482,0.789195104337286,0.9515729183169533,0.9889458369998558,0.9081639679131012,0.8246966419924258,0.7088319967839547,0.3738389010403022,0.39321310959171313,0.4688941256080599,0.4097691282030854,0.8047002180931198,0.8907127490737565,0.9703365108418044,0.9661276762400699,0.4095348317688206,0.9309009029681061,0.8224487567154009,0.39321310959171313,0.4516804888385655,0.8701679151046113,0.9468468218771238,0.8870527315788412,0.009663959103282781,0.00799596600261255
546_SMAP_id_16_Sensor_tr_2117_1st_4770.csv,8469.0,0.02924796056516132,0.02782801340034993,0.021611115765204764,0.01794932958463284,0.017650452379305157,0.018775283614475318,0.03758311533562742,0.020571643623131398,0.017537214093245823,0.018821533855834807,0.015736216283017992,0.024382733362908613,0.03249590643171986,0.06758131812082659,0.016553744920767652,0.015580430911359222,0.016086298348784372,0.019029099980875402,0.01951530668213411,0.017886026401867018,0.016980863998950532,0.01614695543478706,0.01969763022745222,0.015730911982949767,0.016553744920767652,0.01434697270820479,0.012895325460295438,0.023130961578640804,0.033477489942254336,0.043731516125289874,0.009406140664629806
547_SMAP_id_17_Sensor_tr_2133_1st_5400.csv,8532.0,0.06938169220410662,0.06768257784697215,0.06667344829736181,0.16142978176809444,0.287669164863876,0.391781971165036,0.7774452743343283,0.0680263377162999,0.06792081132217945,0.08502009863975772,0.18292025423134128,0.2796075399186544,0.3888133674076939,0.7778782006211787,0.07107235532655494,0.07011644188956012,0.07047636305008675,0.07011750713526545,0.06941030391080714,0.07472727335071287,0.12702700878486806,0.07040278309498842,0.06871495015988173,0.12649351823673996,0.07107235532655494,0.06748817367713819,0.06797541172847457,0.07236538270491029,0.295054141857501,0.1256031509859287,0.048039245652426246
548_SMAP_id_18_Sensor_tr_2094_1st_5600.csv,8376.0,0.1467415341484098,0.3332890566697673,0.8339739137858239,0.9818283012818091,0.9824041573529797,0.9824041573529797,0.9824041573529797,0.14303677297091047,0.24597737149634116,0.8248417239784369,0.9445306742142664,0.8281051083350978,0.6668846524081694,0.3411738864733554,0.04292310768568257,0.05619446960671525,0.07529248931205408,0.16504277640722115,0.36289641596422434,0.8044661531587398,0.8625246033531422,0.07530335610010344,0.36289016683731873,0.8904854512287479,0.04292310768568257,0.07814735700689505,0.3640617693949709,0.3015060464231511,0.9789295299654369,0.4360296906228943,0.005249312613813484
549_SMAP_id_19_Sensor_tr_1998_1st_2098.csv,8579.0,0.08929005962849103,0.2007182502958574,0.37429404086746604,0.6834838201003329,0.9539136815438486,0.889811403617117,0.41310817336584266,0.12071838766668588,0.21155675948544092,0.3781447896710599,0.679667929048835,0.913886799803171,0.8956294166578234,0.5225251218917586,0.04874829187057656,0.049066471922537394,0.054170828160624726,0.09286993926827762,0.21984404023067697,0.3644822136819988,0.1597240971599399,0.05391356187751369,0.21797880734352684,0.26755348342867796,0.04874829187057656,0.05441569238172998,0.22669398366129465,0.03030424763603942,0.02712038581392175,0.7398454403502075,0.6165466974027239
550_SWaT_id_1_Sensor_tr_43700_1st_43800.csv,419919.0,0.11378919146527745,0.10876645766092721,0.10381064991711011,0.09829853531061969,0.09683021707293434,0.10099561966840237,0.10100726032597351,0.1137965074443008,0.10889387626548735,0.10382399938535954,0.09958878246466478,0.09831573560022316,0.09805127415524885,0.10091328844137325,0.12128607571503855,0.11960946998809807,0.11644044997740259,0.1131816839288811,0.10882854025359334,0.10430075608288475,0.09963034646999787,0.1164392631661944,0.10883455925868434,0.09986417857787239,0.12128607571503855,0.11678894626392854,0.10855543297784466,0.11613491139177007,0.10898205776615139,0.09937857270223546,0.09437620272633403
551_YAHOO_id_1_Synthetic_tr_500_1st_893.csv,1421.0,0.9156813436267246,0.8354985735798649,0.874108658624278,0.03569859161037159,0.03545848581748695,0.07543328217097023,0.006625919808384898,0.9156813436267246,0.8274619886356107,0.6739394350238153,0.6112647679195377,0.2978072654972639,0.2264959748460517,0.2443053647786809,0.7441437930201746,1.0,1.0,1.0,1.0,0.11948084837422983,0.028090743899316775,0.8339774318260696,0.7880856471824447,0.03970485003298074,0.7441437930201746,0.8857336949207215,1.0,0.31413883340642595,0.04527121047932783,0.8523702894016543,0.048381737342399464
552_YAHOO_id_2_Synthetic_tr_500_1st_893.csv,1421.0,0.9156813436267246,0.8354985735798649,0.8096244467293932,0.15363677712201,0.11671314813710326,0.2665055619857878,0.015411246815981551,0.910971843227627,0.8846635154900621,0.7313166623547009,0.533737866481742,0.26154772983102265,0.22015736565628719,0.2443053647786809,0.7441437930201746,1.0,1.0,1.0,1.0,1.0,1.0,0.8339774318260696,0.659421608548242,0.1887462496816215,0.7441437930201746,0.9021968883777974,0.9417303646804168,0.15774477550563792,0.015066789761116136,0.4278438934831535,0.0199667140847197
555_YAHOO_id_5_WebService_tr_500_1st_730.csv,1680.0,0.2512486556612174,0.6399436718973582,0.5612530702320289,0.12755847528359812,0.11879684682848295,0.06831425335989172,0.21132333651343088,0.3446362637187956,0.40912425942168845,0.6060997991381978,0.30584330310982627,0.1689024307959534,0.1440492018522622,0.15828367616129552,0.9757321803891319,0.844998442264702,0.5802834445765468,0.23506343007085512,0.3353360860300991,0.3096974013107265,0.3066740585567895,0.5103945390205615,0.257103108968385,0.1546383617868137,0.9757321803891319,0.9794870204061156,0.883596640254946,0.0835792807393389,0.11421957441098803,0.7640437891315135,0.15113098543247275
558_YAHOO_id_8_WebService_tr_500_1st_1125.csv,1427.0,0.0777428137939373,0.07430254319111468,0.07971257506095998,0.09221628284092356,0.0982642546345047,0.10186467189613516,0.2372054978665145,0.08822815255383704,0.08566762499737378,0.0976237711702543,0.09403122719123988,0.09062740819621093,0.08182990525776256,0.09078966548411298,0.08032616153648342,0.07911904388619435,0.07994825459926035,0.07741683462383994,0.08118254311319585,0.09759105528368733,0.11286989938394426,0.07996478256338896,0.08547795967487999,0.14579873351884565,0.08032616153648342,0.08085643101879737,0.07928254307674278,0.09683281083362369,0.14089155482264107,0.17554267376694807,0.05899522438312468
562_YAHOO_id_12_Synthetic_tr_500_1st_893.csv,1421.0,0.9079112319417253,0.9040411150687778,0.8822500025606878,0.43753282019666945,0.18228857427822343,0.10508106962164764,0.021890394379786095,0.907046307465274,0.8846635154900621,0.7933237461141772,0.6217809821665691,0.47222627551965213,0.3533310996754109,0.05234129130570064,0.7441437930201746,1.0,1.0,1.0,1.0,1.0,1.0,0.8339774318260696,0.8497351932272741,0.1856912008640876,0.7441437930201746,0.9021968883777974,0.9417303646804168,0.009625435438233463,0.005151840710619314,0.8249503680574204,0.366263003554741
570_YAHOO_id_20_Synthetic_tr_500_1st_658.csv,1421.0,0.9471510774407125,0.8640111569800448,0.6605381238303389,0.042228689476295295,0.044700064565171546,0.029358867022231564,0.05540705985736328,0.9308463518233543,0.8457156430045675,0.7959678568300668,0.04737501846658501,0.046011664287380384,0.03959847839043109,0.11401774995152648,0.5876128295845849,0.975929359384596,0.970948127017459,0.9492265908513742,0.9656824209634185,0.2439622675462559,0.06404281271703796,0.9652626124080972,0.747285382037125,0.07976417493752179,0.5876128295845849,0.9660467342908617,0.8917012542905028,0.06766171198684559,0.03974532793216191,0.6738579778612831,0.062359418122154904
571_YAHOO_id_21_Synthetic_tr_500_1st_623.csv,1421.0,0.9729193055093578,0.917735519080669,0.8046528557619435,0.7507865506956962,0.6892073244218528,0.48666882613749396,0.16798441147002016,0.938298583469872,0.8973651928371794,0.7644119194458745,0.6109515860555502,0.4485427785873773,0.3402030560309941,0.27732027781294344,0.646272104332599,0.966765589367449,0.9755525439556259,0.9912775687571528,0.9862611395234667,0.9757358432193339,0.8684318950037667,0.9701514271833385,0.8417038463346976,0.4091195393764169,0.646272104332599,0.9611128444943486,0.9306413576957911,0.05077605789952617,0.03328846650334946,0.07368628935504905,0.36853147047301693
579_YAHOO_id_29_WebService_tr_500_1st_1342.csv,1680.0,0.7657495065445007,0.9057294726221682,0.6725394069775025,0.8801298362798629,0.7561325610764192,0.7204334063613945,0.009513824842419576,0.8916203397623984,0.8805731642738834,0.7329260167385977,0.5249175531176175,0.3997267991363517,0.4070667131851743,0.2140873165520963,0.7501177276827065,0.7741619941666813,0.7795015011549774,0.7013542281016173,1.0,1.0,1.0,0.8198350507019964,0.6544666309319597,0.268247968925982,0.7501177276827065,0.845283938798574,0.8997768636602254,0.009918066082179405,0.008007169088164475,0.6733677135168622,0.005590800416418138
603_YAHOO_id_53_Synthetic_tr_500_1st_893.csv,1421.0,0.9079112319417253,1.0,0.6900979542621009,0.37958312352070894,0.08663182173538753,0.007583514784640697,0.004606717631163933,0.9023722179715512,0.8846635154900621,0.7933237461141772,0.6217809821665691,0.47222627551965213,0.3533310996754109,0.16976455179717007,0.7441437930201746,1.0,1.0,1.0,1.0,1.0,1.0,0.8339774318260696,0.5780701260729051,0.17917170112139966,0.7441437930201746,0.9021968883777974,0.9417303646804168,0.006999485780859107,0.004176294975952849,0.8489761983037487,0.025378278035072678
644_YAHOO_id_94_WebService_tr_500_1st_1078.csv,1435.0,0.043390108548150084,0.03662922189361695,0.036538482157145724,0.037480722951279744,0.03724208756397926,0.03717000416265944,0.03793646455088079,0.044782497117470704,0.038552343707572316,0.041525571328380646,0.04161178446596673,0.04622944519201189,0.04612984823875653,0.055262127254368514,0.050534901143936016,0.04823613608264482,0.045218521742098686,0.0432787559587212,0.04504785670187858,0.05558545163606709,0.06560556421880172,0.045392911959050444,0.04618281075993386,0.07939920704803367,0.050534901143936016,0.04677603036866161,0.03688679228089684,0.06363435295341756,0.20858692685029875,0.40382782114207744,0.035236721963763616
645_YAHOO_id_95_WebService_tr_500_1st_1047.csv,1680.0,0.7145153938108696,0.6076737208896433,0.868026264659495,0.4729691676257459,0.20131144789989167,0.09409771315876354,0.2701557627384599,0.8916203397623984,0.8805731642738834,0.7488382007227598,0.5383330058143662,0.3333770699777108,0.20664446068845957,0.2554984002712413,0.727833972150307,1.0,1.0,1.0,1.0,1.0,1.0,0.7516610790320764,0.487237661232448,0.17229645996528828,0.727833972150307,0.8633080538854118,0.8528692224748978,0.2673848985727464,0.012815292109356459,0.4275395849341158,0.028857038722783297
649_YAHOO_id_99_WebService_tr_500_1st_1386.csv,1680.0,0.03157511710237557,0.027669181704778868,0.6163234441143632,0.0371190901108698,0.28324121334381397,0.15113522130691567,0.2183885413456077,0.9291578820888041,0.8840777767266988,0.06670148274608688,0.10047360619018326,0.20302652614835875,0.23501711662379735,0.24010897933743403,0.727833972150307,0.7729014923013294,1.0,0.02401783026223788,0.03316362158878032,0.05897233870291354,0.09381170669268812,0.7516610790320764,0.023573435465884977,0.036745881588820604,0.727833972150307,1.0,0.8415316610720642,0.35026623804782725,0.1320828706896833,0.44521940228917384,0.08041673745628744
657_YAHOO_id_107_WebService_tr_500_1st_1260.csv,1440.0,0.9079112319417253,0.8555661199240999,0.6735601715316878,0.7568951246531034,0.46613478991671153,0.4485977958767417,0.02340846954669465,0.9340498943632991,0.8305906266592445,0.7858434624805638,0.5779019974692171,0.47814010915652266,0.33952910359434013,0.1415626229969887,1.0,1.0,1.0,1.0,1.0,1.0,1.0,0.8339774318260696,0.49388864089288226,0.16908982088831842,1.0,1.0,0.8459249944711866,0.004946591052277554,0.022256564808471782,0.5810007624065147,0.018966196947618967
658_YAHOO_id_108_Synthetic_tr_500_1st_893.csv,1421.0,0.9156813436267246,0.8287697117819489,0.6795595895982833,0.5052695138111412,0.16283622376170284,0.04189045030090702,0.6475925677086213,0.9156813436267246,0.8287697117819489,0.7595899834392971,0.6533591350621594,0.3605257605131096,0.130524519271538,0.21763015252589768,0.7441437930201746,1.0,1.0,1.0,1.0,1.0,1.0,0.8339774318260696,0.8287697117819489,0.1703457077378608,0.7441437930201746,1.0,0.8676646439530128,0.004281358217041735,0.002603102824534904,0.5213592977462003,0.02927323048446439
672_YAHOO_id_122_WebService_tr_500_1st_857.csv,1680.0,0.004670007268089715,0.00807577929797565,0.004333424034413205,0.004347807057519617,0.0020064876449307064,0.0023429137335611162,0.002043876557540435,0.007574460734265644,0.014631591704580178,0.03894801355544146,0.06910957064763874,0.07603355628830832,0.06594798977249702,0.02490505108763024,1.0,1.0,0.07142857142857136,0.008758088838732941,0.012345679012345711,0.011104577872906236,0.014513240294174624,0.04631900265847794,0.012146126937258798,0.010673830760858366,1.0,0.13754050197513168,0.005301746440168146,0.002729844537967732,0.003147932507252283,0.8062522293901411,0.017040858598136078
680_YAHOO_id_130_Synthetic_tr_500_1st_893.csv,1421.0,0.9156813436267246,0.8354985735798649,0.8986137033525864,0.28840599325018706,0.015352187296903304,0.19332514405832898,0.10542412513097749,0.9156813436267246,0.8260526335701232,0.7355556894264303,0.6552288932513296,0.4890122635835149,0.20259327093391644,0.2566566764224916,0.7441437930201746,1.0,1.0,1.0,1.0,1.0,0.035843013208799984,0.8339774318260696,0.659873203038644,0.046990507627396504,0.7441437930201746,0.8857336949207215,0.9417303646804168,0.23063669105365922,0.03547327613317528,0.4185456289350269,0.03207253364447001
689_YAHOO_id_139_WebService_tr_500_1st_1073.csv,1680.0,0.3018776954369773,0.794150450071419,0.8690767218639194,0.744710120358176,0.716796803677534,0.5375865622703635,0.01073076227687101,0.9438914322140096,0.8320981693253202,0.8061062073342947,0.5618953803030807,0.5281043874171214,0.4336436547869969,0.10504106416898472,1.0,1.0,1.0,1.0,1.0,1.0,1.0,0.6270826300292279,0.5031382903951689,0.20766449842914322,1.0,0.845283938798574,0.830363755755046,0.6036333348622885,0.09466860254372676,0.6103132812833213,0.006952522693343963
693_YAHOO_id_143_WebService_tr_500_1st_1003.csv,1427.0,0.7552225151239572,0.8616259623166573,0.7338732817576739,0.6785515381373071,0.47844134682155104,0.2903091834910528,0.22710564758677865,0.9341442676840527,0.8749978186020088,0.7699525177216019,0.6010431640833527,0.4179665936913777,0.30517702600795676,0.18678695435582338,0.6952938464623354,0.6156958784564805,0.528982944567455,0.6625905492644684,0.6662426321501226,0.6483368465925314,0.5728567445971675,0.4838167242815171,0.5486358897972031,0.22136413900655644,0.6952938464623354,0.9539353050137716,0.7015919179508694,0.5404601088328034,0.2512275134472816,0.3007199226839323,0.09009504545909099
701_YAHOO_id_151_Synthetic_tr_500_1st_893.csv,1421.0,0.9156813436267246,0.8354985735798649,0.8704036156307053,0.02101569556012089,0.009839437625445167,0.005527964628505882,0.40313955244896904,0.907607437082851,0.8846635154900621,0.7933237461141772,0.6217809821665691,0.47222627551965213,0.3533310996754109,0.07471005111153851,0.7441437930201746,1.0,1.0,1.0,1.0,1.0,1.0,0.8339774318260696,0.5795337653693136,0.1821842871558115,0.7441437930201746,0.9021968883777974,0.9417303646804168,0.00751624772763073,0.009993429738828044,0.6999044495024821,0.09400057515688463
723_YAHOO_id_173_WebService_tr_500_1st_1214.csv,1420.0,0.9797474938567436,0.9500267651266596,0.8280192419862812,0.9516776101465084,0.37088564807296664,0.09740730905009777,0.9558852987296703,0.9852833899283114,0.9459500050689177,0.8661367561376452,0.6916075874376374,0.5332005573366281,0.40169721749882353,0.1553391052563426,0.645415582015315,0.7823017887568782,0.7823017887568782,0.7012093333468963,0.7012093333468963,0.6880012593248532,0.7258442560380862,0.7776366352712094,0.5514847886632822,0.3567073656911942,0.645415582015315,0.8211901748442886,0.9442896591150933,0.8206720002558405,0.10975355421216418,0.007351458821113378,0.001834822236241832
724_YAHOO_id_174_WebService_tr_500_1st_1030.csv,1680.0,0.6360192220240125,0.7422243454016139,0.6774360826780107,0.5672837155892759,0.5961215952743256,0.5801625622972462,0.2136167615871894,0.794346770516462,0.7235369602344727,0.6955233765617165,0.48980675512773003,0.4714144704130199,0.3489913292715458,0.2022473337770735,0.8498932386176076,0.8362848694167294,0.6390085061499463,0.4928768437380489,0.4368453944738906,0.5152436396463078,0.2917367385223079,0.5985569971427832,0.336555690193646,0.179300574847183,0.8498932386176076,0.9608709341367281,0.8718903869551702,0.29723170943951327,0.28120982406285777,0.6254481188333372,0.10532624236008797
734_YAHOO_id_184_WebService_tr_500_1st_768.csv,1424.0,0.957080899270201,0.9781567655437368,0.9540635506062288,0.9252597577095976,0.8769367640985045,0.8247820420811472,0.6408558218512572,0.9659082763558093,0.9773988481692919,0.9483634810104294,0.8939390493345482,0.8141833465924097,0.7231524242843707,0.5953317431694903,0.7411913893457169,0.7500901770972631,0.78655050682637,0.8622016674158874,0.9108055326357892,0.8985039453248035,0.8880717306818134,0.7841332744045576,0.9050435437490018,0.7731490493367295,0.7411913893457169,0.9411676119354447,0.9916131037682435,0.9967513449701356,0.9834631115249843,0.13051433839758597,0.1396065857399779
741_YAHOO_id_191_WebService_tr_500_1st_1114.csv,1680.0,0.7037603222246396,0.8298502078860341,0.8332217814903784,0.0921008690129886,0.06756001257419926,0.05660233933726407,0.45547746736970424,0.9269687238454087,0.8849159968079464,0.7557173795660631,0.35449492277480804,0.22841074033395617,0.17485997636480904,0.21072015418509796,0.6392063375644346,0.8680164964402032,0.7943332888754928,0.32142857142857206,0.290695244487173,0.4642857142857148,0.28125,0.7671363050680349,0.18224848570724236,0.0886032618915856,0.6392063375644346,0.9639302064232921,0.8492610995917056,0.26935709636572425,0.01028168336784891,0.5276582593280531,0.6704415334517094
755_YAHOO_id_205_Synthetic_tr_500_1st_893.csv,1421.0,0.9079112319417253,0.8565966525536949,0.6972176734687571,0.4209729629262752,0.7563741760452642,0.24162260479590486,0.1157810611295573,0.9018701665551329,0.8435294683234353,0.7370423545055561,0.5510434673554275,0.40443725729946983,0.2552642202801978,0.24677054600629403,0.7441437930201746,1.0,1.0,1.0,1.0,1.0,1.0,0.8339774318260696,0.7872418214778918,0.19461237898058195,0.7441437930201746,0.9021968883777974,0.9417303646804168,0.025693837185434176,0.010408619469795204,0.883080092006945,0.009750976754657841
762_YAHOO_id_212_WebService_tr_500_1st_1055.csv,1680.0,0.014185546348511319,0.016686104671831268,0.013668228784194564,0.010733435828297314,0.010389255902742462,0.014667386515883753,0.026882392941296022,0.018447815405493173,0.024415731900596694,0.015424602418055896,0.01851385802431784,0.019157592779121258,0.024557392811604507,0.04716373718494406,0.26805465275728685,0.02003387836906909,0.009598259793829281,0.012436359427612387,0.013268263097531784,0.011571273798008685,0.008762159876147965,0.009628290364488812,0.016690206027321543,0.011621645936124516,0.26805465275728685,0.1372336282515209,0.016854061002518846,0.020306927642166104,0.01949216166886064,0.6161735416962735,0.09781965490543758
780_YAHOO_id_230_Synthetic_tr_500_1st_893.csv,1421.0,0.9079112319417253,1.0,0.8600834613161468,0.015597756087927132,0.00958589537431906,0.005591751755439047,0.32106989430423255,0.907607437082851,0.8846635154900621,0.7933237461141772,0.49574429659226465,0.3113955874803503,0.21514715475284915,0.0244314047798648,0.7441437930201746,1.0,1.0,1.0,1.0,1.0,0.1666666666666665,0.7765070251931416,0.5783744473510165,0.050241615172116075,0.7441437930201746,0.7971141180040096,0.9417303646804168,0.005700570694952335,0.0083483436898541,0.11746041749461777,0.10455938917842485
788_YAHOO_id_238_WebService_tr_500_1st_973.csv,1680.0,0.005838774212173525,0.0034427635599535147,0.00453358786049947,0.003416812448916361,0.002271845354116183,0.0018493776825377728,0.0011684418132133913,0.009561283076810756,0.024379545437109747,0.029707929690652016,0.032418130118217876,0.012459928603516687,0.015395677204139493,0.016578994623306552,1.0,1.0,1.0,0.016393442622950834,0.016393442622950834,0.02083333333333331,0.012657315971310985,0.608401694812544,0.012554646395348808,0.009573264946719498,1.0,1.0,0.005198810428814594,0.0034798972251748514,0.0031289831191059127,0.49849162410860953,0.004417689711392154
797_YAHOO_id_247_Synthetic_tr_500_1st_893.csv,1421.0,0.7243276772536947,0.06083643064224113,0.004912047732986491,0.00615084921143838,0.010153671091163823,0.005042013188354363,0.019833682116047763,0.8989430237947077,0.5439851805414176,0.02111086503819804,0.11478217674165014,0.043859689104482964,0.03208642027412136,0.016051307296730863,0.07239253291990834,0.1666666666666665,1.0,0.1666666666666665,0.03284012107997607,0.02599659180629366,0.041511182429579845,0.6264939219113362,0.03042558332592371,0.02703282756814908,0.07239253291990834,0.06790387207875263,0.06994852355767447,0.007391360514532439,0.02109236093114993,0.01600124955659168,0.02411357219045512
806_YAHOO_id_256_Synthetic_tr_500_1st_893.csv,1421.0,0.8527293589739362,0.8678469348989467,0.15321040192235386,0.01944146850400985,0.011056477113775855,0.00889882106617777,0.006006729529912352,0.9156813436267246,0.825225395603323,0.05472699949402262,0.03135531777288624,0.02055599961093233,0.01271693363236072,0.12308042132289677,0.7441437930201746,1.0,1.0,0.6562640404067546,0.5678774335240047,0.13699006540901132,0.035754110227327135,0.7765070251931416,0.6160155499900162,0.0399468644387366,0.7441437930201746,0.7765070251931416,0.9417303646804168,0.7144373290426931,0.011757771814579631,0.46952519849372776,0.04928380753117013
807_YAHOO_id_257_WebService_tr_500_1st_1210.csv,1424.0,0.8940650107670393,0.8671731942320006,0.8425979181699439,0.7804565041679274,0.6831173322597572,0.6164542046701573,0.37881591895449973,0.8953670307648618,0.8670765443213734,0.8285101446247705,0.7060873716376712,0.6137248651754516,0.4927134016583728,0.3341726682904928,0.7956253832065325,0.7730035700239967,0.8390664496140074,0.8701443529579027,0.8758086813277406,0.8894639869429206,0.9128644001397005,0.8632533602986548,0.8595185354858187,0.5318694190352171,0.7956253832065325,0.8896310972210306,0.8801636020568515,0.8495006264123339,0.6818160960849656,0.3216712367603444,0.2734487169430022
810_Exathlon_id_1_Facility_tr_10766_1st_12590.csv,43066.0,0.11325005157567904,0.11223223459981976,0.10958485949600456,0.11397073106885083,0.13232773597755068,0.15341269383877343,0.19695458525424697,0.13163060460773443,0.1476085404362762,0.18585573571251224,0.24007253482969368,0.27833799662138714,0.3056992363680304,0.4052008800447574,0.1626057575079488,0.1404042125353285,0.12558809635851972,0.1546987526472542,0.16029677833177328,0.16039976948875254,0.1649762774710222,0.12556763120759037,0.16016749106905148,0.16214409176832045,0.1626057575079488,0.20093180891624435,0.4512577621973093,0.9510769640935697,0.9698482832621632,0.5922341755123612,0.7968528984947398
811_Exathlon_id_2_Facility_tr_10766_1st_12590.csv,43066.0,0.9765735165965747,0.9802258180276413,0.9875853085843096,0.9948872975413121,0.9984935222413057,0.99964597780911,0.9982162745386444,0.9761216380599014,0.9823839070892223,0.9858186874987968,0.9918691926022897,0.9959358433427937,0.9931600005145941,0.9793257375751151,0.624375680049727,0.7737690030457107,0.7721902367573132,0.6982066885311802,0.6741967235620309,0.6894809362131352,0.6971002294453768,0.7719124930878073,0.6723393409418678,0.6821028719506697,0.624375680049727,0.9534329104112117,0.9867935974478101,0.9924473772368652,0.9984251545269411,0.2627386042640052,0.542386274918948
812_Exathlon_id_3_Facility_tr_10766_1st_12590.csv,43066.0,0.8634302128751912,0.946982884182535,0.9893001169829488,0.9979298048685975,0.999191325475803,0.9997169562476634,0.9996435155303895,0.8642331237922279,0.9481655268678084,0.9883641826888898,0.9947329760768963,0.9979656499385298,0.9993452257535027,0.9986474510043795,0.5922044693897078,0.685163166921417,0.7167788243726088,0.7978877833674077,0.8499105107952718,0.8886000184414133,0.9058045435132193,0.7165548492522369,0.8495595084143182,0.9037531144238341,0.5922044693897078,0.7907492386779088,0.9427739338210674,0.8693440531654373,0.938300500407269,0.07149651947833549,0.06923521497459907
814_Exathlon_id_5_Facility_tr_10766_1st_12590.csv,43066.0,0.9765735165965747,0.9802258180276413,0.9875853085843096,0.9948872975413121,0.9984935222413057,0.99964597780911,0.9982162745386444,0.9761216380599014,0.9823839070892223,0.9858186874987968,0.9918691926022897,0.9959358433427937,0.9931600005145941,0.9793257375751151,0.624375680049727,0.7737690030457107,0.7721902367573132,0.6982066885311802,0.6741967235620309,0.6894809362131352,0.6971002294453768,0.7719124930878073,0.6723393409418678,0.6821028719506697,0.624375680049727,0.9534329104112117,0.9867935974478101,0.9924473772368652,0.9984251545269411,0.2627386042640052,0.542386274918948
815_Exathlon_id_6_Facility_tr_10766_1st_12590.csv,43066.0,0.8634302128751912,0.946982884182535,0.9893001169829488,0.9979298048685975,0.999191325475803,0.9997169562476634,0.9996435155303895,0.8642331237922279,0.9481655268678084,0.9883641826888898,0.9947329760768963,0.9979656499385298,0.9993452257535027,0.9986474510043795,0.5922044693897078,0.685163166921417,0.7167788243726088,0.7978877833674077,0.8499105107952718,0.8886000184414133,0.9058045435132193,0.7165548492522369,0.8495595084143182,0.9037531144238341,0.5922044693897078,0.7907492386779088,0.9427739338210674,0.8693440531654373,0.938300500407269,0.07149651947833549,0.06923521497459907
816_Exathlon_id_7_Facility_tr_10766_1st_12590.csv,43066.0,0.6304638998840234,0.725716941904059,0.8614415144989045,0.91821383693065,0.90863900365263,0.8869768379532528,0.8249824967596241,0.6417376400671982,0.7161953509962024,0.8250375202202295,0.9188048849183862,0.9247512610320687,0.9164485259753659,0.8605337240967453,0.5070407372801689,0.5163217568157309,0.5137470759940892,0.5550861306144815,0.5820681896915249,0.6038708034454425,0.6139437581717391,0.5135780234734828,0.5807484057127084,0.5969334413662415,0.5070407372801689,0.6320490172395842,0.8909555835956401,0.9746976221569043,0.9911636257525787,0.10366763987515268,0.09524119573920964
817_Exathlon_id_8_Facility_tr_10766_1st_12590.csv,43066.0,0.36164990763756055,0.4122141583869842,0.4388358239782438,0.4675056908920647,0.5350058509101299,0.595453455570583,0.7799895267546424,0.3678722574438782,0.34310243045747635,0.3409676423931319,0.3630560311148086,0.40168601173732427,0.4650967741902807,0.6638667855162083,0.2558127662544548,0.22901834163659862,0.22664476598641872,0.2528721593341424,0.2620820766794441,0.26127165117851037,0.26278545931907055,0.22660635932655068,0.26174138544346276,0.2582057050347657,0.2558127662544548,0.3350806341797233,0.4979787587086435,0.8308569755599293,0.9043608588396301,0.24698621546039612,0.21220288079232402
818_Exathlon_id_9_Facility_tr_11665_1st_13484.csv,46660.0,0.977793925344186,0.9881743003278975,0.9936001250472524,0.989029136066365,0.9821285431238388,0.9654532469992559,0.8697968240204204,0.9801608071497432,0.9891598522209786,0.9953653732821546,0.9922669937879643,0.9814732501589104,0.9645956126104511,0.8497735823686177,0.8331007454575092,0.8933991167359491,0.8617732393756968,0.8801442444310378,0.8670466117249093,0.8840293350490624,0.8936055646154216,0.860781765940559,0.8611180467798212,0.8752421324896987,0.8331007454575092,0.9602649331936282,0.9907422621166069,0.9819162648676389,0.9945959156073976,0.06399997042474222,0.03919593125055013
819_Exathlon_id_10_Facility_tr_10766_1st_12590.csv,43066.0,0.7741041847864508,0.8522081912039731,0.9281992176853638,0.964891227873585,0.972779982173634,0.969486356779814,0.9145646617244718,0.7871521731123527,0.8470624011029194,0.8976782681713316,0.9282247338555483,0.9371423338204001,0.9412039472525069,0.9244564776152322,0.6058347139498065,0.649322953543112,0.6612062278062855,0.6850749575403382,0.6980328674783222,0.7138080295953042,0.7307863101075475,0.6611332402701561,0.6971898774614801,0.7102433848678456,0.6058347139498065,0.7507356321674927,0.9217371529558257,0.9653906275454319,0.9652075887313343,0.12065134024107264,0.08991503720380882
820_Exathlon_id_11_Facility_tr_11665_1st_13484.csv,46660.0,0.7017560295501033,0.8246092585673377,0.9078575014779477,0.9471930143629063,0.939973644292457,0.9261669343484962,0.8685549620737478,0.7664568101040508,0.9061451361802231,0.9611861264140493,0.9742590904930533,0.9701505928129596,0.9604669649960953,0.9258327511075056,0.4020435837152448,0.4531856165165835,0.47562818596056927,0.4892284882479047,0.5195040627971839,0.5667963800772389,0.5836508239710435,0.47607981358138396,0.5205696343352579,0.5690400546801543,0.4020435837152448,0.7007790856724924,0.9262686890697274,0.7115371859190477,0.7561766891829044,0.6222920935027377,0.43991878918836763
821_Exathlon_id_12_Facility_tr_6985_1st_7085.csv,46649.0,0.13572620099476568,0.2046031917910288,0.39204009452441513,0.6877561020318936,0.8280192501920446,0.8937977008221057,0.8568005681495733,0.1432610197595175,0.21164147615478093,0.3645194050152517,0.5965047042280225,0.7253184029449127,0.8024518880775326,0.7934300106139566,0.11173296232160301,0.11445129464510867,0.11742655509051524,0.14527714402909658,0.20604590912938883,0.306962222143216,0.42921943846994237,0.11739582154883939,0.20538646194399166,0.4034749682736337,0.11173296232160301,0.1229367055488212,0.13527659352755583,0.36316236164298826,0.8237424877158336,0.06005903017850847,0.0567170344749412
822_Exathlon_id_13_Facility_tr_10766_1st_12590.csv,43066.0,0.36164990763756055,0.4122141583869842,0.4388358239782438,0.4675056908920647,0.5350058509101299,0.595453455570583,0.7799895267546424,0.3678722574438782,0.34310243045747635,0.3409676423931319,0.3630560311148086,0.40168601173732427,0.4650967741902807,0.6638667855162083,0.2558127662544548,0.22901834163659862,0.22664476598641872,0.2528721593341424,0.2620820766794441,0.26127165117851037,0.26278545931907055,0.22660635932655068,0.26174138544346276,0.2582057050347657,0.2558127662544548,0.3350806341797233,0.4979787587086435,0.8308569755599293,0.9043608588396301,0.24698621546039612,0.21220288079232402
823_Exathlon_id_14_Facility_tr_10766_1st_12590.csv,43066.0,0.9971516836022997,0.9958506779739402,0.9851268766275777,0.9699261341262295,0.9523719365077827,0.9298233660100564,0.8641198074200175,0.9970188598167004,0.9960064338245773,0.9907298962238699,0.9787324138095819,0.9618412095254822,0.9401001324657243,0.8520567620065981,0.9774452024924801,0.9865453116268956,0.9343174243937524,0.9288043357552852,0.900475407739571,0.8930508817752025,0.8764699072081085,0.933968970501662,0.895276627416644,0.8546199757083968,0.9774452024924801,0.9951569116343676,0.9984328047544001,0.9862150228774429,0.9762141023884944,0.25062719569784775,0.2627191320169608
824_Exathlon_id_15_Facility_tr_10766_1st_12590.csv,43066.0,0.930051429102048,0.9794839716586202,0.9901761520771869,0.9918033658165927,0.9917368096242061,0.988796880644899,0.9627202409010042,0.9441116592640614,0.9604240684924025,0.9733136621664562,0.9812250655309577,0.9821842561986541,0.9817803965240932,0.954987604872581,0.5029165743199343,0.5587224219417968,0.5642492133213517,0.4876251379049977,0.4669429146882501,0.47040447198997165,0.475067412880972,0.5643399284021575,0.4666206330004883,0.4654391071859158,0.5029165743199343,0.7230044928602878,0.8917700067689387,0.9602724375683539,0.9737217096370823,0.08125062132850286,0.06850282503279141
826_Exathlon_id_17_Facility_tr_11665_1st_13484.csv,46660.0,0.7017560295501033,0.8246092585673377,0.9078575014779477,0.9471930143629063,0.939973644292457,0.9261669343484962,0.8685549620737478,0.7664568101040508,0.9061451361802231,0.9611861264140493,0.9742590904930533,0.9701505928129596,0.9604669649960953,0.9258327511075056,0.4020435837152448,0.4531856165165835,0.47562818596056927,0.4892284882479047,0.5195040627971839,0.5667963800772389,0.5836508239710435,0.47607981358138396,0.5205696343352579,0.5690400546801543,0.4020435837152448,0.7007790856724924,0.9262686890697274,0.7115371859190477,0.7561766891829044,0.6222920935027377,0.43991878918836763
827_Exathlon_id_18_Facility_tr_10766_1st_12590.csv,43066.0,0.930051429102048,0.9794839716586202,0.9901761520771869,0.9918033658165927,0.9917368096242061,0.988796880644899,0.9627202409010042,0.9441116592640614,0.9604240684924025,0.9733136621664562,0.9812250655309577,0.9821842561986541,0.9817803965240932,0.954987604872581,0.5029165743199343,0.5587224219417968,0.5642492133213517,0.4876251379049977,0.4669429146882501,0.47040447198997165,0.475067412880972,0.5643399284021575,0.4666206330004883,0.4654391071859158,0.5029165743199343,0.7230044928602878,0.8917700067689387,0.9602724375683539,0.9737217096370823,0.08125062132850286,0.06850282503279141
828_Exathlon_id_19_Facility_tr_11663_1st_13482.csv,46655.0,0.5629966643043177,0.7175976554458278,0.8476313542081737,0.9223190615898169,0.911389680883888,0.8736117198180346,0.7116133148505189,0.6540935678243396,0.8501594935009436,0.9438731899218373,0.9681784889154131,0.9544596300240793,0.9316483344649231,0.8465513523744683,0.3140059308803892,0.34115365159698996,0.33670595438474693,0.3223547565479186,0.3443427116038824,0.3725090568903143,0.3755534114354131,0.3367288590695074,0.3424053084205568,0.36350550006165755,0.3140059308803892,0.5707289249296332,0.8655317550102751,0.3616746064692286,0.5142627095130103,0.7037456547578078,0.6985995105342626
829_Exathlon_id_20_Facility_tr_10766_1st_12590.csv,43066.0,0.6304638998840234,0.725716941904059,0.8614415144989045,0.91821383693065,0.90863900365263,0.8869768379532528,0.8249824967596241,0.6417376400671982,0.7161953509962024,0.8250375202202295,0.9188048849183862,0.9247512610320687,0.9164485259753659,0.8605337240967453,0.5070407372801689,0.5163217568157309,0.5137470759940892,0.5550861306144815,0.5820681896915249,0.6038708034454425,0.6139437581717391,0.5135780234734828,0.5807484057127084,0.5969334413662415,0.5070407372801689,0.6320490172395842,0.8909555835956401,0.9746976221569043,0.9911636257525787,0.10366763987515268,0.09524119573920964
830_Exathlon_id_21_Facility_tr_10766_1st_12590.csv,43066.0,0.7095146796290612,0.8697661034525609,0.9504317517596176,0.9661934821426486,0.9613038096299453,0.9442942853923818,0.875912653746251,0.8214892577283931,0.9533821786181987,0.9883248092068009,0.9927812032860447,0.9867092768233255,0.9776890128902223,0.9452670610993404,0.4141492737727792,0.4667231874482617,0.48741359810561685,0.4986676587836195,0.5374167628414116,0.5225146732247001,0.4924187886384562,0.4878028442236023,0.5359419297840511,0.47978889057435714,0.4141492737727792,0.7661349931279848,0.9596808706316111,0.73328695505819,0.7506836261983058,0.8269681000157857,0.894038700969994
831_Exathlon_id_22_Facility_tr_11665_1st_13484.csv,46660.0,0.7017560295501033,0.8246092585673377,0.9078575014779477,0.9471930143629063,0.939973644292457,0.9261669343484962,0.8685549620737478,0.7664568101040508,0.9061451361802231,0.9611861264140493,0.9742590904930533,0.9701505928129596,0.9604669649960953,0.9258327511075056,0.4020435837152448,0.4531856165165835,0.47562818596056927,0.4892284882479047,0.5195040627971839,0.5667963800772389,0.5836508239710435,0.47607981358138396,0.5205696343352579,0.5690400546801543,0.4020435837152448,0.7007790856724924,0.9262686890697274,0.7115371859190477,0.7561766891829044,0.6222920935027377,0.43991878918836763
832_Exathlon_id_23_Facility_tr_10766_1st_12590.csv,43066.0,0.6304638998840234,0.725716941904059,0.8614415144989045,0.91821383693065,0.90863900365263,0.8869768379532528,0.8249824967596241,0.6417376400671982,0.7161953509962024,0.8250375202202295,0.9188048849183862,0.9247512610320687,0.9164485259753659,0.8605337240967453,0.5070407372801689,0.5163217568157309,0.5137470759940892,0.5550861306144815,0.5820681896915249,0.6038708034454425,0.6139437581717391,0.5135780234734828,0.5807484057127084,0.5969334413662415,0.5070407372801689,0.6320490172395842,0.8909555835956401,0.9746976221569043,0.9911636257525787,0.10366763987515268,0.09524119573920964
833_Exathlon_id_24_Facility_tr_10766_1st_12590.csv,43066.0,0.8634302128751912,0.946982884182535,0.9893001169829488,0.9979298048685975,0.999191325475803,0.9997169562476634,0.9996435155303895,0.8642331237922279,0.9481655268678084,0.9883641826888898,0.9947329760768963,0.9979656499385298,0.9993452257535027,0.9986474510043795,0.5922044693897078,0.685163166921417,0.7167788243726088,0.7978877833674077,0.8499105107952718,0.8886000184414133,0.9058045435132193,0.7165548492522369,0.8495595084143182,0.9037531144238341,0.5922044693897078,0.7907492386779088,0.9427739338210674,0.8693440531654373,0.938300500407269,0.07149651947833549,0.06923521497459907
834_Exathlon_id_25_Facility_tr_11665_1st_13484.csv,46660.0,0.7017560295501033,0.8246092585673377,0.9078575014779477,0.9471930143629063,0.939973644292457,0.9261669343484962,0.8685549620737478,0.7664568101040508,0.9061451361802231,0.9611861264140493,0.9742590904930533,0.9701505928129596,0.9604669649960953,0.9258327511075056,0.4020435837152448,0.4531856165165835,0.47562818596056927,0.4892284882479047,0.5195040627971839,0.5667963800772389,0.5836508239710435,0.47607981358138396,0.5205696343352579,0.5690400546801543,0.4020435837152448,0.7007790856724924,0.9262686890697274,0.7115371859190477,0.7561766891829044,0.6222920935027377,0.43991878918836763
835_Exathlon_id_26_Facility_tr_10766_1st_12590.csv,43066.0,0.17830072964216345,0.20854258635979314,0.24649524420469493,0.31782680774575434,0.39123588778509955,0.46003768153687824,0.6377996804218702,0.19796780183855553,0.24350021419997384,0.284873962250552,0.3195338094070502,0.34185971622526706,0.35296785216376725,0.3578638302467431,0.16288569879691756,0.15180429884786853,0.14967839983757592,0.16501117690190636,0.1788067044074711,0.17956466598719925,0.18815490882516112,0.14963061425691612,0.17859981546796283,0.18531127745812995,0.16288569879691756,0.1785198418114331,0.2319123613904472,0.8960210831026384,0.9775218290533669,0.49314884987181634,0.7337178658632925
836_Exathlon_id_27_Facility_tr_10766_1st_12590.csv,43066.0,0.8634302128751912,0.946982884182535,0.9893001169829488,0.9979298048685975,0.999191325475803,0.9997169562476634,0.9996435155303895,0.8642331237922279,0.9481655268678084,0.9883641826888898,0.9947329760768963,0.9979656499385298,0.9993452257535027,0.9986474510043795,0.5922044693897078,0.685163166921417,0.7167788243726088,0.7978877833674077,0.8499105107952718,0.8886000184414133,0.9058045435132193,0.7165548492522369,0.8495595084143182,0.9037531144238341,0.5922044693897078,0.7907492386779088,0.9427739338210674,0.8693440531654373,0.938300500407269,0.07149651947833549,0.06923521497459907
837_Exathlon_id_28_Facility_tr_8898_1st_8998.csv,46650.0,0.06459362368771113,0.0647690533417787,0.09869386621769888,0.1433193998568337,0.19740060119510186,0.24451053594771224,0.35190501957907955,0.06452218239385336,0.0684597491038395,0.09684782617003158,0.13557496424917262,0.1710510730403057,0.19913391545086134,0.23634535044806945,0.08379442618857319,0.08013236456222365,0.0826868751776259,0.05941468268388362,0.05832480684975102,0.08474294567779021,0.13710663041608978,0.08267190984382591,0.05810719282908506,0.11635442070027913,0.08379442618857319,0.07332954922977003,0.06379218931927126,0.05073566451888359,0.09971584539088285,0.15562943599703952,0.32754526867834594
838_Exathlon_id_29_Facility_tr_10766_1st_12590.csv,43066.0,0.36164990763756055,0.4122141583869842,0.4388358239782438,0.4675056908920647,0.5350058509101299,0.595453455570583,0.7799895267546424,0.3678722574438782,0.34310243045747635,0.3409676423931319,0.3630560311148086,0.40168601173732427,0.4650967741902807,0.6638667855162083,0.2558127662544548,0.22901834163659862,0.22664476598641872,0.2528721593341424,0.2620820766794441,0.26127165117851037,0.26278545931907055,0.22660635932655068,0.26174138544346276,0.2582057050347657,0.2558127662544548,0.3350806341797233,0.4979787587086435,0.8308569755599293,0.9043608588396301,0.24698621546039612,0.21220288079232402
839_Exathlon_id_30_Facility_tr_10766_1st_12590.csv,43066.0,0.6304638998840234,0.725716941904059,0.8614415144989045,0.91821383693065,0.90863900365263,0.8869768379532528,0.8249824967596241,0.6417376400671982,0.7161953509962024,0.8250375202202295,0.9188048849183862,0.9247512610320687,0.9164485259753659,0.8605337240967453,0.5070407372801689,0.5163217568157309,0.5137470759940892,0.5550861306144815,0.5820681896915249,0.6038708034454425,0.6139437581717391,0.5135780234734828,0.5807484057127084,0.5969334413662415,0.5070407372801689,0.6320490172395842,0.8909555835956401,0.9746976221569043,0.9911636257525787,0.10366763987515268,0.09524119573920964
840_Exathlon_id_31_Facility_tr_10766_1st_12590.csv,43066.0,0.930051429102048,0.9794839716586202,0.9901761520771869,0.9918033658165927,0.9917368096242061,0.988796880644899,0.9627202409010042,0.9441116592640614,0.9604240684924025,0.9733136621664562,0.9812250655309577,0.9821842561986541,0.9817803965240932,0.954987604872581,0.5029165743199343,0.5587224219417968,0.5642492133213517,0.4876251379049977,0.4669429146882501,0.47040447198997165,0.475067412880972,0.5643399284021575,0.4666206330004883,0.4654391071859158,0.5029165743199343,0.7230044928602878,0.8917700067689387,0.9602724375683539,0.9737217096370823,0.08125062132850286,0.06850282503279141
841_Exathlon_id_32_Facility_tr_11663_1st_13482.csv,46655.0,0.9575888518209228,0.9627819074490762,0.9560413024034231,0.9539166124165362,0.9390163174887451,0.9192602970513488,0.8479818647694611,0.9619865200241197,0.966052704611133,0.9658192019394338,0.9675948561599137,0.9561494670320071,0.9367103021011512,0.8609616280611796,0.7753710421951977,0.8730761982180001,0.8120849908435597,0.7718146591081027,0.7336134861494066,0.7662086874596358,0.7896294292584402,0.8112524701604822,0.7264378431190404,0.7435219474857409,0.7753710421951977,0.9554907668622323,0.9709895085609906,0.9461275025571864,0.9575334930688587,0.04721145057278438,0.03472161256062468
842_OPPORTUNITY_id_1_HumanActivity_tr_7295_1st_27516.csv,29182.0,0.00812423238908734,0.008503711334629306,0.00994901360978384,0.01546374337994969,0.017218756758337905,0.019327394879258674,0.037318845403138616,0.00817032483537387,0.008691115800385353,0.009584150807374866,0.011277530049707106,0.014002543634950805,0.018208887175164785,0.04745367693067786,0.008353795362099625,0.008333113002959502,0.008297683423587091,0.008068661052844001,0.007864535028089592,0.00820024856698861,0.009588450232703289,0.008303789021997306,0.008114625775612515,0.012532889808753259,0.008353795362099625,0.007913039370575442,0.008119725115405938,0.007725949345571099,0.00862060592845355,0.05317528688479963,0.07185144230760339
843_OPPORTUNITY_id_2_HumanActivity_tr_808_1st_908.csv,9057.0,0.11182541060082736,0.11169442432164327,0.11888905673583242,0.1606617595806283,0.19115657271523304,0.21483832018348342,0.33156750233191795,0.11208879870185129,0.11160349124933353,0.11145319661764594,0.1155186112704633,0.12239931885354036,0.13138444614129144,0.14233922187646195,0.12058036107896533,0.11650276889778588,0.11396532325786712,0.11277435133456931,0.11325218447833084,0.11996034548147361,0.1524700530383465,0.11398221086715164,0.1129623325523263,0.1530191866201504,0.12058036107896533,0.11302150500328745,0.10955016375919356,0.12544297808669844,0.14482954437662485,0.10417215653036113,0.08983467539489674
844_OPPORTUNITY_id_3_HumanActivity_tr_500_1st_566.csv,15653.0,0.059929780212153366,0.05454876496307894,0.05162408551834224,0.05988138812637643,0.07900345586932168,0.1053609901573048,0.28650601176665247,0.06060605760020862,0.055719289329405335,0.05360597858741017,0.054200555452503386,0.055647579089903344,0.057352942685604945,0.07650954216142533,0.06205949299461633,0.06219581498890892,0.06433707665195774,0.0568081992350394,0.053979356045287245,0.0560413516959645,0.07471684563058685,0.06436407263615433,0.05414031768568587,0.07766671626277911,0.06205949299461633,0.06324170717455754,0.062065748960763875,0.05694411577239774,0.07285884614066875,0.06326141441571365,0.03816631625021002
845_OPPORTUNITY_id_4_HumanActivity_tr_7295_1st_27516.csv,29182.0,0.01103221495955258,0.01777785436694602,0.04020700717651068,0.09851576395841385,0.13499426247291135,0.1646448757381374,0.32173361034556036,0.01111537681060195,0.021800258949209998,0.04740819903057183,0.12784861690467597,0.12449857851636814,0.18684218026681268,0.31009190167154554,0.01134344622592544,0.009867772038446024,0.009393318407518489,0.009721417430978846,0.01246682314787214,0.023272714905918656,0.04376852571048851,0.009348729260177966,0.011727381653925032,0.03806409245934613,0.01134344622592544,0.013120863741339465,0.02014765965960214,0.013939951760956446,0.018805666959687953,0.18974729829660605,0.30467090062596663
846_OPPORTUNITY_id_5_HumanActivity_tr_2085_1st_2185.csv,22194.0,0.025328595022006406,0.026555665748320006,0.03321654172595585,0.059045857538380125,0.08576352791555024,0.12245496370326757,0.2150823860527102,0.025609962071677782,0.027475013157303645,0.03726704652825744,0.06495645467918244,0.08501369795390143,0.11231451506997958,0.18712485715325583,0.02713384798749191,0.026153430922360568,0.025979058808406612,0.025796899765023674,0.0259418213705389,0.03043903191206666,0.03896432244278616,0.025965321249104653,0.0261911532808757,0.04760300580339364,0.02713384798749191,0.025511807487990455,0.027303959413483393,0.02903014515617146,0.04298678633990824,0.39580944242523974,0.1636670873215871
847_OPPORTUNITY_id_6_HumanActivity_tr_808_1st_908.csv,9057.0,0.07256054254902168,0.0718537024062388,0.07313860964846541,0.08020427749015271,0.09307364463455789,0.095845278309369,0.11113044714253761,0.07340764330129104,0.07277098089411947,0.07350494120128426,0.07871203050114925,0.09328467240923875,0.09944640222554509,0.12364001080555069,0.08043769553625062,0.0781100967583774,0.07756540217499,0.07592621837627635,0.07723707996749288,0.08030289022416046,0.08851001823959252,0.07758631051108812,0.07739294903602376,0.0868611715832287,0.08043769553625062,0.0736154463610277,0.07144189668913302,0.07560039208175337,0.10196196361462745,0.1958893083868118,0.18263275990497843
848_OPPORTUNITY_id_7_HumanActivity_tr_1477_1st_1577.csv,18011.0,0.030941807725811333,0.035238025569441174,0.0582352969200697,0.12148413451525762,0.19260630891214484,0.20929255584188844,0.2422233131141923,0.030744295225663788,0.03330271666388001,0.051016318106721935,0.09294013889959962,0.16152674257860258,0.17985321274804358,0.1821990288516617,0.026114427951516576,0.028550631828102194,0.028821128931894188,0.03228249886957743,0.038242623036561736,0.06194327990015877,0.10451258487881315,0.028894018723433237,0.03840832042200599,0.1281761933877415,0.026114427951516576,0.02649546216721333,0.0270834357116332,0.056107206001752626,0.36345076344339766,0.016156294704476833,0.016379168770859157
849_OPPORTUNITY_id_8_HumanActivity_tr_1100_1st_1200.csv,24892.0,0.025517526620519787,0.043094150741811076,0.13530850086157684,0.27376688933749416,0.3508665643267004,0.42145341618696947,0.5930809329864659,0.02539641820631285,0.04285237541185159,0.09098349897825891,0.18068140257623752,0.26961678617794527,0.31614366584379344,0.40513478067182085,0.021538259357268125,0.021712682930447976,0.02054297292312179,0.022290868645726825,0.03745547598170546,0.08363348384901567,0.16445085790138741,0.020568111522834876,0.038802700272319655,0.1683734928490205,0.021538259357268125,0.020675610484622912,0.020827197802868642,0.050028352500570486,0.13377364424024843,0.1543358237794624,0.02480929003938911
850_OPPORTUNITY_id_9_HumanActivity_tr_895_1st_995.csv,14751.0,0.0318272096129164,0.03345105048112774,0.03704716569450841,0.047573400114564166,0.05745177094322996,0.06518090071299731,0.1590029743588212,0.031346297839172574,0.03419781342036302,0.03869478580226377,0.04584323353804486,0.05261192882824109,0.05684017666376987,0.08227552197947073,0.02960768382135253,0.03049783031238574,0.0311808551287461,0.03141479235711413,0.03368393622762806,0.037044670035627586,0.042237705313326365,0.03108039211090447,0.03338646997215839,0.04295216679758822,0.02960768382135253,0.02913551578269784,0.029391436911528058,0.031827405777504966,0.03845209587147419,0.03539945585677414,0.02821857755507062
851_OPPORTUNITY_id_10_HumanActivity_tr_6213_1st_7311.csv,24852.0,0.01970004209130921,0.019478092640557835,0.019646875866451904,0.019889932651510338,0.0201351076538972,0.020232404652885925,0.0206796176257904,0.019787829457023898,0.019618883664748406,0.019896752836103107,0.020088189459018205,0.02061935701281867,0.021034853591843084,0.023240587997053856,0.023302266434564095,0.021935881205379485,0.021419676535439476,0.02052385869421824,0.020080960634184342,0.02000274680426322,0.02007458732444101,0.021420885982150657,0.020056135374137852,0.01996318787329887,0.023302266434564095,0.02081597864679531,0.01995249669303768,0.019475500146237095,0.019895909374954113,0.6875036380500561,0.6585421764396588
853_OPPORTUNITY_id_12_HumanActivity_tr_808_1st_908.csv,9057.0,0.07532774593147518,0.07672582854739608,0.08108806820734728,0.08678470427628986,0.09655998781469124,0.106751928323243,0.1633859459315466,0.07719477711985873,0.0807364314824745,0.0952704832314592,0.10946285294091793,0.12244022080417481,0.13198953719671103,0.1741978326523735,0.0871337908562445,0.07978975935270573,0.07800937965060141,0.0752759489596555,0.07576676098975078,0.07901832525745703,0.09033063537415861,0.07802272710696147,0.07569848557855345,0.08656422416605525,0.0871337908562445,0.08360415541307434,0.09433808803168361,0.07654168492992858,0.090736855523479,0.7791324681139039,0.8451381495378166
854_OPPORTUNITY_id_13_HumanActivity_tr_1477_1st_1577.csv,18011.0,0.03772218288932161,0.03912256051462793,0.04058154560926282,0.09302961525412938,0.16523155848782128,0.2005821316311946,0.25409502607643164,0.04085753374122774,0.05510336288613399,0.10465887744489137,0.257847669073193,0.38166103745773694,0.4258952919851312,0.41808466278969525,0.03226196547184157,0.03174794029482027,0.0330097573359663,0.028487402890165,0.02881161684985578,0.03681036511354904,0.08159248130499201,0.03317073765796683,0.029160272296023634,0.1060714061087323,0.03226196547184157,0.035372842067541634,0.03647574490496843,0.023661383326804872,0.12358487819034858,0.09464524706481837,0.14554741530913703
855_OPPORTUNITY_id_14_HumanActivity_tr_808_1st_908.csv,9057.0,0.07354835194024326,0.07261139046250241,0.07449277917796561,0.08129449060256685,0.08669846270124283,0.08844841517581106,0.09521137761591768,0.07485824846762992,0.07399143484719574,0.07622677807396455,0.08448471977021162,0.09670155337239654,0.10826664614447834,0.14377700807932672,0.08693094763197948,0.08256848213587355,0.08148135325892364,0.077619540703492,0.07681787776411214,0.0792107043896433,0.08372663847956831,0.08148172803751316,0.0770906249172986,0.08441111213796214,0.08693094763197948,0.07769920226081124,0.07457581307490378,0.07460946609518301,0.09744247771017554,0.21310135878025577,0.2658088304159392
856_OPPORTUNITY_id_15_HumanActivity_tr_808_1st_908.csv,9057.0,0.07377889392240163,0.07347934861413427,0.07322572836276882,0.07342633159838294,0.07406207886472282,0.07435481469072104,0.08055948502104726,0.07480952461047055,0.07562863606079932,0.08006263245424226,0.08750898664499945,0.09567664229322173,0.10877400466877256,0.1529133375091323,0.07978027867632972,0.0783974751692918,0.07779378923630727,0.07722137584731519,0.07664100983909138,0.0761404015883908,0.0752181949005553,0.07779562877309697,0.07680237601233951,0.07599764762512737,0.07978027867632972,0.0746611682914259,0.07295823581317627,0.07261814151301658,0.07390513819637427,0.2303840478702764,0.37520815852461153
857_OPPORTUNITY_id_16_HumanActivity_tr_500_1st_566.csv,15653.0,0.03949138272327953,0.043566657472194105,0.06493561713743733,0.10985607661257411,0.1390001000156601,0.16786773765645582,0.29567139865455666,0.03953363704585722,0.041072430321188,0.04849347254167913,0.06973542767292207,0.09138278418375208,0.10809317631182823,0.15461619261853948,0.043820791691939066,0.04151328392001375,0.040704486983278186,0.04086963936482616,0.04353038046208792,0.05671607633515009,0.08742022018649716,0.040732872188138126,0.04370904114509093,0.08021444851148196,0.043820791691939066,0.04070595528911595,0.040257818923682166,0.04230496906005669,0.06632483368628582,0.5234478166009648,0.46159633541375744
858_OPPORTUNITY_id_17_HumanActivity_tr_808_1st_908.csv,9057.0,0.07073522557200107,0.07095992349182245,0.08329715985934447,0.1111267030803917,0.1294458690720259,0.14957338400347267,0.21666694399442893,0.07324582686481694,0.07347592361584407,0.0819380158416871,0.11739130667881281,0.13666590302198983,0.1542690852801831,0.19484205872868518,0.0804159138422487,0.07587439115912677,0.07406427288382947,0.07249741792062242,0.07317300070075075,0.08146186617537524,0.09974481887409406,0.07409597251828835,0.07336118893176144,0.11220827211195256,0.0804159138422487,0.07244527888711211,0.07109676594034925,0.1054417145788544,0.12086763352551504,0.8882773740326948,0.7894644585338022
859_OPPORTUNITY_id_18_HumanActivity_tr_895_1st_995.csv,14751.0,0.023881753211794057,0.026401426957046104,0.03674930586536636,0.06770817386279204,0.11476144215018522,0.1380709426634584,0.1716201481372311,0.023866486577943723,0.024336527219950593,0.03186297697784714,0.05864596123523582,0.08685297170155368,0.08939681829873633,0.15587761981822398,0.025418934575172344,0.024854159269377868,0.024726570102797732,0.02484362438731855,0.026739337273864242,0.03941299843774969,0.06255692938989646,0.024719724393568756,0.026506239133820282,0.04698596338490132,0.025418934575172344,0.024350287573880452,0.02335084020492773,0.02463135605807839,0.05365597872636463,0.052326102108389935,0.019278005323878772
860_OPPORTUNITY_id_19_HumanActivity_tr_808_1st_908.csv,9057.0,0.07648223489059659,0.07351026836282934,0.07306745315705741,0.08321301709003719,0.09563229304234157,0.10180783498603393,0.13529846311184635,0.0770868899672328,0.07482865318534081,0.07482385432170073,0.07773376206320737,0.08139442189033426,0.0886927152879214,0.12191440585619476,0.0918932269308691,0.08808992187447132,0.08682764508867521,0.08114373139175156,0.07862198543287283,0.07802863812849671,0.08285029218595104,0.08682781162060439,0.0787625428529756,0.08513226089742293,0.0918932269308691,0.08239891151648215,0.07693238890115871,0.07388880582859829,0.09363036255329296,0.46066576645274554,0.8266727640067114
861_OPPORTUNITY_id_20_HumanActivity_tr_2085_1st_2185.csv,22194.0,0.02917205382213528,0.0283935762717805,0.04784719351408384,0.14761801816736525,0.19860759832343897,0.23717159155511292,0.36119031775092686,0.02966116994859457,0.030007509823570044,0.041972419018633446,0.09970132416542016,0.1461906371081071,0.17598962232070386,0.25580165248473347,0.03366663812612707,0.032674199805572526,0.03187970386706909,0.029925776798983,0.03249231914626814,0.044287273617291935,0.07021761383162653,0.031896997332259105,0.032783078694412146,0.0809574157319448,0.03366663812612707,0.031914371032177785,0.030963696070451813,0.038845435842001945,0.10744873607725322,0.10993101031138094,0.05347671273518803
862_OPPORTUNITY_id_21_HumanActivity_tr_500_1st_566.csv,15653.0,0.047182478250059286,0.0474419573570456,0.055395564241400456,0.08904271450369218,0.13468604778599028,0.1912707619043977,0.2885207915356185,0.04714942024339502,0.048039694226479454,0.05910432220276613,0.07304346567560233,0.09517817203963323,0.11225068339391718,0.16534158072686722,0.053154683737813554,0.04977729442096525,0.0496138959400872,0.04690555384252359,0.047555692640089235,0.05595881467210776,0.07646959408697712,0.04962975912199275,0.047732694851674924,0.07836791660347033,0.053154683737813554,0.04925548203357466,0.04796614776904052,0.04002803651803255,0.06920671313258935,0.5337641924255613,0.4627879748008233
863_OPPORTUNITY_id_22_HumanActivity_tr_808_1st_908.csv,9057.0,0.11137428505319855,0.10912612927631418,0.10625741345842861,0.11666158051739675,0.11073535648230515,0.1017374645200426,0.13812987681844274,0.11157113981890669,0.1089939688233382,0.10639389327685154,0.10398771295063985,0.10162066695928106,0.09954969754247114,0.09714404988208247,0.1202686983491381,0.11716959419809383,0.11484694864744491,0.11188823436359542,0.10926188730027597,0.10772236162424673,0.1219282475921837,0.11482246524527934,0.10930238148591744,0.12192956563162331,0.1202686983491381,0.11385870649494946,0.10857476040313783,0.1142815725888995,0.1366626636202857,0.10347257137185908,0.09363823253209014
865_OPPORTUNITY_id_24_HumanActivity_tr_2085_1st_2185.csv,22194.0,0.03732908427081608,0.04456259704494352,0.07694170315838253,0.15592883079607237,0.19063351174479015,0.2010806975305578,0.33180042595520876,0.04049452041206488,0.05534255861110136,0.08673294149902405,0.13731153691655998,0.20373490426089422,0.22889907379663935,0.3115925751647923,0.03782444629329367,0.035384588404981404,0.03417140569775817,0.03333667961697302,0.037844496940822196,0.05102257747857483,0.07291188365976486,0.0342251827276686,0.03781982057269121,0.07809524405338285,0.03782444629329367,0.04104286027702071,0.05675235338274898,0.053816683429863836,0.08745205386935137,0.19570375731070508,0.025448578112313377
866_OPPORTUNITY_id_25_HumanActivity_tr_6213_1st_7311.csv,24852.0,0.022850554332875077,0.022828734534962807,0.023121329792289286,0.02988559582710744,0.039656730910276966,0.05157842198829056,0.09972491055143355,0.024889765818562063,0.027362647087044646,0.03285797008844249,0.045693425517534456,0.06524249609944655,0.07755272411902597,0.06052395957112135,0.02696431688556064,0.025571130573206268,0.024867083601201552,0.022993461027962347,0.02222048787718656,0.02256143120094745,0.022643600413709584,0.02492956135166077,0.022435625879859353,0.027158614150804773,0.02696431688556064,0.024098875270198578,0.023763774479231906,0.021367962676076904,0.0229505871795081,0.22877025622582298,0.5436399663965052
867_OPPORTUNITY_id_26_HumanActivity_tr_808_1st_908.csv,9057.0,0.07812909413914376,0.07249994117224157,0.07174576656761669,0.07218091145881331,0.07304655326194945,0.07368198592842079,0.07543338030987451,0.08712540626334524,0.08329015075593957,0.07797863654700102,0.07664943692931951,0.07841506905197308,0.08054482038939467,0.07961824798203439,0.10461021903446088,0.09503010298380331,0.08192437060315685,0.07695177295559595,0.07357401533584274,0.07325427872907676,0.07396079502794987,0.08190817946759892,0.07348356321829003,0.07342440936764785,0.10461021903446088,0.08673906464731544,0.07540659218664555,0.08686802208308093,0.09703563308795768,0.13212499581614662,0.48764258732681454
868_OPPORTUNITY_id_27_HumanActivity_tr_2085_1st_2185.csv,22194.0,0.024988512560471954,0.026298579834882006,0.02928601209307083,0.03439744937114895,0.03764561959893105,0.04298060278378574,0.10409016066806183,0.025046326232447024,0.026467918738596007,0.029136643264468465,0.03449002934432678,0.04166232276591565,0.051595123966112245,0.09669662985955413,0.027357071736122465,0.0264733327143643,0.02643364419854015,0.026411444598952467,0.02756633596007981,0.029691518117744578,0.031008061830035495,0.026489960809247398,0.0277518225125034,0.03026905487573984,0.027357071736122465,0.025115679578713867,0.024359981424218788,0.028940513617780866,0.03726071303146371,0.12541636750589621,0.0306835663238111
869_OPPORTUNITY_id_28_HumanActivity_tr_500_1st_566.csv,15653.0,0.038400455462090574,0.04353448019462207,0.0695609561294225,0.1264827960839576,0.16421871566163893,0.19523805392488688,0.3188583905537907,0.038323642070640755,0.041013553172128674,0.051555434385047214,0.07053412466030085,0.0887269377567093,0.10553880436494334,0.16073537879150118,0.03885732408562642,0.03765222441887248,0.0372694998020047,0.03832092929073089,0.044193871616081175,0.06223763137598604,0.10293353915009344,0.037273868463949554,0.04438421870309475,0.08325814557083606,0.03885732408562642,0.0366972612150881,0.036830258466693,0.04761200003624687,0.06342218538918878,0.6380812708044328,0.5024576896262521
870_OPPORTUNITY_id_29_HumanActivity_tr_1477_1st_1577.csv,18011.0,0.04092640488705486,0.049793619259524066,0.05297766158007968,0.06769515632894921,0.08613630280493915,0.13111897459104704,0.23084231731291083,0.05010722359467191,0.06744077168845464,0.09934990402245385,0.1598325818940071,0.2241389207221391,0.28459726979500327,0.3248828535503203,0.04192022030615151,0.03642760695605245,0.03457628723807519,0.02799516339854006,0.026410578391542927,0.03091732093090434,0.051520654591371465,0.03480922436666423,0.026560475956129963,0.06289449352117114,0.04192022030615151,0.05392815531632149,0.08902301454191552,0.021038839819088214,0.06072822261098131,0.30325065359374737,0.17803920180649038
