detector,series_id,score_hash,n_points,raw_hash_match
SubPCA,001_NAB_id_1_Facility_tr_1007_1st_2014.csv,520be39c8aae6d17304649d6f407b373e0ede52af1b6dcec0ef3a9471ed64447,4031,True
SubPCA,002_NAB_id_2_WebService_tr_1500_1st_4106.csv,40532e91d5df229c22f37c952bb82c553878e61886fcac5c3a61429c8a755669,6000,True
SubPCA,005_NAB_id_5_Traffic_tr_594_1st_1645.csv,b99a11668db2e4af5724c93ec368a9ad98e51e043eee3a3a026459cefde8bced,2379,True
SubPCA,006_NAB_id_6_Traffic_tr_2579_1st_5839.csv,449354bdd7ded012593429dff76fb2e85f0caa3b3e63fcd1e2df3b0bac88199e,10319,True
SubPCA,008_NAB_id_8_Synthetic_tr_1007_1st_2734.csv,e377a3dffa2f0bac061f83ed5b690288303e1a9ea577e7b2ad7e427d843c3c21,4031,True
SubPCA,009_NAB_id_9_Traffic_tr_500_1st_438.csv,18ad4e661bf789d0f9bf6867d3fdeea7814e2cea3694977cbc11915759211acc,2161,True
SubPCA,010_NAB_id_10_WebService_tr_500_1st_271.csv,15a2cc0ba05cc608c2ad8c8d5e3d9b459f26ae57e0702202e77b116ebbf8ca1a,1000,True
SubPCA,011_NAB_id_11_Facility_tr_1007_1st_1526.csv,ed45b559e29f0d0169790e35389bffbde4f21265acd836fdb3037f7d0cd35e1e,4031,True
SubPCA,013_NAB_id_13_Traffic_tr_623_1st_2084.csv,907c07f918cff9dbf7f9155f20b863b54744b69f897c8d8ffb837bc1cc5a724b,2494,True
SubPCA,014_NAB_id_14_WebService_tr_500_1st_1045.csv,d5ff6a11188619253f2b20343846de4863fcd6f0f440c57dee57a5ed82430deb,1537,True
SubPCA,015_NAB_id_15_Synthetic_tr_1007_1st_2787.csv,eb307a84afeaa1a3f804e27c107bd5836a0baa61e8c22d30ddc798d9649957bd,4031,True
SubPCA,016_NAB_id_16_Environment_tr_1816_1st_3540.csv,95eebbb1e75fa5f9edae7c9533820b6904a0c7fc46ddc12f75afad643826f230,7266,True
SubPCA,017_NAB_id_17_Synthetic_tr_1007_1st_1805.csv,7e516a1793b3b717406d5a117ba25d6e1330b4c5135dc4efe6211ea404ac88e7,4031,True
SubPCA,018_NAB_id_18_Facility_tr_500_1st_669.csv,6fae43860b72bcc086f8520636fb8214e3eaff6f1c5bdc58cfc1a959aee57e3a,1881,True
SubPCA,019_NAB_id_19_Facility_tr_1007_1st_1171.csv,21ddc5b47890c7393ffaabbb951d3c9ed4d2ec6a27ad506e3166475bd904e9f2,4031,True
SubPCA,020_NAB_id_20_Synthetic_tr_1007_1st_2679.csv,80115b89469f6cfe96b534122f14625d475d57455450118e21d30bf01db899c3,4031,True
SubPCA,022_NAB_id_22_Facility_tr_1007_1st_2980.csv,8d94ecc10e49fedf57cd8bb9895b9c7dae3b213fb38bfba649773b9f6a940be4,4031,True
SubPCA,023_NAB_id_23_Facility_tr_4512_1st_16551.csv,3949c44841813a233cd381d671b4c8c37ee41efb10064df52e3cc8e007d36dc6,18049,True
SubPCA,024_NAB_id_24_Synthetic_tr_1007_1st_2787.csv,50d2936eec1a7b9611441b3d46c076b5b4ba346880059253430877fc558c8dfa,4031,True
SubPCA,025_NAB_id_25_WebService_tr_3958_1st_4614.csv,abed7ec9ed17f392d44b702b31459d89d5b0a1dec179ca80c8671e7748b15e54,15832,True
SubPCA,026_NAB_id_26_Traffic_tr_624_1st_2261.csv,601d9d9ea2551a02ec084ab1899ea6c216a09d8a3618f02e12b3978f36c87de9,2499,True
SubPCA,027_NAB_id_27_Facility_tr_757_1st_2582.csv,8d37e3732f96b637f613282cbf8b94ee2988a95be5fe03c8ef4aaf8ea5a89a5f,3031,True
SubPCA,028_NAB_id_28_Facility_tr_1007_1st_3447.csv,b30256cca2630b2da7d3cb039d16fb510bd04c2b1740d4336a81db6ba7957efa,4031,True
SubPCA,032_WSD_id_4_WebService_tr_4559_1st_11822.csv,5c5fe6b1cf0eaae52389a0a32c90a5bd0923a17fa065baaaec70abe54a21421c,10686,True
SubPCA,039_WSD_id_11_WebService_tr_1746_1st_1846.csv,18033645da4fc5a10a1533101b9d86351bcb2589118b2ecea209a874e5b93fe4,18219,True
SubPCA,040_WSD_id_12_WebService_tr_4559_1st_9714.csv,367f51df92c8b98b56f96c0b595bf71e7ee8876eab06dfcc30f2df6ee8a361b5,18236,True
SubPCA,043_WSD_id_15_WebService_tr_4521_1st_6828.csv,309f022908331dfb5621cdb193dfbe418f33db30ced181e0643e231d79894e12,18085,True
SubPCA,049_WSD_id_21_WebService_tr_4297_1st_7097.csv,cddd898786a4bcb23999e8099271c03d286105f1afebb088c3af313bbf626f16,17189,True
SubPCA,054_WSD_id_26_WebService_tr_2409_1st_2509.csv,d476a84e3830873e06fe94cf476b9f77ca45da78c01c45c42fda5c6758f5cf9b,18391,True
SubPCA,058_WSD_id_30_WebService_tr_1136_1st_1236.csv,b11457db4dd956ac1a1b4f6e8a3c71b83347c744807108e776d5ce23ad9a52e7,18236,True
SubPCA,060_WSD_id_32_WebService_tr_4576_1st_4766.csv,0d4e0359ad61a10b8f0ac2acf1357e585577611b664467180d04eaa3419bb43e,18305,True
SubPCA,068_WSD_id_40_WebService_tr_4549_1st_13322.csv,d4aa816483711c3055a81eb659e4424f735139d7eb020734a378f373d785a468,18197,True
SubPCA,074_WSD_id_46_WebService_tr_990_1st_1090.csv,0a3e6345decb0de45c32461c6c88381ee2fb7c9d927116096833a846c7337369,18236,True
SubPCA,089_WSD_id_61_WebService_tr_1010_1st_1110.csv,a0d4e929b4a0513d8cb364e78c81fa9fee5a2e88f1420bc877866065e13fb2ac,17429,True
SubPCA,094_WSD_id_66_WebService_tr_3309_1st_3914.csv,2d5dc68c9907f838f6a4fad2544c8f3798c800068d338afc8abedd5cf246bd21,13237,True
SubPCA,099_WSD_id_71_WebService_tr_4559_1st_14411.csv,e09e5b3ee2ef506ede185beacd8bf9d4af0798e7015b026b6626d94a056c8464,18236,True
SubPCA,106_WSD_id_78_WebService_tr_3363_1st_3463.csv,1cf3264d521a532d3f2b02f1e6dd81da72f32833cf65a202c2ca1376cfdfb737,18236,True
SubPCA,113_WSD_id_85_WebService_tr_500_1st_335.csv,e9a140c8bdfe201945ac05c40017e59b125d0e24827dbe1ee20019a492752cd0,18242,True
SubPCA,117_WSD_id_89_WebService_tr_3251_1st_3351.csv,a26640d6735a2b4733d1e3dd1737ff6acbf598eb2b31b1a058102858e4ee8615,16376,True
SubPCA,125_WSD_id_97_WebService_tr_2217_1st_2317.csv,d859d770f431d99a29fd8d9b4bf5776b380b281076bb90f8c976a0761655aa0f,18250,True
SubPCA,130_WSD_id_102_WebService_tr_2362_1st_2462.csv,545442f4f5b8b893dd939105c378dcc2412927529ec9b4264414e41da377194d,18236,True
SubPCA,137_WSD_id_109_WebService_tr_4559_1st_14404.csv,5a0927840b9fa2919720771b7e77b6fe0f70f74bae23f5c1ff6f0799eecc8a13,18236,True
SubPCA,139_WSD_id_111_WebService_tr_1701_1st_1801.csv,19006bde7f770c75a60224edf8c8371bfa18c43fe28dd6d9a1f4aae6874e13af,18381,True
SubPCA,140_MSL_id_1_Sensor_tr_530_1st_630.csv,686d0dd53e7e70e10b16b21f36af81b730184ec26b2b78f0183f9e9fec64edec,2430,True
SubPCA,141_MSL_id_2_Sensor_tr_500_1st_550.csv,73ed0eb8c7b4470153787a2c97968bb34afa882b6311239c98652181b7863bb3,2264,True
SubPCA,143_MSL_id_4_Sensor_tr_980_1st_3550.csv,d1d3501ea4210c5f0e70b4f9b7f5966e8aed65091012090daba52dcc8dd44810,3922,True
SubPCA,144_MSL_id_5_Sensor_tr_1525_1st_4590.csv,cf9374ce2a3af4e8ca73cc9d992dc666badbcfbf8e3fcbdbcd88aa273fb45cbf,6100,True
SubPCA,145_MSL_id_6_Sensor_tr_530_1st_630.csv,387b8af980868b68f111a14c6fef37d06c86e5e4db53367d32cc3f6e05768415,2430,True
SubPCA,147_MSL_id_8_Sensor_tr_590_1st_690.csv,c77126d9016c0d65808c9f45bf9df6d555ca0f81b2965d3af67ca20fc4318aec,2430,True
SubPCA,148_MSL_id_9_Sensor_tr_883_1st_1238.csv,ee99cd6c69d58a6d1fc7d3bf14a8e89393023f5f5f6a9288526acead0bc3d153,3535,True
SubPCA,149_Stock_id_1_Finance_tr_500_1st_7.csv,a7f14d2b7bc37b4aad288f0f839143ea55089cabdb36748237bffda5400ce79c,20000,True
SubPCA,151_Stock_id_3_Finance_tr_500_1st_62.csv,cd7cfa09b3cbac346febbb8dbff18c4cd3243b81806c47aa6145ab0aa2f4571a,10000,True
SubPCA,155_Stock_id_7_Finance_tr_500_1st_18.csv,51d344ed5aac3fb6a228f2939a5b6714c5cf0b450859fcc67993efd8a46c66fe,20000,True
SubPCA,156_Stock_id_8_Finance_tr_500_1st_24.csv,ae216b7a842b51ed38a2210d198c74be0cd6bacb27762e909a01a6ca891524ee,10000,True
SubPCA,160_Stock_id_12_Finance_tr_500_1st_14.csv,942b3b86c6069dfb96c1db08f333546f6efd4c774c1e237a4d61069bd826e755,20000,True
SubPCA,162_Stock_id_14_Finance_tr_500_1st_4.csv,d636924aeb77ff1a01b033e365715c3d2b085a6d37cd80c61900ef1538eec0bf,10000,True
SubPCA,165_Stock_id_17_Finance_tr_500_1st_7.csv,2480e8effbc7060c916737660c509abd4122283960d8722503edc2ba76587123,20000,True
SubPCA,166_Stock_id_18_Finance_tr_500_1st_18.csv,0b4c24c8926b19281d1bad9ab841efb7232555866696622cba6ae35923cc05ca,20000,True
SubPCA,169_Daphnet_id_1_HumanActivity_tr_9693_1st_20732.csv,567ab8f2d7bf0f42a6ca495ea2f64201fa56d22442b0b2fc2a8cb3b3c6ff693d,38774,True
SubPCA,170_MITDB_id_1_Medical_tr_17675_1st_17775.csv,9d00fca5dcdb00875431df04d92650c237597d335613429208862da78f254c13,500000,True
SubPCA,171_MITDB_id_2_Medical_tr_50000_1st_88864.csv,38db2688e08adf2fb8e952c6ba90a125bd8cce92b544f0dbca2d9a08f8ed6bb0,650000,True
SubPCA,172_MITDB_id_3_Medical_tr_27274_1st_27374.csv,06a5c3b6c5eff94bc79ea21e0ef712b22c0b0a4363832358a6510aab95a0abed,650000,True
SubPCA,173_MITDB_id_4_Medical_tr_13620_1st_13720.csv,dd1c4b16b22a5af439e9bb54a40cf4cea3d55e14eb2424768522a0acd5fabef3,650000,True
SubPCA,175_MITDB_id_6_Medical_tr_27274_1st_27374.csv,def72d67f325f6819ab084c50dca14fc1f32f0edaaa362e6d7cbe6468c06cbda,650000,True
SubPCA,176_MITDB_id_7_Medical_tr_6232_1st_6332.csv,3aeed5f9ce325065b5bffcb732e6d713963365bbe5d676e6962f319eb3e4053b,650000,True
SubPCA,177_MITDB_id_8_Medical_tr_17675_1st_17775.csv,350379e06bb6278821b690fabd50b3bdb40fb79959cb3730bba51c3cf2fb54bb,650000,True
SubPCA,178_SMD_id_1_Facility_tr_6000_1st_10609.csv,3cc7f95a760de75791e5aa86cd74003ce2d3e2cfb7ac90709d8c9b3cdcc64377,24000,True
SubPCA,179_SMD_id_2_Facility_tr_5925_1st_17580.csv,20b2aaba24912c9fb8f4d24dca0704bcf3480ed86c0e6ecc356cc73020e9b3de,23703,True
SubPCA,180_SMD_id_3_Facility_tr_5925_1st_17580.csv,8509d638950486f52a9772df5acf4ee46c322a6158f3ae2ac1086cca5d1aa535,23703,True
SubPCA,181_SMD_id_4_Facility_tr_5000_1st_15144.csv,cb802a6989e2622ec3ad43be5e44a29c89af4fb0110d292f7cd55b4f2033b24a,20000,True
SubPCA,183_SMD_id_6_Facility_tr_5925_1st_17580.csv,61f1b2ab78ab9084630699dfcaf3be2fb03192140ff0b447c34cf96a9e2fc1c4,23703,True
SubPCA,184_SMD_id_7_Facility_tr_7119_1st_15849.csv,1853a4a22720a59cd77ff2fa62783970956219013b1e232a3e6aa6794cde20ac,28479,True
SubPCA,185_SMD_id_8_Facility_tr_5000_1st_15144.csv,716ae194d27ef6830b63f60ea08b8322489eda16f5ebdcbe9366a18aaa67e97d,20000,True
SubPCA,187_SMD_id_10_Facility_tr_5000_1st_15849.csv,d97739c59bb2cfafa1c7ce773d71d299f03021af7fe4fdf20ef08cc9c35ab370,20000,True
SubPCA,188_SMD_id_11_Facility_tr_500_1st_392.csv,9b8c991816b6b26c38c2872cabec5609f7ee9bd11add286822129fde00789c4c,23703,True
SubPCA,189_SMD_id_12_Facility_tr_5925_1st_17580.csv,d96b0ebf71a342dc355d703333c9a72f657ea1d857a1cd82f538f1ac771742a3,23703,True
SubPCA,190_SMD_id_13_Facility_tr_7119_1st_15849.csv,f63e459d31659384f4def310e8f44b68ccab4f15cdfcf6a543a574d5ce5b74ef,28479,True
SubPCA,191_SMD_id_14_Facility_tr_4596_1st_4696.csv,046dffe747fcf61da84401c9190af496ce5935a14d0aa25b421622c921ed1519,22700,True
SubPCA,192_SMD_id_15_Facility_tr_5925_1st_17580.csv,208a8c10a5fca98b521538c19d147714f325fd2669da465a64ea59fe275678d7,23703,True
SubPCA,194_SMD_id_17_Facility_tr_5925_1st_17580.csv,7ea6976c1f44ea1b181c70ac0159a27a783002c629e08f96629b989d2552422b,23703,True
SubPCA,195_SMD_id_18_Facility_tr_5925_1st_17580.csv,435e49b3be8c07dcc81283de974b4d14c2b547e443c431861940fa9403ede3e9,23703,True
SubPCA,196_SMD_id_19_Facility_tr_7174_1st_21230.csv,f584cd3ab583bd14c2a8264cf1d7b0ce3c45e9e01dff317965ef824841b20abc,28696,True
SubPCA,197_SMD_id_20_Facility_tr_5000_1st_15144.csv,7095265f191c011351c09de1e75d205a23358491796c4ac0e9fb3604c48d9200,20000,True
SubPCA,198_SMD_id_21_Facility_tr_5925_1st_17580.csv,7a2795cf1a1ef2fd4421e426eca98c67ba4b7e342315f99693fd335e2ef125c1,23703,True
SubPCA,199_SMD_id_22_Facility_tr_5925_1st_17580.csv,c576da6c18a92288dbe88acf4ca52317ad460f8380061af331daff2b4abb2c7d,23703,True
SubPCA,201_SMD_id_24_Facility_tr_7174_1st_21230.csv,abc2aad2bcf50b7910dea2d05a3cf6e5068f9851b8d59e799fa0d1d5d5c6e983,28696,True
SubPCA,202_SMD_id_25_Facility_tr_6250_1st_21230.csv,3799af499cf8580bc299375b2ad15ffe95cc215be79257d9b65a30c9f8cd6fab,25000,True
SubPCA,203_SMD_id_26_Facility_tr_7174_1st_21230.csv,d1fef55cb0a2e25978483ed3a734cf35f7c127489b8031b1b5b17f8745182073,28696,True
SubPCA,204_SMD_id_27_Facility_tr_5000_1st_15144.csv,60cde871960ba778613efc11c374f44f9891ff9e7a8a8843d2c9e09ba0e940fb,20000,True
SubPCA,205_SMD_id_28_Facility_tr_5925_1st_17580.csv,1ec2204dddd45c3f11f208062a8a3008233637a424e8431d70b0d3c83c3cef8d,23703,True
SubPCA,206_SMD_id_29_Facility_tr_6250_1st_21230.csv,0c666d0cc660cdb49cea412481ed2d6c6ca404575c67899622782b686d429cb1,25000,True
SubPCA,207_SMD_id_30_Facility_tr_7174_1st_21230.csv,d010ded95e7cbf72973d469580bc047cdb850febd778ef2b0603d01f3ad870ac,28696,True
SubPCA,208_SMD_id_31_Facility_tr_5000_1st_15144.csv,93ae31febd9ca93ffae9f34c80a8589aadee9c56c334d727aa1968aa777b5b0c,20000,True
SubPCA,209_SMD_id_32_Facility_tr_5925_1st_17580.csv,d1e613cb39fc7fb27b44b4ee381b33dec6ddd4f6401ac6030178199e43b6b39b,23703,True
SubPCA,211_SMD_id_34_Facility_tr_5925_1st_17580.csv,95077b16d74135cc2908f7c82a2b3a314ea16c897e9e7d5134448a90b6cad187,23703,True
SubPCA,212_SMD_id_35_Facility_tr_5925_1st_17580.csv,4b07f0c4830997bab41f230082f2cb602883448cfd1026bb7864191f1b9f1503,23703,True
SubPCA,213_SMD_id_36_Facility_tr_5925_1st_17580.csv,ce79f353cc6e3e26172bae642d0e10ef4469d98ff8f804d11bf7ee7806618842,23703,True
SubPCA,214_SMD_id_37_Facility_tr_5925_1st_17580.csv,cb7bf4722141bd26ec0a787d6351896866e6054379450faa66f680e143cb8bb8,23703,True
SubPCA,215_SMD_id_38_Facility_tr_5925_1st_17580.csv,3dbe4a4bd10a7704118aa21b0b894ed53aadc9c2d536f83cc9069c35af3de930,23703,True
SubPCA,216_LTDB_id_1_Medical_tr_500_1st_266.csv,c8b3f05aedd1d15b14532fca2f301d753787b41ac55fb6878a5e0fbc09b46d4b,100000,True
SubPCA,218_LTDB_id_3_Medical_tr_500_1st_266.csv,fbc452493cd3e952dae0d0c9268861ebef2be3d0b5a7899e57bdc5aae76977bf,100000,True
SubPCA,219_LTDB_id_4_Medical_tr_3618_1st_3718.csv,07d7fcea95fce34b25bfa9630ce67dfa090636a80ab055513ef82111183cc72b,100000,True
SubPCA,220_LTDB_id_5_Medical_tr_500_1st_26.csv,070f69e6b4e70f45951c69068b09b37e4bb32f5ac969d23a5959f7c7f38e0168,100000,True
SubPCA,221_LTDB_id_6_Medical_tr_500_1st_26.csv,3392e60dce38ccd97848859f5c5966eab459eec82e482a216ce7fdc349fdfce1,100000,True
SubPCA,222_LTDB_id_7_Medical_tr_3618_1st_3718.csv,11fcf023c704469bf6b6ea5ac4952a510e872959c81520095da2d5f6f26854ee,100000,True
SubPCA,223_LTDB_id_8_Medical_tr_4456_1st_4556.csv,bf9310ff34496fc4eba471c7b2e2a80f13d4c7cb6c49f8ca110b12072d21832f,100000,True
SubPCA,224_LTDB_id_9_Medical_tr_4456_1st_4556.csv,b350bdd2e014995e047acdca7c871e3a3f94f0f462d5e299126b533180963cde,100000,True
SubPCA,225_MGAB_id_1_Synthetic_tr_25000_1st_38478.csv,caf48d54714e208154364c3ffba0063f81860bcf6911864980b56276da456407,100000,True
SubPCA,226_MGAB_id_2_Synthetic_tr_20000_1st_45134.csv,e73dedb575009b5fa06a5df25eae8a0f6b68f7c490d71c9dcc459217c9543408,80000,True
SubPCA,227_MGAB_id_3_Synthetic_tr_25000_1st_44340.csv,9943b563205d68376ca47a9bc5abd1fffdb73e9fc9c3223174e05faa12b55dac,100000,True
SubPCA,228_MGAB_id_4_Synthetic_tr_25000_1st_38948.csv,b164e61451f7029830e93729fdf87bebbd0c3515976dba8bd6e08e7b61d8af92,100000,True
SubPCA,229_MGAB_id_5_Synthetic_tr_25000_1st_33098.csv,b3153f386189ae3adb7aedb68c46c133f360bed77538df7b120529cdcdfa35c3,100000,True
SubPCA,231_MGAB_id_7_Synthetic_tr_25000_1st_35544.csv,26cc33e09bd4955eff7871638826d7de8cafb4f76963d8540d624fbe221de672,100000,True
SubPCA,232_MGAB_id_8_Synthetic_tr_25000_1st_32708.csv,149748979728cf58202c4392c64d6e21f50fafefbffb7695c1640bee69b244b2,100000,True
SubPCA,233_MGAB_id_9_Synthetic_tr_25000_1st_41300.csv,f7014ae50dd9a1adcbdd140266b75873288bb495985833de627a6762bfd3ff8a,100000,True
SubPCA,234_SED_id_1_Medical_tr_3740_1st_3840.csv,0db7bcc6083bb552e94c18a42c55c7f39110d6a1edd264dcfac158fa9f9cb906,19999,True
SubPCA,236_SED_id_3_Medical_tr_3740_1st_3840.csv,ffea3644b7cec699bd39a0b5da68798f3ab48c5d2cfeae9f86e2eee056679e50,39999,True
SubPCA,237_SVDB_id_1_Medical_tr_11587_1st_11687.csv,45e4462b5cb4ed22a9d117160023349ece3be3bb689f0b1ff8607542a0a9c924,130400,True
SubPCA,238_SVDB_id_2_Medical_tr_25000_1st_71963.csv,2baa021ea7764f4d8ff6b68ac346c0a4dfa08cf5829520419217430dd5b689be,100000,True
SubPCA,239_SVDB_id_3_Medical_tr_50000_1st_106634.csv,6a32dd8a2b06a35884141fb6f0e7e639c9fdf2af65411868d5c527897aa15531,230400,True
SubPCA,240_SVDB_id_4_Medical_tr_18462_1st_18562.csv,648333c8076e911ed3457705e2d9314a98064543bcce45b9cb94eea2b0de67f1,130400,True
SubPCA,241_SVDB_id_5_Medical_tr_11587_1st_11687.csv,741729753062d9a8f880915e8113e62ea9db51fdebd165acf6b73c67356e208e,130400,True
SubPCA,243_SVDB_id_7_Medical_tr_11393_1st_11493.csv,5a95cf673d8a3134d755cedd2bee5d58a0e563f21db1a3e630e672adc5e1324f,180400,True
SubPCA,244_SVDB_id_8_Medical_tr_17803_1st_17903.csv,02a2add81efdbf62e40d7e92d927d9a607f877231ed92b4e69fdfa4aadbc7c63,130400,True
SubPCA,245_SVDB_id_9_Medical_tr_12607_1st_12707.csv,9c1bb35765a76d62695279b19a82e79aa72f7e70f98d38ccc7c4967e61908c3b,180400,True
SubPCA,246_SVDB_id_10_Medical_tr_20100_1st_68460.csv,3f41da1cc86e7d738bda0a530593826c25c6739e00642356a28234d5d3b98c9d,80400,True
SubPCA,247_SVDB_id_11_Medical_tr_20100_1st_23611.csv,d771c66f7034afae6b9df1c8018a01640aa2a3b766642a69b53eed4b9c777118,80400,True
SubPCA,248_SVDB_id_12_Medical_tr_18462_1st_18562.csv,faee33ddeed8215f12d21daa2752eae82dc4745cefb977c41e9745c17d2ae66e,130400,True
SubPCA,249_SVDB_id_13_Medical_tr_50000_1st_54982.csv,374149152f5ee746e514a4d9861dad0db23a7bb3a665c7afa91ebe331e2f7816,230400,True
SubPCA,250_SVDB_id_14_Medical_tr_50000_1st_107354.csv,ef68e47649b07b228444bea1a7dcb2a13d12a92379121b1e5c7ecb90ff60c3fe,230400,True
SubPCA,251_SVDB_id_15_Medical_tr_5421_1st_5521.csv,3b71ba661071c9fb775bcc94247a36c5bd275cb51cd27bb80416736d0c1f2403,230400,True
SubPCA,253_SVDB_id_17_Medical_tr_17803_1st_17903.csv,bcee00829a16cf05e4c77fd84d4a4c1f9cbd71795bda5d1aee82333dd96611c3,130400,True
SubPCA,254_SVDB_id_18_Medical_tr_30824_1st_30924.csv,2534edcbef1d554d7872cc2e14d0680bdd17120d164f7971ed46d11702e76949,230400,True
SubPCA,255_SVDB_id_19_Medical_tr_50000_1st_54982.csv,e3e6e40c5a64290f2bdac73a370f61b84c098cc1f51e6116b0570d2f33d53a50,230400,True
SubPCA,256_SVDB_id_20_Medical_tr_6264_1st_6364.csv,a08e48ee012a8a5596d5ed67c6617d0d2a0a3711b3a5fc519a9d465091b2e94f,230400,True
SubPCA,257_TAO_id_1_Environment_tr_500_1st_3.csv,d66f323f1e3a4b646b6bb09d8360fc99b43461daee0f47383032acf29d0ae800,10000,True
SubPCA,258_TAO_id_2_Environment_tr_500_1st_4.csv,faedc8c55caef4fcb4f4ed2e6d2dc5e31a1ed1390ea5833bcac9d67c789371c9,10000,True
SubPCA,260_IOPS_id_1_WebService_tr_5000_1st_11804.csv,29be511c7099e1016a38817019168ddaf1dab8c17c4c4f6b5cee342dd1e92a4b,20000,True
SubPCA,261_IOPS_id_2_WebService_tr_2178_1st_2278.csv,02c9839c6b529ce977b1d678d5cf8e5ae749fd9f25df5d6b5234ae6ab9347d08,8784,True
SubPCA,262_IOPS_id_3_WebService_tr_7028_1st_7128.csv,93bd343b5954f13674b8b8eaae7a780d410e94b60f731fcf1fc01baf6fd4f865,125135,True
SubPCA,263_IOPS_id_4_WebService_tr_3482_1st_3582.csv,46f234fe818a00f7ba1b4e130590a2fbc64c91543d6e48f50515b949d099d9db,149123,True
SubPCA,264_IOPS_id_5_WebService_tr_11665_1st_11765.csv,99437c2507aa0209ca545a89124060a7affc0097c9cfd11f58f83395b1ed84f0,60000,True
SubPCA,266_IOPS_id_7_WebService_tr_4010_1st_4110.csv,70d66a029d154a5d6d8f2a5e1afb3c8f5ec11432391d6c5893b42c617ffdc283,89155,True
SubPCA,267_IOPS_id_8_WebService_tr_1534_1st_1882.csv,d8fc0c2a39645f1f8e73774da82a9784f3d0ff39a4fcf761a5ac215169847f0e,6138,True
SubPCA,268_IOPS_id_9_WebService_tr_6216_1st_6316.csv,a8528e22497edd56a19211e2a1f348867db0a01efd7b9d70b23d39c6f6e159ef,29133,True
SubPCA,269_IOPS_id_10_WebService_tr_1216_1st_1728.csv,f47f847aa08a45eee654a4a3b585635dae2c6aa5efaeb8c3b4112af7429803ba,4866,True
SubPCA,271_IOPS_id_12_WebService_tr_500_1st_341.csv,958fd30d1fefc1a1d6a487a2ead36e5f01b3152c71638d15985908f2396bde07,8784,True
SubPCA,272_IOPS_id_13_WebService_tr_3442_1st_3542.csv,7e0d8a9f983148c2608e629af728b0e8a30e75f8a2323487ef943f83b57e469e,149156,True
SubPCA,273_IOPS_id_14_WebService_tr_5569_1st_5669.csv,39298da49f62e43efaf8eb9792a054404e239d00566804f60372c870211e70d5,149122,True
SubPCA,274_IOPS_id_15_WebService_tr_4591_1st_4691.csv,daa7ca71f46a0cc66ec77ace76d443aaa8854ccfef50fcc5f5e809f36c33e830,149132,True
SubPCA,275_IOPS_id_16_WebService_tr_1482_1st_1582.csv,7e7d2d00ee90c42928194d259cce0e9ec50bcfe7eef881f171b86439c6a93841,8784,True
SubPCA,276_IOPS_id_17_WebService_tr_19197_1st_19297.csv,36d41409ea58663e98b5b57d19b4a25b64d15ee90ecd5b3b8ea36886aa4069bc,91370,True
SubPCA,277_NEK_id_1_WebService_tr_500_1st_17.csv,e774d6413d79dcb8a1b201b24de7b9e591f8a02c7c323bc19d174ad2ea19936c,1073,True
SubPCA,278_NEK_id_2_WebService_tr_500_1st_64.csv,fce90a4cd1e64671469d999c6e6ad3507fea5c73c1932056f9fecc721b609ef7,1073,True
SubPCA,279_NEK_id_3_WebService_tr_500_1st_974.csv,f3b60c2673832d6a48622d301df48846002bc115bb0bb3da03274c421d0e535b,1073,True
SubPCA,281_NEK_id_5_WebService_tr_500_1st_974.csv,d6669e08341ae4c9c3962ba597b3d9a7740c56009cd97f2d841243715f22ce19,1073,True
SubPCA,282_NEK_id_6_WebService_tr_500_1st_64.csv,6686eea50e472dbf35d8490d1d8cd63afa39abf87fa66ee461f22889f74f8acc,1073,True
SubPCA,283_NEK_id_7_WebService_tr_500_1st_777.csv,8127f4ee9cb5aaeb17e3fda418c5f3da79f161a2b08e0a3deca351778b64ece8,1073,True
SubPCA,284_NEK_id_8_WebService_tr_500_1st_976.csv,3c35c0abfa82562ce00fa14a7eef029bdfa33db850c495a8c44966c94219b096,1073,True
SubPCA,285_NEK_id_9_WebService_tr_500_1st_780.csv,8127f4ee9cb5aaeb17e3fda418c5f3da79f161a2b08e0a3deca351778b64ece8,1073,True
SubPCA,286_CATSv2_id_1_Sensor_tr_17792_1st_17892.csv,a7a10d95231bff2badc4fe9b7870626fafd2049dc70294d4b75781ef288126a4,300000,True
SubPCA,287_TODS_id_1_Synthetic_tr_500_1st_11.csv,ce83eeef81bbf9f7e5ffc75b7847c99b6cfd63946215e690e3f44c0577b6062f,5000,True
SubPCA,288_TODS_id_2_Synthetic_tr_500_1st_65.csv,63b63c461eabafb51dd32931b885f7166b5ef37912ee8228e486071029e6ddc5,5000,True
SubPCA,289_TODS_id_3_Synthetic_tr_500_1st_26.csv,57b83fb3eb9b71d3e497b8d0fde0b08c4dc005ae9b941113aa6dd487d1ef444e,5000,True
SubPCA,290_TODS_id_4_Synthetic_tr_500_1st_26.csv,876556ca3c84d98f48d6880b2066198238c443a15a8e2c8e94e81e3269b3e5b2,5000,True
SubPCA,292_TODS_id_6_Synthetic_tr_500_1st_11.csv,69fc340825b0f79a67bd795fe52fa2fb577f177a15f425854bc08424762f30d9,5000,True
SubPCA,293_TODS_id_7_Synthetic_tr_500_1st_7.csv,c5e18e94e94946562fb27bd671893a652f17ccff0405b27396faf3d10aebbff9,5000,True
SubPCA,294_TODS_id_8_Synthetic_tr_500_1st_200.csv,5d0a3890e80d4f1111bb224f3c6906a9e60dd424908d447442975cade968be8a,5000,True
SubPCA,295_TODS_id_9_Synthetic_tr_1250_1st_2046.csv,4aa2a064f2ed299c7c0ad121285c74cabed387c20c54a5b8b60697a4ab323002,5000,True
SubPCA,296_TODS_id_10_Synthetic_tr_500_1st_26.csv,1f2a490d41bb1c4c1567e36aac3e35bfa269e9ada0c6a2f749aa2c73561c43d8,5000,True
SubPCA,297_TODS_id_11_Synthetic_tr_500_1st_7.csv,52788a017628531363e98d08e359236cee9d2da92f5637e285970f54a66bc5c1,5000,True
SubPCA,298_TODS_id_12_Synthetic_tr_500_1st_0.csv,b5c1d7873dded7f4fc6b06521d04ecdd0afec78c7ecd35d24557a6c6f5dd1e96,5000,True
SubPCA,299_TODS_id_13_Synthetic_tr_500_1st_65.csv,8e2af1a99a197e78dcee1eea1eaaeabd251b91d52becca4f45c6261fc38904ae,5000,True
SubPCA,301_TODS_id_15_Synthetic_tr_500_1st_245.csv,a7755a5f591568093e27b55804d505a76b2cc46922526ed92974aa95b5e10f47,5000,True
SubPCA,302_Power_id_1_Facility_tr_7685_1st_7785.csv,94988aa156d26d5115127686dcdfae40b10fcff07f82f79ca72e274c88eb6342,35040,True
SubPCA,304_UCR_id_2_Medical_tr_2499_1st_7000.csv,702dabbe21292f3d1f2554cb14af6c14f72dccdc3bc1041489bdd0d48e0026a6,9998,True
SubPCA,307_UCR_id_5_Facility_tr_29895_1st_39240.csv,4a94fe57af6144502676d408d925c589026e0459a05814f64fcf29b55c1be017,119580,True
SubPCA,309_UCR_id_7_Medical_tr_3000_1st_5948.csv,47cdf82803555a2dbe270652a50064b08cc7866713555ba484786f6d60548ab5,12000,True
SubPCA,310_UCR_id_8_HumanActivity_tr_2631_1st_8285.csv,a67979416d19063c7f4bb6cb430ea1af43c430cafcbaa1e1ea2e70d041430745,10524,True
SubPCA,311_UCR_id_9_HumanActivity_tr_16000_1st_38400.csv,4e93d197aef1399a87b1abe4579ce8a3ab7aa79f203508ce0154de8dd7626fd6,64000,True
SubPCA,313_UCR_id_11_Sensor_tr_2827_1st_4711.csv,f0295b7078475eb07be4701d5595b7ca222dd1bf6a0079b7c4a534dc7b6827a2,11308,True
SubPCA,315_UCR_id_13_HumanActivity_tr_16000_1st_33070.csv,60f4e4f28ea58ad85feab5b5e67050bf16e5afaa9d2912a732b7caca450e2c47,64000,True
SubPCA,316_UCR_id_14_Sensor_tr_2833_1st_5988.csv,febb3b4d61cd9cb7ce547ffa7ac0662536f144d470f6b31cf00fbd38b57acb93,11334,True
SubPCA,319_UCR_id_17_Environment_tr_6166_1st_19280.csv,fcddb1b38c1b0d5cf558deff5d8f76c92ed00ef0cf8c787fe134dc1e9b52fd05,24667,True
SubPCA,326_UCR_id_24_Medical_tr_1875_1st_4187.csv,c138bbe97d46d2e2163795cc2d9dfcc7e99f341f914349182bdc1cae9f0c75cb,7501,True
SubPCA,331_UCR_id_29_Facility_tr_50000_1st_837400.csv,8d9056dad373aa0c4ce9c61f6381cc6c334f7a5286c79d8cdee154107c6a04aa,900000,True
SubPCA,332_UCR_id_30_Facility_tr_13750_1st_52600.csv,4120b330a0e01069ad7ef27805b85988e737ef3f77e5e97228e204fe0be51637,55000,True
SubPCA,334_UCR_id_32_HumanActivity_tr_1671_1st_2764.csv,8dedd12222cd403ac3a77c9880c65fea856eb93318434e32cce0ce271f133aef,6684,True
SubPCA,339_UCR_id_37_Sensor_tr_2750_1st_5400.csv,6b352f225c96b2d27846e3d31f6169d9218d52cfcdd271304dfc26aaa21183d5,11000,True
SubPCA,341_UCR_id_39_HumanActivity_tr_48812_1st_128430.csv,1518f4af3e80595d9b971b7f8e9ae78046ec3f9a0bdd2c1c5573cbe3c66878f9,195250,True
SubPCA,344_UCR_id_42_Sensor_tr_2851_1st_5365.csv,1e76a434159548fedc5794f76d9c1032f87bba3d006b57292efd0deb955f5a59,11406,True
SubPCA,346_UCR_id_44_Medical_tr_7456_1st_17390.csv,8f2094d6f6f828736281f17c6c970aaaeaffdb7c38abb711b2c697d7a264766a,29826,True
SubPCA,349_UCR_id_47_Facility_tr_29954_1st_74900.csv,715d112c04ece091f6345d768480bd058855b10bb21f0a6646ddcd9b77f5d687,119819,True
SubPCA,355_UCR_id_53_HumanActivity_tr_48750_1st_143411.csv,73c0a9b5732c071cf9ddd2b624e978dc3d64c6d3c2641ee5dc1ce1c64fed4923,195000,True
SubPCA,358_UCR_id_56_Facility_tr_10500_1st_29080.csv,16b0472ae79d0f0380c7b61bccb269c36a9ca8ffef6f5290fb0cc2abdc772b48,42000,True
SubPCA,361_UCR_id_59_Medical_tr_3000_1st_7175.csv,068ae5e87e8bfcf984aaaf23d0f04773f49b89b33dfe0274d051896e3a767038,12000,True
SubPCA,364_UCR_id_62_Sensor_tr_2833_1st_5988.csv,c9dddafb19db2666752538732d2172fe0bf132349afbef79438901e5846083e4,11334,True
SubPCA,369_UCR_id_67_Sensor_tr_2750_1st_5400.csv,288059bc8c649df565ffb1fb7a114f7463276a5031cfc9652620b0a21fe47c19,11000,True
SubPCA,371_UCR_id_69_Medical_tr_1853_1st_6200.csv,6ae509eb406ecda329b7de004bef5d62c9b2a50338196cca62f5ed9d381638e9,7415,True
SubPCA,373_UCR_id_71_Sensor_tr_2827_1st_5988.csv,719c09e269bdd0de8f19c034abb53e0d773daedb118ace7d52de8b69bcd0d114,11308,True
SubPCA,381_UCR_id_79_HumanActivity_tr_16000_1st_31200.csv,e46204bf57ae4f4e46788ca03002422341767384b03900493db6983a8aabac04,64000,True
SubPCA,382_UCR_id_80_Medical_tr_7500_1st_11800.csv,3a08a2cdb586243136a5f0550638faf4fc214d4ad73a9fb35cb4baafa1cc6501,30000,True
SubPCA,385_UCR_id_83_Environment_tr_2046_1st_6006.csv,5e705df0bbd939eced53695c60d7d325a17532949d925756565c8076f7bf8983,8184,True
SubPCA,387_UCR_id_85_Environment_tr_2046_1st_5549.csv,dd9175642494ccb1cd3ec902d0d7ad155ef4d6342f8907e89a2271677fac6247,8184,True
SubPCA,391_UCR_id_89_Medical_tr_1875_1st_5759.csv,7490748445845a6cffdd36e67b937b23584bf662927f0b8b18ad3ed33f8672b6,7500,True
SubPCA,393_UCR_id_91_Environment_tr_2046_1st_4852.csv,b49b8c6b73782f774bccb06bf7d335cc3121a4962fcbe49dbb8875f6c7db8495,8184,True
SubPCA,396_UCR_id_94_Medical_tr_1875_1st_5607.csv,1c7b4453183ba919ba155810c26eab9bed72af2f4dbfaebf2bfc2b2fc048123f,7501,True
SubPCA,400_UCR_id_98_Environment_tr_2046_1st_5391.csv,9d3b8a59f690e7b4937162ba3d9d2834eaddfe35f064d44acc0156c8c8b32142,8184,True
SubPCA,401_UCR_id_99_HumanActivity_tr_1671_1st_5920.csv,1c0729e853f4acb057370c7a16e5103243411a6e78e6fe1a3eb00cc705fb2203,6684,True
SubPCA,405_UCR_id_103_Sensor_tr_2827_1st_5988.csv,a759db1a44194b5ffc4920c991467164fe58eb352f751f02be699e813ca5378b,11308,True
SubPCA,406_UCR_id_104_Facility_tr_20000_1st_67950.csv,8f4995b65a5bf577aeab88280ee1204ccb77a0202fa1edf0e0f1064c6d069af5,80000,True
SubPCA,411_UCR_id_109_Environment_tr_2046_1st_4852.csv,dd55b9b8454fc212e735221f372cf5813a1539568554212922f9965b5a203665,8184,True
SubPCA,415_UCR_id_113_Medical_tr_3000_1st_8612.csv,bdf433351ba90549baee5da7d3f508aceacce609bb4578fd1b4b43c615ac528d,12000,True
SubPCA,417_UCR_id_115_Sensor_tr_2750_1st_5400.csv,f60cc0eb69a53394dc41fad5a54bdadd98ef633c0b35358032fbd798e064bd3f,11000,True
SubPCA,419_UCR_id_117_Facility_tr_3000_1st_6168.csv,f1e731d4e9f2c3f1e82b66c45debe8c94a9f0230804b4e2886428ef606b91b69,12000,True
SubPCA,420_UCR_id_118_Facility_tr_13750_1st_52600.csv,8a0378709351fd9498adf6f1d9d1f5f16a9ba7b5f65fe7fccae08ee4a68a36c9,55000,True
SubPCA,421_UCR_id_119_HumanActivity_tr_48750_1st_130700.csv,d2f237957f86643c7252d78b6e314e78f82c051cb9bcdbec35478b262489a6d8,195000,True
SubPCA,426_UCR_id_124_Sensor_tr_2827_1st_4711.csv,3f02bb95374c5d318d91baf56404159f74d56c45abdce03b7f45880c29892f4d,11308,True
SubPCA,430_UCR_id_128_HumanActivity_tr_12500_1st_46500.csv,bbf85af67e483563240414ffd34ef5491f71fd67ee020a7f26092335caa8aa48,50000,True
SubPCA,432_UCR_id_130_Facility_tr_23000_1st_26970.csv,a3790ede8082a27c9543c9d0dd170bcc2bae3e3f608c63a719e3c1253f4c2046,92000,True
SubPCA,436_UCR_id_134_Medical_tr_1875_1st_4526.csv,15462f0c8c84c01de09713e48e4f6889336502e4061139544b79ef1d6589c42c,7501,True
SubPCA,437_UCR_id_135_Medical_tr_2499_1st_8000.csv,728b5a521265e5306125d74723ab4e10017855e41497a48aff1c812f1c454918,9998,True
SubPCA,439_UCR_id_137_HumanActivity_tr_48750_1st_110800.csv,5365c2fe41bcbc48dcacc3f84fb1aca14336afb6a45035625ebedd043dbc6f77,195000,True
SubPCA,445_UCR_id_143_Environment_tr_6166_1st_19280.csv,87043b3fd8284ad9442832ca04323b619d6ad736c34065eae6e2a02a07d5506b,24667,True
SubPCA,449_UCR_id_147_Sensor_tr_2847_1st_9330.csv,662f1a51ddf54e1f183e0ae9cbd42e1e8690431e1511636d7ff3a332479dda56,11388,True
SubPCA,452_UCR_id_150_Facility_tr_10000_1st_35774.csv,7378c8dafc6a3388eb9beb20ed8870d6ee648a85a1486ca6a12a62bbd5a5ee79,40000,True
SubPCA,459_UCR_id_157_HumanActivity_tr_50000_1st_110260.csv,5130754df915f9d150078fcc9f717284bdf1d7b15f836f063a8bc0246fd0be61,200000,True
SubPCA,463_UCR_id_161_Environment_tr_2046_1st_6006.csv,6fb948d2e0e74bfb99f0e9b6e24fbff0475dd3201b4fd2568a2bc9de3e328b72,8184,True
SubPCA,467_UCR_id_165_Environment_tr_6166_1st_19280.csv,269e61c40405d49bc2f3dc2393f9ad1bdb1040c9a123174217007358aa9b7bb4,24667,True
SubPCA,471_UCR_id_169_Facility_tr_10000_1st_35774.csv,5a8840ea587bcba7b158c0247d4c4a3db933d858b66cd3adbd6f7c29df2139f2,40000,True
SubPCA,473_UCR_id_171_HumanActivity_tr_2617_1st_7290.csv,01202bdca5cbdf33753aedc9ecdc3081704f15b63b761ab76f9e3961fcf4219d,10468,True
SubPCA,474_UCR_id_172_Environment_tr_2046_1st_6520.csv,84c8da2b1f197811d055d0970650b6a35964024df74c60e74188bd204412c412,8184,True
SubPCA,493_UCR_id_191_Sensor_tr_2847_1st_9330.csv,b002c09d4c2a51b89cef1187ecdd4cbe52c22f3e2899d27dd7b4daa2e20eb7a6,11388,True
SubPCA,494_UCR_id_192_Facility_tr_22500_1st_72150.csv,ef4e5641c53ceededc5f0924da39aa0bcc88b60a00cdeea32af42f936179e9d9,90000,True
SubPCA,495_UCR_id_193_Environment_tr_2046_1st_6520.csv,4c5e1fda6100e7df4033b503d177199601373e073ef38d77b0bc99fed7650824,8184,True
SubPCA,496_UCR_id_194_Environment_tr_2046_1st_5391.csv,d085a620e6084ca2a11be0d1ef76fcd7ab198591126f75c18ae8e18bdeec36fa,8184,True
SubPCA,499_UCR_id_197_Environment_tr_2046_1st_5703.csv,cbbece18ee32d3224c0ac222d0eab5f6837637a76e1cb652cf787d9dc16a4563,8184,True
SubPCA,500_UCR_id_198_Facility_tr_7482_1st_23357.csv,3290abe42d7a2334f54bb601fc36a556f71205c2f0e1e369cea67c2328729af2,29931,True
SubPCA,504_UCR_id_202_Environment_tr_2046_1st_5549.csv,735319d05dd6b55afe0facdc12b69c9b0b77c7e22fd3079768b4ac94c3decb66,8184,True
SubPCA,506_UCR_id_204_Environment_tr_2046_1st_5549.csv,1decc46216a4ced05309e8b925f65eb51de5336367f247a65a3dea6a72b32dfc,8184,True
SubPCA,516_UCR_id_214_HumanActivity_tr_2108_1st_4702.csv,6be0fa12ab6bbdbbb6f1cce2613755810aa4d84254a13119569b461c3a51fe10,8432,True
SubPCA,517_UCR_id_215_Facility_tr_7482_1st_24005.csv,bb60422bd2d54d465dcc028a9ead5e6aa9eb7da5f57d61b778776b9d27c58345,29931,True
SubPCA,525_UCR_id_223_Facility_tr_50000_1st_250720.csv,8094efd889c5c303e0a6a4c50bb61895f1ad07c5619fbc08575558d2d0f71d5c,299790,True
SubPCA,526_UCR_id_224_Sensor_tr_2827_1st_4711.csv,6b39dc157a32bea84db936e440a2da7f88837dbecd5caabcfdb7e82c0637d49a,11308,True
SubPCA,530_UCR_id_228_HumanActivity_tr_16250_1st_38500.csv,18d2899c4676511d417ad1bb1f24c28dc203a9ae9f4db028b7ac586378a099c1,65000,True
SubPCA,531_SMAP_id_1_Sensor_tr_1811_1st_4510.csv,29907645043c06e7d08a34b345827334d2bbe3a90ce633a91c61b0b929f12c4b,7244,True
SubPCA,532_SMAP_id_2_Sensor_tr_2075_1st_5550.csv,b04cb895fd89951df852a6ba73ce116716ec887e614a390cbcba8ffa45fd8bf2,8302,True
SubPCA,533_SMAP_id_3_Sensor_tr_2052_1st_5300.csv,4cabf77c40d377fba9c45d8c68608036fe04594908776fd7653ad61478d8dfa7,8209,True
SubPCA,534_SMAP_id_4_Sensor_tr_1968_1st_4370.csv,501b4c0a533e3ed5bcf184ea94403d9195fc00aeb2e088d64c32213e24d438af,7874,True
SubPCA,536_SMAP_id_6_Sensor_tr_2160_1st_5600.csv,4997435ed933d7f138606b1c36b78694367c5f3a29d1202b82335e3764980da4,8640,True
SubPCA,537_SMAP_id_7_Sensor_tr_2077_1st_5394.csv,dbbac374bf275667499c6fe238e42d5e2f4d054fb93c3af6b28407fc707f6658,8310,True
SubPCA,538_SMAP_id_8_Sensor_tr_2007_1st_3650.csv,5c71a1822743ba8f8692ca548c26de611621bc9ff52970ca474726c9abe000c6,8029,True
SubPCA,539_SMAP_id_9_Sensor_tr_1857_1st_4270.csv,b6812d31040097dd4f8cd895ee083374d65af33f38a7483c9e56810d0968b067,7431,True
SubPCA,540_SMAP_id_10_Sensor_tr_2051_1st_4575.csv,8ce29c72ab9543abcc88ce8a7fca9303939b7f8b2367066fe2c3c95bfe6d14c2,8205,True
SubPCA,541_SMAP_id_11_Sensor_tr_1832_1st_5300.csv,9fffea3e9947103e1e727147e82c356f23fff10d8c59c69502e4664b2f35d9e6,7331,True
SubPCA,542_SMAP_id_12_Sensor_tr_1908_1st_4690.csv,e44a9c1752912adb8d76da6cc55b7f2e7d31199c2dc73ccc9d24d0f7f01d1f92,7632,True
SubPCA,544_SMAP_id_14_Sensor_tr_1978_1st_4450.csv,4bfc04bce6808bd35d1fc83ed30b9f8e87b0b3da824580ff1bfe5610457cd4ff,7914,True
SubPCA,545_SMAP_id_15_Sensor_tr_1173_1st_2750.csv,f428efaa43124cc4a8be5f14ad33434d771b58bbc21574a5f728546dcfb0e3b5,4693,True
SubPCA,546_SMAP_id_16_Sensor_tr_2117_1st_4770.csv,3f82f8c88760e9da83ab8ae6569f991e02e03ed2e79d8fc15591cf2f67cc871c,8469,True
SubPCA,547_SMAP_id_17_Sensor_tr_2133_1st_5400.csv,c31f7a48d17721aee636ca64c4ffb48b8a2a0698a88d182baebc6042344ab84d,8532,True
SubPCA,548_SMAP_id_18_Sensor_tr_2094_1st_5600.csv,c850192d1aff028ef93bf80b3b9d0f19bbc7d471150a274dfe2c8ad104afc4e3,8376,True
SubPCA,549_SMAP_id_19_Sensor_tr_1998_1st_2098.csv,79b8c2027da4b0965ca41a81b9f9bb91705271c39dd26f34e2152643a08e5540,8579,True
SubPCA,550_SWaT_id_1_Sensor_tr_43700_1st_43800.csv,ffb1ee801bddfadceba74815440575f2b36995151c35641444428f589df0b93d,419919,True
SubPCA,551_YAHOO_id_1_Synthetic_tr_500_1st_893.csv,134bc79d0323b3b2f20c502e9d80d72e11082bc78179362d132536cc44ceead9,1421,True
SubPCA,552_YAHOO_id_2_Synthetic_tr_500_1st_893.csv,bc182b8e26c8b7f2d02cffed52c096bfa6466332fad978f03f61e6c372efb58b,1421,True
SubPCA,555_YAHOO_id_5_WebService_tr_500_1st_730.csv,a5cc56caf45f78e365a967a4a58b3081694fde6d63b98f208ccc0dcb3ef30d63,1680,True
SubPCA,558_YAHOO_id_8_WebService_tr_500_1st_1125.csv,6139243fe6bedbef22416c1cbb69babbeb3aa0262b373d7a9af4799c7533aed1,1427,True
SubPCA,562_YAHOO_id_12_Synthetic_tr_500_1st_893.csv,8ab32d2e290e3f1eba34f20687a604b14c5cac6bf2c2dd771c3b6ec557fe7cbb,1421,True
SubPCA,570_YAHOO_id_20_Synthetic_tr_500_1st_658.csv,a8d7f76e73bd959af6f10f9267deddb1dccaac97d34c457d1b1962ec73943291,1421,True
SubPCA,571_YAHOO_id_21_Synthetic_tr_500_1st_623.csv,894f2b7f0038ce8cfbd2d0caa1cb195652c9435f1943d3ecef2c2ea6d0ee720a,1421,True
SubPCA,579_YAHOO_id_29_WebService_tr_500_1st_1342.csv,ba9374e270c8dc89af6d847200521c10b79df5e25ace86082d493681d4206f77,1680,True
SubPCA,603_YAHOO_id_53_Synthetic_tr_500_1st_893.csv,47df2d95d40f649a8102ed5853f8fdad897324ad7032bd6e7c4235157fcf66b8,1421,True
SubPCA,644_YAHOO_id_94_WebService_tr_500_1st_1078.csv,666fe88ae57cd60dba5e4d8a800c595688de7acc0b5f6a4531ad3cc0538c8ec8,1435,True
SubPCA,645_YAHOO_id_95_WebService_tr_500_1st_1047.csv,2a83b73b51cfad8bdf97d7783ebfd484758d3d19bb3f81e479a10f566788ac91,1680,True
SubPCA,649_YAHOO_id_99_WebService_tr_500_1st_1386.csv,3ec69e6e9f6562ca26138c9b856da672cb699d466475afe0d6f872c7cb78dcf1,1680,True
SubPCA,657_YAHOO_id_107_WebService_tr_500_1st_1260.csv,1ff599f798ebc84ff614eda48517b0a1c8753a70cf1c986238cd9583f04c8c36,1440,True
SubPCA,658_YAHOO_id_108_Synthetic_tr_500_1st_893.csv,54697f2aa09ba4bacd772149a20eb6aed3eeb8ba9df4f752a218d532a09a8a2f,1421,True
SubPCA,672_YAHOO_id_122_WebService_tr_500_1st_857.csv,c6d04717481daf76db7dd8d315304973056fa08837a7981b4ff6913303744b1e,1680,True
SubPCA,680_YAHOO_id_130_Synthetic_tr_500_1st_893.csv,23864914bee24ed1c19cff155f152008e2ac80f9ade450ce7ba1920a0159aa8d,1421,True
SubPCA,689_YAHOO_id_139_WebService_tr_500_1st_1073.csv,8ef837202ab825d5696570929173778e33ddda8305ec9e83f563854e957c22c2,1680,True
SubPCA,693_YAHOO_id_143_WebService_tr_500_1st_1003.csv,a195a9643bb2f0fe098d700b55f89bf96beb524342f3d7671692745f40a79660,1427,True
SubPCA,701_YAHOO_id_151_Synthetic_tr_500_1st_893.csv,e26616e238c02dcf10b533a2ced27a7550c9ba34c0bd129f11e0c0344215da6d,1421,True
SubPCA,723_YAHOO_id_173_WebService_tr_500_1st_1214.csv,40de9d67665ad941edbaeb354a19fc6d643ac9e740cc0166f7641fa7b6574f87,1420,True
SubPCA,724_YAHOO_id_174_WebService_tr_500_1st_1030.csv,3dec0427bdccdbaee09e2b4319527b6c76d1b8aab01d9dd67d22eee726893f95,1680,True
SubPCA,734_YAHOO_id_184_WebService_tr_500_1st_768.csv,63d42fdd924f6e850a2c49555d0d450ff6b4a6be77eafdf7e17329cd1a01e31b,1424,True
SubPCA,741_YAHOO_id_191_WebService_tr_500_1st_1114.csv,4ae4c931c5ddb2db23fdbd637b2ba93372aa22671a8811f8feb393bf608987a0,1680,True
SubPCA,755_YAHOO_id_205_Synthetic_tr_500_1st_893.csv,2b366e10a86698407e1c4748c78c2d9a7e6c2d5d83adf2e4eb81648d22e4c84d,1421,True
SubPCA,762_YAHOO_id_212_WebService_tr_500_1st_1055.csv,a166ecfaef213c1a5803543d701a778a820181674e61cd7c70196a8b7e5ac766,1680,True
SubPCA,780_YAHOO_id_230_Synthetic_tr_500_1st_893.csv,395e968241b2a912055472e630172de59b49f17dcb5878c5139c2a298f1729de,1421,True
SubPCA,788_YAHOO_id_238_WebService_tr_500_1st_973.csv,0e78e3a800e1892794e59f7e0e6b8ddc672a9838d9ea55678524874ad70d6423,1680,True
SubPCA,797_YAHOO_id_247_Synthetic_tr_500_1st_893.csv,45a4fa72c4ebfafedc3c5ba3a67d990281cd31dbc63d38952a2ab750b3e0ecc2,1421,True
SubPCA,806_YAHOO_id_256_Synthetic_tr_500_1st_893.csv,ad62c9eadae0bdda45cf90b56fde8bd3ad42138293a538d5f2617bee9afe03ba,1421,True
SubPCA,807_YAHOO_id_257_WebService_tr_500_1st_1210.csv,3ca18e006530ac1c1d275a0ca6df1f289d37859396fb274b93472f56afe9dbff,1424,True
SubPCA,810_Exathlon_id_1_Facility_tr_10766_1st_12590.csv,b0619aa94fd4f164304ecaf1932457ebcb75c8565f3a3a407d48639d14e1910c,43066,True
SubPCA,811_Exathlon_id_2_Facility_tr_10766_1st_12590.csv,2b1a7ffb34fba22b226cb22778ed1f74096983889aeeaf96046fb875146335eb,43066,True
SubPCA,812_Exathlon_id_3_Facility_tr_10766_1st_12590.csv,bc0efdc6b1c15e0372316017d98a7b087e51d462edaa0c62d39703915137e566,43066,True
SubPCA,814_Exathlon_id_5_Facility_tr_10766_1st_12590.csv,2b1a7ffb34fba22b226cb22778ed1f74096983889aeeaf96046fb875146335eb,43066,True
SubPCA,815_Exathlon_id_6_Facility_tr_10766_1st_12590.csv,bc0efdc6b1c15e0372316017d98a7b087e51d462edaa0c62d39703915137e566,43066,True
SubPCA,816_Exathlon_id_7_Facility_tr_10766_1st_12590.csv,36ab7696c365e49392ae34ad53114cf5161564c6b694eb0ee874fe219815620d,43066,True
SubPCA,817_Exathlon_id_8_Facility_tr_10766_1st_12590.csv,bc8e32ad42a79dead1f9bc8d2e64fdd442af39557ab7ed5f97cc929dbeb6eabe,43066,True
SubPCA,818_Exathlon_id_9_Facility_tr_11665_1st_13484.csv,f3c4bc0cea8bc94974b188671eb3d6dca92a84407f81a67f878521b9823d37f4,46660,True
SubPCA,819_Exathlon_id_10_Facility_tr_10766_1st_12590.csv,b849ec895dd83345f09fc99f595a335472c8ddb8ca8eb1e2b6f6e2c1c07af69b,43066,True
SubPCA,820_Exathlon_id_11_Facility_tr_11665_1st_13484.csv,aca2368d245e24d8824986a0e337c6e58ae7b874fb12f25e08726270953aec5f,46660,True
SubPCA,821_Exathlon_id_12_Facility_tr_6985_1st_7085.csv,8d1217342cb5ac7a21702d093bc7f4212225242b8d74ab0756f9b8788c3b306e,46649,True
SubPCA,822_Exathlon_id_13_Facility_tr_10766_1st_12590.csv,bc8e32ad42a79dead1f9bc8d2e64fdd442af39557ab7ed5f97cc929dbeb6eabe,43066,True
SubPCA,823_Exathlon_id_14_Facility_tr_10766_1st_12590.csv,ec6e06aaee0146948cbfef9e73424eced518bd1b9f496f5271db525b310e0367,43066,True
SubPCA,824_Exathlon_id_15_Facility_tr_10766_1st_12590.csv,65ed5bb9327b81df0264891a273781fd480be3f3c2c7b1a422111769a1ef756a,43066,True
SubPCA,826_Exathlon_id_17_Facility_tr_11665_1st_13484.csv,aca2368d245e24d8824986a0e337c6e58ae7b874fb12f25e08726270953aec5f,46660,True
SubPCA,827_Exathlon_id_18_Facility_tr_10766_1st_12590.csv,65ed5bb9327b81df0264891a273781fd480be3f3c2c7b1a422111769a1ef756a,43066,True
SubPCA,828_Exathlon_id_19_Facility_tr_11663_1st_13482.csv,742b6cd0b101f2131cf087a81c16965968e1198be615388d7db295aa5a6cda28,46655,True
SubPCA,829_Exathlon_id_20_Facility_tr_10766_1st_12590.csv,36ab7696c365e49392ae34ad53114cf5161564c6b694eb0ee874fe219815620d,43066,True
SubPCA,830_Exathlon_id_21_Facility_tr_10766_1st_12590.csv,3545ae95766c93d1949ad17b16bd7a662ee65abaadc9144aec6a381476f1e2c7,43066,True
SubPCA,831_Exathlon_id_22_Facility_tr_11665_1st_13484.csv,aca2368d245e24d8824986a0e337c6e58ae7b874fb12f25e08726270953aec5f,46660,True
SubPCA,832_Exathlon_id_23_Facility_tr_10766_1st_12590.csv,36ab7696c365e49392ae34ad53114cf5161564c6b694eb0ee874fe219815620d,43066,True
SubPCA,833_Exathlon_id_24_Facility_tr_10766_1st_12590.csv,bc0efdc6b1c15e0372316017d98a7b087e51d462edaa0c62d39703915137e566,43066,True
SubPCA,834_Exathlon_id_25_Facility_tr_11665_1st_13484.csv,aca2368d245e24d8824986a0e337c6e58ae7b874fb12f25e08726270953aec5f,46660,True
SubPCA,835_Exathlon_id_26_Facility_tr_10766_1st_12590.csv,93c3c669b950ac28bf2e708e71f9345fa4c708e551d076717c702366f043f7bf,43066,True
SubPCA,836_Exathlon_id_27_Facility_tr_10766_1st_12590.csv,bc0efdc6b1c15e0372316017d98a7b087e51d462edaa0c62d39703915137e566,43066,True
SubPCA,837_Exathlon_id_28_Facility_tr_8898_1st_8998.csv,49e6801033bf83e960102322c547323f411b006aba4833c28d33e337f2651a7e,46650,True
SubPCA,838_Exathlon_id_29_Facility_tr_10766_1st_12590.csv,bc8e32ad42a79dead1f9bc8d2e64fdd442af39557ab7ed5f97cc929dbeb6eabe,43066,True
SubPCA,839_Exathlon_id_30_Facility_tr_10766_1st_12590.csv,36ab7696c365e49392ae34ad53114cf5161564c6b694eb0ee874fe219815620d,43066,True
SubPCA,840_Exathlon_id_31_Facility_tr_10766_1st_12590.csv,65ed5bb9327b81df0264891a273781fd480be3f3c2c7b1a422111769a1ef756a,43066,True
SubPCA,841_Exathlon_id_32_Facility_tr_11663_1st_13482.csv,e5d3631ac9b73cb63b490b3582eefc5dd71f3a03e8228177a1416224d43ce44d,46655,True
SubPCA,842_OPPORTUNITY_id_1_HumanActivity_tr_7295_1st_27516.csv,dae78b5ec51128dd532c55eabca356e7cc88f423eb546ebdb507b54be3618f99,29182,True
SubPCA,843_OPPORTUNITY_id_2_HumanActivity_tr_808_1st_908.csv,706a2398ea15f13e7e09a1fd2036f209a02023f6254e5cc6e9d29f5d09de73c1,9057,True
SubPCA,844_OPPORTUNITY_id_3_HumanActivity_tr_500_1st_566.csv,df110943425315695593ab7162ef799f04fe53a36ddbc4b3eb85a51922ac0daa,15653,True
SubPCA,845_OPPORTUNITY_id_4_HumanActivity_tr_7295_1st_27516.csv,c577bd8429f4e1f151b00bc376302268e9dc777217c2d03fe5b2eadb605a51b7,29182,True
SubPCA,846_OPPORTUNITY_id_5_HumanActivity_tr_2085_1st_2185.csv,5833f73106192400c1aa7e760d54d6d33b5a0fb97bce3abbda49fc51ccbdb403,22194,True
SubPCA,847_OPPORTUNITY_id_6_HumanActivity_tr_808_1st_908.csv,54873e0ed5a086008c54dadd17866479c957affc86ce404336d5866a61d5f386,9057,True
SubPCA,848_OPPORTUNITY_id_7_HumanActivity_tr_1477_1st_1577.csv,d55447306d7b471462370ae5bcd15600be55fd76bef5fa3107c54f3152096ae5,18011,True
SubPCA,849_OPPORTUNITY_id_8_HumanActivity_tr_1100_1st_1200.csv,7319727b521cae705d1c2da8843eb2d02a0d6c02fc1765a3abe15ab16820fc38,24892,True
SubPCA,850_OPPORTUNITY_id_9_HumanActivity_tr_895_1st_995.csv,02e939c582772a4d1473989ebf4b75afd41f97d3a365ebc9adc5317db631b80c,14751,True
SubPCA,851_OPPORTUNITY_id_10_HumanActivity_tr_6213_1st_7311.csv,135373572bfa0b7d20dac10524ab07d095b699e1690cbc7d13b9e67ae4935ef5,24852,True
SubPCA,853_OPPORTUNITY_id_12_HumanActivity_tr_808_1st_908.csv,26ad34fc727011a06bd81264593ee35ac05205da74d2894eba8bc3cb08964731,9057,True
SubPCA,854_OPPORTUNITY_id_13_HumanActivity_tr_1477_1st_1577.csv,ac63679bdb4380ea9cebbdc07557b30e04200e0b2d43b53f297c3f8693dc52da,18011,True
SubPCA,855_OPPORTUNITY_id_14_HumanActivity_tr_808_1st_908.csv,296b3d7e136c9575022c460f682a01697a5ef45bdfff45893acfb9bb4eef0ae6,9057,True
SubPCA,856_OPPORTUNITY_id_15_HumanActivity_tr_808_1st_908.csv,e0e1c7a287ab33003818e7378b127f88279b7dc8d50c3f6d05b3a99ae4a1d3d7,9057,True
SubPCA,857_OPPORTUNITY_id_16_HumanActivity_tr_500_1st_566.csv,5456cc424243c582f448c06be2a23e64c1a663f86f78ccc03957170b96455428,15653,True
SubPCA,858_OPPORTUNITY_id_17_HumanActivity_tr_808_1st_908.csv,153340bcde59a8f322c899eae3e4a4e08424a151b5f5c0b897cd97143e2676f5,9057,True
SubPCA,859_OPPORTUNITY_id_18_HumanActivity_tr_895_1st_995.csv,a3236a9cc222a9db234443c493510959df27a2cac38f74d39d3813afd64caf68,14751,True
SubPCA,860_OPPORTUNITY_id_19_HumanActivity_tr_808_1st_908.csv,caa7ce73bb0d2556f52c078d7722bbd042ce26167a1bc98faac1d6495ddf91db,9057,True
SubPCA,861_OPPORTUNITY_id_20_HumanActivity_tr_2085_1st_2185.csv,f9fd9b6d964d3bdde764b0d620a206b4c23f1090a13539474d7a48b879bce6eb,22194,True
SubPCA,862_OPPORTUNITY_id_21_HumanActivity_tr_500_1st_566.csv,6b94c8ace49e61e5979429f35ce79ffe5f364a9d18eb3261753c1edf71307ae2,15653,True
SubPCA,863_OPPORTUNITY_id_22_HumanActivity_tr_808_1st_908.csv,dcad8799464ac310c2d5ae7a6f7125c8df68f09acab937066e2d969e846a484e,9057,True
SubPCA,865_OPPORTUNITY_id_24_HumanActivity_tr_2085_1st_2185.csv,6bbe11763b20bb305fa6c8e284bbd38d78f5181775c468705a2ab5b8b41fe4d8,22194,True
SubPCA,866_OPPORTUNITY_id_25_HumanActivity_tr_6213_1st_7311.csv,994076d59b75076463ee8a9f8686811f3b0458159dd1bbad5f8e7f9cb465e250,24852,True
SubPCA,867_OPPORTUNITY_id_26_HumanActivity_tr_808_1st_908.csv,aff0cb9fb32aad6a3398e5150ad10ee4b7924c0da251a2aa4122d00ca7f68fb8,9057,True
SubPCA,868_OPPORTUNITY_id_27_HumanActivity_tr_2085_1st_2185.csv,818faccc278af829f48bfede5d9cc99d938ae163f208474465ea5433522eca4c,22194,True
SubPCA,869_OPPORTUNITY_id_28_HumanActivity_tr_500_1st_566.csv,d0d4505ffa604b1350be8c8e38fa78db953d888305ac94845eb2918e7136f17c,15653,True
SubPCA,870_OPPORTUNITY_id_29_HumanActivity_tr_1477_1st_1577.csv,94dff727b4645b9c30c542ac6a664092cd1ba4f0d80ae6dc5634c8b3bcbf33dd,18011,True
POLY,001_NAB_id_1_Facility_tr_1007_1st_2014.csv,22f3a0e323ee1bf6626e73fce8de3d6e9bfb91b7eb55d4501c8b3c13a545e370,4031,True
POLY,002_NAB_id_2_WebService_tr_1500_1st_4106.csv,01cf3f0996eaab1b4506546acfb6a5a18035d2bc360a74528a304269dd2ffd3f,6000,True
POLY,005_NAB_id_5_Traffic_tr_594_1st_1645.csv,28c416585d4ddd34f9462024a3eb28677e907b0d7d0e1e343675d5021d598ba5,2379,True
POLY,006_NAB_id_6_Traffic_tr_2579_1st_5839.csv,3dd4f5689cddeec00b31c97664967ac1bd16365f2e60c1d61abf8bf0cd1ea7ef,10319,True
POLY,008_NAB_id_8_Synthetic_tr_1007_1st_2734.csv,ee0f310076f1ac4b8bf2e172ee066539011e1c706113a534a7b41d6f0244deca,4031,True
POLY,009_NAB_id_9_Traffic_tr_500_1st_438.csv,ade7232b3fd4ec1917c4e533290e5bb93c5964f8f5af69e6ba00745d55956e68,2161,True
POLY,010_NAB_id_10_WebService_tr_500_1st_271.csv,a6ae453de71ea286ecb9ca4f99fc7da1fff3eadda607f7c641c5f5e5b3dfa42a,1000,True
POLY,011_NAB_id_11_Facility_tr_1007_1st_1526.csv,71fe46c631dabb756e8db7304a9084f506a68a19271f532be0f27e9ed9850e1c,4031,True
POLY,013_NAB_id_13_Traffic_tr_623_1st_2084.csv,ebacc517804a0a97f6621b96716c4340c7dd7fc3a42d5afab3fa578ba45fed00,2494,True
POLY,014_NAB_id_14_WebService_tr_500_1st_1045.csv,4237c9e2e63feb12eaf64942001723ee34dfc3d019efbaffd1dfa0d9e5f5479c,1537,True
POLY,015_NAB_id_15_Synthetic_tr_1007_1st_2787.csv,8e721995ddb90df65ee065fda3392764ae2f62baf9db0aa2e20a49c332087360,4031,True
POLY,016_NAB_id_16_Environment_tr_1816_1st_3540.csv,eee8151187aa6d5e19463c8168baa5c4496ae9b9c7bf29ae79f48671f9245b31,7266,True
POLY,017_NAB_id_17_Synthetic_tr_1007_1st_1805.csv,4e2b9764ad9276f3e644208aaf9cc25bcc3a0afb64647be4d9383a4e29061009,4031,True
POLY,018_NAB_id_18_Facility_tr_500_1st_669.csv,44ca74278a4dcabc45aa85b128c67e8b00eec5f45434690ad81c5b4147e6dd8e,1881,True
POLY,019_NAB_id_19_Facility_tr_1007_1st_1171.csv,7c74ebbd7bdda78cc160b97449d2345aa19c464017ef608fbf3e6c57b26629fb,4031,True
POLY,020_NAB_id_20_Synthetic_tr_1007_1st_2679.csv,8f216890bf523dfb87befc5598765c483443772d16e7b8e71a78dda8774351b3,4031,True
POLY,022_NAB_id_22_Facility_tr_1007_1st_2980.csv,0302b36db38f7024594dde2303695579b70e6d926236530b206ca059c5eea23b,4031,True
POLY,023_NAB_id_23_Facility_tr_4512_1st_16551.csv,7fbd7627177544f05f58b9623143a90200a376bb3ad2a5bc52a2917e08fc2951,18049,True
POLY,024_NAB_id_24_Synthetic_tr_1007_1st_2787.csv,35efbdd23b951d8a728fac43a9afaf11724b90bbae4ac63f3ad0998d63cced21,4031,True
POLY,025_NAB_id_25_WebService_tr_3958_1st_4614.csv,4162676209dac3dbe6064356a4b8de2c4a70354b0497ec404bfe30a0a4f6d2d3,15832,True
POLY,026_NAB_id_26_Traffic_tr_624_1st_2261.csv,2c4077d8426bccd6bd9fb1157c5bafc8fe46602eca534759942ad45e7bbb9237,2499,True
POLY,027_NAB_id_27_Facility_tr_757_1st_2582.csv,034dc65326ef8ec98527fbce50040bc3cf48c41504afec40a32e5512fc326b2b,3031,True
POLY,028_NAB_id_28_Facility_tr_1007_1st_3447.csv,ee60f3c858a0a3e3da34afd7b97ff57b7dfa52d3f90f03d6fc7573bf835f264d,4031,True
POLY,032_WSD_id_4_WebService_tr_4559_1st_11822.csv,25e22185c1697ebda1b6ed84d06b13afefdb7fc29309681c49d85e8bc3aabcb7,10686,True
POLY,039_WSD_id_11_WebService_tr_1746_1st_1846.csv,7aada2f0103c659dd2678af8dec525c05a8bea4e02a59d096dda54270a171406,18219,True
POLY,040_WSD_id_12_WebService_tr_4559_1st_9714.csv,c0d1f0bec0d84798880bc2c4aad25bed31ec1b20e1b6a50bce2e214a8690848f,18236,True
POLY,043_WSD_id_15_WebService_tr_4521_1st_6828.csv,df838d08b1528d07891c080a74315b404045f56f25310b3f182b3b8af306d20f,18085,True
POLY,049_WSD_id_21_WebService_tr_4297_1st_7097.csv,a219bf6e2590d3e88a7f57e58fef0101cba5be80d1337c91f5d36119e78d7064,17189,True
POLY,054_WSD_id_26_WebService_tr_2409_1st_2509.csv,6ba41dcb943ccfd496f2068e4824f8d206bcba9a82f1f3d253bfc30619cdb5b8,18391,True
POLY,058_WSD_id_30_WebService_tr_1136_1st_1236.csv,071d6c5690c7d5698763af0b3c152342e0e9a58a1fbff1c3ae8aaf3ee14fb476,18236,True
POLY,060_WSD_id_32_WebService_tr_4576_1st_4766.csv,26d0ca96ef07724a8493942b4a4d5d00d91980b7514bcea6bf4eaa5b7eeb3628,18305,True
POLY,068_WSD_id_40_WebService_tr_4549_1st_13322.csv,cfb38238847d58add886e3fdb071d3dd211494ee5463abc6b804f475440b041c,18197,True
POLY,074_WSD_id_46_WebService_tr_990_1st_1090.csv,cdefde71f324891d2504f1ff64143218e71bc7e6a57e32cdbdf82139639014a4,18236,True
POLY,089_WSD_id_61_WebService_tr_1010_1st_1110.csv,9fc336547f6e2223a26144cd3bcc090d9c7ed3d693d7dc8bef26945814d44026,17429,True
POLY,094_WSD_id_66_WebService_tr_3309_1st_3914.csv,668e206a5304338c33db35b3a0a500872997cb4c9f75711eb93f9a3016f45463,13237,True
POLY,099_WSD_id_71_WebService_tr_4559_1st_14411.csv,a92a5e7116706783a64677df1b9487826060f6feaaf12716d5e5f32f510b9102,18236,True
POLY,106_WSD_id_78_WebService_tr_3363_1st_3463.csv,441cd67f2e613d1b8f2dffbbcb59c9aede77d3b47ffc9e36002de7e736b84c3f,18236,True
POLY,113_WSD_id_85_WebService_tr_500_1st_335.csv,5adf659bc621d5844473899d8f58185a479c8cf2856acb087ea5db206c40d802,18242,True
POLY,117_WSD_id_89_WebService_tr_3251_1st_3351.csv,2d8f11851f0b1d596a6180b23a07db5a1867a792cc396d815b3c0d7d61181416,16376,True
POLY,125_WSD_id_97_WebService_tr_2217_1st_2317.csv,ddb0ce63a105d2c0712b7ba79034a4577d05e35b441ee67412d705bca27af9e5,18250,True
POLY,130_WSD_id_102_WebService_tr_2362_1st_2462.csv,fa85b221c211a9849ac8aa0c46d84ddc9c6d5bbfa37c643a8ab6aa8e43cd70fd,18236,True
POLY,137_WSD_id_109_WebService_tr_4559_1st_14404.csv,cb793fab43dd43c2c30dcafa9521306730b36552590d9bc5fc4710006965c462,18236,True
POLY,139_WSD_id_111_WebService_tr_1701_1st_1801.csv,2ce9538b8607cd787d68101b015df35e91494bada0016bdcbbd59a52c2a23cf7,18381,True
POLY,140_MSL_id_1_Sensor_tr_530_1st_630.csv,0015982919a686d1cb7079cc5ea4c21103f4fcb4cc695512fd8329137c21f390,2430,True
POLY,141_MSL_id_2_Sensor_tr_500_1st_550.csv,01ea9453e366c921f59a699f260242ee156604316ce193e6621127484ba9a46c,2264,True
POLY,143_MSL_id_4_Sensor_tr_980_1st_3550.csv,deae072c544144c0090aa50ef721f383f9fab29ba484f1b9799810bf99938049,3922,True
POLY,144_MSL_id_5_Sensor_tr_1525_1st_4590.csv,9f9b778c16bd2f928a8db78f970e7a24f8828e7b5afa1a3b58efadcbca51c8a5,6100,True
POLY,145_MSL_id_6_Sensor_tr_530_1st_630.csv,0c1f85ed3f5cc1c0afe4f713d3a71c8d0a662b01ad19682831c10c50456dd3ce,2430,True
POLY,147_MSL_id_8_Sensor_tr_590_1st_690.csv,088738c93e3ef1a36cbf5c4848c1dc7309435813006fa5d5aa9929674cb0cf49,2430,True
POLY,148_MSL_id_9_Sensor_tr_883_1st_1238.csv,aad0f1c8dcf0495dafed06a3fba30ab3ee3868f5d75e6600b0f63e0d9a82d3e1,3535,True
POLY,149_Stock_id_1_Finance_tr_500_1st_7.csv,98201b5d2c578c219688cbcd6457aca541e7f8d436589b7e5020c7321ed21ecc,20000,True
POLY,151_Stock_id_3_Finance_tr_500_1st_62.csv,a9244e206ce905312c549589465c8051ec0034a173af33958ca954d4faba9641,10000,True
POLY,155_Stock_id_7_Finance_tr_500_1st_18.csv,820f4090608d787b810aa860bbc160b6f87b37e1dbddc1b301f4b47e6448d672,20000,True
POLY,156_Stock_id_8_Finance_tr_500_1st_24.csv,a74f2ca882ac94c8a821a6d8499f3dd8ec8f493b0ce9962955e2f3e274015560,10000,True
POLY,160_Stock_id_12_Finance_tr_500_1st_14.csv,1d08517faed9d4f74389852991ab7331856a501c8af68d40fcb5ff564d7fd3d2,20000,True
POLY,162_Stock_id_14_Finance_tr_500_1st_4.csv,c07329e56f667fddaa6a9d8cf402eee8bda973b24f4fd0b22798d874796fe312,10000,True
POLY,165_Stock_id_17_Finance_tr_500_1st_7.csv,0caa90407ac8be86c8eed7224bbfe0f844090000da76fc707005483d18274a29,20000,True
POLY,166_Stock_id_18_Finance_tr_500_1st_18.csv,9f2e5e1e5efcfe530d991dcc9282ec6f1f5484d21c0280d300f6a152af407b0f,20000,True
POLY,169_Daphnet_id_1_HumanActivity_tr_9693_1st_20732.csv,f857d733d37bf26194559637819ab26e4689395d5d428ac0e49143bd4aa73adf,38774,True
POLY,170_MITDB_id_1_Medical_tr_17675_1st_17775.csv,f366578a28be9337dad68b607f30bf25cf3da3e9d2cbe991cf74d34d45eda1ad,500000,True
POLY,171_MITDB_id_2_Medical_tr_50000_1st_88864.csv,0ee88c2a830565461044718f006b3a2a6c40ebd3dba40d1f2fb1e763c01da8a8,650000,True
POLY,172_MITDB_id_3_Medical_tr_27274_1st_27374.csv,e8373899c77e5287e87b8e7f98434c326c4b129f550703380bccc78a358d1b86,650000,True
POLY,173_MITDB_id_4_Medical_tr_13620_1st_13720.csv,6863ccc8631fc6b7459be43030995a4eea53f27c3bd18e1c4aeb509e15489c42,650000,True
POLY,175_MITDB_id_6_Medical_tr_27274_1st_27374.csv,08963e7719d0ee945da6ef04b28866e28510556637eeaf28975906e4e1286d6a,650000,True
POLY,176_MITDB_id_7_Medical_tr_6232_1st_6332.csv,d6969aef03e740a3cae7b68c28d1bf59a13c0279e5af1ce241d413a95d70fbe0,650000,True
POLY,177_MITDB_id_8_Medical_tr_17675_1st_17775.csv,a720895d29765a01f4d9d7de8f7898e44cac5ce682f97ebe44c29fe5e3f53db9,650000,True
POLY,178_SMD_id_1_Facility_tr_6000_1st_10609.csv,7318363cf9cda702206c1af67c325769d5cc533845fa8a489f7038f0a62c18c7,24000,True
POLY,179_SMD_id_2_Facility_tr_5925_1st_17580.csv,b99e985fb5cd54e24ded5cbd3b709943aa7fdcce8c77e66e7fc730a6e3036466,23703,True
POLY,180_SMD_id_3_Facility_tr_5925_1st_17580.csv,ac00a2c8e4fe9287fce4c6571b34b00ab0a8e200a9a910654e65c960fd40b111,23703,True
POLY,181_SMD_id_4_Facility_tr_5000_1st_15144.csv,bd9829c4fcb41b4c5fad19896cad3f76f0a7cd015567d917a400835d8186df2c,20000,True
POLY,183_SMD_id_6_Facility_tr_5925_1st_17580.csv,83f70a50f6fffa97ba6ebf82d3382990943177cdf34755b5a210b06f26a73286,23703,True
POLY,184_SMD_id_7_Facility_tr_7119_1st_15849.csv,75412c216f9dd19cfd9108c6a09706cde0196e8e3443776b790edd2e01377528,28479,True
POLY,185_SMD_id_8_Facility_tr_5000_1st_15144.csv,fdaab5cdfb4b9b4ea5a72de94ddaf707fc1b22bf647b286bc88e6e2d88733a94,20000,True
POLY,187_SMD_id_10_Facility_tr_5000_1st_15849.csv,fdaff1623465ea57ae3cc84665198e70881c0c3373a7d4d5577313500519e5e5,20000,True
POLY,188_SMD_id_11_Facility_tr_500_1st_392.csv,13d2d35248539b826ab1d5d7caa0705c6f07147143ef54c6c0b547c3c35dae81,23703,True
POLY,189_SMD_id_12_Facility_tr_5925_1st_17580.csv,713441ce6e898b05525035593bd8c3515b971e374ea8c9f73865f0e772526a2d,23703,True
POLY,190_SMD_id_13_Facility_tr_7119_1st_15849.csv,6432545550c97ea45fb45bd833bfd6ead3f13394981694417e5857af5f87bf8c,28479,True
POLY,191_SMD_id_14_Facility_tr_4596_1st_4696.csv,21f6f727cb7d82d78590bd06acb097e9426942ab3ad9cd0c16ac5e626c2f7a08,22700,True
POLY,192_SMD_id_15_Facility_tr_5925_1st_17580.csv,66e3dda8f6f9bf1b9e4964696f2cc72c536ca6314e1f7d2b26ee8eca95e89be8,23703,True
POLY,194_SMD_id_17_Facility_tr_5925_1st_17580.csv,f5bac0b1ea1aa36eacc638c376ee47b8b8dd2f15372ed2d61ecd3498f6d7c70a,23703,True
POLY,195_SMD_id_18_Facility_tr_5925_1st_17580.csv,d3283e53492b417f1b3077b6ae4e96f156e132424550707bc4fd7fa68de1f034,23703,True
POLY,196_SMD_id_19_Facility_tr_7174_1st_21230.csv,502cd7952b90b0e34da4bb80c86f4312fefe8fe17930e5060a5198dab8b6cc09,28696,True
POLY,197_SMD_id_20_Facility_tr_5000_1st_15144.csv,cbf448435f12edac8723520e1f9e0871fa5e5fe6a6db7aa6698a2cf4311d4f56,20000,True
POLY,198_SMD_id_21_Facility_tr_5925_1st_17580.csv,eb6c2f324aefcc5de5cdb5b348e0627236feb1d8ac8b9743494dfbec6101a264,23703,True
POLY,199_SMD_id_22_Facility_tr_5925_1st_17580.csv,910adcbc484aaa2fb803499794a4e71ca9a33edb1524ca9c44d71282e93eff87,23703,True
POLY,201_SMD_id_24_Facility_tr_7174_1st_21230.csv,ec416c12756d2fb4508661bbc95fef6292b71acebfb1ab49d6f3218250ac8a7d,28696,True
POLY,202_SMD_id_25_Facility_tr_6250_1st_21230.csv,20f74c38c86749daf0a2be7e760faada0d8f36dc79b897ab1f2ce2a6b67e9292,25000,True
POLY,203_SMD_id_26_Facility_tr_7174_1st_21230.csv,1338ca659d68fab0e435d50f13725420e7e4cba92d3b8ac5b4611e6f56a0034c,28696,True
POLY,204_SMD_id_27_Facility_tr_5000_1st_15144.csv,7735da7ad54e782970a257c4f45527467deb3ba023cac5281eff93ccb992b07c,20000,True
POLY,205_SMD_id_28_Facility_tr_5925_1st_17580.csv,74b33b42e7d8f48ca1e3738c5ee42b7799e65daaea5a1028864d70844884680b,23703,True
POLY,206_SMD_id_29_Facility_tr_6250_1st_21230.csv,6769cfe5946d8ffbdf34b9bea5dc59c29c38d7f817efa231c881c7d56fd79b80,25000,True
POLY,207_SMD_id_30_Facility_tr_7174_1st_21230.csv,39dd9ee2a4d86ffa4e1a44e7f6030a0ce40e7eb9e4a32822e1390c8fe8b986cb,28696,True
POLY,208_SMD_id_31_Facility_tr_5000_1st_15144.csv,9a9215c23ee694c67c4aaebfdc351d4d2d5f73281b813733f261f270a6f15503,20000,True
POLY,209_SMD_id_32_Facility_tr_5925_1st_17580.csv,b4355ce4ab9fb4aecffc94c6f8a4dc1e3ab355cfb505208d7bfd49a40064e4f3,23703,True
POLY,211_SMD_id_34_Facility_tr_5925_1st_17580.csv,b9bc2740841f63dabec2bceca8056c703931c9e5c950cb904479a8c87daaf370,23703,True
POLY,212_SMD_id_35_Facility_tr_5925_1st_17580.csv,5f84eb0f9ee3293217d5290fa3b932138d50f8e3b256d1877c1b488798a43982,23703,True
POLY,213_SMD_id_36_Facility_tr_5925_1st_17580.csv,2cdfcd198a05403a0be332dd5999566b38512cff8af65b07943e09313219ad75,23703,True
POLY,214_SMD_id_37_Facility_tr_5925_1st_17580.csv,998decc333724f2b9ec101e1dbf85dcbfd752e88cb610aabceac1420d15d05f6,23703,True
POLY,215_SMD_id_38_Facility_tr_5925_1st_17580.csv,c97da94943c3f11216d36e40049367a520991e3aab19de909a3ff5f533898ff4,23703,True
POLY,216_LTDB_id_1_Medical_tr_500_1st_266.csv,6cc901fc36cfb51ec3b6cb74dabcd5b53246433c7d350b0302357ee88726a212,100000,True
POLY,218_LTDB_id_3_Medical_tr_500_1st_266.csv,836d53fd76ccda95af79dffbeb8c1b372a4dc73496fdffc6419b8ac8bfd6bef5,100000,True
POLY,219_LTDB_id_4_Medical_tr_3618_1st_3718.csv,8d97e2340a3f4dc5d8cec37a792bac23a4dc2a11c24ae5ca249657ba86d1c2dd,100000,True
POLY,220_LTDB_id_5_Medical_tr_500_1st_26.csv,a536eefb9b2ae8f5489033372e5e1cb17cb84653473ef4a3fd2eebbf56dce673,100000,True
POLY,221_LTDB_id_6_Medical_tr_500_1st_26.csv,74529f44a6b0891fe4b8dc72b39372c50cb161753be4eab61d17fc1e3d64da36,100000,True
POLY,222_LTDB_id_7_Medical_tr_3618_1st_3718.csv,fbab533bc80bb1866163548fcde30d8a44ef4332cb18c14ed57005f8ce00791f,100000,True
POLY,223_LTDB_id_8_Medical_tr_4456_1st_4556.csv,68124949db8d51d83dc14f30ea7404410f2b63c82fe6c4d0b2ab082076649c06,100000,True
POLY,224_LTDB_id_9_Medical_tr_4456_1st_4556.csv,0158e54e256a4ba973914d36bc14e5a3476ef14d09621c3a62b0a518fa788f85,100000,True
POLY,225_MGAB_id_1_Synthetic_tr_25000_1st_38478.csv,d931e6e0439fc4de23396766e6236242141d0a9037f600e663a8389fd9cdf1a5,100000,True
POLY,226_MGAB_id_2_Synthetic_tr_20000_1st_45134.csv,ceac9fe5114317c35cfb990292498a520fa943f7673b2408a18dd984f145c970,80000,True
POLY,227_MGAB_id_3_Synthetic_tr_25000_1st_44340.csv,7c09db92ec0e4b33e9a904684df0d5c5c86bff544b47091d1342dec2896da54c,100000,True
POLY,228_MGAB_id_4_Synthetic_tr_25000_1st_38948.csv,cf579451958b2f4ee0e17a475a9291baa10d143d46bd5605024bdec4270e5364,100000,True
POLY,229_MGAB_id_5_Synthetic_tr_25000_1st_33098.csv,1d61fcf9e961845509e14f0a335d239d98fcd30f619ab8ec89a76fd196a42eac,100000,True
POLY,231_MGAB_id_7_Synthetic_tr_25000_1st_35544.csv,d32f9c334c88dbc4d3c8ab325b1b72810ce5fbd2ab3698cf839225827d1faeef,100000,True
POLY,232_MGAB_id_8_Synthetic_tr_25000_1st_32708.csv,e5b102c03c97978e112c72545535d231824eadec747b1a0f81cf18ad2fc96a8f,100000,True
POLY,233_MGAB_id_9_Synthetic_tr_25000_1st_41300.csv,02613ac8a45c808a98ce87a4d6ebb38c4c5ef3055ab02fa33cf83dcc604d7a99,100000,True
POLY,234_SED_id_1_Medical_tr_3740_1st_3840.csv,f2074357a401bcf9a4ecd95cfdd43c7f0d8d2c75f7056a8014e4515016c672c2,19999,True
POLY,236_SED_id_3_Medical_tr_3740_1st_3840.csv,f24b4839baa792131d33c314a36ac7b4529051e7729cca4494da9775db3b2ffb,39999,True
POLY,237_SVDB_id_1_Medical_tr_11587_1st_11687.csv,ea555aa9821cf398597fe20ce7c37e724c3ad400060b8d5a60ec292ae097f9b7,130400,True
POLY,238_SVDB_id_2_Medical_tr_25000_1st_71963.csv,2b554810a53339f332abdf0137b7c3c198bb76c6089bc308f4ae4db2163b382a,100000,True
POLY,239_SVDB_id_3_Medical_tr_50000_1st_106634.csv,731aaab5f1e63610906fb0a1edf20d9ab8eb27a92d87ecd8af21593efa1e38fe,230400,True
POLY,240_SVDB_id_4_Medical_tr_18462_1st_18562.csv,db7f41922f3cccbb13c3908bbfa641fcc7b64d069718f934df7b34062e05539e,130400,True
POLY,241_SVDB_id_5_Medical_tr_11587_1st_11687.csv,0abe8c1ad5adccfe716ec0b14e8be513b122316e2c12c02cc2299791ab086921,130400,True
POLY,243_SVDB_id_7_Medical_tr_11393_1st_11493.csv,f7739d7e18d8d16b3ea3c43bfff7ac1d92e1007e97f89429c3ac7c40018c2b40,180400,True
POLY,244_SVDB_id_8_Medical_tr_17803_1st_17903.csv,30de7bdb481d3c1736ff11bb3a1c08a8c2c4e8072755fe59ee8dd0f73c768591,130400,True
POLY,245_SVDB_id_9_Medical_tr_12607_1st_12707.csv,412a25c9e26f4aebc9b0c29dfa12db42ee9a2e718637a32e17b00937b922fe1f,180400,True
POLY,246_SVDB_id_10_Medical_tr_20100_1st_68460.csv,33cb53f5d3b3e0b3856bcc03b181583e4d305d5fc2e6d662ff64bebd2e43f33e,80400,True
POLY,247_SVDB_id_11_Medical_tr_20100_1st_23611.csv,01df5e7b7e1982768ce1ab0ec7b3c75351f7f9d9f8a19e3fc181b45421cab9d5,80400,True
POLY,248_SVDB_id_12_Medical_tr_18462_1st_18562.csv,b5660adf993e1be94b92069e731178f0cdd496b4a57f7874af02ad6e773db55e,130400,True
POLY,249_SVDB_id_13_Medical_tr_50000_1st_54982.csv,7e424ced5fc6fe2ed6fa474ef995b5a0846c3c2fd98ff89a6423a7408be7afde,230400,True
POLY,250_SVDB_id_14_Medical_tr_50000_1st_107354.csv,438d4ac63777326e461319b3a77e96df312ae5b9231577a65f12261e31be9044,230400,True
POLY,251_SVDB_id_15_Medical_tr_5421_1st_5521.csv,0f44f79fd8c81d05831b74a31952266091a17a8f1b16ce76ff24c7a9cd0efef1,230400,True
POLY,253_SVDB_id_17_Medical_tr_17803_1st_17903.csv,5d4a86ecb9a36328e09563e17a1830e0bfd86ae9753f178ce5b3726dd3657674,130400,True
POLY,254_SVDB_id_18_Medical_tr_30824_1st_30924.csv,4d6afbeec0fca178fd5385dc44f2246d5c005dd4d50d506b83f2ada4f86ff85a,230400,True
POLY,255_SVDB_id_19_Medical_tr_50000_1st_54982.csv,c1288d1dbedb8b2d57989dd5cb6c62933713c97bcf9931a81349dda37a31e58e,230400,True
POLY,256_SVDB_id_20_Medical_tr_6264_1st_6364.csv,c0d781a98865e43dc79369d065c5a0f5651c9c3aa7618bca4c861bd277e16a64,230400,True
POLY,257_TAO_id_1_Environment_tr_500_1st_3.csv,a7253dbd7e46ea769ce9a8640e4b788852d00146d442634418293a6980665246,10000,True
POLY,258_TAO_id_2_Environment_tr_500_1st_4.csv,a53b3306b23e1e5f698291bd429c9597a1dae8dff63f53cc89511a1c76cf6791,10000,True
POLY,260_IOPS_id_1_WebService_tr_5000_1st_11804.csv,f7e98ecdc437065edc22854e471e86391649ebd9e16753362b4c9026e6f433e7,20000,True
POLY,261_IOPS_id_2_WebService_tr_2178_1st_2278.csv,40fbcd17e95e7ca6fd308acf6d0728688cfed359da40eaa8bc85088e4e94478f,8784,True
POLY,262_IOPS_id_3_WebService_tr_7028_1st_7128.csv,15e0df6921ed9926722684f23807f2dee85cce6dc8b84044819d0c57f134be18,125135,True
POLY,263_IOPS_id_4_WebService_tr_3482_1st_3582.csv,4a82d2eb114aa7a9247b17e3b2fda626f1f40d1962010e03b6a7e953941f05ac,149123,True
POLY,264_IOPS_id_5_WebService_tr_11665_1st_11765.csv,e7c7e85e6546440879626e3b187f9b5be5f00834a9ef670b3ea35e9542ea5835,60000,True
POLY,266_IOPS_id_7_WebService_tr_4010_1st_4110.csv,0fea0f7269e36827332a1f737a70cd9e858eb34568d7fb76cc56efabfe70072a,89155,True
POLY,267_IOPS_id_8_WebService_tr_1534_1st_1882.csv,241fee36589f6005d39f00fef3a14cf9c0998a6bd9c4878ea5ccaafc2a20b422,6138,True
POLY,268_IOPS_id_9_WebService_tr_6216_1st_6316.csv,4a9a48b6a4c79d2f82ec9715de1d69d187c679dd4b9cb93818f57e46e6d30062,29133,True
POLY,269_IOPS_id_10_WebService_tr_1216_1st_1728.csv,1f8410991bbf3ccc3079d20fc8daa61f2ed22700a75e30189cacd7aa4464a2e1,4866,True
POLY,271_IOPS_id_12_WebService_tr_500_1st_341.csv,75d4d79058cc5ee0711f0ae4e50d6cad4a1cb3e5adf7ff6a1d7f047d678bcb23,8784,True
POLY,272_IOPS_id_13_WebService_tr_3442_1st_3542.csv,3eed38dca3e2a9f40790e56077a68c32e6040509c1dee0279392cbe9c6803887,149156,True
POLY,273_IOPS_id_14_WebService_tr_5569_1st_5669.csv,7d195fcb950bc172d0a0b8c4cb89b537a1481f8d9cedf72f02f76bed2cfd7f43,149122,True
POLY,274_IOPS_id_15_WebService_tr_4591_1st_4691.csv,5454d36b0680a9a3bf24fb0b73c4e3545554c01676e99945f9e5f9bc7e8525bf,149132,True
POLY,275_IOPS_id_16_WebService_tr_1482_1st_1582.csv,9e4cbd92e365c0d626fd393e43ab59cafb5a3b87e23b5400fde3761b6e1b7137,8784,True
POLY,276_IOPS_id_17_WebService_tr_19197_1st_19297.csv,f00f0995507a1b3a71708a15cbc0f7549e44ff81b890219b76d6a6239870d64a,91370,True
POLY,277_NEK_id_1_WebService_tr_500_1st_17.csv,4d3eb24300874b2d4fa9df5152c20f33a12157f9822b8b3d7a7b1a2d9afb0395,1073,True
POLY,278_NEK_id_2_WebService_tr_500_1st_64.csv,f02a4099005fcd1e0b24c4b01f963d133802ddd61827ff447f1b4a2876924df1,1073,True
POLY,279_NEK_id_3_WebService_tr_500_1st_974.csv,21cd1d3fecd9a092fc82a5fde5a0302837f5dfba3a8fd7f2f5724b5eef3f102b,1073,True
POLY,281_NEK_id_5_WebService_tr_500_1st_974.csv,4ab8f13190095aca01dec42fdabe2dc6b559c8f9f5022abcf6cc8ae7fa8e0ca9,1073,True
POLY,282_NEK_id_6_WebService_tr_500_1st_64.csv,11ea624fe44408532922f09451a990914394ee98a94dc5b0e2fe31dc3243a81b,1073,True
POLY,283_NEK_id_7_WebService_tr_500_1st_777.csv,42892816ce95fe89556c87d33727ac0432df4870e8f209d20fd6b9610e6923c0,1073,True
POLY,284_NEK_id_8_WebService_tr_500_1st_976.csv,448dd0060b93fd2600cc6b3721ea9beab68e2fa11e5cf5572d1f695f25589724,1073,True
POLY,285_NEK_id_9_WebService_tr_500_1st_780.csv,42892816ce95fe89556c87d33727ac0432df4870e8f209d20fd6b9610e6923c0,1073,True
POLY,286_CATSv2_id_1_Sensor_tr_17792_1st_17892.csv,a6d7d429ffabc49d9bc1b83993ff2bf05a26606196cf51c7e6323d3b75d2e18f,300000,True
POLY,287_TODS_id_1_Synthetic_tr_500_1st_11.csv,c4b59a4f50a9ef40583e57699cf3df33fdb6e8e663052e0f68c4176285e8a617,5000,True
POLY,288_TODS_id_2_Synthetic_tr_500_1st_65.csv,6a6aae82cdf95809a9f88a921bd482590f916ebcbbcf18bc7960477982e0284f,5000,True
POLY,289_TODS_id_3_Synthetic_tr_500_1st_26.csv,3d90af97b08edd6b10279ccdc2cbc149fa2a15470137678bdb003406258af1cc,5000,True
POLY,290_TODS_id_4_Synthetic_tr_500_1st_26.csv,11701f40eb880f179d7bfedd8f52a11ea4e6066f98ecb720b100eb9e7526e4d6,5000,True
POLY,292_TODS_id_6_Synthetic_tr_500_1st_11.csv,e962159eb35798b020aad8105882ffbb2e3504c1fd396e8f7dbffd3e174b1238,5000,True
POLY,293_TODS_id_7_Synthetic_tr_500_1st_7.csv,aac067753c4e0c6c47f7c26b39a9109d916a46a61c29ccab8198215e956f43b9,5000,True
POLY,294_TODS_id_8_Synthetic_tr_500_1st_200.csv,a132755004810688c505b30c1f1d2586d554a662a9581f8e1f760d9b0d1d6f8a,5000,True
POLY,295_TODS_id_9_Synthetic_tr_1250_1st_2046.csv,095fd30dcc2b59c5ee79af3ae3698a35f084a402d26e0e187102c3e0db024535,5000,True
POLY,296_TODS_id_10_Synthetic_tr_500_1st_26.csv,548fb689169b025cb947bfea47de5b8043f365bebd1499331616b7c9326d381b,5000,True
POLY,297_TODS_id_11_Synthetic_tr_500_1st_7.csv,67cbecb8be312761daa3be25a37666d755bf58c2a658263f93f16c640af9de77,5000,True
POLY,298_TODS_id_12_Synthetic_tr_500_1st_0.csv,629d6e07cfabefb2750083377d387f17e33b5a94f6600307a71b88228704f443,5000,True
POLY,299_TODS_id_13_Synthetic_tr_500_1st_65.csv,5d27d6150a42198a485c7d315e81dddc05e66c2689d0104d0b715df530b3d7b1,5000,True
POLY,301_TODS_id_15_Synthetic_tr_500_1st_245.csv,df5e25eec42ab8499217d64f5ecc7fcc11aaa14ad1a8185b35c922502308fd90,5000,True
POLY,302_Power_id_1_Facility_tr_7685_1st_7785.csv,c125519a245c0a24eccb769e184bdc933e00379b184411fb6973eaea5764a37a,35040,True
POLY,304_UCR_id_2_Medical_tr_2499_1st_7000.csv,16190f945c0704e92733ed545c051c79136f7f3d9aca9c48ae5629baafa69d3c,9998,True
POLY,307_UCR_id_5_Facility_tr_29895_1st_39240.csv,dc46bedae54d10bc52bd1b149c2635677a45aadc135321038f4dd6c124cfeb53,119580,True
POLY,309_UCR_id_7_Medical_tr_3000_1st_5948.csv,cd88f4130feeeae89ad16d909a0559ccea23f9c19ea34a65858fdd54a95c9941,12000,True
POLY,310_UCR_id_8_HumanActivity_tr_2631_1st_8285.csv,83e2bf5c0e6d9d6cbc44b5120f01791c6af1cffa959a57849a94b38a0ab1a6f8,10524,True
POLY,311_UCR_id_9_HumanActivity_tr_16000_1st_38400.csv,71bfb39a6cafe659ca4cdca535aa6c702fc965b150c7aa4cc01ecc5077d12331,64000,True
POLY,313_UCR_id_11_Sensor_tr_2827_1st_4711.csv,6a314b2e35dccb4d5520d7ea8f02751e466c44f2fcf53f2b54d8548fe35079c0,11308,True
POLY,315_UCR_id_13_HumanActivity_tr_16000_1st_33070.csv,708d934d08f4dac916f031c0183e66d93ff0ec757f9ec113123c0bee666ddca6,64000,True
POLY,316_UCR_id_14_Sensor_tr_2833_1st_5988.csv,5c69169de64a672f803aeb549016c1e5fde4b963c62fee48d0342629d036e27a,11334,True
POLY,319_UCR_id_17_Environment_tr_6166_1st_19280.csv,7fb08e64ed8d99924f2f00cf8ed3ee04569be3b6e8f9ef6548c49e5072560f99,24667,True
POLY,326_UCR_id_24_Medical_tr_1875_1st_4187.csv,002f48c3375c186eeaee4552e89b429df37bf75c64379036ffe533e3c0630ef1,7501,True
POLY,331_UCR_id_29_Facility_tr_50000_1st_837400.csv,bd70091eebd15f746d239153ce59d2717dbf84392feb888032cf8e99cfdf90fa,900000,True
POLY,332_UCR_id_30_Facility_tr_13750_1st_52600.csv,26fd17a3fee8045f21dd5dad1e22d6e422563183b75ca0d9de6fb614a52dedd8,55000,True
POLY,334_UCR_id_32_HumanActivity_tr_1671_1st_2764.csv,73800e97e640cf66774d2f57cc1a146c9377eae522fb46267340175740fba6af,6684,True
POLY,339_UCR_id_37_Sensor_tr_2750_1st_5400.csv,017f3a29f6a3625d1df1340748f2743dc0c2d822f21857c67239f0dffad0c9be,11000,True
POLY,341_UCR_id_39_HumanActivity_tr_48812_1st_128430.csv,30af1ee7cd6adb960d656e6eef3b9d59b38cb6cbf3fdc6f1474e12a14b3e885d,195250,True
POLY,344_UCR_id_42_Sensor_tr_2851_1st_5365.csv,79f4647b2a2bef0a78e8c466c47700935bb7fd0146eed821bae321a8cb45173b,11406,True
POLY,346_UCR_id_44_Medical_tr_7456_1st_17390.csv,59126f1dc31db3da5ce95db6efaa7702d79f30c24db928714be3dd9fb52681bd,29826,True
POLY,349_UCR_id_47_Facility_tr_29954_1st_74900.csv,05d428ae88bb6d79df78e0a3c034fa8f3712cc02661b7ef5b915bf0f1d207caa,119819,True
POLY,355_UCR_id_53_HumanActivity_tr_48750_1st_143411.csv,03089c1f31d02a8bc5fde169b1566a5ee849b07e6729e23a17dcdcb24e077c29,195000,True
POLY,358_UCR_id_56_Facility_tr_10500_1st_29080.csv,c5b331b92efef41f6395a0cb7f0ccc30526b85983bf5fc974a5bac3c1871b953,42000,True
POLY,361_UCR_id_59_Medical_tr_3000_1st_7175.csv,1007ca540e715b42e5a8bf24a18037adb00c3a031fbab2b34d2891ffa63a49ae,12000,True
POLY,364_UCR_id_62_Sensor_tr_2833_1st_5988.csv,e1996853b6031c4d7cbf4f0983f429d53b9162fd59292e5dc9b1b6d22f01c17e,11334,True
POLY,369_UCR_id_67_Sensor_tr_2750_1st_5400.csv,30ce7a275c664272d12b71a78e47c5fe302be5ce439be69eb6cb64f0b7d449c2,11000,True
POLY,371_UCR_id_69_Medical_tr_1853_1st_6200.csv,79dc39e9865f55539a8eb65abc780b21fa8b62f4220f3ca56f9221604ebce3fe,7415,True
POLY,373_UCR_id_71_Sensor_tr_2827_1st_5988.csv,acfe592d16a1acc7c55f1fb7c771fa958ba108056aa0aee7d87dcabd3659dd76,11308,True
POLY,381_UCR_id_79_HumanActivity_tr_16000_1st_31200.csv,b685715b32aa3b6a3d3cfbcc773d6b7c1afd34edfcfced91d99a655af35186bf,64000,True
POLY,382_UCR_id_80_Medical_tr_7500_1st_11800.csv,cb9e30f1170fa6622c610d2f42a2c91014292ab6730153f20307e2e1235fa1e3,30000,True
POLY,385_UCR_id_83_Environment_tr_2046_1st_6006.csv,78dbbe7a1bc8ca7f866d7a8b6a77a7da810551cec8b9446f6fa965eea3ab880f,8184,True
POLY,387_UCR_id_85_Environment_tr_2046_1st_5549.csv,e5ced5d2e50784db0ca2b6728fd7c2f2b5a6da117df970cb4050f508bb65e9e1,8184,True
POLY,391_UCR_id_89_Medical_tr_1875_1st_5759.csv,4c60facbbfb3ad7f2cb5b3cea27802704d907379fdd5c2d83ae467c055c5e0a2,7500,True
POLY,393_UCR_id_91_Environment_tr_2046_1st_4852.csv,53181efc1040bb31b41d0bd031048f9a366627374551f627d82e340523826e0b,8184,True
POLY,396_UCR_id_94_Medical_tr_1875_1st_5607.csv,3a39afe0e8322610c4215a0900129e80ecbe5ab1c465f80e8a2761593785e34f,7501,True
POLY,400_UCR_id_98_Environment_tr_2046_1st_5391.csv,c138da8b6f2fa809b3cdb67b941946cfbe15cb9efc7f60ef3df6bc3a6f8808cd,8184,True
POLY,401_UCR_id_99_HumanActivity_tr_1671_1st_5920.csv,0b4a881e61c37669e6f103250622fdb42ca9cd376b3e3b7b3884c57fce6aa14b,6684,True
POLY,405_UCR_id_103_Sensor_tr_2827_1st_5988.csv,ad2d897e398b9f9535c94f2c57067250db4fa9c4b2db1bd8ea39b068bce827da,11308,True
POLY,406_UCR_id_104_Facility_tr_20000_1st_67950.csv,9788e3f5bad6f7274e8ad2c2ec9f0dcb59d17f19a4d91c11f6b6ede699e42342,80000,True
POLY,411_UCR_id_109_Environment_tr_2046_1st_4852.csv,0320df54dbe92334bfca219cb527c5b894b621695bf7e527dd88194f5bf58c72,8184,True
POLY,415_UCR_id_113_Medical_tr_3000_1st_8612.csv,c6129af13479003a65853198cdd1fc47b98079a71009c211a4e17a78d4c94ebe,12000,True
POLY,417_UCR_id_115_Sensor_tr_2750_1st_5400.csv,81021ef66df79ba0bb0ad989b642f2422d6394347e000bc2c6db29c61c1cbcc0,11000,True
POLY,419_UCR_id_117_Facility_tr_3000_1st_6168.csv,1f7a41e394a662bf5f6f06a07b782bd2c4fd560c70d373a3d74effa1be23cf72,12000,True
POLY,420_UCR_id_118_Facility_tr_13750_1st_52600.csv,dd30d6de80add2720797309fbba166ed190cc423c08b175b5ce5808e83ae6418,55000,True
POLY,421_UCR_id_119_HumanActivity_tr_48750_1st_130700.csv,03db2699c44b14e8e614172d81fe62890f8059dbf41eeccaa06f750fd011666f,195000,True
POLY,426_UCR_id_124_Sensor_tr_2827_1st_4711.csv,0e927df57873789fe302071a5c4e129b94bfd9b016c49fc7f3eff9da46deacc0,11308,True
POLY,430_UCR_id_128_HumanActivity_tr_12500_1st_46500.csv,e247bc7f08d3f0a35a170d199f134882e026abe8d6fac5b461a2ba4f97221c54,50000,True
POLY,432_UCR_id_130_Facility_tr_23000_1st_26970.csv,7962e896d566930a6a2bac80e602de6cf42d377c86d441a52b529791d98c1189,92000,True
POLY,436_UCR_id_134_Medical_tr_1875_1st_4526.csv,0f21bb10549812454afd5753b0521925fd15cef091b07daf3cb43248f1d04a05,7501,True
POLY,437_UCR_id_135_Medical_tr_2499_1st_8000.csv,5f85207af37db7f8c700929a0da9aacecfc469214a1076683025ebce1557c30b,9998,True
POLY,439_UCR_id_137_HumanActivity_tr_48750_1st_110800.csv,dcaab66f01ce64459bf43a41ff06f7c3e77178992ed7a522aae8b126ed77b2ba,195000,True
POLY,445_UCR_id_143_Environment_tr_6166_1st_19280.csv,86b97425b345deffea07757b33594631750289007f11ac92074a9b75a9296578,24667,True
POLY,449_UCR_id_147_Sensor_tr_2847_1st_9330.csv,7619d8b16eaf707e8d7f9e55da38789de80668d18880101cedcf72ce10815146,11388,True
POLY,452_UCR_id_150_Facility_tr_10000_1st_35774.csv,a899c81fd20d5092a4b524b00b23cdb388af7fdee68ff1a5879c00a08ef48c04,40000,True
POLY,459_UCR_id_157_HumanActivity_tr_50000_1st_110260.csv,414d3500186c716887738c05d236a8264880f11f5eaf43a8656a61c14319fd1f,200000,True
POLY,463_UCR_id_161_Environment_tr_2046_1st_6006.csv,881affa704eb3e26559aca7d0038db5ebb02b077b4d91775c1812272ab934cee,8184,True
POLY,467_UCR_id_165_Environment_tr_6166_1st_19280.csv,bc0c4173b3a1c0ce34354e84f002a96385ac0cbb40c73c25d3dc2dc62627566d,24667,True
POLY,471_UCR_id_169_Facility_tr_10000_1st_35774.csv,4e6ff6d3d737964fba2661a4a86fd7aaf2ba9a7db4c982e43632f8a0c56664fa,40000,True
POLY,473_UCR_id_171_HumanActivity_tr_2617_1st_7290.csv,468887e329ad86a60d7497ad008172cd686393200f646595cad13e62c1de082c,10468,True
POLY,474_UCR_id_172_Environment_tr_2046_1st_6520.csv,95f318663ce9b01e26e231efcd5c1a17c178e0100d1106645db60f0484deeafe,8184,True
POLY,493_UCR_id_191_Sensor_tr_2847_1st_9330.csv,5642412557a4fe78c07258d26075655c56237bd0365c243e12bdca7388fdf6fe,11388,True
POLY,494_UCR_id_192_Facility_tr_22500_1st_72150.csv,ac851b4f4fdd91154e9cd5fca4fbb5ab2399dab3ae83974d1e5391650daec413,90000,True
POLY,495_UCR_id_193_Environment_tr_2046_1st_6520.csv,1db38704118a182e9b22d12bbb714bd18615445f13c91942fd3b25a45f1695b2,8184,True
POLY,496_UCR_id_194_Environment_tr_2046_1st_5391.csv,06f15c215ef38900e876626e14bd4ba53e188b4dbadced230fa6f7f4ca617e21,8184,True
POLY,499_UCR_id_197_Environment_tr_2046_1st_5703.csv,30e222329a9aa25828a75accb69262f81d9e3db46b3c344b4b09626e75b21f46,8184,True
POLY,500_UCR_id_198_Facility_tr_7482_1st_23357.csv,9451329c98e322f475ab28aaaa117c79d329ca0ca43fa9aeaeb00c93c971cad6,29931,True
POLY,504_UCR_id_202_Environment_tr_2046_1st_5549.csv,6961171a124cc3f19e447db268374308a50dfc4012ed6f8c1b131e5d77af9a8b,8184,True
POLY,506_UCR_id_204_Environment_tr_2046_1st_5549.csv,a00d42b5fc5c9b168f3bb22033257879a0a3f2a000b25353c013ac4f16113696,8184,True
POLY,516_UCR_id_214_HumanActivity_tr_2108_1st_4702.csv,9523d2ed1a63663d8840102b827a4f59a1785fad34233fd504c04dcb7ebc0403,8432,True
POLY,517_UCR_id_215_Facility_tr_7482_1st_24005.csv,55142ca350b79d4e84ef53856c060b5750604f3a4d16beb5030cd5d9fd388af5,29931,True
POLY,525_UCR_id_223_Facility_tr_50000_1st_250720.csv,9d90eac1b219f5334481732fa10b430d88f20f95a42023bdd494384dfb3f94c7,299790,True
POLY,526_UCR_id_224_Sensor_tr_2827_1st_4711.csv,26731f61d013c56c150b57ff8283665a6b2b84502df9bbded412526f9ae7110d,11308,True
POLY,530_UCR_id_228_HumanActivity_tr_16250_1st_38500.csv,a346dd17c43654a9b3bfbcca8b7af319f522dde36519dbab0db5e9ec2c5c2e8a,65000,True
POLY,531_SMAP_id_1_Sensor_tr_1811_1st_4510.csv,be485239a4cfd2fe5f1644c04b3eb35c9d89bd794e579b9653a9359ece8edf40,7244,True
POLY,532_SMAP_id_2_Sensor_tr_2075_1st_5550.csv,921992e8380278596e1c651bc0f4132080207457bfb894558be25543b51f2176,8302,True
POLY,533_SMAP_id_3_Sensor_tr_2052_1st_5300.csv,eb79ca9d5c841d65a01c7678fe4b1fdd6484e8738b8a2ec3cb36214782289eb1,8209,True
POLY,534_SMAP_id_4_Sensor_tr_1968_1st_4370.csv,fa36e79e03ee469ab5584d7cbc0b1d0d66fe0d50e2bc2166c8f8f443185325df,7874,True
POLY,536_SMAP_id_6_Sensor_tr_2160_1st_5600.csv,5c7bc360bdea6968bc78acd55712e4b30e661656e56a234e6d0406e29e01e294,8640,True
POLY,537_SMAP_id_7_Sensor_tr_2077_1st_5394.csv,9e5b7377876b5c7b41383e4f7ec1bd0165708bf3f297836fe141560875a6b509,8310,True
POLY,538_SMAP_id_8_Sensor_tr_2007_1st_3650.csv,314a217e657ed02acbba1635e0b1bf75f1e74b088b6fae2c5b23360b2b5ddf28,8029,True
POLY,539_SMAP_id_9_Sensor_tr_1857_1st_4270.csv,f2eedc26ffd5deb950eab11e17d22761faffd85e43a15789bed2281574c5cbfe,7431,True
POLY,540_SMAP_id_10_Sensor_tr_2051_1st_4575.csv,27ed278ca3f8e2f05424a53e1f73974c659bbcfe6375eaed7ab1ca4ec5627174,8205,True
POLY,541_SMAP_id_11_Sensor_tr_1832_1st_5300.csv,4085454830357961cecd90822af1c623f812cd76fd8c31670ac11f1ff5ddc8bb,7331,True
POLY,542_SMAP_id_12_Sensor_tr_1908_1st_4690.csv,54521dba44df7d6e93419c496e13bcf7f8cfcac683c99a7de735ed3d73c84fb1,7632,True
POLY,544_SMAP_id_14_Sensor_tr_1978_1st_4450.csv,219fbde20bccbd972571d7e4b1398c95801054cbca430933d285a6797b2d5fc6,7914,True
POLY,545_SMAP_id_15_Sensor_tr_1173_1st_2750.csv,c4ea3aff575f01ce476bbcdd7dc29920c02ebfc2d188fc1eb3dabd25978ed8d2,4693,True
POLY,546_SMAP_id_16_Sensor_tr_2117_1st_4770.csv,bfac10ad80f4b8ef239ba956505f060d5406cf46956cb8ceee2bfc6b5c7d9874,8469,True
POLY,547_SMAP_id_17_Sensor_tr_2133_1st_5400.csv,9f0f88afff01283da613a541a94613f83b6fb7b67728dc30b0d69a52505e321e,8532,True
POLY,548_SMAP_id_18_Sensor_tr_2094_1st_5600.csv,f9da145796ea49a6d539c2ae7619a9426d06536f4beabbb1b0c8368023a722cd,8376,True
POLY,549_SMAP_id_19_Sensor_tr_1998_1st_2098.csv,958f1e952db4728e6bad8f0171cd1a3909544dbb972e2fd36c49700eeb256e46,8579,True
POLY,550_SWaT_id_1_Sensor_tr_43700_1st_43800.csv,249f1d6e220d99a0490c711627091372b7f7e69f1842825346f8cd07dcecdff3,419919,True
POLY,551_YAHOO_id_1_Synthetic_tr_500_1st_893.csv,27b6f27d91a04e605470f0fd4643b435390c68d97564f7f1187f0636145cbe27,1421,True
POLY,552_YAHOO_id_2_Synthetic_tr_500_1st_893.csv,a708081021c51ca0f31874fc4ee370d959f34dda6f94876761cbd9f5d59cee04,1421,True
POLY,555_YAHOO_id_5_WebService_tr_500_1st_730.csv,5f580465b91cf74fa612aa00a132be750583fa7ed0a180f40eca141d8e67428e,1680,True
POLY,558_YAHOO_id_8_WebService_tr_500_1st_1125.csv,1b9e44ad142d96dbe8bc850994d34248abaf9d58e51fe6b6fdaefd3823491447,1427,True
POLY,562_YAHOO_id_12_Synthetic_tr_500_1st_893.csv,f4c509ac24fc9e1b379b1d8cd8e0acc74d7673c3dfbbe40ccfdf0d85a47ec638,1421,True
POLY,570_YAHOO_id_20_Synthetic_tr_500_1st_658.csv,53f49763a2d922fd64e49b2c69bc6ba22efeecad00e388e4e84e633cc69b8c5f,1421,True
POLY,571_YAHOO_id_21_Synthetic_tr_500_1st_623.csv,7b9ef5af948d501673633111ae07354e066dd204275f0f84f81d592190ec8ff2,1421,True
POLY,579_YAHOO_id_29_WebService_tr_500_1st_1342.csv,8699711118a3667b1ff3b3148b2ad99ce05f4c4489a9d6f09e6df65b1e04d750,1680,True
POLY,603_YAHOO_id_53_Synthetic_tr_500_1st_893.csv,fcce82b505bde1c3a4cb7300df6f12e5821aa386773646c672516899089bc73b,1421,True
POLY,644_YAHOO_id_94_WebService_tr_500_1st_1078.csv,c9106d937fa49ec57d765fa1b839c4486a955fe971a884befc56afe706032e70,1435,True
POLY,645_YAHOO_id_95_WebService_tr_500_1st_1047.csv,e5bc8f3fa3b94d146d351798fa949be9710f7baece2cb1113efda2e314497416,1680,True
POLY,649_YAHOO_id_99_WebService_tr_500_1st_1386.csv,bfa6298441bf7de3d483ec01685b43241af3984e4f878da51b76d8dcdb22bdce,1680,True
POLY,657_YAHOO_id_107_WebService_tr_500_1st_1260.csv,3578d7bf0fdd7685728452f52eef30592028fbbfbb5e2e7ecedd6913b724a852,1440,True
POLY,658_YAHOO_id_108_Synthetic_tr_500_1st_893.csv,e8779ce9fb4e936cc1516a79dcab53acd29f415ef48f28d9c49a7eb34e346cd6,1421,True
POLY,672_YAHOO_id_122_WebService_tr_500_1st_857.csv,cf3ad7db7021b38a2c56bed98d2ed8648934ec098082c8efb41cf497d99a5b79,1680,True
POLY,680_YAHOO_id_130_Synthetic_tr_500_1st_893.csv,6f295f06f97b5282fb1797b5cab5c1e0fa793185b0c29b212a848e91b244f9b1,1421,True
POLY,689_YAHOO_id_139_WebService_tr_500_1st_1073.csv,ff832679f37213e925d88e560894523364d6e3cc4d6dfa694e91c7f37a159c93,1680,True
POLY,693_YAHOO_id_143_WebService_tr_500_1st_1003.csv,1efcdb181cd454a3a161430dd0182937015a68f0661343270a8347103816fa2f,1427,True
POLY,701_YAHOO_id_151_Synthetic_tr_500_1st_893.csv,9fd3b56e0da868bd3058c722538cfb7d958bf78c56f5fb44bd9b134fc95c1171,1421,True
POLY,723_YAHOO_id_173_WebService_tr_500_1st_1214.csv,948f147b4c2a767185914a81c9b121df9c0453617ef87468b2e266ea999cea49,1420,True
POLY,724_YAHOO_id_174_WebService_tr_500_1st_1030.csv,ad4515d4c5633a75dbad63759b3d49dfd3cc2ad82aee0e01adfdb3d00cd5518a,1680,True
POLY,734_YAHOO_id_184_WebService_tr_500_1st_768.csv,a217edbeef0ca8fa5a06235b6520d04238ca120a606ceac0a8c8746dd9838037,1424,True
POLY,741_YAHOO_id_191_WebService_tr_500_1st_1114.csv,80bfa84391a76d5fe7f50fc76af9876d62c36c00c5f2b643b18295d6c3e734e5,1680,True
POLY,755_YAHOO_id_205_Synthetic_tr_500_1st_893.csv,f2a66e70ea8ab99b4585036528be51db1adab1481e58750a9aaf624720a0f641,1421,True
POLY,762_YAHOO_id_212_WebService_tr_500_1st_1055.csv,cc29858b6c01dacdeb807e5650a704bfd3de4ed0770e99982e6e755be0cd5b9c,1680,True
POLY,780_YAHOO_id_230_Synthetic_tr_500_1st_893.csv,044c14ad3f636542ae163da4565062ba57928d786579ecdb51d7cbedf01295c3,1421,True
POLY,788_YAHOO_id_238_WebService_tr_500_1st_973.csv,f617fea91e00f81277854c6261606aaa6709ca0571c353e8b9b6bb39c02c1a30,1680,True
POLY,797_YAHOO_id_247_Synthetic_tr_500_1st_893.csv,39ffc32c1d7d0242d0fde7297c1477453ff34c11651c1dd69bfb53d785910449,1421,True
POLY,806_YAHOO_id_256_Synthetic_tr_500_1st_893.csv,ef36e76e1783fea0243e1b760ce73b9ea7c5ee9702f8978a29e99919e9b1f497,1421,True
POLY,807_YAHOO_id_257_WebService_tr_500_1st_1210.csv,3a20fb418daeaf702fb744a593807ec2eb27b9c4843854afee0252369e680e4a,1424,True
POLY,810_Exathlon_id_1_Facility_tr_10766_1st_12590.csv,3a29239dc28bad3f59c80a0e7e2439dffa0b1541d2b102bcaba697a0e60698ef,43066,True
POLY,811_Exathlon_id_2_Facility_tr_10766_1st_12590.csv,3637ca782c1b1f09e919a308a01c2b9228f4acf7f7778903ecf6ee83b4c73b74,43066,True
POLY,812_Exathlon_id_3_Facility_tr_10766_1st_12590.csv,2aa96d8c02f9e3f299b1789f9bcdc4719f2f7d207117ba3ed571c3c71db997a7,43066,True
POLY,814_Exathlon_id_5_Facility_tr_10766_1st_12590.csv,3637ca782c1b1f09e919a308a01c2b9228f4acf7f7778903ecf6ee83b4c73b74,43066,True
POLY,815_Exathlon_id_6_Facility_tr_10766_1st_12590.csv,2aa96d8c02f9e3f299b1789f9bcdc4719f2f7d207117ba3ed571c3c71db997a7,43066,True
POLY,816_Exathlon_id_7_Facility_tr_10766_1st_12590.csv,b97c46e1bc138f9ee85c1f80edf4c3448a9fee4ee6b3678c3ed3741caa559018,43066,True
POLY,817_Exathlon_id_8_Facility_tr_10766_1st_12590.csv,c5fe49e075b2cf47e6a18d94073e5df9c278b4b2b11766f57540e9a4d632ec49,43066,True
POLY,818_Exathlon_id_9_Facility_tr_11665_1st_13484.csv,efb8b6178ca538e9f64735b961b70a213da835d1d9e28a614d203964f682ce66,46660,True
POLY,819_Exathlon_id_10_Facility_tr_10766_1st_12590.csv,afbe123c6da1f0b3f75ceb1c545fba86cf530a0d984ec604a3a25610254caf5c,43066,True
POLY,820_Exathlon_id_11_Facility_tr_11665_1st_13484.csv,e003b8c5d8d34ad925d290961b9e1cd0d75ed32fbcd84902d48b618f2dd9d1d3,46660,True
POLY,821_Exathlon_id_12_Facility_tr_6985_1st_7085.csv,0d13c93fa92d3e6c4fc7dc339cb300c8c8d644c0d92b0998385877ddcae780b7,46649,True
POLY,822_Exathlon_id_13_Facility_tr_10766_1st_12590.csv,c5fe49e075b2cf47e6a18d94073e5df9c278b4b2b11766f57540e9a4d632ec49,43066,True
POLY,823_Exathlon_id_14_Facility_tr_10766_1st_12590.csv,1c6c0881fc01c3c07b200714bf56f945fcb03c04349742fed914fbef9329eb7d,43066,True
POLY,824_Exathlon_id_15_Facility_tr_10766_1st_12590.csv,d03017b8ca9b89946e9a2052c8e90f86d354cd827e63085c93059c9343b8f1d0,43066,True
POLY,826_Exathlon_id_17_Facility_tr_11665_1st_13484.csv,e003b8c5d8d34ad925d290961b9e1cd0d75ed32fbcd84902d48b618f2dd9d1d3,46660,True
POLY,827_Exathlon_id_18_Facility_tr_10766_1st_12590.csv,d03017b8ca9b89946e9a2052c8e90f86d354cd827e63085c93059c9343b8f1d0,43066,True
POLY,828_Exathlon_id_19_Facility_tr_11663_1st_13482.csv,6e342eee456be23542a8a12dd27084a3c48ca4543e2a2a129bd3371f28e28945,46655,True
POLY,829_Exathlon_id_20_Facility_tr_10766_1st_12590.csv,b97c46e1bc138f9ee85c1f80edf4c3448a9fee4ee6b3678c3ed3741caa559018,43066,True
POLY,830_Exathlon_id_21_Facility_tr_10766_1st_12590.csv,cc08300e215a9d60b265a03a8ed7815fb86da4aeb1f4e65222f9f390571ce7a1,43066,True
POLY,831_Exathlon_id_22_Facility_tr_11665_1st_13484.csv,e003b8c5d8d34ad925d290961b9e1cd0d75ed32fbcd84902d48b618f2dd9d1d3,46660,True
POLY,832_Exathlon_id_23_Facility_tr_10766_1st_12590.csv,b97c46e1bc138f9ee85c1f80edf4c3448a9fee4ee6b3678c3ed3741caa559018,43066,True
POLY,833_Exathlon_id_24_Facility_tr_10766_1st_12590.csv,2aa96d8c02f9e3f299b1789f9bcdc4719f2f7d207117ba3ed571c3c71db997a7,43066,True
POLY,834_Exathlon_id_25_Facility_tr_11665_1st_13484.csv,e003b8c5d8d34ad925d290961b9e1cd0d75ed32fbcd84902d48b618f2dd9d1d3,46660,True
POLY,835_Exathlon_id_26_Facility_tr_10766_1st_12590.csv,c62f9607aca3727e95b32ef532e0e5733a10872a67929ac87407dc34b033582e,43066,True
POLY,836_Exathlon_id_27_Facility_tr_10766_1st_12590.csv,2aa96d8c02f9e3f299b1789f9bcdc4719f2f7d207117ba3ed571c3c71db997a7,43066,True
POLY,837_Exathlon_id_28_Facility_tr_8898_1st_8998.csv,00cd5512df390c03d093bd1d3391df2f53bf2f96979c6d778733960a5b416b36,46650,True
POLY,838_Exathlon_id_29_Facility_tr_10766_1st_12590.csv,c5fe49e075b2cf47e6a18d94073e5df9c278b4b2b11766f57540e9a4d632ec49,43066,True
POLY,839_Exathlon_id_30_Facility_tr_10766_1st_12590.csv,b97c46e1bc138f9ee85c1f80edf4c3448a9fee4ee6b3678c3ed3741caa559018,43066,True
POLY,840_Exathlon_id_31_Facility_tr_10766_1st_12590.csv,d03017b8ca9b89946e9a2052c8e90f86d354cd827e63085c93059c9343b8f1d0,43066,True
POLY,841_Exathlon_id_32_Facility_tr_11663_1st_13482.csv,2fff5353eb63cb0b64bd5559dbe3067dd5d805d9ab3e9d520d67347d46eed6d8,46655,True
POLY,842_OPPORTUNITY_id_1_HumanActivity_tr_7295_1st_27516.csv,9b2acc2ce6fa92b2d7ed87c6af376bf3c173dbbae7c8564057802bcb1441c1e8,29182,True
POLY,843_OPPORTUNITY_id_2_HumanActivity_tr_808_1st_908.csv,ea99008132bbb7f5463d8b3acd03954be1664ba06be283c1839d38201eff9ae4,9057,True
POLY,844_OPPORTUNITY_id_3_HumanActivity_tr_500_1st_566.csv,b654d757375bd9730ecc45fa6920b2dd9a0ece60a3d7f068b908d36413e8f209,15653,True
POLY,845_OPPORTUNITY_id_4_HumanActivity_tr_7295_1st_27516.csv,bbce1621b8602f98c8a1250619572548f5a2590299828d76bac2124137ddb87c,29182,True
POLY,846_OPPORTUNITY_id_5_HumanActivity_tr_2085_1st_2185.csv,95d7af5420faeae9d112890684c7dc641784c2e7de17d5c8ddec49a97dfded47,22194,True
POLY,847_OPPORTUNITY_id_6_HumanActivity_tr_808_1st_908.csv,8480dfa59e9516efdbfc582909d4b07f16d6881977aa684b34cbddb60546dfc8,9057,True
POLY,848_OPPORTUNITY_id_7_HumanActivity_tr_1477_1st_1577.csv,d7abc38fea02603edad7b8508bfee97c2a2a2b2f52050b1dcc0b23f84245b183,18011,True
POLY,849_OPPORTUNITY_id_8_HumanActivity_tr_1100_1st_1200.csv,9627ab7bb5497586c52491363b3f4a1a2986f8e39aafa30dfeab05a484370e9d,24892,True
POLY,850_OPPORTUNITY_id_9_HumanActivity_tr_895_1st_995.csv,37ce233b24db0f486fc3871db7ceb49cfa353d883727ea638ad19fac3afa1dba,14751,True
POLY,851_OPPORTUNITY_id_10_HumanActivity_tr_6213_1st_7311.csv,dde445f7170bc42632e1b1d48d9f812e087483fd5f4bc755dd64a13f64836afc,24852,True
POLY,853_OPPORTUNITY_id_12_HumanActivity_tr_808_1st_908.csv,8326a5b2f694315fa665c0a647ecf9eaab6b590f2badd498613eabdb453b62fb,9057,True
POLY,854_OPPORTUNITY_id_13_HumanActivity_tr_1477_1st_1577.csv,1b5b051d41ac6dc39fcec2703b48bde0e95bb713fbe8d96147209144a8cc87e8,18011,True
POLY,855_OPPORTUNITY_id_14_HumanActivity_tr_808_1st_908.csv,816ee20f76646f47adda3504c4dc5894a7def78cfeef8a527193d56c28ccc159,9057,True
POLY,856_OPPORTUNITY_id_15_HumanActivity_tr_808_1st_908.csv,cc70a5957ca17cac02153b0a2ec6a37e8d6cf48a8ddf3a41b7459d4efc29e19c,9057,True
POLY,857_OPPORTUNITY_id_16_HumanActivity_tr_500_1st_566.csv,ccd6cc171232aa88bb95958a9da3b90b67108ff27f84f8b1f846a33ee171f959,15653,True
POLY,858_OPPORTUNITY_id_17_HumanActivity_tr_808_1st_908.csv,25533885475328fec9745c93a9f3f1b906ac5726fbb30527f8623f51819d313e,9057,True
POLY,859_OPPORTUNITY_id_18_HumanActivity_tr_895_1st_995.csv,bb4345218eeabe6e06b23372f18db78bfb942499d9b6419a93f17a916732e980,14751,True
POLY,860_OPPORTUNITY_id_19_HumanActivity_tr_808_1st_908.csv,f541b7c9d6e5257df33476e6599dc0b724eee9a463f2d03bc6f560fd7224a781,9057,True
POLY,861_OPPORTUNITY_id_20_HumanActivity_tr_2085_1st_2185.csv,97280d12e492790c20d83c5649bf0836500044a74ccba97baf8025c5252a17a7,22194,True
POLY,862_OPPORTUNITY_id_21_HumanActivity_tr_500_1st_566.csv,cfff79b8f79c47dda0ad7fbf92221aaded0876082f28fbd69f5002120e9e5259,15653,True
POLY,863_OPPORTUNITY_id_22_HumanActivity_tr_808_1st_908.csv,b5729724a13631faf10194d6cd1a7fe5a2d218260229eea06414f7f6c04ba3a8,9057,True
POLY,865_OPPORTUNITY_id_24_HumanActivity_tr_2085_1st_2185.csv,7f395a7fa1669ba7560c85c7b8af4dba2e554b2d5c7cf9ce51def82594b350f8,22194,True
POLY,866_OPPORTUNITY_id_25_HumanActivity_tr_6213_1st_7311.csv,44576136bfa20595f7304bace7dbaa30b0d61e639afbf72bbc3923ea9a9293e3,24852,True
POLY,867_OPPORTUNITY_id_26_HumanActivity_tr_808_1st_908.csv,b92a2b1411a3b246c6f55af3911e14b2528dd9190d86caa4eab8b291bb5f8e2e,9057,True
POLY,868_OPPORTUNITY_id_27_HumanActivity_tr_2085_1st_2185.csv,5426af44cbb7a108cad19dc2fc64c331d8d72d69fa28794661e4426a9c8c44a4,22194,True
POLY,869_OPPORTUNITY_id_28_HumanActivity_tr_500_1st_566.csv,2dc15303e54f896e4b51428d1e537eef47ab82388a5e123c65fc7dad47a01577,15653,True
POLY,870_OPPORTUNITY_id_29_HumanActivity_tr_1477_1st_1577.csv,1f68b862044e114e56851311c92d2a15a6ab72ce1dac5eccad6cae6b311d7390,18011,True
MOMENT_FT,001_NAB_id_1_Facility_tr_1007_1st_2014.csv,0f586d87e9ca4831dc99ef8ed955b22d60255e6fcbde721880dc3bc47ecd063f,4031,True
MOMENT_FT,002_NAB_id_2_WebService_tr_1500_1st_4106.csv,3fdacd2c6e27edbcca352f99678af91c63a86423e43ca6b744ad80313e143f53,6000,True
MOMENT_FT,005_NAB_id_5_Traffic_tr_594_1st_1645.csv,54b6b6f0e50103ca0061ffeb52b25799c7280b0a3952a5d96dd46fcbae77ccab,2379,True
MOMENT_FT,006_NAB_id_6_Traffic_tr_2579_1st_5839.csv,7d69a7df93dcb68653db410c338c42cf0bc272ef07120662c6993a20940d93c6,10319,True
MOMENT_FT,008_NAB_id_8_Synthetic_tr_1007_1st_2734.csv,49f7907b8e09965eb5d7bae8dcc3d835ca2c53d230d72f5570da6c4e5dc13af5,4031,True
MOMENT_FT,009_NAB_id_9_Traffic_tr_500_1st_438.csv,9e892bbef8d0e1cb525107a44329f1829655fff7971cab35a86bd391ffc4bf63,2161,True
MOMENT_FT,010_NAB_id_10_WebService_tr_500_1st_271.csv,1cdd23f5b8d7597e743198106d4162240cfa22763bfa4a2e98b6701d1b1fbec4,1000,True
MOMENT_FT,011_NAB_id_11_Facility_tr_1007_1st_1526.csv,b55d3155807848513f2e8d61037ec2ab1f595fc17c6e67a377b9e29a24822ee4,4031,True
MOMENT_FT,013_NAB_id_13_Traffic_tr_623_1st_2084.csv,600a49258a17a1d32b0126d413fc682261bb879566b622037915e4d5e4b92376,2494,True
MOMENT_FT,014_NAB_id_14_WebService_tr_500_1st_1045.csv,e430557149f2bae0f4aed9336ecaeeb3aa51dbd0a394892a226dd1b2e7f91e29,1537,True
MOMENT_FT,015_NAB_id_15_Synthetic_tr_1007_1st_2787.csv,b4d9a829eed512a4a85d189849b0ac9a68c6fdf1ac079beed28a0d6439bac271,4031,True
MOMENT_FT,016_NAB_id_16_Environment_tr_1816_1st_3540.csv,80e0e41285274395650f628aba3ac18fbb72962e5ffe01621b34adfdfaa5bbf2,7266,True
MOMENT_FT,017_NAB_id_17_Synthetic_tr_1007_1st_1805.csv,8bab801d171083de4aa6db9fa2af5dc340c51e4681d41423a41fbb0a3b1c9e78,4031,True
MOMENT_FT,018_NAB_id_18_Facility_tr_500_1st_669.csv,f26a6456a03c1eb31d13c632b71ac706e95c488407c661ff939b7eaa631f948a,1881,True
MOMENT_FT,019_NAB_id_19_Facility_tr_1007_1st_1171.csv,33a29e3a6bc0b642806d56d2c5d8bb0affcb529e838c1dfacf90b847aa3a47b9,4031,True
MOMENT_FT,020_NAB_id_20_Synthetic_tr_1007_1st_2679.csv,832dc2213e6b07e633e2ac8e65e5dc9fb6a91464ad7ac1dfacce1077edc88c59,4031,True
MOMENT_FT,022_NAB_id_22_Facility_tr_1007_1st_2980.csv,c2063bec32e10ea6bc550f4bbca87c5b0c8f3a87c155660a045d11c27caf6826,4031,True
MOMENT_FT,023_NAB_id_23_Facility_tr_4512_1st_16551.csv,4eb8a65386f6a09662cc8b5b1889ecf9808361e2cfd1b62def4da01b7defe959,18049,True
MOMENT_FT,024_NAB_id_24_Synthetic_tr_1007_1st_2787.csv,6ff61b36ef2b023261765e917d2e88e11e9a7c4a6c9fa6283f092fc074a0c5f3,4031,True
MOMENT_FT,025_NAB_id_25_WebService_tr_3958_1st_4614.csv,6254ccd1e20a878655bc05b335054425721a3c5dfe576068445e66a9e54eca7c,15832,True
MOMENT_FT,026_NAB_id_26_Traffic_tr_624_1st_2261.csv,00c5912db60c8cafd2e5092beb379a531fb4e27c1ece30fba3b43269e8b9bc87,2499,True
MOMENT_FT,027_NAB_id_27_Facility_tr_757_1st_2582.csv,cf8d7d2a54409131cd772c102baaf751e3b92775d857422892854e6ab58a879f,3031,True
MOMENT_FT,028_NAB_id_28_Facility_tr_1007_1st_3447.csv,5c13a8ac66506159a221715bb6c3b84e1f4a555819d5c5439fdc4adf9f1154a6,4031,True
MOMENT_FT,032_WSD_id_4_WebService_tr_4559_1st_11822.csv,e7b4831139e50c2a7fdbcc8fb723898153e2cd4ff6e75c09d9804ba133d02fb2,10686,True
MOMENT_FT,039_WSD_id_11_WebService_tr_1746_1st_1846.csv,0b69ce1bee2c625fd9c29fe95b73c8d329fd59e87f891ecf8ee476e242a59523,18219,True
MOMENT_FT,040_WSD_id_12_WebService_tr_4559_1st_9714.csv,b7848f049443ac75bf7dd82a3e957e17aa1654ab460e4e9b7b0e76747d4a431c,18236,True
MOMENT_FT,043_WSD_id_15_WebService_tr_4521_1st_6828.csv,998381374559ed2ec7244c27bc3af0d0f92262df935515d9f2d473ba9d36fea7,18085,True
MOMENT_FT,049_WSD_id_21_WebService_tr_4297_1st_7097.csv,6cba330c2b7c87998f427ddc388432c3d4c4f1dfe1ac611963ea4e7e2ee2e60a,17189,True
MOMENT_FT,054_WSD_id_26_WebService_tr_2409_1st_2509.csv,05f6033acd749af9c0a1d25ab3f16308b5b8551fdbf0b194f29c7b9866867220,18391,True
MOMENT_FT,058_WSD_id_30_WebService_tr_1136_1st_1236.csv,14cc2b855069b25e2c80d72ae80c42b6d978cc52e6e4a5e50804bfb743a8d98e,18236,True
MOMENT_FT,060_WSD_id_32_WebService_tr_4576_1st_4766.csv,506d0bf4f84b2ae63f25839f42e13e2e21891f3c2713a52d29f173beb6f9683b,18305,True
MOMENT_FT,068_WSD_id_40_WebService_tr_4549_1st_13322.csv,1f73afe3243a9b6536b838803a36b6e698ad18710e3a2c901823b10c77f6a8c1,18197,True
MOMENT_FT,074_WSD_id_46_WebService_tr_990_1st_1090.csv,cf50fcba1561d88cae9cb9d5bde6cba2dad9ca48bcddee68328ed00601e92a59,18236,True
MOMENT_FT,089_WSD_id_61_WebService_tr_1010_1st_1110.csv,fc8a90d92fe600d7087fda6b9e98e59cb3e92f315c8b6d0da5227903442b6c06,17429,True
MOMENT_FT,094_WSD_id_66_WebService_tr_3309_1st_3914.csv,61f2a17a1ed6e927f8e5ccbd3c0982c717a292750f90f939c38b2193cfe0a31b,13237,True
MOMENT_FT,099_WSD_id_71_WebService_tr_4559_1st_14411.csv,3216eff8308d52e5febf04ae2c98186db9669ccfcea7ac8d741bfbb18a974ced,18236,True
MOMENT_FT,106_WSD_id_78_WebService_tr_3363_1st_3463.csv,304dc0a32f184882f7d375f4a8a7e4cd569fd6b5ee54e602be1b142ba1ae538c,18236,True
MOMENT_FT,113_WSD_id_85_WebService_tr_500_1st_335.csv,fd85e8c190563cb3344d017656d3e5a46a429547cc7f07d197b9fb373b57fb34,18242,True
MOMENT_FT,117_WSD_id_89_WebService_tr_3251_1st_3351.csv,44c87d8995e2fbef102513b3de35733fbf7db62637b41ee96135c868ce412cf5,16376,True
MOMENT_FT,125_WSD_id_97_WebService_tr_2217_1st_2317.csv,5837c81bc0d0e5a78547ab657f3e4f05c86a80ff9b2891623969996a7b3618ff,18250,True
MOMENT_FT,130_WSD_id_102_WebService_tr_2362_1st_2462.csv,494ae40cc46bdd6dc8da23435eccf31258e043805dbd2fa6fff556070b4914ad,18236,True
MOMENT_FT,137_WSD_id_109_WebService_tr_4559_1st_14404.csv,5ca1693830fbea9ceffcb099b3a28133303204e57a81642265bb13acfdbbf637,18236,True
MOMENT_FT,139_WSD_id_111_WebService_tr_1701_1st_1801.csv,936e23be759675fa6358a482cb4104567355d7794a0ff674873045b6136bb992,18381,True
MOMENT_FT,140_MSL_id_1_Sensor_tr_530_1st_630.csv,955fca7aafa1255562a64d9e517c592389e29ac7f3dd6fc028a9279f288b1abb,2430,True
MOMENT_FT,141_MSL_id_2_Sensor_tr_500_1st_550.csv,58f2e03406088ac1e0632f17b183543a37963cbd9386ae1bfa3fdf5c8dcb725d,2264,True
MOMENT_FT,143_MSL_id_4_Sensor_tr_980_1st_3550.csv,02f5701b6bf5bf6b77a89783b6b56d3abd00e8f3aad706082060875372411c3d,3922,True
MOMENT_FT,144_MSL_id_5_Sensor_tr_1525_1st_4590.csv,0ece08dfc23cf93fc115a1ffb3804580a3124c7396d10f992c3e8cdb998b47d4,6100,True
MOMENT_FT,145_MSL_id_6_Sensor_tr_530_1st_630.csv,f960573bb7a055b78b0515fb7902f24cc6068ff622a5671b2d2378ad80281902,2430,True
MOMENT_FT,147_MSL_id_8_Sensor_tr_590_1st_690.csv,4c0a56d4a7fc714f27cfebec9c634f215dfb7766cebd084198a844738ac93a1f,2430,True
MOMENT_FT,148_MSL_id_9_Sensor_tr_883_1st_1238.csv,07ff0e4a185d9c6fb025e0e8bd3977d3d31310a65b34595ff6ea5b7e71906707,3535,True
MOMENT_FT,149_Stock_id_1_Finance_tr_500_1st_7.csv,c3882884cc2d69505b2ded0ec0b2655fc0c3060a279ed5be40136a0d43c963b9,20000,True
MOMENT_FT,151_Stock_id_3_Finance_tr_500_1st_62.csv,8ccb05586e69a742cf2a4fc46f64ae522ac96422337ce1fb6b020cbafd16a608,10000,True
MOMENT_FT,155_Stock_id_7_Finance_tr_500_1st_18.csv,1ad385f40757ee3570c7a005e62e73141b5fe5cf0400f39c730116cdc37b1491,20000,True
MOMENT_FT,156_Stock_id_8_Finance_tr_500_1st_24.csv,b195671d8c339a561eb5cc7e3790132aa15b5202644bb474b9d9db5bdecbb76f,10000,True
MOMENT_FT,160_Stock_id_12_Finance_tr_500_1st_14.csv,950ff5f67f325dad1bb68fcbb32068c96395ddbf522a51ab426004da9ee4aa89,20000,True
MOMENT_FT,162_Stock_id_14_Finance_tr_500_1st_4.csv,3b5518bf9bf5d76049091db2dd91657c124be994715164641594a6ca3ce4bc99,10000,True
MOMENT_FT,165_Stock_id_17_Finance_tr_500_1st_7.csv,f563231b800135c582c1da179e76fd64d0ad7852084a5f82817a97eb00608031,20000,True
MOMENT_FT,166_Stock_id_18_Finance_tr_500_1st_18.csv,24a3ea0076c13b642cfc0a9d6697b2e6e8393eba0e1e623e4981737a29a3b6a1,20000,True
MOMENT_FT,169_Daphnet_id_1_HumanActivity_tr_9693_1st_20732.csv,006d29997b7bcac4b6b539438e40e1124336cfa42ddd37327502ff6db45f9a51,38774,True
MOMENT_FT,170_MITDB_id_1_Medical_tr_17675_1st_17775.csv,fcd386f367cf7f11662445865edb0a2782a677d027cc338ef11cc31183d916d0,500000,True
MOMENT_FT,171_MITDB_id_2_Medical_tr_50000_1st_88864.csv,c9b77526981c927df6aea4dcc3352995e287082f3790bcb56e792f1ae4b5f9b7,650000,True
MOMENT_FT,172_MITDB_id_3_Medical_tr_27274_1st_27374.csv,a72815c7a0d55879f34a466bc10a7b25ae3d13170a38d63f304ffb4bc97a8727,650000,True
MOMENT_FT,173_MITDB_id_4_Medical_tr_13620_1st_13720.csv,bcacdd0007c75a66f6a86e405910cbe6eace054b2fec24710673d72fe1d08411,650000,True
MOMENT_FT,175_MITDB_id_6_Medical_tr_27274_1st_27374.csv,6089569b16c9d62b17ca8ed1f41e6d827aebb9a81564d212304743eae47f77ff,650000,True
MOMENT_FT,176_MITDB_id_7_Medical_tr_6232_1st_6332.csv,f19c1f8fefc89ddc18d90356fd90e629963ef7e9e50817d4be3ddc6dad6160ac,650000,True
MOMENT_FT,177_MITDB_id_8_Medical_tr_17675_1st_17775.csv,f84a94ec0eae08ac79838f07953d5d24b3c326236b10313623d967b3ed4b04a0,650000,True
MOMENT_FT,178_SMD_id_1_Facility_tr_6000_1st_10609.csv,03cb43720fda2663dc99f01d29a8d9f823236bb62fe6e3e092bd5e0db3b261e4,24000,True
MOMENT_FT,179_SMD_id_2_Facility_tr_5925_1st_17580.csv,840bf2e6332bea695e852af4de5eaccc28a1ba2fb658f6f8c2e7b543c5c01aea,23703,True
MOMENT_FT,180_SMD_id_3_Facility_tr_5925_1st_17580.csv,2be77af3eef04eb598bc342bcb66f09e1c63ceeb90b0ae54cb088024be515743,23703,True
MOMENT_FT,181_SMD_id_4_Facility_tr_5000_1st_15144.csv,6b1b27d08e24694c723aad4149bc7b5fc076c12458f21faa13c7dec12a77f9ea,20000,True
MOMENT_FT,183_SMD_id_6_Facility_tr_5925_1st_17580.csv,4f669a88712ef1512d8ca6674cc9187a6969ec05b9157d7989530b7b5fedf45b,23703,True
MOMENT_FT,184_SMD_id_7_Facility_tr_7119_1st_15849.csv,59b07452758b2b288aadcd0fc5c9420f7b2e2a4856827c262c03cefa6d7a74cc,28479,True
MOMENT_FT,185_SMD_id_8_Facility_tr_5000_1st_15144.csv,e4cafdbb7de24ea24f309d8a8f604d3c5b53e13455c2d070b1b0062751e7060b,20000,True
MOMENT_FT,187_SMD_id_10_Facility_tr_5000_1st_15849.csv,5e79e1a8b80e67bf376080e592bbebdadaa60610b38ab49296a1ee9ee4bc6974,20000,True
MOMENT_FT,188_SMD_id_11_Facility_tr_500_1st_392.csv,bee85535232b4860a993a943724b67cf2fcac0954e0d3543f336b15042ca5ec7,23703,True
MOMENT_FT,189_SMD_id_12_Facility_tr_5925_1st_17580.csv,da17f70c8d7af0db79abbb020915b003f9addd46c2b8c8ec792511d8c4ff3ef8,23703,True
MOMENT_FT,190_SMD_id_13_Facility_tr_7119_1st_15849.csv,91291afd5e53fc40b3240a289f9902cfa5e07b09aa305acbe8f611fe1a52021c,28479,True
MOMENT_FT,191_SMD_id_14_Facility_tr_4596_1st_4696.csv,1ef38417ad6dad543ba505b435d2ed2edc08e85274202306ba23a41222e772ad,22700,True
MOMENT_FT,192_SMD_id_15_Facility_tr_5925_1st_17580.csv,0599a8cb634eeea135d1ebb75d67dbfb30cb099a44789aaca0d3e2af99e02966,23703,True
MOMENT_FT,194_SMD_id_17_Facility_tr_5925_1st_17580.csv,7ce91ea92e3ababb73bcc22769d153db43ab754a3a5ed20627b92fefcec649ce,23703,True
MOMENT_FT,195_SMD_id_18_Facility_tr_5925_1st_17580.csv,6e0b141844c55dbe7c80bfec46d0df5430b77752a75c3a8386e89f7e291d50a2,23703,True
MOMENT_FT,196_SMD_id_19_Facility_tr_7174_1st_21230.csv,53a569439ac4cce4d64051898c5b4a4695e3542838d89cdacfd5938dd21ff109,28696,True
MOMENT_FT,197_SMD_id_20_Facility_tr_5000_1st_15144.csv,2517a43c368f790549b5a2a384bfda6f313734231077888b538b38dbe1f5f176,20000,True
MOMENT_FT,198_SMD_id_21_Facility_tr_5925_1st_17580.csv,9ee2b35cfe4d4824a4658e43f5ca98016ed59aa98a5a6678d6b17887e37be0ba,23703,True
MOMENT_FT,199_SMD_id_22_Facility_tr_5925_1st_17580.csv,ed5d9c313084609e9ca48d6616d44679f8e89599a16345ecde1f51d7774f2b46,23703,True
MOMENT_FT,201_SMD_id_24_Facility_tr_7174_1st_21230.csv,76acbb6ac296b9c74047469db7d61aca5cbcaba8a1817a298d2a5cc4191d7bfa,28696,True
MOMENT_FT,202_SMD_id_25_Facility_tr_6250_1st_21230.csv,a02ad11f431ff46e9d7c429856eda5e9c7f68fc1cc2be2f5711a37c1db0bf7ce,25000,True
MOMENT_FT,203_SMD_id_26_Facility_tr_7174_1st_21230.csv,47c6988a2f1cc074f1eab388127039799a9e24b735fb7f20cbd3e6ae4ea1b18f,28696,True
MOMENT_FT,204_SMD_id_27_Facility_tr_5000_1st_15144.csv,38d68e7d4da6287dc8b5bac7df703d27a3193f87433415ef68f203ea65df02a2,20000,True
MOMENT_FT,205_SMD_id_28_Facility_tr_5925_1st_17580.csv,5fa2872da0191eed16c3aa1d8bb5fb1ec4bd5b9e435891cf96e43ea1e4664d8f,23703,True
MOMENT_FT,206_SMD_id_29_Facility_tr_6250_1st_21230.csv,a6804d97a79158abf4c0a0ff450ada6360487e43918ae4a37aea1d14e3ffaa8d,25000,True
MOMENT_FT,207_SMD_id_30_Facility_tr_7174_1st_21230.csv,c00bc08553b575b4c89a6da32b02cfa6960034dd4ec84b60de90805d92f511ed,28696,True
MOMENT_FT,208_SMD_id_31_Facility_tr_5000_1st_15144.csv,095f7e0edcd4fd87a06bb6f4cbcf2ed6120dde8ef87fd1bd3338672218f95ca2,20000,True
MOMENT_FT,209_SMD_id_32_Facility_tr_5925_1st_17580.csv,7a1221b333a01c6709a398c2444febc9de6b943bc0ff1644e26fdd404ac3259e,23703,True
MOMENT_FT,211_SMD_id_34_Facility_tr_5925_1st_17580.csv,d7207440bf5815cb1153e312182f6659fd030d580a6683f058b09c3e62640087,23703,True
MOMENT_FT,212_SMD_id_35_Facility_tr_5925_1st_17580.csv,acf91aee26c97ab4af3a6993ef529dff944dda357b50873f4d695d71cbd42857,23703,True
MOMENT_FT,213_SMD_id_36_Facility_tr_5925_1st_17580.csv,d6deb72b92ed3386f645119822ced1a4e6e3326e8a9a1922fec5ab687a0ae23a,23703,True
MOMENT_FT,214_SMD_id_37_Facility_tr_5925_1st_17580.csv,0c1296e795ff5314a80a53228154e4e52d6dee90602a28b5ebaa57e0fca1556c,23703,True
MOMENT_FT,215_SMD_id_38_Facility_tr_5925_1st_17580.csv,631de9cc86b85bce9cf7c6493ff08769acb1e01de82bd1692dad03d3c374bdd8,23703,True
MOMENT_FT,216_LTDB_id_1_Medical_tr_500_1st_266.csv,58f80e7f6283c74c03ca272fee3dfb49fa063268606052802573ec8cdb988095,100000,True
MOMENT_FT,218_LTDB_id_3_Medical_tr_500_1st_266.csv,871462bc98bdf83036bb2026612ce70c82739857cabc0140015096f14a0b69cd,100000,True
MOMENT_FT,219_LTDB_id_4_Medical_tr_3618_1st_3718.csv,359340b753a3f58266942fd8158ba3f1ed2fc240396c9cfd7f6ba85850a7b4b5,100000,True
MOMENT_FT,220_LTDB_id_5_Medical_tr_500_1st_26.csv,7637acd0d00941f53f52a8da578a4f5cee744af5a8bf5644db5350e75c749cce,100000,True
MOMENT_FT,221_LTDB_id_6_Medical_tr_500_1st_26.csv,c5f32878c5e182ec39b712aa445fe2c14bf4728aa5ae7fe57d289493040c8e48,100000,True
MOMENT_FT,222_LTDB_id_7_Medical_tr_3618_1st_3718.csv,16fa86da7b4f1c3709ec055d260777effd132603a85da171bb27af22ebfa55f1,100000,True
MOMENT_FT,223_LTDB_id_8_Medical_tr_4456_1st_4556.csv,f5801f8b506148105f37910fd6fd2ceb8af3727ce5874401d9d9639b6fde2ed8,100000,True
MOMENT_FT,224_LTDB_id_9_Medical_tr_4456_1st_4556.csv,f000cc305c26159cc7e7ea8b2f35718ec7d4b288361b5fdcb1d65e0e8858cc9e,100000,True
MOMENT_FT,225_MGAB_id_1_Synthetic_tr_25000_1st_38478.csv,dc20422fa62003330576d050d2143c2e1c952686b6dfdf9fb49ce69d88781809,100000,True
MOMENT_FT,226_MGAB_id_2_Synthetic_tr_20000_1st_45134.csv,fb868575141b55c04fded6660c2bc8c126b17b1cca977f27f379aa6251701e12,80000,True
MOMENT_FT,227_MGAB_id_3_Synthetic_tr_25000_1st_44340.csv,f99f0faae27e8bb6a9d8813069c72187a8c9699a1bc49ef05349e0750743d14d,100000,True
MOMENT_FT,228_MGAB_id_4_Synthetic_tr_25000_1st_38948.csv,6f5097521bba58c9ab6d77d0f598386f6d092229b54cc2211e36be21c6a8fa04,100000,True
MOMENT_FT,229_MGAB_id_5_Synthetic_tr_25000_1st_33098.csv,af15f943530ca368975c7b5cfa97ffb20989c7ec4306455c48a4741f0ebb8bf8,100000,True
MOMENT_FT,231_MGAB_id_7_Synthetic_tr_25000_1st_35544.csv,991f377033b98f3e569a669e6301f274502d548412da5db5cf3c244c5f0d5026,100000,True
MOMENT_FT,232_MGAB_id_8_Synthetic_tr_25000_1st_32708.csv,5919868e7803ae267f6730d193269a18c94f790e88523332cd01a5ca40afaa3a,100000,True
MOMENT_FT,233_MGAB_id_9_Synthetic_tr_25000_1st_41300.csv,2ecc6f3da3ab99d481814a36613f64d703e2281ed4fd5526b1a074cf349766c7,100000,True
MOMENT_FT,234_SED_id_1_Medical_tr_3740_1st_3840.csv,f917450c998037002132ea34ef95a776f33d60d054d85b90e1e201d8cb78c1fc,19999,True
MOMENT_FT,236_SED_id_3_Medical_tr_3740_1st_3840.csv,b795188c994169bede714875ad9ee00d8aa2cf207668e2010fcf5dedb7b911b9,39999,True
MOMENT_FT,237_SVDB_id_1_Medical_tr_11587_1st_11687.csv,217cce1de04c6d4ae832b840248a698fada6271c8ef5cbb1f8d165745d778a6a,130400,True
MOMENT_FT,238_SVDB_id_2_Medical_tr_25000_1st_71963.csv,8b04ceed760a195e28d6314c303d53b097ba967dafa62c6ff4ac6741883a12f8,100000,True
MOMENT_FT,239_SVDB_id_3_Medical_tr_50000_1st_106634.csv,96cb6da38db69bf51603aae6deada1ec8549dd113c1c98f2cd1ed7ca3cf65639,230400,True
MOMENT_FT,240_SVDB_id_4_Medical_tr_18462_1st_18562.csv,3abce1ccf7a2ab5cd318c4476bec71a338d01723508f1559a988ab1b6be3d4c9,130400,True
MOMENT_FT,241_SVDB_id_5_Medical_tr_11587_1st_11687.csv,483faca1c51adf4b47fd57ca52cdff65c7931b6d5636da6b4792e10415d70d4f,130400,True
MOMENT_FT,243_SVDB_id_7_Medical_tr_11393_1st_11493.csv,0c23d78e0385d46202ce503b2872023d80a9ad3044921b5b29dde4658cef72b2,180400,True
MOMENT_FT,244_SVDB_id_8_Medical_tr_17803_1st_17903.csv,f5daa317428f56bfafa033a500516b74f0610098733b1f84351b38ab1b0d4dd2,130400,True
MOMENT_FT,245_SVDB_id_9_Medical_tr_12607_1st_12707.csv,ec16d67c78cbea4348732d11677aa4e2ec40e566a04312760f799fb9da62ba73,180400,True
MOMENT_FT,246_SVDB_id_10_Medical_tr_20100_1st_68460.csv,d78911bcefa081e241848f9e46d0ee51dab0bd65d37d42a9724ed6c125c136cb,80400,True
MOMENT_FT,247_SVDB_id_11_Medical_tr_20100_1st_23611.csv,c08f7d8cd57181dc34da3f73beb283a5888dd89f24fbee754f4aae1e35efe22e,80400,True
MOMENT_FT,248_SVDB_id_12_Medical_tr_18462_1st_18562.csv,1acf69d6b23083c224267d99c3fdd01c503377ee69b0cd0463f9a052a87a0c71,130400,True
MOMENT_FT,249_SVDB_id_13_Medical_tr_50000_1st_54982.csv,d6c8d4361602e8d38129741ae755d41cd19e2336d62deb7b11de505f3e9e9d4d,230400,True
MOMENT_FT,250_SVDB_id_14_Medical_tr_50000_1st_107354.csv,be4d3279b1d7bc863e472283f2a167ba73c759a39db56bb9e6d5460435c0e952,230400,True
MOMENT_FT,251_SVDB_id_15_Medical_tr_5421_1st_5521.csv,32fe6e677865231b6eb9188f7052be206a4ddf770e195742752b20125c33f8e3,230400,True
MOMENT_FT,253_SVDB_id_17_Medical_tr_17803_1st_17903.csv,4648e2034308f7eff793fad57f23d02051efa72fb8b01b1e0107101bd09ab664,130400,True
MOMENT_FT,254_SVDB_id_18_Medical_tr_30824_1st_30924.csv,505252a6ab5aa4b4a0e382938214c65a74b84e54fcc591085bafe7921091c150,230400,True
MOMENT_FT,255_SVDB_id_19_Medical_tr_50000_1st_54982.csv,39fad60fc2e093f80eec4539b060f214fe480d8029a6304ad2a2d0374518f3ae,230400,True
MOMENT_FT,256_SVDB_id_20_Medical_tr_6264_1st_6364.csv,70bfe340f7c0d03bbdc54893fb95595ebb1ba6d5a53313ec1ff842cc49899ecf,230400,True
MOMENT_FT,257_TAO_id_1_Environment_tr_500_1st_3.csv,6314957ee522de211bb64dede7b9615bbf3e2ea3d1d1975ec94224c4f65b64ac,10000,True
MOMENT_FT,258_TAO_id_2_Environment_tr_500_1st_4.csv,d2aad86ef79505425ba7b778032ee692e14894ed438257c7bd5ab4056a87ccd5,10000,True
MOMENT_FT,260_IOPS_id_1_WebService_tr_5000_1st_11804.csv,076ee484bea10c034df2fbdcba79afd3b1991e5e3f1aa521aa45be5d256b4f6d,20000,True
MOMENT_FT,261_IOPS_id_2_WebService_tr_2178_1st_2278.csv,a8b585e087e39d0c72820a20ee44f6a3e89fe79e1232fa67702b9e21d38aef28,8784,True
MOMENT_FT,262_IOPS_id_3_WebService_tr_7028_1st_7128.csv,02f4bac0e6f31f49c944dc7fec5e052c52eba7c5d9864ead84ad6b7ae16df900,125135,True
MOMENT_FT,263_IOPS_id_4_WebService_tr_3482_1st_3582.csv,840dd5dc875bc40f136b0d7e22e8cd27f485b44156a38bdf4252e4ad7df2d270,149123,True
MOMENT_FT,264_IOPS_id_5_WebService_tr_11665_1st_11765.csv,641e891445a090f2cd1f245b9ad86c67011294e88e41d3c89b1ae9b5785d2038,60000,True
MOMENT_FT,266_IOPS_id_7_WebService_tr_4010_1st_4110.csv,d933969a0449293c8a9cca1752627ea78547956092e7ac8a0f1e4c3ae17c003f,89155,True
MOMENT_FT,267_IOPS_id_8_WebService_tr_1534_1st_1882.csv,a6318731b025a98ee650374cc0ea604179d308b235f06602c9f1358deca24cfe,6138,True
MOMENT_FT,268_IOPS_id_9_WebService_tr_6216_1st_6316.csv,9bba2c1669038f8f7878c6492d484e0bed6c0a9a752e6160efdfb32d65bbd1d9,29133,True
MOMENT_FT,269_IOPS_id_10_WebService_tr_1216_1st_1728.csv,ffc1493777bb57d34a954ae44e1e1c858bc969f71e65b91f8bda4c27ba9b8176,4866,True
MOMENT_FT,271_IOPS_id_12_WebService_tr_500_1st_341.csv,7d19648ef84860c37927f92168dc330f776cd8ce52a64e6ed686f49b025004dc,8784,True
MOMENT_FT,272_IOPS_id_13_WebService_tr_3442_1st_3542.csv,4ad1356e0ecfbefae1c3006a7117f7c43eb6aa42f25212c6ba87dd2cbf04f0cd,149156,True
MOMENT_FT,273_IOPS_id_14_WebService_tr_5569_1st_5669.csv,bd00f26f8f28ece0b9f7c801e83e04cb4e9c1ac6d3f06a37cdf0e0a3ea685ef9,149122,True
MOMENT_FT,274_IOPS_id_15_WebService_tr_4591_1st_4691.csv,9a8f6d66b8dee2f42397739872309e7e70fdf841c735010ea7205d1c8638c176,149132,True
MOMENT_FT,275_IOPS_id_16_WebService_tr_1482_1st_1582.csv,3e2393bbd6e842d40e729420023de2044fe2e3d312dbf840701aca0ad4e5cb9b,8784,True
MOMENT_FT,276_IOPS_id_17_WebService_tr_19197_1st_19297.csv,08f6bebb812f401556c62911bd9e8d455d8b914e3dcf98aa465b33856f5e510c,91370,True
MOMENT_FT,277_NEK_id_1_WebService_tr_500_1st_17.csv,bbd8b7c11105303bca4c4da12d0e49126faab0da4eb4d0493635a6de048fba05,1073,True
MOMENT_FT,278_NEK_id_2_WebService_tr_500_1st_64.csv,cf0d4e2c4507d638a14b7fbe61c2ff81c8530c06ac7e6627a7307df528ecefaa,1073,True
MOMENT_FT,279_NEK_id_3_WebService_tr_500_1st_974.csv,806264a62196bf528e0b57d50e0c15402dd0b0716d7859f6a25f0e2636d36a84,1073,True
MOMENT_FT,281_NEK_id_5_WebService_tr_500_1st_974.csv,b550702efc30a8405d53e12abb38ac25d476dfe109d33b3a3b17bef34808a678,1073,True
MOMENT_FT,282_NEK_id_6_WebService_tr_500_1st_64.csv,602d83d946915b0d06f9ffa09052b76e64be1ba4063ba8be79245790f149f4b1,1073,True
MOMENT_FT,283_NEK_id_7_WebService_tr_500_1st_777.csv,0dfe6997e3850e0347c975f0c7e8f041dbc0816fe9750165c920b33b690adac8,1073,True
MOMENT_FT,284_NEK_id_8_WebService_tr_500_1st_976.csv,7beedc728f9f30fbbff8ce5e88e18224892508f45099ac12033ed805e08f6bd6,1073,True
MOMENT_FT,285_NEK_id_9_WebService_tr_500_1st_780.csv,0dfe6997e3850e0347c975f0c7e8f041dbc0816fe9750165c920b33b690adac8,1073,True
MOMENT_FT,286_CATSv2_id_1_Sensor_tr_17792_1st_17892.csv,d3e93da6240e86ef82e6abeb3c94fb96cf9d7f172596deea96a3e4a150f70dc0,300000,True
MOMENT_FT,287_TODS_id_1_Synthetic_tr_500_1st_11.csv,f3de3e64a743dd9e1b6f9b89eeed65c75114dec898e06884efad9379ffadda1d,5000,True
MOMENT_FT,288_TODS_id_2_Synthetic_tr_500_1st_65.csv,f82eeecb7dbc99eb217a8b76654dd41d6d8e47a1d74e80d6ef2bf7b7a86f8c0d,5000,True
MOMENT_FT,289_TODS_id_3_Synthetic_tr_500_1st_26.csv,1dce66236fddc212e1c3540f564ac5f4c6a941532e6aa1940e599ef8acfa17a5,5000,True
MOMENT_FT,290_TODS_id_4_Synthetic_tr_500_1st_26.csv,5b3b99f9c0e2fad828f40a6aac7b92d1c09b8ac946ff0f299426ca58c3312664,5000,True
MOMENT_FT,292_TODS_id_6_Synthetic_tr_500_1st_11.csv,ef86f8c02a04c54767fc302cfcbbaca94d0dab174782ed346f034c293b90be02,5000,True
MOMENT_FT,293_TODS_id_7_Synthetic_tr_500_1st_7.csv,455dfeedff69a12b5fe8f1af4cb4ce63a9e57c2e3cfcd1fb98dfac2f3fb245b3,5000,True
MOMENT_FT,294_TODS_id_8_Synthetic_tr_500_1st_200.csv,bcc0bdec43895cf7be82cb33a82cd4a8a6d0dda03cf97da8a214d002a68d5e7b,5000,True
MOMENT_FT,295_TODS_id_9_Synthetic_tr_1250_1st_2046.csv,9165a510ba042afd65da170c3f74da66585be906381747dbd7eafcd3c1209969,5000,True
MOMENT_FT,296_TODS_id_10_Synthetic_tr_500_1st_26.csv,aa2982e1d2a7265ef22e43ec8fc7719f70dceb816017b69580bad1c1b20d73e7,5000,True
MOMENT_FT,297_TODS_id_11_Synthetic_tr_500_1st_7.csv,2683e905bec5a615a24e1fbb1a568dab38d9072bb14633f76fce5cd578ddad95,5000,True
MOMENT_FT,298_TODS_id_12_Synthetic_tr_500_1st_0.csv,ea7427980939bc8bcfe11c6433ad6000107c797539fafd0eb5188281e9a8dc0f,5000,True
MOMENT_FT,299_TODS_id_13_Synthetic_tr_500_1st_65.csv,9eec36a88f9833cae3ed70a4fdcdfcee2efb64d1d6d6ff202bb781d7116d9783,5000,True
MOMENT_FT,301_TODS_id_15_Synthetic_tr_500_1st_245.csv,dbd54480badfe1b5e36a7ec7a7f6f9d9305a0eb30feac3d012207193a8664792,5000,True
MOMENT_FT,302_Power_id_1_Facility_tr_7685_1st_7785.csv,a31d69a815b3679fab83c36196f8f3cc74da0161b644d6b2de13000ac5f56ad3,35040,True
MOMENT_FT,304_UCR_id_2_Medical_tr_2499_1st_7000.csv,3c93446fa67b072bf421d692da48bc76af45c02e0b648b85ea4c7a0bd6f7ac58,9998,True
MOMENT_FT,307_UCR_id_5_Facility_tr_29895_1st_39240.csv,b1aa70253dc15f99e41bd2fe6767bd655d95d1859c99d70e119f234d7b76807d,119580,True
MOMENT_FT,309_UCR_id_7_Medical_tr_3000_1st_5948.csv,6a76bbcfc113625432136dfd71dfdaf6c6496e506094907209ae80b7cbe247e7,12000,True
MOMENT_FT,310_UCR_id_8_HumanActivity_tr_2631_1st_8285.csv,0ac11fb7af856904f30b6dc4e47d7f08cef4fd1492b733c6c31c2a9cb5e1d0a0,10524,True
MOMENT_FT,311_UCR_id_9_HumanActivity_tr_16000_1st_38400.csv,00d626fff52bdf59c12be90abcfc3899e34b120bc484370fd608dbc865f13599,64000,True
MOMENT_FT,313_UCR_id_11_Sensor_tr_2827_1st_4711.csv,6e0af72e31ce600c930642086dd3e037f50751592ce1f73f3f747611e1794404,11308,True
MOMENT_FT,315_UCR_id_13_HumanActivity_tr_16000_1st_33070.csv,411949e2634928f0e3e943996d8dd7a05d14026b1977f1c0411691273d2eeaa1,64000,True
MOMENT_FT,316_UCR_id_14_Sensor_tr_2833_1st_5988.csv,80cd9260ab1d01c9afcdbb0212218c695ea190817350dd282f1d1250b4e0a52d,11334,True
MOMENT_FT,319_UCR_id_17_Environment_tr_6166_1st_19280.csv,e8ad57a5efa7d38db1580c05260c3b593d7fd28db12840e70d53158e29640403,24667,True
MOMENT_FT,326_UCR_id_24_Medical_tr_1875_1st_4187.csv,fc0e7787d1fc62d894e7804a0ab8401886b01ffef4a7c242d7807188c667314f,7501,True
MOMENT_FT,331_UCR_id_29_Facility_tr_50000_1st_837400.csv,44e15c5c66054c607a521a8f05307a4023785048553a69da8e59824b58c60ebe,900000,True
MOMENT_FT,332_UCR_id_30_Facility_tr_13750_1st_52600.csv,4847fb77d9cb2dd703ddc2d61e5d8b668f9e5b53d19788e61727c9ab3678977c,55000,True
MOMENT_FT,334_UCR_id_32_HumanActivity_tr_1671_1st_2764.csv,0b6b7e283c6532b03a0cc230e70ca2172c8864f8ff23ea69696055e37008b081,6684,True
MOMENT_FT,339_UCR_id_37_Sensor_tr_2750_1st_5400.csv,e952ed93f810a6524faa5246ceab9ea7d182e8f7e4e5f8e12529feb4e5ddec74,11000,True
MOMENT_FT,341_UCR_id_39_HumanActivity_tr_48812_1st_128430.csv,73ac443fbdcca79b1f0a6eb2d666b71e9da249fdf7077c35feafbe463024cde7,195250,True
MOMENT_FT,344_UCR_id_42_Sensor_tr_2851_1st_5365.csv,062322dfe0acd3bd13de2617b040f5355ced01305c7bb49e3b1955047af7cf5c,11406,True
MOMENT_FT,346_UCR_id_44_Medical_tr_7456_1st_17390.csv,9e396f69893c823a3051e2e2f9e6185e6b74429e8d14dec2ecb421698557c6ad,29826,True
MOMENT_FT,349_UCR_id_47_Facility_tr_29954_1st_74900.csv,2ddc921c7901117e82fa27960b8a3e7bd9b75b492dc659729058d032535284d9,119819,True
MOMENT_FT,355_UCR_id_53_HumanActivity_tr_48750_1st_143411.csv,7a90f96499e1f240858e600e0a290e56cb3ef2f302af4ffd7adee4282dfcb265,195000,True
MOMENT_FT,358_UCR_id_56_Facility_tr_10500_1st_29080.csv,0ffb31954308e9daa3e91439743b751c6ffa5692a3f404ec0c513c41dfec9efb,42000,True
MOMENT_FT,361_UCR_id_59_Medical_tr_3000_1st_7175.csv,901e07a1e505046f00e0ba95cadd16bbc8f4d0c384df456bef2ab1b22aac3b34,12000,True
MOMENT_FT,364_UCR_id_62_Sensor_tr_2833_1st_5988.csv,0635b354cc88765836f6033c3289ee0424ec5dc78a35b7e38a72899efd9533c5,11334,True
MOMENT_FT,369_UCR_id_67_Sensor_tr_2750_1st_5400.csv,7d5f15c82a13d0c13b5b0967745da6a7fed94ccb2c078182598bdeff031d3c1d,11000,True
MOMENT_FT,371_UCR_id_69_Medical_tr_1853_1st_6200.csv,9a02c52e5e3b11b36396eabdd6ae97fac5b04539c3f87992287ea1633f9f6494,7415,True
MOMENT_FT,373_UCR_id_71_Sensor_tr_2827_1st_5988.csv,0f09babbab569f96ebcef611de39204c51835e9ad03ed76b4d30725ba241bfd6,11308,True
MOMENT_FT,381_UCR_id_79_HumanActivity_tr_16000_1st_31200.csv,2456d4f18d1642a7235608d74295ca91b5833dbcf968190802d87195bb0eb2e7,64000,True
MOMENT_FT,382_UCR_id_80_Medical_tr_7500_1st_11800.csv,432329d5e808e61bf0dd5d570bdb84c7ab26033077f3b58b5ceefb5c37c81704,30000,True
MOMENT_FT,385_UCR_id_83_Environment_tr_2046_1st_6006.csv,25631d6d6a3ea26ea01e1d679efa94abf0acebbbddaffa71692d02e355303310,8184,True
MOMENT_FT,387_UCR_id_85_Environment_tr_2046_1st_5549.csv,5e9b9d52e6d4a58b5acd96b26b7e88639e93cebde40381a02401e6cb49ffc4ff,8184,True
MOMENT_FT,391_UCR_id_89_Medical_tr_1875_1st_5759.csv,dbe6a388827832151c5a2857c93e3f6ad664b4a6d6ca74e0373d2651c33c7ca1,7500,True
MOMENT_FT,393_UCR_id_91_Environment_tr_2046_1st_4852.csv,59352a7e4219543e8d974dd7f3355b558a376633070c7dfaed6ffca1db91eaf5,8184,True
MOMENT_FT,396_UCR_id_94_Medical_tr_1875_1st_5607.csv,09ab102d6a011a3e869242bb54150e0b20897c6cdcf7cc97d72b4480573963c8,7501,True
MOMENT_FT,400_UCR_id_98_Environment_tr_2046_1st_5391.csv,28e70cf08933b6ea2e9645ba38e4254773e6017b8ef8d637cce43a2e82fe4c38,8184,True
MOMENT_FT,401_UCR_id_99_HumanActivity_tr_1671_1st_5920.csv,30380a18a8b33f0d4ef265a7f14db9530c90b186d43c61ec4b80cbff363a53fb,6684,True
MOMENT_FT,405_UCR_id_103_Sensor_tr_2827_1st_5988.csv,1b1d15c5aa96cf7d692c858a52e2c35b216db5ca4e0a03e524df7e5c2f7f2ea0,11308,True
MOMENT_FT,406_UCR_id_104_Facility_tr_20000_1st_67950.csv,230c8755fd37a7ef51cc3286f43c05f6ddf6769c9805def3d033b402ae09a815,80000,True
MOMENT_FT,411_UCR_id_109_Environment_tr_2046_1st_4852.csv,036061a82533ef8a04e33575d0bb09cd14bcfbe83d29754967af007cd40da7f3,8184,True
MOMENT_FT,415_UCR_id_113_Medical_tr_3000_1st_8612.csv,1ff832625cf59a9298ef4e0ec1d36de2df3312f2e977a0ed7e708ea3d2879171,12000,True
MOMENT_FT,417_UCR_id_115_Sensor_tr_2750_1st_5400.csv,f9a8c131fadde91f9a291f8f5deb530c98fcea1f13779a5141f04b2a474da5de,11000,True
MOMENT_FT,419_UCR_id_117_Facility_tr_3000_1st_6168.csv,47a43d4c4bdab0bcf63d103b97a5e349dde05eb4a8b4d2cd545a9c0d44948fbc,12000,True
MOMENT_FT,420_UCR_id_118_Facility_tr_13750_1st_52600.csv,3f0a7dfc9c5724204b53ecdc6339a4ff58cde30c730c2ebf13f94968c5d26791,55000,True
MOMENT_FT,421_UCR_id_119_HumanActivity_tr_48750_1st_130700.csv,dc3132aa70cfd8a95a6f5ae038cf20e92fd11c183b26ee25ffb81a70cf12da39,195000,True
MOMENT_FT,426_UCR_id_124_Sensor_tr_2827_1st_4711.csv,f1c975b94d0ebad8c807359e46306b4a181edb1d73bc26153d7adca357a2b51d,11308,True
MOMENT_FT,430_UCR_id_128_HumanActivity_tr_12500_1st_46500.csv,4ac628873ecc31bd80eaef86bfa24628fd29dcdf49ed27392308b00401f401f7,50000,True
MOMENT_FT,432_UCR_id_130_Facility_tr_23000_1st_26970.csv,f0f96b5c1b1ecc807a53e88ab517070d36572018239a7dedfa1f33778ed2e8ed,92000,True
MOMENT_FT,436_UCR_id_134_Medical_tr_1875_1st_4526.csv,4b7624bcb0d638f0cfece2f28ba166306108b2c22c3cddc8efa4b275a970f004,7501,True
MOMENT_FT,437_UCR_id_135_Medical_tr_2499_1st_8000.csv,7c46d9122d37ec3aeefd548e5b398aca068b88bd99ad21372fbc0ffbdbe270e3,9998,True
MOMENT_FT,439_UCR_id_137_HumanActivity_tr_48750_1st_110800.csv,a5f19fb09d193860b692fd38360fd96c7a62618a09d79eaa4e25ae4beef18376,195000,True
MOMENT_FT,445_UCR_id_143_Environment_tr_6166_1st_19280.csv,6e58c5d30e220bc37ce4e413d8cdac7584dcd3fd1b5c683215087a7366e5cc5c,24667,True
MOMENT_FT,449_UCR_id_147_Sensor_tr_2847_1st_9330.csv,1c04f16c56dd496e888e7a716e84e044b0edbd14a2a2ebf6d29cf7f06e8745c6,11388,True
MOMENT_FT,452_UCR_id_150_Facility_tr_10000_1st_35774.csv,23f5154d6412585948fe299dc03dc567cab885cec4c078a2a9decc2117f5b700,40000,True
MOMENT_FT,459_UCR_id_157_HumanActivity_tr_50000_1st_110260.csv,efb7e93e748bfaefdd5af81cb7a8faed33c8261216f6a00e8763b1e2d47c631d,200000,True
MOMENT_FT,463_UCR_id_161_Environment_tr_2046_1st_6006.csv,dc42e2614a0f850dd1baf7666bc14f73a0f94fe7836cd83af5329c8dc951e0ce,8184,True
MOMENT_FT,467_UCR_id_165_Environment_tr_6166_1st_19280.csv,9989eeaa8f5b7a3220bf64486a1757ac53012c4aed8cb9fe7cff80f2090ffe97,24667,True
MOMENT_FT,471_UCR_id_169_Facility_tr_10000_1st_35774.csv,8fc387afa8b95cdb0998a9ce6860cd158da66e107e1d38c7a41fe7e80bcdb712,40000,True
MOMENT_FT,473_UCR_id_171_HumanActivity_tr_2617_1st_7290.csv,a5aa76ec86512808ac46fbd42b3422576f3c4652308097e69497614a502fa0e3,10468,True
MOMENT_FT,474_UCR_id_172_Environment_tr_2046_1st_6520.csv,344076bb4e4d804f154f6b0b5d40d6f6e8f457f1f6f8df57634d7cbb3e03ab98,8184,True
MOMENT_FT,493_UCR_id_191_Sensor_tr_2847_1st_9330.csv,7eedd5276c6402959d40745eeaf7bcf8b6a22fe8e570ddcf384f56f922f8e62f,11388,True
MOMENT_FT,494_UCR_id_192_Facility_tr_22500_1st_72150.csv,720916796b53d0750de72b4849371b9ba5fe9cc38ff484f85c73993f8a9a203c,90000,True
MOMENT_FT,495_UCR_id_193_Environment_tr_2046_1st_6520.csv,3ef87463774f7e7c8f62ae8d3dd39e3e1079abeb3cff313cbab11fa9335e482b,8184,True
MOMENT_FT,496_UCR_id_194_Environment_tr_2046_1st_5391.csv,174cb58c8877e89ada415643fe86bfa51ab29156fc953ce89b6456b6a7cf7306,8184,True
MOMENT_FT,499_UCR_id_197_Environment_tr_2046_1st_5703.csv,d2e017a0ddb1891812067847d64d62d4f344e4c934d176c2e800e1922278fb83,8184,True
MOMENT_FT,500_UCR_id_198_Facility_tr_7482_1st_23357.csv,abb325faa2792bfba41db5c942e9fdab6d0ae25bb510da7d5a4fb9ae2cea2313,29931,True
MOMENT_FT,504_UCR_id_202_Environment_tr_2046_1st_5549.csv,5a1ce7b8749bf5e16c8e1e160392e3060960885151f9e81c20abfb03bcb707de,8184,True
MOMENT_FT,506_UCR_id_204_Environment_tr_2046_1st_5549.csv,bce9826f150c034fc9f06fb1aee4f0b0e0cd92cc72f56f07e37556f8abe65130,8184,True
MOMENT_FT,516_UCR_id_214_HumanActivity_tr_2108_1st_4702.csv,cd158bc87a121cfb8c19d43836d8e72a3cbb36856934dabc9a57e7bfe10c967c,8432,True
MOMENT_FT,517_UCR_id_215_Facility_tr_7482_1st_24005.csv,1c20f3c0985ce79300883351a81eee84e4bf8eaabfdb5127e11f0095e9ca02be,29931,True
MOMENT_FT,525_UCR_id_223_Facility_tr_50000_1st_250720.csv,567ed82ebee501e4d20a3815ca8753a14bf989c114f75a4e870a85a0a3c547db,299790,True
MOMENT_FT,526_UCR_id_224_Sensor_tr_2827_1st_4711.csv,30634935d35ecaf5b1121c3789edb716316b94a2e6ab44a024423d8dad2ee25a,11308,True
MOMENT_FT,530_UCR_id_228_HumanActivity_tr_16250_1st_38500.csv,01e057934961241631ddaa94e0133aa6eb279f5160f3bac3dd073b84f251a854,65000,True
MOMENT_FT,531_SMAP_id_1_Sensor_tr_1811_1st_4510.csv,9cc79509ccea53c50f499d2eaa33974912095f4ef9c8bb6722600cc300f485c1,7244,True
MOMENT_FT,532_SMAP_id_2_Sensor_tr_2075_1st_5550.csv,c3069081826b964a05352bebba92a6cb5df4ec5a8589b6eeb220a4f715f7bafc,8302,True
MOMENT_FT,533_SMAP_id_3_Sensor_tr_2052_1st_5300.csv,2211321fbae37d89dec8b53b267d6869a51c779be9d10dd322149e47e0f90842,8209,True
MOMENT_FT,534_SMAP_id_4_Sensor_tr_1968_1st_4370.csv,1c6e750d21c392b648d391f144b364c276b3ae6c414b9b366809169cd015dbd5,7874,True
MOMENT_FT,536_SMAP_id_6_Sensor_tr_2160_1st_5600.csv,e83380d12e9c68493c803b7eb693ebe7588341bcf449f0722dad20102ac626f0,8640,True
MOMENT_FT,537_SMAP_id_7_Sensor_tr_2077_1st_5394.csv,4024375c195d6e4dce10410f57175b25292250aa4940ad109176dfccbb75ea56,8310,True
MOMENT_FT,538_SMAP_id_8_Sensor_tr_2007_1st_3650.csv,2f257fea8b362373cdfadceba5a6d73d09c238a4ec5ba61b79e95c6fe5f558aa,8029,True
MOMENT_FT,539_SMAP_id_9_Sensor_tr_1857_1st_4270.csv,36c45b66f6949fa4012360acec050401fb57bad2d19287276cdb61bd43417597,7431,True
MOMENT_FT,540_SMAP_id_10_Sensor_tr_2051_1st_4575.csv,6cfb649d0d125c88bb93541131e558fb5b0cfc9f178264646a2c8e4b7224613e,8205,True
MOMENT_FT,541_SMAP_id_11_Sensor_tr_1832_1st_5300.csv,10c86c2e69aa890747ee0bfb48ab3df5fb400f7d2e7cff64c566f59ee5db19ba,7331,True
MOMENT_FT,542_SMAP_id_12_Sensor_tr_1908_1st_4690.csv,ba4449949cc2b3ceb62f4a8089e110a60fd5307c4b18f4de054a2c93b5f0084c,7632,True
MOMENT_FT,544_SMAP_id_14_Sensor_tr_1978_1st_4450.csv,8cb6b1d62667f590fe11413de8c8613a4509a43cfe30859fba80ae67e35ec396,7914,True
MOMENT_FT,545_SMAP_id_15_Sensor_tr_1173_1st_2750.csv,3283b9b9eb1218060a711f47b93ef3d7925e5af97a0ab38e9f934966e77ce0d5,4693,True
MOMENT_FT,546_SMAP_id_16_Sensor_tr_2117_1st_4770.csv,3609204dd9be06d0172fa27d81fab1f7079588362b634fc57b25f0561b975813,8469,True
MOMENT_FT,547_SMAP_id_17_Sensor_tr_2133_1st_5400.csv,4cb45ee2bd64fda1fe62c892c4331453ce9d86b038da95aa0edd6ae8d9578db2,8532,True
MOMENT_FT,548_SMAP_id_18_Sensor_tr_2094_1st_5600.csv,feb00561711a2db4d8feb88bbc68acf82a19259eec16120e76ca301a4b46b972,8376,True
MOMENT_FT,549_SMAP_id_19_Sensor_tr_1998_1st_2098.csv,8898f43aaf005f0995330c261d1a0af867966eebc72084736be20dcb48cbcc18,8579,True
MOMENT_FT,550_SWaT_id_1_Sensor_tr_43700_1st_43800.csv,b567db69a7c71507e21184ef2d8e6efdd23d0e04f8fc689cb8957f004562ff6a,419919,True
MOMENT_FT,551_YAHOO_id_1_Synthetic_tr_500_1st_893.csv,e210a136be2ebf186d82b395e39791519add54544025e8a3839f22d188ee467e,1421,True
MOMENT_FT,552_YAHOO_id_2_Synthetic_tr_500_1st_893.csv,39d78c243e010ff285d6208c8fa713fd787da44a9d91eeb4348e8f5b810580d6,1421,True
MOMENT_FT,555_YAHOO_id_5_WebService_tr_500_1st_730.csv,285b7f16ef1b06fe8d52c6b2dcfb2ea97d87077c79bd0691818d78970b6ed780,1680,True
MOMENT_FT,558_YAHOO_id_8_WebService_tr_500_1st_1125.csv,3d30fec9b379e8b1d9e2c30c807589b357cb4d4564fdf6558289178d6845dad8,1427,True
MOMENT_FT,562_YAHOO_id_12_Synthetic_tr_500_1st_893.csv,f6b71e078eaaee6990053037f8fc5ce1b2ff5f0c7aaa635b8591e27e39de33a0,1421,True
MOMENT_FT,570_YAHOO_id_20_Synthetic_tr_500_1st_658.csv,2989e4c6b32afb55ad08d48e9239cc2476d76c0f67ef1f9d3f507b8e8192008a,1421,True
MOMENT_FT,571_YAHOO_id_21_Synthetic_tr_500_1st_623.csv,d1538daa8263a1d06d935e15501ee6ca7156f72fb9e07db52ab889e2a2723143,1421,True
MOMENT_FT,579_YAHOO_id_29_WebService_tr_500_1st_1342.csv,c5259a8b21ec8ec58e42ab9b3871820c1813c60a89e353209d7b1680504769fe,1680,True
MOMENT_FT,603_YAHOO_id_53_Synthetic_tr_500_1st_893.csv,bbce6649b585065bbdeeefa61a3794146f33ef2eeddabdd2fe60d89172612fbc,1421,True
MOMENT_FT,644_YAHOO_id_94_WebService_tr_500_1st_1078.csv,d09ac40325bcf4cc085352097dc1821c5ade05d0e1847960ea25e74fdd3199a0,1435,True
MOMENT_FT,645_YAHOO_id_95_WebService_tr_500_1st_1047.csv,12e858b57265d19b69c316b5e9f39bb5000738403148efdf5efab004b8d0177b,1680,True
MOMENT_FT,649_YAHOO_id_99_WebService_tr_500_1st_1386.csv,41d66fa19bca61f33955b5ae055dbecbd50a6a1cc8d31be703ea542685a57d5b,1680,True
MOMENT_FT,657_YAHOO_id_107_WebService_tr_500_1st_1260.csv,7122ba1c93851ea5a32d0cd6d9995045e7a23a849b02c06fe0ea3de81ce8dc06,1440,True
MOMENT_FT,658_YAHOO_id_108_Synthetic_tr_500_1st_893.csv,4e37b1e2da0882a2900f6c9442911e6964aa11162e093bdd708df56a9ccd5d71,1421,True
MOMENT_FT,672_YAHOO_id_122_WebService_tr_500_1st_857.csv,c787245ddbe30ffc963964593168ebd82ded6c685584e30492129c9356ac66df,1680,True
MOMENT_FT,680_YAHOO_id_130_Synthetic_tr_500_1st_893.csv,65ce7181beb429a33ae64234251af14ecd01ad1854dbbe9e68b33737a1ac6f54,1421,True
MOMENT_FT,689_YAHOO_id_139_WebService_tr_500_1st_1073.csv,c5654cabc8c0d00ecd7db04097420d59eb9e8dd20a1e50a9a6a1133e5fa98f15,1680,True
MOMENT_FT,693_YAHOO_id_143_WebService_tr_500_1st_1003.csv,15dac47a8d13f3cd06483d81720969ec4f98ce2f9ce38cbc24c403bd8e3286fb,1427,True
MOMENT_FT,701_YAHOO_id_151_Synthetic_tr_500_1st_893.csv,7f16ba17b4bc8c95d99e33215f94b49d4081515a29f0521bfcab05d6cc2a73bd,1421,True
MOMENT_FT,723_YAHOO_id_173_WebService_tr_500_1st_1214.csv,3be18660f000d9b76458e915db79525975945a90c704599ec67b7f5e54f43e88,1420,True
MOMENT_FT,724_YAHOO_id_174_WebService_tr_500_1st_1030.csv,d3d63ed88e239ac66b8a4187379692951fd6a742c4c02dc72051ff35195d5130,1680,True
MOMENT_FT,734_YAHOO_id_184_WebService_tr_500_1st_768.csv,420c085057b38312b09328863e32df42c25ee9d1e44010bfe61623ff4384bd49,1424,True
MOMENT_FT,741_YAHOO_id_191_WebService_tr_500_1st_1114.csv,d740d4e31c76ef01b8a8001b41f876c7abdadb1c2cc12bebba9e0cb43c340771,1680,True
MOMENT_FT,755_YAHOO_id_205_Synthetic_tr_500_1st_893.csv,49a6ff63cb67748bff123a23748e3121b7cd23333b1007694c1800d3f1460bfd,1421,True
MOMENT_FT,762_YAHOO_id_212_WebService_tr_500_1st_1055.csv,7b314329db9aaa9fad11bcba26489169cac2005b84b1bb0aed79c692d1378bde,1680,True
MOMENT_FT,780_YAHOO_id_230_Synthetic_tr_500_1st_893.csv,32164b5cef4a4c3bcea96704a56e98593b457b94d4b2b2cbd0f4fd0a4265b9c7,1421,True
MOMENT_FT,788_YAHOO_id_238_WebService_tr_500_1st_973.csv,d6307c06b21718e9cd8263f7c2e3efcc84ef0bcc898412041b2dc85d7f02d6a1,1680,True
MOMENT_FT,797_YAHOO_id_247_Synthetic_tr_500_1st_893.csv,dd86df94c5b59792e393376bbff6c5341e53cf6594f9012b9dd768835496e015,1421,True
MOMENT_FT,806_YAHOO_id_256_Synthetic_tr_500_1st_893.csv,745f1feff13e701a047b4fcd5070ff76c51ec983418428b26c41698c9611f951,1421,True
MOMENT_FT,807_YAHOO_id_257_WebService_tr_500_1st_1210.csv,b789c9eecf81848d56067028a62ae4f690fa3db1b6adf112007a3880134cf9e8,1424,True
MOMENT_FT,810_Exathlon_id_1_Facility_tr_10766_1st_12590.csv,7e578aba0f604d6ceb1c9d320ee9c112d5e566a0c1eac25c1ec6da7892cefb2c,43066,True
MOMENT_FT,811_Exathlon_id_2_Facility_tr_10766_1st_12590.csv,4899e8e6028121cd644b125cae9617f201170e5bdbdad8d0127b3d2ee5b5e0c1,43066,True
MOMENT_FT,812_Exathlon_id_3_Facility_tr_10766_1st_12590.csv,fe8c48fb3da9aa7ba1c75a98a8aa4514fb492ff99ca12cead048d43f4fcb2beb,43066,True
MOMENT_FT,814_Exathlon_id_5_Facility_tr_10766_1st_12590.csv,4899e8e6028121cd644b125cae9617f201170e5bdbdad8d0127b3d2ee5b5e0c1,43066,True
MOMENT_FT,815_Exathlon_id_6_Facility_tr_10766_1st_12590.csv,fe8c48fb3da9aa7ba1c75a98a8aa4514fb492ff99ca12cead048d43f4fcb2beb,43066,True
MOMENT_FT,816_Exathlon_id_7_Facility_tr_10766_1st_12590.csv,8a9e018f565ee48d7a9f37c5f08da5298207a9edae56463259cc8e85dca9242f,43066,True
MOMENT_FT,817_Exathlon_id_8_Facility_tr_10766_1st_12590.csv,df4c216e9726fedf8d738dc1f94d6edbb2626c41166d797bb94ba345de8a0fb8,43066,True
MOMENT_FT,818_Exathlon_id_9_Facility_tr_11665_1st_13484.csv,f4da5f2931bdca780640475e21be982e7d26d256980afd0fff3233f99c05e2d9,46660,True
MOMENT_FT,819_Exathlon_id_10_Facility_tr_10766_1st_12590.csv,b10deda9edd085587b7aeca27fd147018537e359ec7d6f4cd71c3f1a18c0a24d,43066,True
MOMENT_FT,820_Exathlon_id_11_Facility_tr_11665_1st_13484.csv,579e0cf921f131a45f117cbe721348bde1ed456bc64194d0d92138b9fa6b320b,46660,True
MOMENT_FT,821_Exathlon_id_12_Facility_tr_6985_1st_7085.csv,ffd15b182336e26c5bac96efbe9def4f9ead6c20ab0d4ec381e798a90ff75809,46649,True
MOMENT_FT,822_Exathlon_id_13_Facility_tr_10766_1st_12590.csv,df4c216e9726fedf8d738dc1f94d6edbb2626c41166d797bb94ba345de8a0fb8,43066,True
MOMENT_FT,823_Exathlon_id_14_Facility_tr_10766_1st_12590.csv,e79521124e61bad41dd660c6ed0368425699ff710a0e6624a36fecf1b26f2f14,43066,True
MOMENT_FT,824_Exathlon_id_15_Facility_tr_10766_1st_12590.csv,2eef13474d81ef71dafe3b2cddfc7619cd894496880d21269e46ace08ce3e727,43066,True
MOMENT_FT,826_Exathlon_id_17_Facility_tr_11665_1st_13484.csv,579e0cf921f131a45f117cbe721348bde1ed456bc64194d0d92138b9fa6b320b,46660,True
MOMENT_FT,827_Exathlon_id_18_Facility_tr_10766_1st_12590.csv,2eef13474d81ef71dafe3b2cddfc7619cd894496880d21269e46ace08ce3e727,43066,True
MOMENT_FT,828_Exathlon_id_19_Facility_tr_11663_1st_13482.csv,2c7b2cb512230931e4df237dbb4d916cc079021c7538e2088baf827fb20ded5c,46655,True
MOMENT_FT,829_Exathlon_id_20_Facility_tr_10766_1st_12590.csv,8a9e018f565ee48d7a9f37c5f08da5298207a9edae56463259cc8e85dca9242f,43066,True
MOMENT_FT,830_Exathlon_id_21_Facility_tr_10766_1st_12590.csv,5c127ea7a5a107973e9b93df1357a1a0b2f7fc80080580cd3e4d52d64f235cf8,43066,True
MOMENT_FT,831_Exathlon_id_22_Facility_tr_11665_1st_13484.csv,579e0cf921f131a45f117cbe721348bde1ed456bc64194d0d92138b9fa6b320b,46660,True
MOMENT_FT,832_Exathlon_id_23_Facility_tr_10766_1st_12590.csv,8a9e018f565ee48d7a9f37c5f08da5298207a9edae56463259cc8e85dca9242f,43066,True
MOMENT_FT,833_Exathlon_id_24_Facility_tr_10766_1st_12590.csv,fe8c48fb3da9aa7ba1c75a98a8aa4514fb492ff99ca12cead048d43f4fcb2beb,43066,True
MOMENT_FT,834_Exathlon_id_25_Facility_tr_11665_1st_13484.csv,579e0cf921f131a45f117cbe721348bde1ed456bc64194d0d92138b9fa6b320b,46660,True
MOMENT_FT,835_Exathlon_id_26_Facility_tr_10766_1st_12590.csv,387168b9a61eea86845dec74fb026f0ac9f3640ba4301b5e9811de52e6a84b57,43066,True
MOMENT_FT,836_Exathlon_id_27_Facility_tr_10766_1st_12590.csv,fe8c48fb3da9aa7ba1c75a98a8aa4514fb492ff99ca12cead048d43f4fcb2beb,43066,True
MOMENT_FT,837_Exathlon_id_28_Facility_tr_8898_1st_8998.csv,7d4728ba7e09d9357d0493f889282f6ab25517916ffe5a99e0ccc39ca4e7be6f,46650,True
MOMENT_FT,838_Exathlon_id_29_Facility_tr_10766_1st_12590.csv,df4c216e9726fedf8d738dc1f94d6edbb2626c41166d797bb94ba345de8a0fb8,43066,True
MOMENT_FT,839_Exathlon_id_30_Facility_tr_10766_1st_12590.csv,8a9e018f565ee48d7a9f37c5f08da5298207a9edae56463259cc8e85dca9242f,43066,True
MOMENT_FT,840_Exathlon_id_31_Facility_tr_10766_1st_12590.csv,2eef13474d81ef71dafe3b2cddfc7619cd894496880d21269e46ace08ce3e727,43066,True
MOMENT_FT,841_Exathlon_id_32_Facility_tr_11663_1st_13482.csv,8dec8eba9ebe2511e904819f72a718bf5442992371457aa033af9699cadca2dd,46655,True
MOMENT_FT,842_OPPORTUNITY_id_1_HumanActivity_tr_7295_1st_27516.csv,d2fd925133dd9260de316fa97565c797c72538ce7ed9cd960e461240ffb0068d,29182,True
MOMENT_FT,843_OPPORTUNITY_id_2_HumanActivity_tr_808_1st_908.csv,f1ab52f8fee509d18cdb86e90e98cd5a177d6519c1bf3b03b8841215f791e5bf,9057,True
MOMENT_FT,844_OPPORTUNITY_id_3_HumanActivity_tr_500_1st_566.csv,37b2cb63a637ea3e057928cc86f07f698182b798f26f4ee1d367898130af0ad5,15653,True
MOMENT_FT,845_OPPORTUNITY_id_4_HumanActivity_tr_7295_1st_27516.csv,6a1f67f0d3f4402d174c643408b92ac086f90ef5c25b2200425e82ba93440615,29182,True
MOMENT_FT,846_OPPORTUNITY_id_5_HumanActivity_tr_2085_1st_2185.csv,0427fc2fd5933b1cd9390e477f6ca17511d78a37ace4be90a414306560c8961a,22194,True
MOMENT_FT,847_OPPORTUNITY_id_6_HumanActivity_tr_808_1st_908.csv,0bbc1c28782d702807a56831b629040571a8931b73203ac8d9268e73bbc2f467,9057,True
MOMENT_FT,848_OPPORTUNITY_id_7_HumanActivity_tr_1477_1st_1577.csv,1704bbd3033124eb219a9ef0b3a002eb65e9c98ee1853e37229bfe5c6d623ffc,18011,True
MOMENT_FT,849_OPPORTUNITY_id_8_HumanActivity_tr_1100_1st_1200.csv,c3eab46a4f1e7e18ce025bb291b539251ad0762f9adc62a46963e967bafe9b29,24892,True
MOMENT_FT,850_OPPORTUNITY_id_9_HumanActivity_tr_895_1st_995.csv,1cffd744e92427bcd4faedbd266f840a7eca060285f24871628c263fb55136bb,14751,True
MOMENT_FT,851_OPPORTUNITY_id_10_HumanActivity_tr_6213_1st_7311.csv,db111cc0d49bd7fff2521c37ab2fa31f733735588c3aefee2d25ff1c5dc20ee1,24852,True
MOMENT_FT,853_OPPORTUNITY_id_12_HumanActivity_tr_808_1st_908.csv,1ad509c199c696897b75c7b850aa496a70b20bb123fba7b952aceb133f4571e8,9057,True
MOMENT_FT,854_OPPORTUNITY_id_13_HumanActivity_tr_1477_1st_1577.csv,aad1a2544e77852f0861499cb36174b2cd60afaf7e72d57375d50efe752672d1,18011,True
MOMENT_FT,855_OPPORTUNITY_id_14_HumanActivity_tr_808_1st_908.csv,0f8ee28d11ff9dcbb3fff78a478b1640d993fd4da1b4d4c5655b8cb3b6ac88c5,9057,True
MOMENT_FT,856_OPPORTUNITY_id_15_HumanActivity_tr_808_1st_908.csv,c04ec2a490f88b9894f79c9ff8b20299d33080650a9ce64a667bc42adbf7d84a,9057,True
MOMENT_FT,857_OPPORTUNITY_id_16_HumanActivity_tr_500_1st_566.csv,d0c0ec2c823ce5340a3761332848f93434b66ffab95ddb0bd7752031af81ddf8,15653,True
MOMENT_FT,858_OPPORTUNITY_id_17_HumanActivity_tr_808_1st_908.csv,41237608ee235fc9fa2d1dda5f15340aa6c0406ef253b05a95f85cae3e602a6b,9057,True
MOMENT_FT,859_OPPORTUNITY_id_18_HumanActivity_tr_895_1st_995.csv,c5e2c20a3e8e268740d6c3d1630a268974e7e4fb6ac766e69b63218a946b2899,14751,True
MOMENT_FT,860_OPPORTUNITY_id_19_HumanActivity_tr_808_1st_908.csv,ce6f1c261df48e269542d60b7867d09c94285de93e10e400a1676188c938436f,9057,True
MOMENT_FT,861_OPPORTUNITY_id_20_HumanActivity_tr_2085_1st_2185.csv,f0bf53841e9ba34a4699a95e03ab51b7c49653743ba13be5709f1d31e88ab265,22194,True
MOMENT_FT,862_OPPORTUNITY_id_21_HumanActivity_tr_500_1st_566.csv,0f430ddf4a4c142a81f34700b1ce1ed32bb3bcebf564e68872e137bf5b3055e6,15653,True
MOMENT_FT,863_OPPORTUNITY_id_22_HumanActivity_tr_808_1st_908.csv,ebe5bf1939563a9852bafd04b958b008d44d149b633398ad9841ef1730554ec5,9057,True
MOMENT_FT,865_OPPORTUNITY_id_24_HumanActivity_tr_2085_1st_2185.csv,dc5728e904ac46a8d71ec0ba5a37f7750fd831b95f91eaf362dd0594bb07d83c,22194,True
MOMENT_FT,866_OPPORTUNITY_id_25_HumanActivity_tr_6213_1st_7311.csv,f4104f6e184dfee47076d787afcb69691e23f5e7ff1283bfb4eb8ccb211bb961,24852,True
MOMENT_FT,867_OPPORTUNITY_id_26_HumanActivity_tr_808_1st_908.csv,4fe37d846c08c64cc9fdc7e732d0a5d90e0cd8533fc4480ba199d82b85734703,9057,True
MOMENT_FT,868_OPPORTUNITY_id_27_HumanActivity_tr_2085_1st_2185.csv,7cb2a0198fcd8f69243b72045722003083d3a6efe65b0b0a234105d00ae18715,22194,True
MOMENT_FT,869_OPPORTUNITY_id_28_HumanActivity_tr_500_1st_566.csv,2f9e81209c52deba2a585efcd3865c8848c5d49620f9982f549a9f6a14ade031,15653,True
MOMENT_FT,870_OPPORTUNITY_id_29_HumanActivity_tr_1477_1st_1577.csv,d40a847fa3dc28766871d6fdc32e0653bf6b325100805503830c815fe4be6fd5,18011,True
MOMENT_ZS,001_NAB_id_1_Facility_tr_1007_1st_2014.csv,9e144dde99277b17be36d78e58f3b22928236cde3756df565f4c2d2943b34d0b,4031,True
MOMENT_ZS,002_NAB_id_2_WebService_tr_1500_1st_4106.csv,e384ba62abccd928d0767c6001308f07262656f59ffa9d308a850e62dbbbda8f,6000,True
MOMENT_ZS,005_NAB_id_5_Traffic_tr_594_1st_1645.csv,9996e9946c7bc6ed68b14e36398f4688944135649247c96ce97f7f15eed30aa1,2379,True
MOMENT_ZS,006_NAB_id_6_Traffic_tr_2579_1st_5839.csv,e59c60b4fa4f5e91ff02c10a3c60ec740c777d62af6e818ed574160b1b7dea33,10319,True
MOMENT_ZS,008_NAB_id_8_Synthetic_tr_1007_1st_2734.csv,c23d29d4745720dd17636e2912a589e894b03257713c73f08b935ac29c39f47d,4031,True
MOMENT_ZS,009_NAB_id_9_Traffic_tr_500_1st_438.csv,f128c73555e16e18283eac5f3f2083d8bd2951d4d7da0bd54ee0394db167335f,2161,True
MOMENT_ZS,010_NAB_id_10_WebService_tr_500_1st_271.csv,d37bd082fdf76ee76cc67f7d5801fe1dbbdc3ded08a572e8ac7fa0e8cd990b52,1000,True
MOMENT_ZS,011_NAB_id_11_Facility_tr_1007_1st_1526.csv,7b369696babf56cd2ce58aff35dc286c24d197d4857d69bcedced9fbbc23aa44,4031,True
MOMENT_ZS,013_NAB_id_13_Traffic_tr_623_1st_2084.csv,46c166544ed7dcde4b3850774d6219aa481aca55a5151051511b39fea7f85628,2494,True
MOMENT_ZS,014_NAB_id_14_WebService_tr_500_1st_1045.csv,14f530bcca608b2cf07f110945e296c633ace2cc570c4505c92eebc9673ed280,1537,True
MOMENT_ZS,015_NAB_id_15_Synthetic_tr_1007_1st_2787.csv,427511d1310c22a1bf9a4641df71931a7ad211b5978bf6cef76eae71e586074f,4031,True
MOMENT_ZS,016_NAB_id_16_Environment_tr_1816_1st_3540.csv,07156d2c663ef9d95ef67116ec0b325f8c31ae70b5e187f891c8d771830c0652,7266,True
MOMENT_ZS,017_NAB_id_17_Synthetic_tr_1007_1st_1805.csv,9f3d271dd7fca3b7f32a4f00857c38e667d971c1e15b1d1842fc21c3595cd903,4031,True
MOMENT_ZS,018_NAB_id_18_Facility_tr_500_1st_669.csv,519a38017dd408c83d45807c44029bf96bff23dcf7a285cbb349a8621a1dd17c,1881,True
MOMENT_ZS,019_NAB_id_19_Facility_tr_1007_1st_1171.csv,abbdaaf05e7d7a53ae66f74db4b1fc0bc7c625a459ec5975c18bfb25ceaa7152,4031,True
MOMENT_ZS,020_NAB_id_20_Synthetic_tr_1007_1st_2679.csv,58d13f01647df90290ecf9fed1af1c478748fdbe1b91cbf9d0ef8b68c535a9be,4031,True
MOMENT_ZS,022_NAB_id_22_Facility_tr_1007_1st_2980.csv,24bd6e95836f3fe7de39861679c1c890de03b98d88a9387bdfe463ab7b18cba1,4031,True
MOMENT_ZS,023_NAB_id_23_Facility_tr_4512_1st_16551.csv,5bf42fbfbaa94291c385510ab6589e1adcc7af80e0d5cbcce235b12a6eab6e8a,18049,True
MOMENT_ZS,024_NAB_id_24_Synthetic_tr_1007_1st_2787.csv,8cc50a71026d9e7cb0f4bbccb359c0845e8b1103aa2a580858924b2fdbdf6db4,4031,True
MOMENT_ZS,025_NAB_id_25_WebService_tr_3958_1st_4614.csv,ae28cbfba3c96ccda1615bc7faea94fc583aa688ea76f4221b7551d49d8d191b,15832,True
MOMENT_ZS,026_NAB_id_26_Traffic_tr_624_1st_2261.csv,f0f43a6375704c5f4bf2b6530c7685fe1afbb6c0af6a10174fed28a81186ee2c,2499,True
MOMENT_ZS,027_NAB_id_27_Facility_tr_757_1st_2582.csv,135346b6f6769d70ed76539731034ab066c292d4bae951561a978e1d2e41cdc5,3031,True
MOMENT_ZS,028_NAB_id_28_Facility_tr_1007_1st_3447.csv,b7648e5b7d0a85e2cb8131426241adf7d9c1de488454460decb10d69dfb1602a,4031,True
MOMENT_ZS,032_WSD_id_4_WebService_tr_4559_1st_11822.csv,9f46c1ea43d13c1bcb90a3f8162a8f564538a2b30233ac5d88e26e5e70d0fc9e,10686,True
MOMENT_ZS,039_WSD_id_11_WebService_tr_1746_1st_1846.csv,73d6c0e98fee811ccb2a2756ffc1b5e7b04d68577829f010763d2bf87f00ef27,18219,True
MOMENT_ZS,040_WSD_id_12_WebService_tr_4559_1st_9714.csv,0ba6b7fb076a39ac3eb47e9559bf8e2ddc14485ee8c9eed4991b1cb422a5f1bd,18236,True
MOMENT_ZS,043_WSD_id_15_WebService_tr_4521_1st_6828.csv,3d6f6b883648449e5492cc4df56b83920c008acc5ace3704e45f3bb0233cb361,18085,True
MOMENT_ZS,049_WSD_id_21_WebService_tr_4297_1st_7097.csv,9dc25b9afea7cf73231e1027db8f75e89c6bfe36d7d5f2e66f6990e7ba126995,17189,True
MOMENT_ZS,054_WSD_id_26_WebService_tr_2409_1st_2509.csv,c7fba0cae9eb8d01c4d8cdbc5c51a718d86f8c5fc2995d5bfdc6590a6d198d70,18391,True
MOMENT_ZS,058_WSD_id_30_WebService_tr_1136_1st_1236.csv,5ea0801c1936749043e50a98c546b6bbf84aa15d281b828c6800fb07a936917a,18236,True
MOMENT_ZS,060_WSD_id_32_WebService_tr_4576_1st_4766.csv,5c4dc40fa23e517d3530d19f1bf1c1a352c6af2aed632aea1219c9226e981a44,18305,True
MOMENT_ZS,068_WSD_id_40_WebService_tr_4549_1st_13322.csv,aa0ed8466ee9ae34463a8083f49fc58fb5bd13c5c4a66f56d545ed5e5039c0f7,18197,True
MOMENT_ZS,074_WSD_id_46_WebService_tr_990_1st_1090.csv,006b60bd18ba1ea3b8266985a5304ef0445be60fa00813672201d66965b66aef,18236,True
MOMENT_ZS,089_WSD_id_61_WebService_tr_1010_1st_1110.csv,dd569644001466e290cc60206769dfe6114cd5c3b471db87d4706c383f60d933,17429,True
MOMENT_ZS,094_WSD_id_66_WebService_tr_3309_1st_3914.csv,2975ed9658114393d6f7b2a7f0a4cc265a4d859d494366c3ece8d7665a1139d1,13237,True
MOMENT_ZS,099_WSD_id_71_WebService_tr_4559_1st_14411.csv,e2144b8fcedd80e4d8e56e181b40bb7d26c536607dba72600fca09ae68db6553,18236,True
MOMENT_ZS,106_WSD_id_78_WebService_tr_3363_1st_3463.csv,bab28ab5345ed6ba258b0298561a6556d4df0b8acbc2da9bdac2551feb063292,18236,True
MOMENT_ZS,113_WSD_id_85_WebService_tr_500_1st_335.csv,c7b9917634c65d48485043baecb0adc8584c058d2892e09cbe251027e6f0aae4,18242,True
MOMENT_ZS,117_WSD_id_89_WebService_tr_3251_1st_3351.csv,066536d1bf8dbc27633d6415f7d63457a0ac3fe1f86709b083b4b03c3ff5860c,16376,True
MOMENT_ZS,125_WSD_id_97_WebService_tr_2217_1st_2317.csv,84a30f522e843c3aea38757d6a6fec6c41fd6584ec14b6b28ae821ae18454233,18250,True
MOMENT_ZS,130_WSD_id_102_WebService_tr_2362_1st_2462.csv,36e19b2e2b42e52a1e4fa9b33a680de80d1963fd84715c582569094e41099048,18236,True
MOMENT_ZS,137_WSD_id_109_WebService_tr_4559_1st_14404.csv,e555ddd74c3ae9d3b270fc848bdf0b20cc35b325fdcd4e394a3c687dbe58d4fa,18236,True
MOMENT_ZS,139_WSD_id_111_WebService_tr_1701_1st_1801.csv,1e5abe021cff3a9f7c0addf23a35c66829f545fe852ea869dcf3851521a57495,18381,True
MOMENT_ZS,140_MSL_id_1_Sensor_tr_530_1st_630.csv,29e83cef45948bfee67b6ff209de3890e15cab9ae5bd97657ed51c91a6a357e9,2430,True
MOMENT_ZS,141_MSL_id_2_Sensor_tr_500_1st_550.csv,151793f605ffb8d460aa303b271fa45f8556ea2f4fa2d40657bd505b7d7f6739,2264,True
MOMENT_ZS,143_MSL_id_4_Sensor_tr_980_1st_3550.csv,5b2ab44a7840bef4e0ed3b267039d5e37c76a848f21e57f40c7a6b7ed5d81659,3922,True
MOMENT_ZS,144_MSL_id_5_Sensor_tr_1525_1st_4590.csv,ab3aa1b5788fb6dc21f4450fbab26652638e0a6224d791c2a29aa6e116a3fd99,6100,True
MOMENT_ZS,145_MSL_id_6_Sensor_tr_530_1st_630.csv,df48d969c8a1a018cb8b1ec76dc7fea41804b130303f6a17871e5da22575f2db,2430,True
MOMENT_ZS,147_MSL_id_8_Sensor_tr_590_1st_690.csv,c1dd7ab578cb2308ec72d0f4d6fad92ad414c3147d4a9786b9a411c8fd8ae99b,2430,True
MOMENT_ZS,148_MSL_id_9_Sensor_tr_883_1st_1238.csv,d2ac0a743aa48d9bb7b6b752679df6ee387f0e62ea5addd407583b8641826e08,3535,True
MOMENT_ZS,149_Stock_id_1_Finance_tr_500_1st_7.csv,adffa69ffdcb64ff6218ce092e93646e929eb2c638636b65aa05d73534756c12,20000,True
MOMENT_ZS,151_Stock_id_3_Finance_tr_500_1st_62.csv,2e1fd7d4ad43969ee982e37f5c090d54d06df18ceab80ee041ca35706b8dea2c,10000,True
MOMENT_ZS,155_Stock_id_7_Finance_tr_500_1st_18.csv,c4073cb28a5f7dde1fcc85280e14e8e949653b371f31a2534bec858cc7e3c3db,20000,True
MOMENT_ZS,156_Stock_id_8_Finance_tr_500_1st_24.csv,3dec239efa0e65fc00be37e38af417fdb4a28e47270a6e574e614f31f9500ad2,10000,True
MOMENT_ZS,160_Stock_id_12_Finance_tr_500_1st_14.csv,b6d350e74fa3d42481b639c4f5204b07fdcccad8014828e3a2cb7200f1ef508f,20000,True
MOMENT_ZS,162_Stock_id_14_Finance_tr_500_1st_4.csv,9f0ebe55ff043fd1e357ba1a9c853436f2806b5084ecdc2c1d793256766c4d5d,10000,True
MOMENT_ZS,165_Stock_id_17_Finance_tr_500_1st_7.csv,b443475d650179feb2549c4705ff8bd5e2369b99df27fda604e2a21bdf2b97eb,20000,True
MOMENT_ZS,166_Stock_id_18_Finance_tr_500_1st_18.csv,343e06023e27fad9c3218605eb6cecfbff914994d1938825d3b5ebce9d8bbed8,20000,True
MOMENT_ZS,169_Daphnet_id_1_HumanActivity_tr_9693_1st_20732.csv,14f6b8a0aa41bd0beb2e59d6a654b148dda52fa6caa52e0228bd52377bc92209,38774,True
MOMENT_ZS,170_MITDB_id_1_Medical_tr_17675_1st_17775.csv,a756e2d2071a40eaa5c1120169092e4d794a7192d36f20bd6e0f3a3075138617,500000,True
MOMENT_ZS,171_MITDB_id_2_Medical_tr_50000_1st_88864.csv,f379e083ee14e686d411de4e3519ed9e428e697caf8bb7ada81be475644e2395,650000,True
MOMENT_ZS,172_MITDB_id_3_Medical_tr_27274_1st_27374.csv,1fb37c60f4f915af601a105f363e380177a672ab7ae9a2d3ebec61a902afb1fd,650000,True
MOMENT_ZS,173_MITDB_id_4_Medical_tr_13620_1st_13720.csv,bd4b5dc12bea8390d7e757150a5624420c15a53a5057bfd53d5df828db00acc5,650000,True
MOMENT_ZS,175_MITDB_id_6_Medical_tr_27274_1st_27374.csv,98c8d534990f65127cace2904ffd6c6bdb39f9f87acde369d3a9d649a45588d7,650000,True
MOMENT_ZS,176_MITDB_id_7_Medical_tr_6232_1st_6332.csv,a9683efb1f6ae0f17792a157e39349c7dc24ae0f2500b506230701ad763eb959,650000,True
MOMENT_ZS,177_MITDB_id_8_Medical_tr_17675_1st_17775.csv,b1c724d718075d1ab42c3eced62cb18023406f86bceb4b71eb2824ef05a238b2,650000,True
MOMENT_ZS,178_SMD_id_1_Facility_tr_6000_1st_10609.csv,073b7681b0afd6635e4c8411de4fa967daa7d66a8aa22b0c1fbabb856cf8917b,24000,True
MOMENT_ZS,179_SMD_id_2_Facility_tr_5925_1st_17580.csv,ce3e8eb4739f6df2f50f04dcad0fb63f2ede243093a2c7b67e7bfef5437a6d5b,23703,True
MOMENT_ZS,180_SMD_id_3_Facility_tr_5925_1st_17580.csv,98db36868898d61a828fe5d6ccd92c41ab1941d336a3c3b00fb2c1dcfce966e6,23703,True
MOMENT_ZS,181_SMD_id_4_Facility_tr_5000_1st_15144.csv,66dcbb7a93196be769384c75e66dc148d7f6a8e03404a3b2d8d841cfb98e3cf0,20000,True
MOMENT_ZS,183_SMD_id_6_Facility_tr_5925_1st_17580.csv,e1889769e591a072d7ca4e3279488d01ec89434655db6e9b38bfb4aa2e0b2d4c,23703,True
MOMENT_ZS,184_SMD_id_7_Facility_tr_7119_1st_15849.csv,1d8973f37667fd667451e2b49a9642e7084c04ba24ad441d996f33abc3ca7dad,28479,True
MOMENT_ZS,185_SMD_id_8_Facility_tr_5000_1st_15144.csv,1b1661f14af09532d6e7bf17d26cc4d3a1fa8b48416759859187de1b32cac3a1,20000,True
MOMENT_ZS,187_SMD_id_10_Facility_tr_5000_1st_15849.csv,cb4db62693132a8f7b69fb1d25110decd6574ce668d4bf215f41d3eb5b736f8a,20000,True
MOMENT_ZS,188_SMD_id_11_Facility_tr_500_1st_392.csv,c97a6b1eb333077684de067c7c94a24913b03e5d6dc75643a953c8a5f8369423,23703,True
MOMENT_ZS,189_SMD_id_12_Facility_tr_5925_1st_17580.csv,e551dc4bbb15e5527db159d8ac1fcaf7df4055a468619c1ad0a5025193ecec2f,23703,True
MOMENT_ZS,190_SMD_id_13_Facility_tr_7119_1st_15849.csv,c09f3def17625110d2b030f6a37f09f718d10c3dd77ec6fb160ce123ff9fd188,28479,True
MOMENT_ZS,191_SMD_id_14_Facility_tr_4596_1st_4696.csv,a205521e97f0f2c5e1b5bd4b3adf3ffe2fabfdbecc396b3e593177dc75e8650c,22700,True
MOMENT_ZS,192_SMD_id_15_Facility_tr_5925_1st_17580.csv,7a53c9a1e8a65b2b827653db0f5851cb68a7675fa17bb9cf9aa8faa55223c279,23703,True
MOMENT_ZS,194_SMD_id_17_Facility_tr_5925_1st_17580.csv,daa5ffc809058d22315eeea0a069688307162c074c48013392e8ec675e4bffbb,23703,True
MOMENT_ZS,195_SMD_id_18_Facility_tr_5925_1st_17580.csv,80e09192cb5ade781484160993a26883cdd270a48036cfac0198c0a9cfbbcd1a,23703,True
MOMENT_ZS,196_SMD_id_19_Facility_tr_7174_1st_21230.csv,5bb0de53ce8e667936752793403a97b716f792aac69d48216f6fa1666a4756a3,28696,True
MOMENT_ZS,197_SMD_id_20_Facility_tr_5000_1st_15144.csv,780131bef67721a2f0ce59f97ae620230c047eb7d5fc66588cc07622a17b98fe,20000,True
MOMENT_ZS,198_SMD_id_21_Facility_tr_5925_1st_17580.csv,91c1fed4a60cd472ce0291810b550456b96436edc6d58efa0352d412618b8f96,23703,True
MOMENT_ZS,199_SMD_id_22_Facility_tr_5925_1st_17580.csv,cff595884086a5075a8dd7a512e57b8cefc043972a076b13ceb0f4a541d21674,23703,True
MOMENT_ZS,201_SMD_id_24_Facility_tr_7174_1st_21230.csv,46e023476d82366ae524b620f0e4409be617d09dade5936df2f194b80ac6d22e,28696,True
MOMENT_ZS,202_SMD_id_25_Facility_tr_6250_1st_21230.csv,a76e972c0eb357e70e5fe2515df0217469e8ce1e79ac79460795d459c9a61da1,25000,True
MOMENT_ZS,203_SMD_id_26_Facility_tr_7174_1st_21230.csv,b16c14a77100726d5ba9ed1495565ae93ad85b98dc32bb6017023eb3fbf62017,28696,True
MOMENT_ZS,204_SMD_id_27_Facility_tr_5000_1st_15144.csv,a7df687a3cea14378ba5d0f33dd1aa7695fcc7a4ad49aa69ea6d65ca6a5ab935,20000,True
MOMENT_ZS,205_SMD_id_28_Facility_tr_5925_1st_17580.csv,a4b430756f15fb90c67fbfaf6006704ae33091284084a86487e71ff4f8ca143c,23703,True
MOMENT_ZS,206_SMD_id_29_Facility_tr_6250_1st_21230.csv,a4eef674f1bc1d2d9bb0154e91e0ca363053b8c8fc64573cd0edf97e1a9ea648,25000,True
MOMENT_ZS,207_SMD_id_30_Facility_tr_7174_1st_21230.csv,a1b8379d96be66c09bc8d9953e55306681855247155363ca273b4eaf4b377023,28696,True
MOMENT_ZS,208_SMD_id_31_Facility_tr_5000_1st_15144.csv,3c67b7a444d81f597412b475b655015e8a6d7035158ee8709cae550b7098939d,20000,True
MOMENT_ZS,209_SMD_id_32_Facility_tr_5925_1st_17580.csv,e3374359f8c8ba571826764afe4cc283bb926d19a074d490f246185dbd6f3c8f,23703,True
MOMENT_ZS,211_SMD_id_34_Facility_tr_5925_1st_17580.csv,3b366436c577dd503b9c2c7cf3f717565165e8a10e94b8b7dea670c379515e4c,23703,True
MOMENT_ZS,212_SMD_id_35_Facility_tr_5925_1st_17580.csv,cd1194754788d76186277878f16b1a2e23720b5941efa504fe1be23340c49696,23703,True
MOMENT_ZS,213_SMD_id_36_Facility_tr_5925_1st_17580.csv,b18c643977e88347c189c8a4d6480c1d6c4ece4a685797bd8318d5c21f68f916,23703,True
MOMENT_ZS,214_SMD_id_37_Facility_tr_5925_1st_17580.csv,9a8838452029b9a66460a9611cefffeebf7053bd9c35ea2cb238f3f879d04cfe,23703,True
MOMENT_ZS,215_SMD_id_38_Facility_tr_5925_1st_17580.csv,04d525ac1e8ac43a44576d787e89f887eda91b2b72e9d9c0d74d213502ef7c88,23703,True
MOMENT_ZS,216_LTDB_id_1_Medical_tr_500_1st_266.csv,57d6286ee028dd6b75bef4bd0b0b968ef09cd14cf8b9c2deaa4f17217f90cce7,100000,True
MOMENT_ZS,218_LTDB_id_3_Medical_tr_500_1st_266.csv,45fcdc592b08962a8e73ae93320ed31d8a026801c162956662ee178dc2f50fec,100000,True
MOMENT_ZS,219_LTDB_id_4_Medical_tr_3618_1st_3718.csv,4ed2a1365f8fd875b1945801d3473c512bf73f90197ddc5ac92cb168aa6593ea,100000,True
MOMENT_ZS,220_LTDB_id_5_Medical_tr_500_1st_26.csv,3a7d291562ae75458f5996a2b64efe0053ee074529376a089561274582ec9470,100000,True
MOMENT_ZS,221_LTDB_id_6_Medical_tr_500_1st_26.csv,ea5455ed6948bb8daf70967fe0ee3b13d901366fb96e26bcc69ce0ca1c724ef5,100000,True
MOMENT_ZS,222_LTDB_id_7_Medical_tr_3618_1st_3718.csv,fe558bf39390a7a87b8d66761fba9d2cd4f1dd003562b99a06d28d48ad4226d3,100000,True
MOMENT_ZS,223_LTDB_id_8_Medical_tr_4456_1st_4556.csv,3a59a299aa0b919ec35a87f34743e816a71676cb9fc19b923c3f528edb5611f1,100000,True
MOMENT_ZS,224_LTDB_id_9_Medical_tr_4456_1st_4556.csv,e305808a7f949ae817100878df3bb58b631902b04ebf00d3160c1409c60c540e,100000,True
MOMENT_ZS,225_MGAB_id_1_Synthetic_tr_25000_1st_38478.csv,db5725800f94970d9a9f70e78de13a63b0edda2f8e8ec0738897de8c82ca26e5,100000,True
MOMENT_ZS,226_MGAB_id_2_Synthetic_tr_20000_1st_45134.csv,b9a60f21daae52a295897eff7359e7b2585036fdf903d27afc56a61143887cfb,80000,True
MOMENT_ZS,227_MGAB_id_3_Synthetic_tr_25000_1st_44340.csv,259f82749d9cde6308b418d1ef1582caabff79fa2f66d0335223d2f8decda9c8,100000,True
MOMENT_ZS,228_MGAB_id_4_Synthetic_tr_25000_1st_38948.csv,94612eca3e27daf519ea421692d17105b09c1ea2518be3e4ca6d772162f8d94a,100000,True
MOMENT_ZS,229_MGAB_id_5_Synthetic_tr_25000_1st_33098.csv,0d5cee53036608be37a01cc4ff23e852e77af29f1e23d39cc31e2dd37ae66b7c,100000,True
MOMENT_ZS,231_MGAB_id_7_Synthetic_tr_25000_1st_35544.csv,89163a1cf210b347f0b3ef41638c7c7c043e068c17d6731c93dfe2d80c7891d8,100000,True
MOMENT_ZS,232_MGAB_id_8_Synthetic_tr_25000_1st_32708.csv,e406fb83077f8454518990d46fcfc4d02af34baa2e92b2e1709fe25b0b3c7d42,100000,True
MOMENT_ZS,233_MGAB_id_9_Synthetic_tr_25000_1st_41300.csv,ea790e02fdf3c47c200a50f1d8dddcf250e8ec2443f1b4cd0510cd019a99bf0c,100000,True
MOMENT_ZS,234_SED_id_1_Medical_tr_3740_1st_3840.csv,f9bbabe5a01cc8c0d69be051be407de1f899fa84d1defbb8854d7903164ac53e,19999,True
MOMENT_ZS,236_SED_id_3_Medical_tr_3740_1st_3840.csv,eb31f9e6f047a77a88450c90f5f32803ae86704f5d8afbbd7cc1f2a3b796eae9,39999,True
MOMENT_ZS,237_SVDB_id_1_Medical_tr_11587_1st_11687.csv,877af6913aa5cbbaa56dfff9f5b143d280c1c1b625ac77410fc958c5d123508a,130400,True
MOMENT_ZS,238_SVDB_id_2_Medical_tr_25000_1st_71963.csv,d42ace0c04305778fd43b65a572b2180853808b616822ea8f20c3a2bd5272976,100000,True
MOMENT_ZS,239_SVDB_id_3_Medical_tr_50000_1st_106634.csv,5991f6a89b0c657a2f1bc87e60e57b8d6fa7cbd3f08bef26031048562cc9e203,230400,True
MOMENT_ZS,240_SVDB_id_4_Medical_tr_18462_1st_18562.csv,35365b13798c51b3105b5efc56e4c2db8bef2215b3c267b775ac0952c224b723,130400,True
MOMENT_ZS,241_SVDB_id_5_Medical_tr_11587_1st_11687.csv,57c1551a7944d8fbbfbe7df8fc70f9c9d62e922b0fb4e9620afe0df952abee24,130400,True
MOMENT_ZS,243_SVDB_id_7_Medical_tr_11393_1st_11493.csv,7dcde356762c94beb50f3ae3e5f80efe28e68014a56b25258a6548af567d67ab,180400,True
MOMENT_ZS,244_SVDB_id_8_Medical_tr_17803_1st_17903.csv,fb77b19c1b7b6206edd3d99735986102e8964cf13ac9e33747cb2a413804c47a,130400,True
MOMENT_ZS,245_SVDB_id_9_Medical_tr_12607_1st_12707.csv,ee9617768078e1e46cb948af53f03171b22a19b38c1cc3a606f838db309c76af,180400,True
MOMENT_ZS,246_SVDB_id_10_Medical_tr_20100_1st_68460.csv,a0d776d0fbd20142039016992989d50a36d7b87e4c961b3a1eec5b6e289cca8e,80400,True
MOMENT_ZS,247_SVDB_id_11_Medical_tr_20100_1st_23611.csv,202c89321f1691a9bd8c3d943f9ffef82f9749aa018cd220269b1394baa9dc84,80400,True
MOMENT_ZS,248_SVDB_id_12_Medical_tr_18462_1st_18562.csv,39c6bb0f8f17a512ad1e5e6f2ea521b8067225f209dd5141f59ee4fb9e6984f1,130400,True
MOMENT_ZS,249_SVDB_id_13_Medical_tr_50000_1st_54982.csv,f3f9be96d9be312a46f33f8fdcee295877b29b9cdd890e22e6543c3da6c24ae0,230400,True
MOMENT_ZS,250_SVDB_id_14_Medical_tr_50000_1st_107354.csv,40442b34ce55b6b5aa973a0beaa091b5c10a25676bd246289007cb23d16454f8,230400,True
MOMENT_ZS,251_SVDB_id_15_Medical_tr_5421_1st_5521.csv,0f9421612806eddcc656ed22817c39d03fe2dac6b2eeccce8e5eec91c9d6ef61,230400,True
MOMENT_ZS,253_SVDB_id_17_Medical_tr_17803_1st_17903.csv,cea5ff5a364ad4d96bf2aee88f8b928000feffe5ffc8225a383d03e789ddcdcb,130400,True
MOMENT_ZS,254_SVDB_id_18_Medical_tr_30824_1st_30924.csv,2c6b2814a27b8f2185886694a9b0681726f556672dbb6cb5fc1fbfa313f08e5f,230400,True
MOMENT_ZS,255_SVDB_id_19_Medical_tr_50000_1st_54982.csv,8ec7ed9940c7e14482575a3433408c29f3c020a4cae2cf8c9381d5bfb0cca911,230400,True
MOMENT_ZS,256_SVDB_id_20_Medical_tr_6264_1st_6364.csv,f897779e9e0757c5da2970e0d9cf09e235a21fab909297a423e8b1e6f86c3f4c,230400,True
MOMENT_ZS,257_TAO_id_1_Environment_tr_500_1st_3.csv,a64e86bdb7a0ce9724a849cc5e688f8ada38fbe2bc125d7d04a75a2c8083c791,10000,True
MOMENT_ZS,258_TAO_id_2_Environment_tr_500_1st_4.csv,a170e7da11fd7874f152a964aa8a7e1f504c1938ed1821ae9a7f3a5941eb07eb,10000,True
MOMENT_ZS,260_IOPS_id_1_WebService_tr_5000_1st_11804.csv,40c521dd518ef4290806d4c035b3e9081759d1952b84efa2eb68a6a495ba93c0,20000,True
MOMENT_ZS,261_IOPS_id_2_WebService_tr_2178_1st_2278.csv,349a74871530621bd7aa8356fea92e37ef49d4f0665e6d9bdf59909efff80a4b,8784,True
MOMENT_ZS,262_IOPS_id_3_WebService_tr_7028_1st_7128.csv,f1802885c2df933304a248d0028cebe221ea5b46e23fa64afdbe06a95eec8cf9,125135,True
MOMENT_ZS,263_IOPS_id_4_WebService_tr_3482_1st_3582.csv,b74372c7cafdd453d42d14cbbd21a2526aa76ef9d43cbbb9ac8d0ab6e221db7c,149123,True
MOMENT_ZS,264_IOPS_id_5_WebService_tr_11665_1st_11765.csv,6b8c464f0e3393243bcb739932973e0d2d93950ad740772ba9a37577a417e98c,60000,True
MOMENT_ZS,266_IOPS_id_7_WebService_tr_4010_1st_4110.csv,499a6de90373bcf9842e3a517199b2cb28ab48f779f366c9e39fe0c2b701c98c,89155,True
MOMENT_ZS,267_IOPS_id_8_WebService_tr_1534_1st_1882.csv,381c8f5bedb4dba73d17ed917cc67328db1e69243d4fe3d6cc41ae219213115b,6138,True
MOMENT_ZS,268_IOPS_id_9_WebService_tr_6216_1st_6316.csv,0138c182b2444b1c3e58c3a03471de66f9238d08a1434942e50b1e66e25de9eb,29133,True
MOMENT_ZS,269_IOPS_id_10_WebService_tr_1216_1st_1728.csv,4a4786f4073f900102f88a8f875c6d9d1a93f110fb7d154aedbb836a623af149,4866,True
MOMENT_ZS,271_IOPS_id_12_WebService_tr_500_1st_341.csv,23ad49e2647ef533a53fa246a94ba39acb828e62f25ce0e573c1cf7b6a372cb0,8784,True
MOMENT_ZS,272_IOPS_id_13_WebService_tr_3442_1st_3542.csv,0197f5d25b6ef14afa2bb8ebe954073aa89bc5aeffe0ac6c01c71174baba1ff4,149156,True
MOMENT_ZS,273_IOPS_id_14_WebService_tr_5569_1st_5669.csv,f36d0847889c5819e75fb37d83d72180f4029e4cb7d88400f147de18f90a21c9,149122,True
MOMENT_ZS,274_IOPS_id_15_WebService_tr_4591_1st_4691.csv,909faf81f58a0c4edc3216033f36005cee42bbf89bc636532883d68c872e3f0f,149132,True
MOMENT_ZS,275_IOPS_id_16_WebService_tr_1482_1st_1582.csv,93b9b75647dd488c5b50def04489a6ea1fc4179219311c5884439f136a280e71,8784,True
MOMENT_ZS,276_IOPS_id_17_WebService_tr_19197_1st_19297.csv,f113d347802bb302e12cf97b3163d6db67667dc08809e8436a4d2f8f624a0ea9,91370,True
MOMENT_ZS,277_NEK_id_1_WebService_tr_500_1st_17.csv,8b987b0df7cb8f6c30dbaaec570db269bc224636c733ccea29cae6c8fa31f44d,1073,True
MOMENT_ZS,278_NEK_id_2_WebService_tr_500_1st_64.csv,6285e385b283f7d4cc382571e4eff4c93bc98b5f963ff75494ff671e070ab81e,1073,True
MOMENT_ZS,279_NEK_id_3_WebService_tr_500_1st_974.csv,46d4067615c4c3ca82f58b78a5b4918fa1ac509ec544029e69526b4ee4dd3af3,1073,True
MOMENT_ZS,281_NEK_id_5_WebService_tr_500_1st_974.csv,1be57e0b504809b8bf3d58d8e287bad2197af63c3dd9df10bfbcf07e826e239b,1073,True
MOMENT_ZS,282_NEK_id_6_WebService_tr_500_1st_64.csv,6bf742ae938722af2807de58fc93fae0f0e17309d4247ab6b1dabf98402c0254,1073,True
MOMENT_ZS,283_NEK_id_7_WebService_tr_500_1st_777.csv,8474757bb001abf83786285d7882419f1eb31b130c8579edbf6a7314e40808df,1073,True
MOMENT_ZS,284_NEK_id_8_WebService_tr_500_1st_976.csv,e200b9484ae600d3da2f9850125bdc7fd371889333168f6d875cf0ef609e0aa1,1073,True
MOMENT_ZS,285_NEK_id_9_WebService_tr_500_1st_780.csv,8474757bb001abf83786285d7882419f1eb31b130c8579edbf6a7314e40808df,1073,True
MOMENT_ZS,286_CATSv2_id_1_Sensor_tr_17792_1st_17892.csv,5708b9ce193caea2787b1e8c58876a264002c13f88f3c3441c058071a31a518b,300000,True
MOMENT_ZS,287_TODS_id_1_Synthetic_tr_500_1st_11.csv,574de53ae6ca9144453041b5181ece6d471c1fe020892c8e8ebbed127d3f78de,5000,True
MOMENT_ZS,288_TODS_id_2_Synthetic_tr_500_1st_65.csv,a5c9f739cbab3a66f6949d6faa46527532bba54a34182640181916c96ec5ec47,5000,True
MOMENT_ZS,289_TODS_id_3_Synthetic_tr_500_1st_26.csv,1b009cb0c6b567be2bbdc697caf21b9669733ed13acf3542275a32f54a0cdff6,5000,True
MOMENT_ZS,290_TODS_id_4_Synthetic_tr_500_1st_26.csv,0c351f12681b02cc9077d44da7b1beb64107656141c2ea123a73ad988f25991c,5000,True
MOMENT_ZS,292_TODS_id_6_Synthetic_tr_500_1st_11.csv,42f48a158d775897fbd3c017abcb2221293be653e583790fa1dc918e3bc8b045,5000,True
MOMENT_ZS,293_TODS_id_7_Synthetic_tr_500_1st_7.csv,fcaa562ddedf3f9a4c4c25e93e928b51a78fa7768ce04a742b0ed7413b3670e7,5000,True
MOMENT_ZS,294_TODS_id_8_Synthetic_tr_500_1st_200.csv,0af032c55bf1c9bfc86b534c3812e18d977ad64ea62ddc1348769d6a25178577,5000,True
MOMENT_ZS,295_TODS_id_9_Synthetic_tr_1250_1st_2046.csv,00ece001d40f76d16699e26f19f799d9effd482901b046eca1b26117c00d38f2,5000,True
MOMENT_ZS,296_TODS_id_10_Synthetic_tr_500_1st_26.csv,3e87f91ad8b4f14dcfb39e911e239cf88d298568ee63a49ae0ed0d3b9f3a2f9c,5000,True
MOMENT_ZS,297_TODS_id_11_Synthetic_tr_500_1st_7.csv,56f950dda2c27c5c1e49f416c3336d7551503a7f6ad53111751e4aa58d3bbf00,5000,True
MOMENT_ZS,298_TODS_id_12_Synthetic_tr_500_1st_0.csv,5bd61344aa09bf56aa88e8f6c20ea4957cce2a4362a0e469a5a687ab7765a3ac,5000,True
MOMENT_ZS,299_TODS_id_13_Synthetic_tr_500_1st_65.csv,76e498ad526de2c1f622205fc9cde97e22592deee7498c8a490d0437813e4974,5000,True
MOMENT_ZS,301_TODS_id_15_Synthetic_tr_500_1st_245.csv,053eba50341065bff436c762dca1c8b2b70dc4443673f016b7169cc06f838e4b,5000,True
MOMENT_ZS,302_Power_id_1_Facility_tr_7685_1st_7785.csv,b3e4d45aff176df4ca8ebfe9232d5e2d3415544632982f75e95ab4387b6a5ce9,35040,True
MOMENT_ZS,304_UCR_id_2_Medical_tr_2499_1st_7000.csv,e757def6bc4ea3b1e4aaceeed7bec0fd0b0af57492d3190c8264d621800c42b9,9998,True
MOMENT_ZS,307_UCR_id_5_Facility_tr_29895_1st_39240.csv,22a6610dc108259428368c00aec0596bd14b841933d8f2405ba3097714a013d6,119580,True
MOMENT_ZS,309_UCR_id_7_Medical_tr_3000_1st_5948.csv,1b8becb88679e9d0e930769595949a294fa1a8ab7cf356a63d808971c21b2217,12000,True
MOMENT_ZS,310_UCR_id_8_HumanActivity_tr_2631_1st_8285.csv,4d5d6444d4ad032e072918dca82bf65bee8a1c2b459f471d91fc1f43645786a0,10524,True
MOMENT_ZS,311_UCR_id_9_HumanActivity_tr_16000_1st_38400.csv,b7ecb50eb4411b1c748916921dca5cd22ba128978133ac01730bef324c161f46,64000,True
MOMENT_ZS,313_UCR_id_11_Sensor_tr_2827_1st_4711.csv,2c34178538eb002553e48806febb6c3fbd8d20fb72bfc4b3dda8e485c2cc3812,11308,True
MOMENT_ZS,315_UCR_id_13_HumanActivity_tr_16000_1st_33070.csv,7432e0b43c3a0868fe3b9dd05724fe8c07e5f912f0af321bc0ff5a38e385f7d4,64000,True
MOMENT_ZS,316_UCR_id_14_Sensor_tr_2833_1st_5988.csv,ddf606fa4760c6de165838a4725fb0577ca46bcc0c712366a4f53c2b1b1cb77e,11334,True
MOMENT_ZS,319_UCR_id_17_Environment_tr_6166_1st_19280.csv,25a118851bc734be6f65ec21199886bb650762787eccf7a22b22a1d9a2bd51fa,24667,True
MOMENT_ZS,326_UCR_id_24_Medical_tr_1875_1st_4187.csv,b6d16653cf9621e40d4d321fb65382dc2b40269e6ae899e36efdb5ed01027703,7501,True
MOMENT_ZS,331_UCR_id_29_Facility_tr_50000_1st_837400.csv,b290e54109c0533fd2b9204b276f2e45efe6865650e367914f8bbd7fe5850948,900000,True
MOMENT_ZS,332_UCR_id_30_Facility_tr_13750_1st_52600.csv,ec87917493e115e9474cfa8ddc1f62046e8ce75149825879deb612afe0fb047a,55000,True
MOMENT_ZS,334_UCR_id_32_HumanActivity_tr_1671_1st_2764.csv,a31aab7f765fb8412b99e5d703ed879adbbcbecd62ff8a5f7f0aeccf101bc8ee,6684,True
MOMENT_ZS,339_UCR_id_37_Sensor_tr_2750_1st_5400.csv,8896c2b6dc1855e4d04f4aeb83e598cbbfff6cafa65eaa9e2d4a32184f755f7b,11000,True
MOMENT_ZS,341_UCR_id_39_HumanActivity_tr_48812_1st_128430.csv,b0ee2df024cfb2f8c6b66b2b5437c0ba20ff5e8eb843cb04a55ac154888d70e6,195250,True
MOMENT_ZS,344_UCR_id_42_Sensor_tr_2851_1st_5365.csv,22037ad41b1058c5688b03f298de16e511c4431b949b09b563264317a538b402,11406,True
MOMENT_ZS,346_UCR_id_44_Medical_tr_7456_1st_17390.csv,e4fe644091dfe2526f0f0d2ef2c0295c02b450d2c040ced11bc162547a65d28c,29826,True
MOMENT_ZS,349_UCR_id_47_Facility_tr_29954_1st_74900.csv,dbef7ee98a3e7fc5a431d6225e3b834a7f8054b6815bdcbd822ce0641c84ffbc,119819,True
MOMENT_ZS,355_UCR_id_53_HumanActivity_tr_48750_1st_143411.csv,8bbf05e740e52ac36485891fd3e68287fcb4a9b9d07dce355f4ae316f0d8ca21,195000,True
MOMENT_ZS,358_UCR_id_56_Facility_tr_10500_1st_29080.csv,2669704a7a823ad79ed2a50c373dca00a1dc94d035d92567c3581b325ac0987b,42000,True
MOMENT_ZS,361_UCR_id_59_Medical_tr_3000_1st_7175.csv,4e01ecfb8010a4425d82512efe1d1f10176b7f0c8e507137fd95ba4f77f1356f,12000,True
MOMENT_ZS,364_UCR_id_62_Sensor_tr_2833_1st_5988.csv,e20558805dc025415960a2958b1c6e63244c1887dfc0b5994d019e76aa385be3,11334,True
MOMENT_ZS,369_UCR_id_67_Sensor_tr_2750_1st_5400.csv,0cb4e81a0553e7341d45c46a7addf4a6a4cf88e8a32da41af60df827ef8e6ecc,11000,True
MOMENT_ZS,371_UCR_id_69_Medical_tr_1853_1st_6200.csv,18cd59fb393c32a95d8755059ea621519732bc5d996d423029bb58feb0300967,7415,True
MOMENT_ZS,373_UCR_id_71_Sensor_tr_2827_1st_5988.csv,d67d6d270128ac4ef070896a2a1282a9f160511832dac6bb69863e3de3bd6bab,11308,True
MOMENT_ZS,381_UCR_id_79_HumanActivity_tr_16000_1st_31200.csv,117746626df51eb06d0007d0e305b38d074cb1c07b205cd55a3a894842323206,64000,True
MOMENT_ZS,382_UCR_id_80_Medical_tr_7500_1st_11800.csv,3e74c6a7145ba116074ded5a9c3a23c636fcbcf607ab7c760e1b29a1b64eaf12,30000,True
MOMENT_ZS,385_UCR_id_83_Environment_tr_2046_1st_6006.csv,54dfefb221c8be25658f7e4d8b9f9f80a0bcf43cc295fa29d8e15bf8d83c5573,8184,True
MOMENT_ZS,387_UCR_id_85_Environment_tr_2046_1st_5549.csv,6a62703fc11df1867655c1d6e8c8a6513c38df2fb48c6e50741bbd84bb5c9e83,8184,True
MOMENT_ZS,391_UCR_id_89_Medical_tr_1875_1st_5759.csv,8cfa020f8d58ba06b96225397b32051353fade78a182f8f68521029ec9368e15,7500,True
MOMENT_ZS,393_UCR_id_91_Environment_tr_2046_1st_4852.csv,6602d687d8cb76223081ca0cf8ff7ff3b2fa307e5b751a4da9699c9190c2ddba,8184,True
MOMENT_ZS,396_UCR_id_94_Medical_tr_1875_1st_5607.csv,906c961cd7b9d9c316d146823e138ead2349bed3dd44ef8a5042573e58a001fa,7501,True
MOMENT_ZS,400_UCR_id_98_Environment_tr_2046_1st_5391.csv,d29ea3158a204a5b003e494cd982b8b727aaf02d8b908658387ee4bd1f56aa34,8184,True
MOMENT_ZS,401_UCR_id_99_HumanActivity_tr_1671_1st_5920.csv,09aeee8699b72a7c8180392439e27495c0b330675ef615f7a72894dc4a56f54e,6684,True
MOMENT_ZS,405_UCR_id_103_Sensor_tr_2827_1st_5988.csv,bde7b50273a058d30bd8b390543c4c4b293c932c5d8fed9e390fb4270f4c1242,11308,True
MOMENT_ZS,406_UCR_id_104_Facility_tr_20000_1st_67950.csv,e5eafe01b4d4b9e64f203e1c75b62d9ef715ac3008f265b796f694ba3b82caf3,80000,True
MOMENT_ZS,411_UCR_id_109_Environment_tr_2046_1st_4852.csv,5922feb7f2bea75433fadf46b15b656bf997ceee5d3fbb784936a8bbdcfe3a7a,8184,True
MOMENT_ZS,415_UCR_id_113_Medical_tr_3000_1st_8612.csv,2330058c30304f564c992bee1ccc96d9f75b9caf2ee62884f759430842f49b8d,12000,True
MOMENT_ZS,417_UCR_id_115_Sensor_tr_2750_1st_5400.csv,935f5bef8f87e5a265799d2fa11f73595157fbedd4ca76fc8053339d3d92fca4,11000,True
MOMENT_ZS,419_UCR_id_117_Facility_tr_3000_1st_6168.csv,4a2f7ed1db4a3ae8da77b7b35fea4b8050428679b004da4dd8161a62eb5903f7,12000,True
MOMENT_ZS,420_UCR_id_118_Facility_tr_13750_1st_52600.csv,4825fd43676786e6144cac08828dde63a6ea75279e0d1574a716beed93b1e716,55000,True
MOMENT_ZS,421_UCR_id_119_HumanActivity_tr_48750_1st_130700.csv,150d31fe866921d8b9d1739968cb422b673f4e810442acc054e86f0805ff50b2,195000,True
MOMENT_ZS,426_UCR_id_124_Sensor_tr_2827_1st_4711.csv,9c91f24e18b3ddcf3a7b319e0b3904c847566982902ab3409e62cfc0703cef4e,11308,True
MOMENT_ZS,430_UCR_id_128_HumanActivity_tr_12500_1st_46500.csv,7dcd91dcaceb2548322ac5f2c9564f2b428b8ca8942e5e8b7e9596dab94ea53e,50000,True
MOMENT_ZS,432_UCR_id_130_Facility_tr_23000_1st_26970.csv,4d818101282cf45a6c904965c6f7e87b278b51caf8b90fe0b1e6da0926e8bb4a,92000,True
MOMENT_ZS,436_UCR_id_134_Medical_tr_1875_1st_4526.csv,b81db47638212ed0f112d554ca2ad6eb21163ca1f532e1b335d55de44a0ccd18,7501,True
MOMENT_ZS,437_UCR_id_135_Medical_tr_2499_1st_8000.csv,8b87ea8d80476ba570a1372e3ebb21baef69ee1f55b5af3133fb291d289a0d77,9998,True
MOMENT_ZS,439_UCR_id_137_HumanActivity_tr_48750_1st_110800.csv,adcb504f796e45c2fb47042f8f92b93cb7f9d22aa03630c6db2992e9a92161d0,195000,True
MOMENT_ZS,445_UCR_id_143_Environment_tr_6166_1st_19280.csv,c30072bcf7aec3a7b937692a073cce2ba1decc3bd091579909bc17681ee7d2a9,24667,True
MOMENT_ZS,449_UCR_id_147_Sensor_tr_2847_1st_9330.csv,98a84679089cb0a4f231b55dc8ba5d49e4f565f9a1393ab4a9bb788693a6431b,11388,True
MOMENT_ZS,452_UCR_id_150_Facility_tr_10000_1st_35774.csv,59e636e24bb7e68ae2aea4889630a2e2bbc5bce32153b8ea631695aff2b45eed,40000,True
MOMENT_ZS,459_UCR_id_157_HumanActivity_tr_50000_1st_110260.csv,022b22dcd8a8222fcf8c3439df3759fa9064feb521cfe9f3b78749438765d310,200000,True
MOMENT_ZS,463_UCR_id_161_Environment_tr_2046_1st_6006.csv,f52ba10d03434e27c93044323ad935644a9f1a0f9807f9c43595f2ccc41330a9,8184,True
MOMENT_ZS,467_UCR_id_165_Environment_tr_6166_1st_19280.csv,14581e3cd487689d431c2cc75513fa56cc7ecd1c68d9d2df5350f1e2e6528469,24667,True
MOMENT_ZS,471_UCR_id_169_Facility_tr_10000_1st_35774.csv,0ff3959737e4d594b0c8d7489d5f3767c30c815c83328105c1261e7ad2b4464a,40000,True
MOMENT_ZS,473_UCR_id_171_HumanActivity_tr_2617_1st_7290.csv,e66287a4cbdbf41a0d48977bb856841bc3412162c8cc42d665678e2e819b813d,10468,True
MOMENT_ZS,474_UCR_id_172_Environment_tr_2046_1st_6520.csv,e279d19b0c408f1647de6be6006e551f232cf8a8f1be007e836466dd1481d62a,8184,True
MOMENT_ZS,493_UCR_id_191_Sensor_tr_2847_1st_9330.csv,305b4993cf8bc5d397722170668a84e94be0731cdde9ddd182dde520c9617c85,11388,True
MOMENT_ZS,494_UCR_id_192_Facility_tr_22500_1st_72150.csv,8a4243aadd51673aac1657dc830aead552392f3d08b336d4a605f8836e79b39b,90000,True
MOMENT_ZS,495_UCR_id_193_Environment_tr_2046_1st_6520.csv,4340b91ed0200e6ccca51fd22510e9ac1b1714eb4e5721792628904fdd386daf,8184,True
MOMENT_ZS,496_UCR_id_194_Environment_tr_2046_1st_5391.csv,1f881c56c8cc9396bbccd48806ebab813cf00ae10c7f8504b52938140085c751,8184,True
MOMENT_ZS,499_UCR_id_197_Environment_tr_2046_1st_5703.csv,0604d9596745bba6dad89f7ead1c97586766b357bf35737ee5b33ec604a3da01,8184,True
MOMENT_ZS,500_UCR_id_198_Facility_tr_7482_1st_23357.csv,aaf23be37003ceebe982eb017cc46ff3031661e1148bdbedc8f1cfe4d782e73b,29931,True
MOMENT_ZS,504_UCR_id_202_Environment_tr_2046_1st_5549.csv,ad1e0c05274e4172eb1fd1a7c14532cf6b9b7029f35ca475b8fd3434d3a60163,8184,True
MOMENT_ZS,506_UCR_id_204_Environment_tr_2046_1st_5549.csv,d9f4ec5f2765fae6cdf06bf476ef4256ae9a26bb41d4810528b988104ac4473a,8184,True
MOMENT_ZS,516_UCR_id_214_HumanActivity_tr_2108_1st_4702.csv,e27a79ea565ef773f6b7dbd05f29a8b7c0795348658f9a972a013717a911633f,8432,True
MOMENT_ZS,517_UCR_id_215_Facility_tr_7482_1st_24005.csv,b82f937e3630f8928b9417568325f97b811c179e6628dc444ab836bcb1200506,29931,True
MOMENT_ZS,525_UCR_id_223_Facility_tr_50000_1st_250720.csv,e7df8087959edca3f62eb870cea5988b88a4a4164e1a57c0d556375033609371,299790,True
MOMENT_ZS,526_UCR_id_224_Sensor_tr_2827_1st_4711.csv,f871c7c2d896c01cd452dee94c6acccfad0b8859acda249228035a73a85cffd6,11308,True
MOMENT_ZS,530_UCR_id_228_HumanActivity_tr_16250_1st_38500.csv,8bf0aab533a0341c3bb7d838e2bb9172afb84216d1772275ef2c6b011ebbb30d,65000,True
MOMENT_ZS,531_SMAP_id_1_Sensor_tr_1811_1st_4510.csv,3b0194363c86511dae36d74bbc3bb8be28f2b06c298a10a063a17583495fe17c,7244,True
MOMENT_ZS,532_SMAP_id_2_Sensor_tr_2075_1st_5550.csv,9ac7985049b055c6880deb8355737603e3f3eb7466dcdb41c3949feff1bebd2b,8302,True
MOMENT_ZS,533_SMAP_id_3_Sensor_tr_2052_1st_5300.csv,2ca7d36c56b80f0c91afa7e6133e807d0f6928d7534507584afba579bfeea0a8,8209,True
MOMENT_ZS,534_SMAP_id_4_Sensor_tr_1968_1st_4370.csv,2b5a2661afb052395a76c46f601da613f39402b8d1ca1f03a50943e02b378339,7874,True
MOMENT_ZS,536_SMAP_id_6_Sensor_tr_2160_1st_5600.csv,18e28c3e8062b17123ec2c2685ccc85bdc475791802e607ce928065e9a535550,8640,True
MOMENT_ZS,537_SMAP_id_7_Sensor_tr_2077_1st_5394.csv,d9557ae25b5adf866029c75ab79fc4b02ab1e4499345df703b99bb8f6c7a85b3,8310,True
MOMENT_ZS,538_SMAP_id_8_Sensor_tr_2007_1st_3650.csv,d715176e4060d2421d99123e167894d43996756a4e9c146a49febfe64a1debfa,8029,True
MOMENT_ZS,539_SMAP_id_9_Sensor_tr_1857_1st_4270.csv,75cb2cdee03cf710f78ebd4c665c0bf8e6f41e16a0233c2812cc2a30d6292008,7431,True
MOMENT_ZS,540_SMAP_id_10_Sensor_tr_2051_1st_4575.csv,1450f2c1dbae45668a428c91d6d32f98804f49351e6e817a6db6f8eb7a8a7179,8205,True
MOMENT_ZS,541_SMAP_id_11_Sensor_tr_1832_1st_5300.csv,32c057d0311f4e2801056bb495b81bfb959759c6365ce6d7e45102a1dc3e2568,7331,True
MOMENT_ZS,542_SMAP_id_12_Sensor_tr_1908_1st_4690.csv,cee7793d1108bbb13f725f315ef67cb006a439ee10377b4b541af33546ec2631,7632,True
MOMENT_ZS,544_SMAP_id_14_Sensor_tr_1978_1st_4450.csv,626fe3cc1d9e75e98632ec30f2a96a60de7710d4fe2b7572bbab832d90667264,7914,True
MOMENT_ZS,545_SMAP_id_15_Sensor_tr_1173_1st_2750.csv,7492ac1fd9629df5ee13427b12aeca45a134414ee16b9a846028d594b5c8971f,4693,True
MOMENT_ZS,546_SMAP_id_16_Sensor_tr_2117_1st_4770.csv,11790a5fe2ceb4c22b6c2c9885dd0b591c8181923f761d6cb459e18236384753,8469,True
MOMENT_ZS,547_SMAP_id_17_Sensor_tr_2133_1st_5400.csv,0b8daf2f34c2523bacc56d97eac7e00622b9b47b939cce69d87a991cc60d7e05,8532,True
MOMENT_ZS,548_SMAP_id_18_Sensor_tr_2094_1st_5600.csv,2e9c4158b6a08472ca893b3e099a570074c54e9c7630c0ce41ca89f7c25c4953,8376,True
MOMENT_ZS,549_SMAP_id_19_Sensor_tr_1998_1st_2098.csv,b1eca45350e46aebb4ce23a1fc88f50fc4445878a995d8da3ed1fe4796d4a2b6,8579,True
MOMENT_ZS,550_SWaT_id_1_Sensor_tr_43700_1st_43800.csv,7266af3c16239cff98e351aa420a351850998017c7185512d1642acfa21a535c,419919,True
MOMENT_ZS,551_YAHOO_id_1_Synthetic_tr_500_1st_893.csv,b2808da60ac02210824e77adea622d9a1bacad8bdd2e3156011c53ab65f66941,1421,True
MOMENT_ZS,552_YAHOO_id_2_Synthetic_tr_500_1st_893.csv,ea25aaa55545f0eab00386c9a86efe85a1a7b48b944918ee3e31da38c8cfbd18,1421,True
MOMENT_ZS,555_YAHOO_id_5_WebService_tr_500_1st_730.csv,755952f385522fd50620e1022b328932fdf431a643ce4b1171ddff4a7762a86d,1680,True
MOMENT_ZS,558_YAHOO_id_8_WebService_tr_500_1st_1125.csv,bc90c3f744b446e8304be2c86b5e03a20a2aa5778b159e35a83eec3d99abb0e4,1427,True
MOMENT_ZS,562_YAHOO_id_12_Synthetic_tr_500_1st_893.csv,4fedffec0604c0551d9f11c778b412b5f98b3da9efbf345869b761c719df3599,1421,True
MOMENT_ZS,570_YAHOO_id_20_Synthetic_tr_500_1st_658.csv,03496787b4fe8ac710740b2e5220c0b4e7ca463eb6d99ea07049a8b48ea26447,1421,True
MOMENT_ZS,571_YAHOO_id_21_Synthetic_tr_500_1st_623.csv,8894c9b2229c54bb9c337655644e02db61e4f76dbc79f29e4ee227fdb2a4d0a5,1421,True
MOMENT_ZS,579_YAHOO_id_29_WebService_tr_500_1st_1342.csv,857bbe512c0c459910408f4561c8ecde7ad837b970b165fd47aef8cb4be5edfc,1680,True
MOMENT_ZS,603_YAHOO_id_53_Synthetic_tr_500_1st_893.csv,4da2339b88c8c8625eccbbabc9ccc106ab9dc48da03be3ed23dcfce3e0049892,1421,True
MOMENT_ZS,644_YAHOO_id_94_WebService_tr_500_1st_1078.csv,a5e20c4e63891e5a9cc71cd7507849c4609a44c233dd283b9b3084b9bb0ce865,1435,True
MOMENT_ZS,645_YAHOO_id_95_WebService_tr_500_1st_1047.csv,94cfd4c874de606f05eccd892f11598e1127aa74746d7afb74be7965fb7c6eac,1680,True
MOMENT_ZS,649_YAHOO_id_99_WebService_tr_500_1st_1386.csv,302dad17435842f8b713cfcdf51d259ca57de86ac39a69d8a33dcdafe2c13c3f,1680,True
MOMENT_ZS,657_YAHOO_id_107_WebService_tr_500_1st_1260.csv,414a23870dad07216bc52a5d39c9153c3ed31a5e412e1f0e763dbc30a059d8c7,1440,True
MOMENT_ZS,658_YAHOO_id_108_Synthetic_tr_500_1st_893.csv,5fb772824f55ed234451653299d1eb093231cf4bf72f4ddea36c51ef14b684d4,1421,True
MOMENT_ZS,672_YAHOO_id_122_WebService_tr_500_1st_857.csv,4e35fb97d2018994aad249668b840364696d17999567e0ee55c31662831ac1c5,1680,True
MOMENT_ZS,680_YAHOO_id_130_Synthetic_tr_500_1st_893.csv,59ccae17649c5a3d44121966890807cd7012bc60f754417325963d3f169901fd,1421,True
MOMENT_ZS,689_YAHOO_id_139_WebService_tr_500_1st_1073.csv,57b1a426a1dee1d87496bf73c2b3720c9a1cdb6a9e9d541252af5fbc65a46ce7,1680,True
MOMENT_ZS,693_YAHOO_id_143_WebService_tr_500_1st_1003.csv,d934d0493b66dd1b974f51ba0e631491ae115c6201fb69133291a30572d86aa0,1427,True
MOMENT_ZS,701_YAHOO_id_151_Synthetic_tr_500_1st_893.csv,8e1a1a0349ae9e8ea029a3cbb07c4b76b53d37538b536ebe38e70ffd3f93a338,1421,True
MOMENT_ZS,723_YAHOO_id_173_WebService_tr_500_1st_1214.csv,9b3804fd24779df3778fcc3309ec723e4062342db0e9f2f789525f1095ff5cca,1420,True
MOMENT_ZS,724_YAHOO_id_174_WebService_tr_500_1st_1030.csv,d95c2c89d366dc10e44e8779ba2ad9eaf1c667bc5168f3abb98f3dd1eb5f0104,1680,True
MOMENT_ZS,734_YAHOO_id_184_WebService_tr_500_1st_768.csv,c2a2d4c1bd930addf6777a9866207bddf3a56a4cbe81b4643c5ebca84cddd5c6,1424,True
MOMENT_ZS,741_YAHOO_id_191_WebService_tr_500_1st_1114.csv,aa0984d003b151d0d3ee6fb5204d30eddd457f2eed7ab924363636e835120e46,1680,True
MOMENT_ZS,755_YAHOO_id_205_Synthetic_tr_500_1st_893.csv,1ce9ef73c6020373ba47c2f30e0f72f2c8618af1626efb2971ad1e25c4742741,1421,True
MOMENT_ZS,762_YAHOO_id_212_WebService_tr_500_1st_1055.csv,5313749c307e81fa7d60cefc26df08a8f3439cdadbc6e2f3539a56d66fd4b3de,1680,True
MOMENT_ZS,780_YAHOO_id_230_Synthetic_tr_500_1st_893.csv,524369050d685b7ff50623fb2e06018a88fd63fdbdd81b81bbbf77e04caf2304,1421,True
MOMENT_ZS,788_YAHOO_id_238_WebService_tr_500_1st_973.csv,53a6ded40f6b421f491338ead98ad151ca3497cf9cd5c9a6b6808f7b0faec707,1680,True
MOMENT_ZS,797_YAHOO_id_247_Synthetic_tr_500_1st_893.csv,8c05f97c0ad0545e240cb95fd0dfd7d1e99ed87b2670e60f08d32c669656785c,1421,True
MOMENT_ZS,806_YAHOO_id_256_Synthetic_tr_500_1st_893.csv,7f342c874ffbf836a33c70ad8d83faa85286f0bd8055265f065a18969df3175b,1421,True
MOMENT_ZS,807_YAHOO_id_257_WebService_tr_500_1st_1210.csv,62729d743054b1c9b57faca6c9bae2b9119f0f8de4a10a39957bc1a6602134ef,1424,True
MOMENT_ZS,810_Exathlon_id_1_Facility_tr_10766_1st_12590.csv,a9474bdb30f801ac19f36551e32f809ee2d658bb1ec969816b1ef548de65d2d1,43066,True
MOMENT_ZS,811_Exathlon_id_2_Facility_tr_10766_1st_12590.csv,e6270feb4a216f46faecd81a6ad9ddcc1b09283621b060fb823439b6fc171c65,43066,True
MOMENT_ZS,812_Exathlon_id_3_Facility_tr_10766_1st_12590.csv,b15e21c0c5bc405481db04ef402ceb03f3ab54908df3b3d6390bf8530c18622c,43066,True
MOMENT_ZS,814_Exathlon_id_5_Facility_tr_10766_1st_12590.csv,e6270feb4a216f46faecd81a6ad9ddcc1b09283621b060fb823439b6fc171c65,43066,True
MOMENT_ZS,815_Exathlon_id_6_Facility_tr_10766_1st_12590.csv,b15e21c0c5bc405481db04ef402ceb03f3ab54908df3b3d6390bf8530c18622c,43066,True
MOMENT_ZS,816_Exathlon_id_7_Facility_tr_10766_1st_12590.csv,904943b1e61b0ac10b2d6ba978e29cfd46cfd67dddbad88b7f6a7b2a09b758c0,43066,True
MOMENT_ZS,817_Exathlon_id_8_Facility_tr_10766_1st_12590.csv,a2070453c3f68a0a8c1dad849a7d414053155aedb3b953a265f580808a48b3fd,43066,True
MOMENT_ZS,818_Exathlon_id_9_Facility_tr_11665_1st_13484.csv,bd8f4bdc4959ae8ff355dfe954e55499b0264caa3edcb524432db94f8f560e43,46660,True
MOMENT_ZS,819_Exathlon_id_10_Facility_tr_10766_1st_12590.csv,4e5c3266a240587c93a78ab74926d7095886d15ad21a7d2823b2732cd47e9bb4,43066,True
MOMENT_ZS,820_Exathlon_id_11_Facility_tr_11665_1st_13484.csv,cbaf27208575692cfe742a308a3ba5be7ae580e4085271643e431b1a30b553df,46660,True
MOMENT_ZS,821_Exathlon_id_12_Facility_tr_6985_1st_7085.csv,a7398dddbe013bec37133a4bb6dfe60f0b52888a23130a03d6b15811623ed076,46649,True
MOMENT_ZS,822_Exathlon_id_13_Facility_tr_10766_1st_12590.csv,a2070453c3f68a0a8c1dad849a7d414053155aedb3b953a265f580808a48b3fd,43066,True
MOMENT_ZS,823_Exathlon_id_14_Facility_tr_10766_1st_12590.csv,232aaaee97f980bea3c5db067c548cc6b428d313b88422941468fe54c1096b88,43066,True
MOMENT_ZS,824_Exathlon_id_15_Facility_tr_10766_1st_12590.csv,8f70f89d6859500b3691022329e73d218915ff8bf676ac789a7e8fabfd9eb558,43066,True
MOMENT_ZS,826_Exathlon_id_17_Facility_tr_11665_1st_13484.csv,cbaf27208575692cfe742a308a3ba5be7ae580e4085271643e431b1a30b553df,46660,True
MOMENT_ZS,827_Exathlon_id_18_Facility_tr_10766_1st_12590.csv,8f70f89d6859500b3691022329e73d218915ff8bf676ac789a7e8fabfd9eb558,43066,True
MOMENT_ZS,828_Exathlon_id_19_Facility_tr_11663_1st_13482.csv,11cf1f66004f97dadfe093142b97c9e16cdc4d8fef5404401c776732b9be8ac3,46655,True
MOMENT_ZS,829_Exathlon_id_20_Facility_tr_10766_1st_12590.csv,904943b1e61b0ac10b2d6ba978e29cfd46cfd67dddbad88b7f6a7b2a09b758c0,43066,True
MOMENT_ZS,830_Exathlon_id_21_Facility_tr_10766_1st_12590.csv,726670e531958fca3391b7e3b82b5b0aaa753dcf63c0e8a4fcd70123ef72302a,43066,True
MOMENT_ZS,831_Exathlon_id_22_Facility_tr_11665_1st_13484.csv,cbaf27208575692cfe742a308a3ba5be7ae580e4085271643e431b1a30b553df,46660,True
MOMENT_ZS,832_Exathlon_id_23_Facility_tr_10766_1st_12590.csv,904943b1e61b0ac10b2d6ba978e29cfd46cfd67dddbad88b7f6a7b2a09b758c0,43066,True
MOMENT_ZS,833_Exathlon_id_24_Facility_tr_10766_1st_12590.csv,b15e21c0c5bc405481db04ef402ceb03f3ab54908df3b3d6390bf8530c18622c,43066,True
MOMENT_ZS,834_Exathlon_id_25_Facility_tr_11665_1st_13484.csv,cbaf27208575692cfe742a308a3ba5be7ae580e4085271643e431b1a30b553df,46660,True
MOMENT_ZS,835_Exathlon_id_26_Facility_tr_10766_1st_12590.csv,502dfec144b37bbeab6cfedb50266e8a330bbbd39d22e1f2929bceb7edd20deb,43066,True
MOMENT_ZS,836_Exathlon_id_27_Facility_tr_10766_1st_12590.csv,b15e21c0c5bc405481db04ef402ceb03f3ab54908df3b3d6390bf8530c18622c,43066,True
MOMENT_ZS,837_Exathlon_id_28_Facility_tr_8898_1st_8998.csv,7565751af7ab62576d69778cf15d259b471bee16ae1345cb7ca4f378e6a66952,46650,True
MOMENT_ZS,838_Exathlon_id_29_Facility_tr_10766_1st_12590.csv,a2070453c3f68a0a8c1dad849a7d414053155aedb3b953a265f580808a48b3fd,43066,True
MOMENT_ZS,839_Exathlon_id_30_Facility_tr_10766_1st_12590.csv,904943b1e61b0ac10b2d6ba978e29cfd46cfd67dddbad88b7f6a7b2a09b758c0,43066,True
MOMENT_ZS,840_Exathlon_id_31_Facility_tr_10766_1st_12590.csv,8f70f89d6859500b3691022329e73d218915ff8bf676ac789a7e8fabfd9eb558,43066,True
MOMENT_ZS,841_Exathlon_id_32_Facility_tr_11663_1st_13482.csv,e4cb893c260b04c450e19c2c18b72bd9fa02e1cfa1efd850c26b8a2b13e371ed,46655,True
MOMENT_ZS,842_OPPORTUNITY_id_1_HumanActivity_tr_7295_1st_27516.csv,230e4ddb032da76c71d0360c6f3ea78ebc5794d2ca459c1de03b923beb0b1ea9,29182,True
MOMENT_ZS,843_OPPORTUNITY_id_2_HumanActivity_tr_808_1st_908.csv,4d7b4b76abec7d8704c2ed6c4302443924440d17f1335420d0d7eb10e0ad37fb,9057,True
MOMENT_ZS,844_OPPORTUNITY_id_3_HumanActivity_tr_500_1st_566.csv,e32bce64189110deb7e520a5c77763aefa1c75deadbeb42aa55edb53c6b38f4c,15653,True
MOMENT_ZS,845_OPPORTUNITY_id_4_HumanActivity_tr_7295_1st_27516.csv,07e52dd52f6acd759bb012c415271132ba89a7302cd431d0d369f998a2607e97,29182,True
MOMENT_ZS,846_OPPORTUNITY_id_5_HumanActivity_tr_2085_1st_2185.csv,3da4509e524f98ec5b174e7e169ce48f86f74f9dd475145cea0aec22d2cf4cf2,22194,True
MOMENT_ZS,847_OPPORTUNITY_id_6_HumanActivity_tr_808_1st_908.csv,450e7b51e72a536074f77e5f59fe17d383a0f6224290bd365fd9cbc35e641494,9057,True
MOMENT_ZS,848_OPPORTUNITY_id_7_HumanActivity_tr_1477_1st_1577.csv,0e55997b6928ff73c708e8bf12b325a8d2c00aa0a5ac285970867dfd6a5f99da,18011,True
MOMENT_ZS,849_OPPORTUNITY_id_8_HumanActivity_tr_1100_1st_1200.csv,290178cbb046005aba2b2860ac771392ecb08963059d5c0cb7fa586fe0ff612d,24892,True
MOMENT_ZS,850_OPPORTUNITY_id_9_HumanActivity_tr_895_1st_995.csv,889e39ff811543c7cee6d56ee9a9facdeaa0abd16610620afd02fcf206770dfc,14751,True
MOMENT_ZS,851_OPPORTUNITY_id_10_HumanActivity_tr_6213_1st_7311.csv,1930209e0e0ca064ec8825111d8937c368311f7714ee8c92c68e2dfd7792ffb5,24852,True
MOMENT_ZS,853_OPPORTUNITY_id_12_HumanActivity_tr_808_1st_908.csv,b275de15cd5a8cdcda75cbf62e03ff745231bd7fb694a95c6d351e8fb5e3ff50,9057,True
MOMENT_ZS,854_OPPORTUNITY_id_13_HumanActivity_tr_1477_1st_1577.csv,dd3a3ac06daa2f4041f0469507b77d728ef39e6002a6a537fe5a4b60deea17ac,18011,True
MOMENT_ZS,855_OPPORTUNITY_id_14_HumanActivity_tr_808_1st_908.csv,bfe9c55004fde12b6843745405d431240b8258bf3d24074920a72e001b968597,9057,True
MOMENT_ZS,856_OPPORTUNITY_id_15_HumanActivity_tr_808_1st_908.csv,a2a67d5a097886b2725cd8f7a5a360cdf8883da40e826b7137b83f89c482a341,9057,True
MOMENT_ZS,857_OPPORTUNITY_id_16_HumanActivity_tr_500_1st_566.csv,81a6403a61b9be3f24e82437898fd49cdb78b3a57a8d918e5fb4963430b7f154,15653,True
MOMENT_ZS,858_OPPORTUNITY_id_17_HumanActivity_tr_808_1st_908.csv,df365ca1ea9f643cac1567d5f3941771534ebf5dd35af61d24eabf0b6009561f,9057,True
MOMENT_ZS,859_OPPORTUNITY_id_18_HumanActivity_tr_895_1st_995.csv,31be0d45edeb208af8a63ec767cfca02ab270db9abe6556507c6f14780edb790,14751,True
MOMENT_ZS,860_OPPORTUNITY_id_19_HumanActivity_tr_808_1st_908.csv,cd4a0d51279ca9d1883a8a7bdfc21c7107d66d9b39963e6b02f4228d19e22c27,9057,True
MOMENT_ZS,861_OPPORTUNITY_id_20_HumanActivity_tr_2085_1st_2185.csv,43578326dde8ebf0702d7133e7e768e83b69d82df9e21faa25a2ff853f392969,22194,True
MOMENT_ZS,862_OPPORTUNITY_id_21_HumanActivity_tr_500_1st_566.csv,ab6dcd96ffea2b5224d4cb3716c5ccbbc556629d22558642db75a73800d1f878,15653,True
MOMENT_ZS,863_OPPORTUNITY_id_22_HumanActivity_tr_808_1st_908.csv,2a5c0ec84b517c30876ba848bebb50811e354d36e921ee80487276946805dbbc,9057,True
MOMENT_ZS,865_OPPORTUNITY_id_24_HumanActivity_tr_2085_1st_2185.csv,4933e6cc4e84d3deeee2029a60acb0a515d7de7e41a8d17c9eaf5b58bfd5d172,22194,True
MOMENT_ZS,866_OPPORTUNITY_id_25_HumanActivity_tr_6213_1st_7311.csv,3a0d3662ac331cced6d706e489ce598f3b8ee02347eaefc6621635002147faf0,24852,True
MOMENT_ZS,867_OPPORTUNITY_id_26_HumanActivity_tr_808_1st_908.csv,fc8350e891706997aef05c80fbff0240ec5c10828b94cd1e381dd998b0d02451,9057,True
MOMENT_ZS,868_OPPORTUNITY_id_27_HumanActivity_tr_2085_1st_2185.csv,da470b2af51696e5dad212a7ee4491daafdb753a5de724e9e2463db6613e4612,22194,True
MOMENT_ZS,869_OPPORTUNITY_id_28_HumanActivity_tr_500_1st_566.csv,550b440d870ef5422c35fdceac9481c3db9d8c43a02c6390465143241ba9148b,15653,True
MOMENT_ZS,870_OPPORTUNITY_id_29_HumanActivity_tr_1477_1st_1577.csv,e902752e58496f2a30a5510531d7390158224207b5b389ee36505516ca57ca33,18011,True
M2N2,001_NAB_id_1_Facility_tr_1007_1st_2014.csv,55a15aafa13733de5ee1e7d5551b90c4c895b539576de17481684b8ac2bcb5ad,4031,True
M2N2,002_NAB_id_2_WebService_tr_1500_1st_4106.csv,affd961fe89ba07cfb1de13e0cac746b9a2fe32aba2ba47c25a4638ec62b9a08,6000,True
M2N2,005_NAB_id_5_Traffic_tr_594_1st_1645.csv,1f7591cfda0adfc152429cb25de4433f36d4b653bd1aa8722baa08959299a3db,2379,True
M2N2,006_NAB_id_6_Traffic_tr_2579_1st_5839.csv,4ea08c8d75988fa0008623779f0ed181a8a4689472306a8f9a0a2ff871bf3be5,10319,True
M2N2,008_NAB_id_8_Synthetic_tr_1007_1st_2734.csv,b62607fee8241dde081be13606c8ef776c082d4d23a13580c7fa6c45d76a4735,4031,True
M2N2,009_NAB_id_9_Traffic_tr_500_1st_438.csv,5db7c3e3977afc59e86228837b41402f5ed7955e10ae18fc9e2d2f88b6679737,2161,True
M2N2,010_NAB_id_10_WebService_tr_500_1st_271.csv,1ccaac2be78af8145c31602a79c981a3b1a45928519ca735893ab37367a3cd2d,1000,True
M2N2,011_NAB_id_11_Facility_tr_1007_1st_1526.csv,c4115ab39c7bdc7e407e2380e4c3ac04403882e68a72f3fb62d42a9074699a4f,4031,True
M2N2,013_NAB_id_13_Traffic_tr_623_1st_2084.csv,8fff7888a4347de2cbbe619aefa8ae6502f3f480747473edb8929858e984e89f,2494,True
M2N2,014_NAB_id_14_WebService_tr_500_1st_1045.csv,a2345d969fbfbff736ec25838096aeb4b936c126986d4e04d7810c9c9de059b5,1537,True
M2N2,015_NAB_id_15_Synthetic_tr_1007_1st_2787.csv,dc4c36cbde8d29ef52556289194c694225f127b98ebc4d9b7e07cc7f102d3d27,4031,True
M2N2,016_NAB_id_16_Environment_tr_1816_1st_3540.csv,ec7b5add0a1126a4bab803caa9f812840324c6cc83681797f2d73af9096a476c,7266,True
M2N2,017_NAB_id_17_Synthetic_tr_1007_1st_1805.csv,0d87c4f715ca7dbc23131ac8fc8f39bcfee75d78e29867b0a43cf5c903c53f6b,4031,True
M2N2,018_NAB_id_18_Facility_tr_500_1st_669.csv,ca772edb1002da60ab9c599f120c78728e41b44d1a8177b0783a488663682a76,1881,True
M2N2,019_NAB_id_19_Facility_tr_1007_1st_1171.csv,97f9608b4d0fada008b46cedeac832182a0e4d3436ca447726f4151ef68c0d91,4031,True
M2N2,020_NAB_id_20_Synthetic_tr_1007_1st_2679.csv,be5562459b01463e896bf99f28e6de7d3cdd047b1a0703097ea7be8d8956a619,4031,True
M2N2,022_NAB_id_22_Facility_tr_1007_1st_2980.csv,eb5ef48e0ea3d9563a1f8593f80ef80373c794751ffa08c320d45f5f623412c1,4031,True
M2N2,023_NAB_id_23_Facility_tr_4512_1st_16551.csv,c6d80f8dde97a11cf8956420e45870534f3822ef653aa5896db9603d488b535b,18049,True
M2N2,024_NAB_id_24_Synthetic_tr_1007_1st_2787.csv,6370b0f21ccb64f955217ab81f4841e25f28191330241e561c5ec584b044da54,4031,True
M2N2,025_NAB_id_25_WebService_tr_3958_1st_4614.csv,fbb2d3488f89e023427c5b1fb4fca78ae9af3de560a5a1358c2ead7c5d973667,15832,True
M2N2,026_NAB_id_26_Traffic_tr_624_1st_2261.csv,5d855419286c485653bec4c5642a3485a612c1fe2c9faf9448ee3d54da399ad1,2499,True
M2N2,027_NAB_id_27_Facility_tr_757_1st_2582.csv,80f285626bd6083ab4ecfb1926b45642aa3d1af1bdaf160248b2f78f6709f4c1,3031,True
M2N2,028_NAB_id_28_Facility_tr_1007_1st_3447.csv,8fe42dfc562046c92cbeada0d0789b6d4abe0f09bdcf3439434980aa65a3f7b9,4031,True
M2N2,032_WSD_id_4_WebService_tr_4559_1st_11822.csv,45b705841a6c5f20c3af4f4b85d292091dcf1b75387d374c68cccaa2ae979fc7,10686,True
M2N2,039_WSD_id_11_WebService_tr_1746_1st_1846.csv,e2468b9a95c487a4473b0433592320805e7bc0e9c47cbd82d8b90ef339439711,18219,True
M2N2,040_WSD_id_12_WebService_tr_4559_1st_9714.csv,b20951b21fbafbb4ab7b042b99dcac328ba95040e152d54bd1ba1d5d56b4a280,18236,True
M2N2,043_WSD_id_15_WebService_tr_4521_1st_6828.csv,7bc0d98cfd42d92ff3f8dd36c1875170e6c6d2513cf6f4a56311e72bda6cd75b,18085,True
M2N2,049_WSD_id_21_WebService_tr_4297_1st_7097.csv,717c7ba08ddd1b7760024475395ced2bd0456ddc051a8db8aa98e07c5cbf6189,17189,True
M2N2,054_WSD_id_26_WebService_tr_2409_1st_2509.csv,aec98364e0f76374279f962ddccfe8c543289a2fab5ac68a666810ac0dd30a33,18391,True
M2N2,058_WSD_id_30_WebService_tr_1136_1st_1236.csv,79b6a87bd2babf1abf6d479431605f55fde443ae091b71bad7565db89e6d7b14,18236,True
M2N2,060_WSD_id_32_WebService_tr_4576_1st_4766.csv,f3283076ce1a7f8d96450342a6164be52a091e881e73de1f18fc095ecc9badee,18305,True
M2N2,068_WSD_id_40_WebService_tr_4549_1st_13322.csv,358559d8b2f91ecbd83b19213292520a3d410c72b1b3b2f37c80fe30b973d29f,18197,True
M2N2,074_WSD_id_46_WebService_tr_990_1st_1090.csv,3404dfa1a6048b545467754ebff3885dc133fdd0143757a2ad2565a4076f0856,18236,True
M2N2,089_WSD_id_61_WebService_tr_1010_1st_1110.csv,144d2cbe37ba2ef2ca213c74862633e5dbfb784eae0b8d6e2e8b301dbbe1a8e9,17429,True
M2N2,094_WSD_id_66_WebService_tr_3309_1st_3914.csv,b3c513c4b16ddf2a70ff3b132d09527e66ab5699db153ef30cdb588499c2be9e,13237,True
M2N2,099_WSD_id_71_WebService_tr_4559_1st_14411.csv,2d5785e84f5e6d4ece5921d4708156ad41bb1bf2be5ca5888c7eadeaaf040914,18236,True
M2N2,106_WSD_id_78_WebService_tr_3363_1st_3463.csv,c6d2f7707d3602929540d95c2ff9c74888c43907687dd4d15761f0b79e4ad564,18236,True
M2N2,113_WSD_id_85_WebService_tr_500_1st_335.csv,9ec1f94f69f11081d27bdb143ea3e49e9f62269bbd3e55679bbc69d7b9dfbe54,18242,True
M2N2,117_WSD_id_89_WebService_tr_3251_1st_3351.csv,dc86883220cacce883ec4ef519ce9f8d18049b0ab3dccf0e36820606243ace5b,16376,True
M2N2,125_WSD_id_97_WebService_tr_2217_1st_2317.csv,b413bb0d64de2bb06522fe3ceb7e3f70698690a230880cc7b65448c52575aea4,18250,True
M2N2,130_WSD_id_102_WebService_tr_2362_1st_2462.csv,6df1b9506acf94d8488d91d52923f139108b912a0588e7d182bc60e86ccf1173,18236,True
M2N2,137_WSD_id_109_WebService_tr_4559_1st_14404.csv,34a58744183761a761d319abb03435549d86ff2a848d76994e5444849865bbaf,18236,True
M2N2,139_WSD_id_111_WebService_tr_1701_1st_1801.csv,49cc0176f9b979dd4a2b672457317e3022ae380a9ee38f7edfdab99e97920319,18381,True
M2N2,140_MSL_id_1_Sensor_tr_530_1st_630.csv,b9d69dc172a849c16431860d8e8b64979cca22a31199ee607c09027f30572a85,2430,True
M2N2,141_MSL_id_2_Sensor_tr_500_1st_550.csv,844ae3e04d32dfaa40df0647ca5b74ba69ec26cdef2026ba20444365fab87b77,2264,True
M2N2,143_MSL_id_4_Sensor_tr_980_1st_3550.csv,0e5d9ad4aa0b40312965cabc1000d8789dfc8c52af830095cc90c19c8c1cfb9f,3922,True
M2N2,144_MSL_id_5_Sensor_tr_1525_1st_4590.csv,78043bd55281a486a88c3096680642de7e3b45d9316bfc41f173739aadb232f3,6100,True
M2N2,145_MSL_id_6_Sensor_tr_530_1st_630.csv,21fdc4a309a7c1a222153f8bdbef2386ae4d394fccaf93dee3baa6bef5bbe954,2430,True
M2N2,147_MSL_id_8_Sensor_tr_590_1st_690.csv,c18c84a9bb4d83fe217878971d44eb605eec2907efab9388d2b3cc36372d1dba,2430,True
M2N2,148_MSL_id_9_Sensor_tr_883_1st_1238.csv,66d0fcb626e6eb21488bc848d2983e274f66bf51702ade9a2234fdcf2e358e61,3535,True
M2N2,149_Stock_id_1_Finance_tr_500_1st_7.csv,e872a152b46177fe84bd334b4d77fb9a6d134980c905555776ad52e34850cdc5,20000,True
M2N2,151_Stock_id_3_Finance_tr_500_1st_62.csv,904eb1d021b97f01391e7c94645958ba9a60c96a44d69ab10089fc6130986e34,10000,True
M2N2,155_Stock_id_7_Finance_tr_500_1st_18.csv,bbb813dfdbf1bcdab46e0add9d852f9ef467c2d6d74a3963a665e22dca93860d,20000,True
M2N2,156_Stock_id_8_Finance_tr_500_1st_24.csv,edaf23b3a4eff3a64cce99941770b23f528efe0fbcf6aca398efd519a7b48c74,10000,True
M2N2,160_Stock_id_12_Finance_tr_500_1st_14.csv,28d451298e97cf0861bfd83a8bdc393346f7b2635f714d260e76d67b6ef1e987,20000,True
M2N2,162_Stock_id_14_Finance_tr_500_1st_4.csv,e4b1aa971067b058461d1728c8274839f0db8b0ea09f0f6a4bcb8530cf0a5833,10000,True
M2N2,165_Stock_id_17_Finance_tr_500_1st_7.csv,b0253f0f0a194e476a8abed4f0d4766bc2b322415c5c13be1c773bf757d1b050,20000,True
M2N2,166_Stock_id_18_Finance_tr_500_1st_18.csv,36ec7ba164850129ff91e0f62fca2b03919b6068538f231bead1f5f6775fef66,20000,True
M2N2,169_Daphnet_id_1_HumanActivity_tr_9693_1st_20732.csv,e51bbdab8a13ff9d770da03a7086428f3485f338127309d58608c24f140db366,38774,True
M2N2,170_MITDB_id_1_Medical_tr_17675_1st_17775.csv,307325047c6eba1b47a724ee795dee5ac006d0e68e6f2c85ae7d7aa97a364ae2,500000,True
M2N2,171_MITDB_id_2_Medical_tr_50000_1st_88864.csv,4ffa55041bc437e01bef126e232973ba457a0559e796894efcbd89f341fc6b0d,650000,True
M2N2,172_MITDB_id_3_Medical_tr_27274_1st_27374.csv,607177c8b8259891a6be8827ae47752db977291981f0b7543d68133b7700dc70,650000,True
M2N2,173_MITDB_id_4_Medical_tr_13620_1st_13720.csv,6fa6ff98e836eeaf677a3247ded14accd371794d99519b09042e8dc8e90d429d,650000,True
M2N2,175_MITDB_id_6_Medical_tr_27274_1st_27374.csv,fd06ca99f96cfd553ed4ac42303ac7a851004143dc98f9b98bb1000886125aca,650000,True
M2N2,176_MITDB_id_7_Medical_tr_6232_1st_6332.csv,558d3be4845399f5ccff972f8b5a8acaf98f3b35c19855af5564368a8de0ba97,650000,True
M2N2,177_MITDB_id_8_Medical_tr_17675_1st_17775.csv,eedbd0e026c98fe248c9f99e69fe5d3fa73dd5bb4c626eb184e0d00ed83304e2,650000,True
M2N2,178_SMD_id_1_Facility_tr_6000_1st_10609.csv,1a9187a1b17b43cf448b352e93c69974b1b5f7d651107aa20529000802141e3e,24000,True
M2N2,179_SMD_id_2_Facility_tr_5925_1st_17580.csv,dbeb979259a3ea1e75fd142bf0319c443b91171b23a6f309011c2a8093e1a247,23703,True
M2N2,180_SMD_id_3_Facility_tr_5925_1st_17580.csv,6c7ddd7e06cc6a14bf24b8a074162fe8ffaa20fd80b5687e7bdf7e0c1f150f69,23703,True
M2N2,181_SMD_id_4_Facility_tr_5000_1st_15144.csv,078aaad3690e20e525ffa8e89fc168c6b781a2f5488c8788e0255a84481d8c10,20000,True
M2N2,183_SMD_id_6_Facility_tr_5925_1st_17580.csv,4244eaf2028150784c149f43dc44da2ca1774d3fe6b596b77c42bcaab466842e,23703,True
M2N2,184_SMD_id_7_Facility_tr_7119_1st_15849.csv,9da1d01efa0b3bf6fc602f27b4434b8c612b98ff75e86c4fe2635d79feac9e8b,28479,True
M2N2,185_SMD_id_8_Facility_tr_5000_1st_15144.csv,7306d54181837c7f9b7278bae59897298ba04a422f5e04f393288ec85877b5e7,20000,True
M2N2,187_SMD_id_10_Facility_tr_5000_1st_15849.csv,0b5934dc538d13273bbcc8362798f97ae79f725729effa00987b9a3cf222d475,20000,True
M2N2,188_SMD_id_11_Facility_tr_500_1st_392.csv,7632395fd7f83df284d9f4c44c72c8a5d2623e2413087b5d00f4394ab0cd8a71,23703,True
M2N2,189_SMD_id_12_Facility_tr_5925_1st_17580.csv,ea009e7b1700eb8cbf63a68baacab5c2f27c644c3b5a0479aa4fef2583fc4ce8,23703,True
M2N2,190_SMD_id_13_Facility_tr_7119_1st_15849.csv,bb88da02c81b063082acb1de744136f82aad02017f0d790bb2b44ba27bf331b3,28479,True
M2N2,191_SMD_id_14_Facility_tr_4596_1st_4696.csv,fd05ce5af264b193328c93063f13ddd290810223b48c5f15f26c32cece928cb3,22700,True
M2N2,192_SMD_id_15_Facility_tr_5925_1st_17580.csv,8a61d985f9b4bb38b9e7b2f6f8615ca76b45038f98d8c1fc560a65425be4e0b3,23703,True
M2N2,194_SMD_id_17_Facility_tr_5925_1st_17580.csv,b230db3a8ce2c53aeb0def66745cc8231e4742cd78cf7be0d44d6edc41ce6dc0,23703,True
M2N2,195_SMD_id_18_Facility_tr_5925_1st_17580.csv,06cca6cde43246e4f4af43e6ec6180de0ab27b46ed52b220cb7cb5a81468b806,23703,True
M2N2,196_SMD_id_19_Facility_tr_7174_1st_21230.csv,8404a91a5692a2c4cad4caa8e13cd5ce485e58ce86bc6d97a8585354763e02da,28696,True
M2N2,197_SMD_id_20_Facility_tr_5000_1st_15144.csv,98fd7936e5a2b44d9d77aacf46bdc0de74d846967451e719aa5d6ba2fea43411,20000,True
M2N2,198_SMD_id_21_Facility_tr_5925_1st_17580.csv,3b9124731e6b6f23ace1bc429ea53631b49b13f4fd91e3d1e3209061264d4539,23703,True
M2N2,199_SMD_id_22_Facility_tr_5925_1st_17580.csv,2e1be3608c2431715dcef3fa13f0e4eea699050f8f670f0acbd7c25b2501bbd9,23703,True
M2N2,201_SMD_id_24_Facility_tr_7174_1st_21230.csv,3bcebf823b82233dd9bfa6abbbcb290e9945c7e02cb44a75b78577984cc7b23d,28696,True
M2N2,202_SMD_id_25_Facility_tr_6250_1st_21230.csv,01ccb037a1047f28ab639ebaff04ac374cc9539f119506f3d4f63c8c3e5c7019,25000,True
M2N2,203_SMD_id_26_Facility_tr_7174_1st_21230.csv,cbd745c8cde7a666676bf4b3510e39f409c9a5d56caf20fbce5ab7b7ccb1f956,28696,True
M2N2,204_SMD_id_27_Facility_tr_5000_1st_15144.csv,9902a46d256b9a257d73250509717778437c334d79d966a5bbe9382cdb1cff48,20000,True
M2N2,205_SMD_id_28_Facility_tr_5925_1st_17580.csv,8f3b4f9879ef51f15d13115731ee372d57a5d1919207bf3975b462cedff128dd,23703,True
M2N2,206_SMD_id_29_Facility_tr_6250_1st_21230.csv,95b01fa1e1b852b38433568295828bc55f3b36d977ec5d4eb1d5ec7db0a25274,25000,True
M2N2,207_SMD_id_30_Facility_tr_7174_1st_21230.csv,5f4773a42598fe52574808cbdd5ee34eae6504191281392aff745d48a5c40fbb,28696,True
M2N2,208_SMD_id_31_Facility_tr_5000_1st_15144.csv,13a81c50383e384285747a5cfe64d593b86d4ec2c48591444bfa468bf2c55776,20000,True
M2N2,209_SMD_id_32_Facility_tr_5925_1st_17580.csv,26e6d14e96cd9e186539fa42e7198cb5a0158bc00aa72fcfd0fe71ea89a16cc2,23703,True
M2N2,211_SMD_id_34_Facility_tr_5925_1st_17580.csv,9cfacd09e87b48edb4da7dbe19d031bda81abe32b669014bc83bb67589e04a9d,23703,True
M2N2,212_SMD_id_35_Facility_tr_5925_1st_17580.csv,fa3cec0c5a69d51c18950be7f43e90a9e4f2f9d63059df4b960d55e8776e8c8a,23703,True
M2N2,213_SMD_id_36_Facility_tr_5925_1st_17580.csv,b99d263f0ed24818a89e02660e56c6da16d0814f601254aa771394b7b914928c,23703,True
M2N2,214_SMD_id_37_Facility_tr_5925_1st_17580.csv,1eba70b18a4afaf764e57e77722657ddeac227ae4aaccfae117d3623cbe60cfe,23703,True
M2N2,215_SMD_id_38_Facility_tr_5925_1st_17580.csv,d8bda7fb0de50ad14c965ac7ff6af1fc50f1f5e0d9ae89c2fc5339cc5cdfc743,23703,True
M2N2,216_LTDB_id_1_Medical_tr_500_1st_266.csv,4a277cbb794fa9bd18f9871dcb41688221876c0713b195a2c1bf48032c89a37d,100000,True
M2N2,218_LTDB_id_3_Medical_tr_500_1st_266.csv,16cd6500b903745cda579a70bcdc39eae219dd8f4f7902c0fe804cb06b644eb9,100000,True
M2N2,219_LTDB_id_4_Medical_tr_3618_1st_3718.csv,14f20ca2ce425fe2d95f6863153c746113ff96b4e64d1b365c2f84aac7cc1b9c,100000,True
M2N2,220_LTDB_id_5_Medical_tr_500_1st_26.csv,a88a0dd86fbe7360d77597d657b9722bdd180eeec84ca2e1c85c4fa877d7be87,100000,True
M2N2,221_LTDB_id_6_Medical_tr_500_1st_26.csv,24d7f2163472ad342782fa6d568bd6731006b7a0eda412f8935d959c4736c675,100000,True
M2N2,222_LTDB_id_7_Medical_tr_3618_1st_3718.csv,62e52ebc0515c9ccae39f8251a5cb7b4cc898ec843e908a8b81a42e825b01a77,100000,True
M2N2,223_LTDB_id_8_Medical_tr_4456_1st_4556.csv,334aa06eba66c35c593235ab89aed1d4161601379223288c43807cfea7ec5952,100000,True
M2N2,224_LTDB_id_9_Medical_tr_4456_1st_4556.csv,2a190b460b4ded019f2ec63ec522d81819522e2672f313d65641a2bd141a54d2,100000,True
M2N2,225_MGAB_id_1_Synthetic_tr_25000_1st_38478.csv,fb3e19c3b8db71134c50767960077e66b9cb8391ebc8ba6b0544cc2ad8cee48b,100000,True
M2N2,226_MGAB_id_2_Synthetic_tr_20000_1st_45134.csv,ad2b20f7881e79f715cebbeafdc40481fbaa580e544dea525b5f800fd6cf7085,80000,True
M2N2,227_MGAB_id_3_Synthetic_tr_25000_1st_44340.csv,14f308a3ddc904b58c1adc84ecbf188bbefb8e45fe78eb0a9581d3f5d53e6a67,100000,True
M2N2,228_MGAB_id_4_Synthetic_tr_25000_1st_38948.csv,514a0e773a6d91eb26286fc5718d60233e2b043dc77a551a172f5d1cd95566e1,100000,True
M2N2,229_MGAB_id_5_Synthetic_tr_25000_1st_33098.csv,162c1c15c5ace443fad900fabaccee8a2d630e15e3e81744844cbfb94390463b,100000,True
M2N2,231_MGAB_id_7_Synthetic_tr_25000_1st_35544.csv,4fdc7e7f09bf83c61d9df1dfc1ebfd68eccf65aa28e97a3dfbd368fc43140dbd,100000,True
M2N2,232_MGAB_id_8_Synthetic_tr_25000_1st_32708.csv,4c7ac80333579f89850ee25c992d2296c026c6f84cb03106695231d68ed79af4,100000,True
M2N2,233_MGAB_id_9_Synthetic_tr_25000_1st_41300.csv,b77b1b3e5712e01839c2a62584ced3c9f7f3c8a68751473cf020e01595966ca6,100000,True
M2N2,234_SED_id_1_Medical_tr_3740_1st_3840.csv,68333791f272fba70504382134697df7186a2be75e433355b4368544ff22c902,19999,True
M2N2,236_SED_id_3_Medical_tr_3740_1st_3840.csv,52d43f2528fe528f4079880ba15559f0904e5bf9d4a167a81d5711921888b66a,39999,True
M2N2,237_SVDB_id_1_Medical_tr_11587_1st_11687.csv,a677da5cc4b94f2c2596b7576cf0777c685ab4793c349ae18bec2594b9c4a8c0,130400,True
M2N2,238_SVDB_id_2_Medical_tr_25000_1st_71963.csv,a0182ac2191c72366c3e058960a6c130a0b8bfadb6050cb1252a3a28be5710ec,100000,True
M2N2,239_SVDB_id_3_Medical_tr_50000_1st_106634.csv,c0f64f52c9c4fd13883da445059bbfdc5e639f36e934943b33912076ec3f653b,230400,True
M2N2,240_SVDB_id_4_Medical_tr_18462_1st_18562.csv,e2b1547348d083c0982af953af87a8be2d22c5869e9f459f21fa13638a658a72,130400,True
M2N2,241_SVDB_id_5_Medical_tr_11587_1st_11687.csv,8cae16bc8d0c5ada2c959491a5878e454ca8c1cc6c9c5e9f68aeede9c9051d33,130400,True
M2N2,243_SVDB_id_7_Medical_tr_11393_1st_11493.csv,8fbea5ef11c54b5c0ba7cc772f825c2c4d1cc63528238279b1bcbce7b376cbc0,180400,True
M2N2,244_SVDB_id_8_Medical_tr_17803_1st_17903.csv,2702bd459ca8943cf8fcae6af5c4388dbdb636f4bb4977f3e621abaea1a20b4d,130400,True
M2N2,245_SVDB_id_9_Medical_tr_12607_1st_12707.csv,91172bed6e7e535e0f4e85754cf2097bab0dcd50683ffb8cb9dae7806295b56b,180400,True
M2N2,246_SVDB_id_10_Medical_tr_20100_1st_68460.csv,db225bc6f718dbea5b7d27e900fd9d660030616d1d7b71b2d23cab45889b39a2,80400,True
M2N2,247_SVDB_id_11_Medical_tr_20100_1st_23611.csv,3b2884b39b940d57957feb43e69155eae5325ab06659c6ac848dfa9238298748,80400,True
M2N2,248_SVDB_id_12_Medical_tr_18462_1st_18562.csv,a92cefcfdd4aa07e1fa5ee92cd723c8d51b773cf441486a11c41109ce55b2f92,130400,True
M2N2,249_SVDB_id_13_Medical_tr_50000_1st_54982.csv,cdca3a9150d0ece7c097243c4a7d411b055b647d7622b3536a21ffdb8e169a20,230400,True
M2N2,250_SVDB_id_14_Medical_tr_50000_1st_107354.csv,1a19be81b4fa8bd71f66003d0ecb3fa30d8bcc5b275e43cec742b26ae9a4fe31,230400,True
M2N2,251_SVDB_id_15_Medical_tr_5421_1st_5521.csv,77a70a7825b5639bffc83f04c97c5912967d0a1a899f87092e677bf45f25070a,230400,True
M2N2,253_SVDB_id_17_Medical_tr_17803_1st_17903.csv,6227755285d668b05d08784ece345080f571f4f16649df3fd22cde9b6d74a63e,130400,True
M2N2,254_SVDB_id_18_Medical_tr_30824_1st_30924.csv,7225f679a651df0f834200559370c730cf5d748809f55e1b29a84c3ae82e0144,230400,True
M2N2,255_SVDB_id_19_Medical_tr_50000_1st_54982.csv,09ccdf5f0e170794954956e11e7d7730bcf06bd30102264e0f9b162e8af7805e,230400,True
M2N2,256_SVDB_id_20_Medical_tr_6264_1st_6364.csv,4bd8cbe1b179f9bbe669c183200a22a4ad897ed0b900d1ed55cf4bbc7a220e01,230400,True
M2N2,257_TAO_id_1_Environment_tr_500_1st_3.csv,d91bf702fb58aae960fe126a7e1865a3a4be0d9909242e827ccc57d887071117,10000,True
M2N2,258_TAO_id_2_Environment_tr_500_1st_4.csv,6c278fff2cf2d151b3197d58cc9ffc429e87d44f58bb02a5c942ba600be1041d,10000,True
M2N2,260_IOPS_id_1_WebService_tr_5000_1st_11804.csv,53684668db90b9f8f93a14d84fee78a9cd0446fee0952f535248bf9807a9b9bf,20000,True
M2N2,261_IOPS_id_2_WebService_tr_2178_1st_2278.csv,4612763cf115267bf701070bd69b8a2a9374e1ba6aaa68927db37465ff40c467,8784,True
M2N2,262_IOPS_id_3_WebService_tr_7028_1st_7128.csv,82cf4609f512408e1a8979c6c4686c1ddd3801880a33220c67faac53816e4391,125135,True
M2N2,263_IOPS_id_4_WebService_tr_3482_1st_3582.csv,d870f8a73c8176a412b88189cb14fa30511f2582434c8e465609b793fecf5462,149123,True
M2N2,264_IOPS_id_5_WebService_tr_11665_1st_11765.csv,04ce438a3e7a8b5a4822d4881e3eba9f7568e28e01492cc0215524bf9fe46eec,60000,True
M2N2,266_IOPS_id_7_WebService_tr_4010_1st_4110.csv,cebff7f6d7dfdc85cd192acdd62363b9c557f0b4ed90acc6915980c36f5729c8,89155,True
M2N2,267_IOPS_id_8_WebService_tr_1534_1st_1882.csv,d81f8ec8d08f41b9839bf25ffc0e12b5875dc0ffc35fc9528f19af7bdcdbdd4b,6138,True
M2N2,268_IOPS_id_9_WebService_tr_6216_1st_6316.csv,3edad9174a05f61d2ce9990800bd96ef64468c49c46ef0f54b73dac1c01d3f52,29133,True
M2N2,269_IOPS_id_10_WebService_tr_1216_1st_1728.csv,e906bcf581b56179dc4a684e13bb238b970d5df2678bf239cf2bef26b3343e74,4866,True
M2N2,271_IOPS_id_12_WebService_tr_500_1st_341.csv,f1334cf45cb2fed310ce262286846f07e172315899ba26e0e9272b0b5b006378,8784,True
M2N2,272_IOPS_id_13_WebService_tr_3442_1st_3542.csv,2454c0c5b78bf50fb610c8d8e2301e3200033c32763cc73c7560f83db312f4a2,149156,True
M2N2,273_IOPS_id_14_WebService_tr_5569_1st_5669.csv,510c3fb555835148520df054990fb1765ceea0e95d16a4f7f3fd7449049f2cbb,149122,True
M2N2,274_IOPS_id_15_WebService_tr_4591_1st_4691.csv,78a590b725d5d2a7f2c99d9118c3dfd4e1c0c53dca91c38c841e1a6cee4e8aa2,149132,True
M2N2,275_IOPS_id_16_WebService_tr_1482_1st_1582.csv,058b8405ee13b5bbd25883619ea103acfbbcd05d43a9788f640474dbbde65feb,8784,True
M2N2,276_IOPS_id_17_WebService_tr_19197_1st_19297.csv,e7862958f77244e0d127dc0af854d3a4a549b73509af5401982f50b14b24d577,91370,True
M2N2,277_NEK_id_1_WebService_tr_500_1st_17.csv,f5663013a042df4b21132b5e627e6c157a7e6c3cf257400fb845aac54e7b5e43,1073,True
M2N2,278_NEK_id_2_WebService_tr_500_1st_64.csv,3fe6477f5698fa86f8bbad4a2f338a96a4082453ccda8c4ea5e27d37620fa73e,1073,True
M2N2,279_NEK_id_3_WebService_tr_500_1st_974.csv,5abf0c484b54440237a39977f70c96ce0823dc6557d67fd4962c6b6dd8797c59,1073,True
M2N2,281_NEK_id_5_WebService_tr_500_1st_974.csv,bd46ee0da8b8a2b4d1d579a9b340907d3582ba9361c650f136a6cf75af797e72,1073,True
M2N2,282_NEK_id_6_WebService_tr_500_1st_64.csv,d2591e0ff57817678c104e57e8d5a9afa958ce576103e786a8a92ef28da692c8,1073,True
M2N2,283_NEK_id_7_WebService_tr_500_1st_777.csv,1d277e1e201aa822a161440b640ee071940aab88699d71dd1c8fe06b5b4b507e,1073,True
M2N2,284_NEK_id_8_WebService_tr_500_1st_976.csv,f871687706e1cbbaa1717b56eaa93eeebc707e16eb68c5959d08f0be044a879a,1073,True
M2N2,285_NEK_id_9_WebService_tr_500_1st_780.csv,1d277e1e201aa822a161440b640ee071940aab88699d71dd1c8fe06b5b4b507e,1073,True
M2N2,286_CATSv2_id_1_Sensor_tr_17792_1st_17892.csv,89865e73d96afb589f0bad6f202d8a79545524bab1041ce23b34e54dca592d91,300000,True
M2N2,287_TODS_id_1_Synthetic_tr_500_1st_11.csv,c0232c6e121cb0ed1e19fde386252838ec2d8ddcc2e04dd6ad3bb07561bbd965,5000,True
M2N2,288_TODS_id_2_Synthetic_tr_500_1st_65.csv,cd55a012878427308ec32287175d91a0b7e3e3cac6e34a7f9b4b51a0977857ac,5000,True
M2N2,289_TODS_id_3_Synthetic_tr_500_1st_26.csv,4f2d3cc7e98a4fefd5255890dcc8ef7bdee2dd788233f1677d5755c575bc1f39,5000,True
M2N2,290_TODS_id_4_Synthetic_tr_500_1st_26.csv,8c7158171e2baf3b7a5ab3c22ae51911d7d5dd3dce520bfdce65bcab721107bf,5000,True
M2N2,292_TODS_id_6_Synthetic_tr_500_1st_11.csv,93c03526b672875c8331c847051548559d90f14b4cad2e2aefdbfc57f2375a95,5000,True
M2N2,293_TODS_id_7_Synthetic_tr_500_1st_7.csv,d49646787c0386441d74615186508f32b81db7c2fe8d005d76dcb45e27104750,5000,True
M2N2,294_TODS_id_8_Synthetic_tr_500_1st_200.csv,346d19ff37e063f5d9a3a9a5baa42d9165ddb0796e3bd63af661cb2873880727,5000,True
M2N2,295_TODS_id_9_Synthetic_tr_1250_1st_2046.csv,69995dc00ef02c17dca9c84f5183dc1a327b1f338d532ef55ce803e8c9d1457d,5000,True
M2N2,296_TODS_id_10_Synthetic_tr_500_1st_26.csv,0dd0ac8d383a27b34d271c70099a29d034b7b2305e5af7978a676ee40d2b40d7,5000,True
M2N2,297_TODS_id_11_Synthetic_tr_500_1st_7.csv,af6dab933c13038a3d4ebb1ac256b35afc07510df81dd4800cf59d0a9877fb55,5000,True
M2N2,298_TODS_id_12_Synthetic_tr_500_1st_0.csv,1ad1ffb84768f75d3c61da8e07813c45aafb6b77f7c363c8ced440f603fd417e,5000,True
M2N2,299_TODS_id_13_Synthetic_tr_500_1st_65.csv,a4bc36d4c048f3ad0e0a78fd8124640634f564b8eb6d9d0bdbc067cbfc5d62f8,5000,True
M2N2,301_TODS_id_15_Synthetic_tr_500_1st_245.csv,4f23d7526e5b2d6ec4a0acbd546107c86a85b1e4a202061982cbae7f512cdafe,5000,True
M2N2,302_Power_id_1_Facility_tr_7685_1st_7785.csv,64713acb1d40e3040d88801bd36c8e73af6870d1b3047052f168baa845dd18ec,35040,True
M2N2,304_UCR_id_2_Medical_tr_2499_1st_7000.csv,fbd700423be6d949a0cef0bdc1401fa1c0b3cd931361269e08819569f6be0688,9998,True
M2N2,307_UCR_id_5_Facility_tr_29895_1st_39240.csv,b880ab0b688015b4c58339cdee3ed7c611b262c9a0fa72a8f93e1f328ccb5b6a,119580,True
M2N2,309_UCR_id_7_Medical_tr_3000_1st_5948.csv,b508b8d6da44f9fd735513670e70f8afc8add71f05c301e9b7c19e92b33948bf,12000,True
M2N2,310_UCR_id_8_HumanActivity_tr_2631_1st_8285.csv,c1e6be9a9c1a0f0b3116d4784cf544bd75de34e5245259ec303ecdfad65719c5,10524,True
M2N2,311_UCR_id_9_HumanActivity_tr_16000_1st_38400.csv,22e86599df9172d644ed70f615836110f9ddaef42886a61c4b3c6aa2f1dee1bc,64000,True
M2N2,313_UCR_id_11_Sensor_tr_2827_1st_4711.csv,ca7e85fe802b6b98a4e40a9958e34a66cf44e98cad2447554e99b9e5cfec18f7,11308,True
M2N2,315_UCR_id_13_HumanActivity_tr_16000_1st_33070.csv,edfca8493e5a7cccef621678aead8276e1111b19b7ac68fb2c1d4e335b18a169,64000,True
M2N2,316_UCR_id_14_Sensor_tr_2833_1st_5988.csv,1f4869730fc0e1e195e045ac64c3b8912afc4d4a8aca68b535c5a74f74a2b318,11334,True
M2N2,319_UCR_id_17_Environment_tr_6166_1st_19280.csv,47a77b283da39b0770465594322bd1aa4220be18d7f8f37620b9b0854486866f,24667,True
M2N2,326_UCR_id_24_Medical_tr_1875_1st_4187.csv,4a7f9f7b9f0504a8c564d470ad68c940a2e334528e46948532cd74774c0b8684,7501,True
M2N2,331_UCR_id_29_Facility_tr_50000_1st_837400.csv,ade5594fd849ae5d14d4bc6e190d61e995218eae6578265d8cc5ffb19caa79aa,900000,True
M2N2,332_UCR_id_30_Facility_tr_13750_1st_52600.csv,fbd90dcfedd1154364bd2f438c5810b55a6fa25e6b6d6c84098e265a98f15637,55000,True
M2N2,334_UCR_id_32_HumanActivity_tr_1671_1st_2764.csv,6497bd0b2f999038f91caaeb2c3eb2fc99812fb0fb2b98b6a996226163a4d7d1,6684,True
M2N2,339_UCR_id_37_Sensor_tr_2750_1st_5400.csv,8eda3169fe637116c7c4ac511960b93dcf0692115f5cd6f4c8c18bf01d896bf4,11000,True
M2N2,341_UCR_id_39_HumanActivity_tr_48812_1st_128430.csv,1aff49c6de704664ef7d088593f83ac21da6cc486b5bb879c022caa17002fb06,195250,True
M2N2,344_UCR_id_42_Sensor_tr_2851_1st_5365.csv,82afc6b68733719c477c1b42ea7b872ec5e2a10b4a5e96e317db0abc36b9ebd7,11406,True
M2N2,346_UCR_id_44_Medical_tr_7456_1st_17390.csv,1cfec038520481a31a669e71a31bdb11dc68ae65681fb5f26856cd349ee3460a,29826,True
M2N2,349_UCR_id_47_Facility_tr_29954_1st_74900.csv,2041c533d7826e881b5883fe701000fe4283c194f2e68fcc87ccfe771bf6fed1,119819,True
M2N2,355_UCR_id_53_HumanActivity_tr_48750_1st_143411.csv,a66686b46f8e17e05db7c8913ccfdc79b70c46fcda2b11d7645886b121b32ad7,195000,True
M2N2,358_UCR_id_56_Facility_tr_10500_1st_29080.csv,62012cf0e068e36c4d1a5531faee479a34cd1084e762adbe002721c001dc7317,42000,True
M2N2,361_UCR_id_59_Medical_tr_3000_1st_7175.csv,4da7dbde0fee64928714a1151b3b6dda467a3c892cccc755fa9d42bcb5024e76,12000,True
M2N2,364_UCR_id_62_Sensor_tr_2833_1st_5988.csv,6056161c1a74958ad9461b813db8e021912e1c380bbe6be5968e7212c0b4306a,11334,True
M2N2,369_UCR_id_67_Sensor_tr_2750_1st_5400.csv,da5e1f03ac5db1d0cb3c3adc3bb79830c51178d34f4e52ef6147a007763e86a9,11000,True
M2N2,371_UCR_id_69_Medical_tr_1853_1st_6200.csv,5dfab5ee722901d18473e30da3404e967975d8548b52e14b1c9b098df722bdcf,7415,True
M2N2,373_UCR_id_71_Sensor_tr_2827_1st_5988.csv,71e5a689fbf5ef77be99ef359919875ae49e41f86be0560e6fb2394033aaeb23,11308,True
M2N2,381_UCR_id_79_HumanActivity_tr_16000_1st_31200.csv,dfc9d8f8c7db30ea1b0ebbec94f6234e17f3628e30cf601ca6239ca2fbc91710,64000,True
M2N2,382_UCR_id_80_Medical_tr_7500_1st_11800.csv,da2f39afe27c1cc2141ea62cb8c7679b101bb90a285fc9cafc3a0673aeedc24e,30000,True
M2N2,385_UCR_id_83_Environment_tr_2046_1st_6006.csv,b5bf2c1436b22f012967dd181b2bc7ba52aec813b8782814ce134e0bd186a43a,8184,True
M2N2,387_UCR_id_85_Environment_tr_2046_1st_5549.csv,3c731afff7aa8216804f3a459f55e0ab299e492afc31c69ce40dadfc3fc99ff9,8184,True
M2N2,391_UCR_id_89_Medical_tr_1875_1st_5759.csv,c697c203be90e298c9520ba06731686e7b80ef59df156f8241b6515e0957dd39,7500,True
M2N2,393_UCR_id_91_Environment_tr_2046_1st_4852.csv,da77ea56681ae2502ffec7b87380f50c302d2889c29c230988efd003ad0c3b4e,8184,True
M2N2,396_UCR_id_94_Medical_tr_1875_1st_5607.csv,51fa4fa33eec3a70cf41efbd3507356eeb44a6e16d6e0bcae4df981f561f6c41,7501,True
M2N2,400_UCR_id_98_Environment_tr_2046_1st_5391.csv,1c052cccf9838c465ea39689622dd28d84a3b83f390f410a38598f4290f6e304,8184,True
M2N2,401_UCR_id_99_HumanActivity_tr_1671_1st_5920.csv,c224a4165d8ef14e2b907802d3ef6141b93b66981b6a120add89d68622ab36de,6684,True
M2N2,405_UCR_id_103_Sensor_tr_2827_1st_5988.csv,b832cd26dc260da1444c3b48920a42b5a550f678a8bed9ad99fbfc8f67886c56,11308,True
M2N2,406_UCR_id_104_Facility_tr_20000_1st_67950.csv,f85b286ff926a62c6f880f06ac3aaf89a8b9e217a78f23c08c5bfdb8b18e9acb,80000,True
M2N2,411_UCR_id_109_Environment_tr_2046_1st_4852.csv,84b6d9643865d9e3210d3384e43e083d31b4ed1fd4c183ee84934686dc116525,8184,True
M2N2,415_UCR_id_113_Medical_tr_3000_1st_8612.csv,d27d023642c1b67d4f0c0e480743612df2f577ddde1beffed9b445366f93c65d,12000,True
M2N2,417_UCR_id_115_Sensor_tr_2750_1st_5400.csv,5e07e7bc12aa8bd8078c252eb0fc90ad263ee814581e5d7fe992599d8c54e624,11000,True
M2N2,419_UCR_id_117_Facility_tr_3000_1st_6168.csv,016877f950d27f567558c2923293242153426d84c71114127b32cdebc32b94e8,12000,True
M2N2,420_UCR_id_118_Facility_tr_13750_1st_52600.csv,9d2ff551bb0e5114390d127593cce9a75174d3070b6c3dfc9adedb84a9e52199,55000,True
M2N2,421_UCR_id_119_HumanActivity_tr_48750_1st_130700.csv,46cb34e5a075d26aa7116ef4ad5eca711819eb295df3ec9ddf4b083b0e85c874,195000,True
M2N2,426_UCR_id_124_Sensor_tr_2827_1st_4711.csv,26158061b530670b3c525921f470cd2abf1b5f883f18ad5bc8beaba08281c310,11308,True
M2N2,430_UCR_id_128_HumanActivity_tr_12500_1st_46500.csv,a41e821d942d768162f7ce026a2a94df2e1cdb93e78bc6a5c3d44e6a2ec3ef70,50000,True
M2N2,432_UCR_id_130_Facility_tr_23000_1st_26970.csv,2e481b8af7f000122177b5850311076a6b4f9f7a353cbf10b696b589a5f81ced,92000,True
M2N2,436_UCR_id_134_Medical_tr_1875_1st_4526.csv,895aaafe1989ddae094841b08ff53be82a205edf1267b81ee7a82d467e7a72d0,7501,True
M2N2,437_UCR_id_135_Medical_tr_2499_1st_8000.csv,626ec5d664b3cc2960816200fdd70b1ec2ef97a2dea0f1a5e36be5dae000b2cc,9998,True
M2N2,439_UCR_id_137_HumanActivity_tr_48750_1st_110800.csv,58269b22c26ed61282b87aa486df3cf2848bb2c5af224f4b3c7d14604f433eff,195000,True
M2N2,445_UCR_id_143_Environment_tr_6166_1st_19280.csv,8187ff7f9dd09b68a4417458be4daca9868daba2a36aec84e1f01b189b2a70b0,24667,True
M2N2,449_UCR_id_147_Sensor_tr_2847_1st_9330.csv,71a8d9e9a5dbe7f9024be2e0a5b9accc045c4b8de4cbf769067503fe583d73b0,11388,True
M2N2,452_UCR_id_150_Facility_tr_10000_1st_35774.csv,ee53ad510b2a29eb6253111c7d1404dd6e31e4ce6c8a6243bf8eb74c3394cdc8,40000,True
M2N2,459_UCR_id_157_HumanActivity_tr_50000_1st_110260.csv,64572a9f85d45fc09e193971176f1638171a9a414948dc45a6363c2ca7d354ce,200000,True
M2N2,463_UCR_id_161_Environment_tr_2046_1st_6006.csv,78771440d6183c41dffa7190cee0683ce1f1edf327f1bff0cbdd75e5bdb9ba59,8184,True
M2N2,467_UCR_id_165_Environment_tr_6166_1st_19280.csv,33c11462da6f6af05c9054dc7cef88180edb3a992c2e73583a13e61df2ae8817,24667,True
M2N2,471_UCR_id_169_Facility_tr_10000_1st_35774.csv,bf383fa282240eb0e12a09a80dff44c745c5f1a5e700eacb56b90f0175a4d4ac,40000,True
M2N2,473_UCR_id_171_HumanActivity_tr_2617_1st_7290.csv,461e7007c878f073e9df4628ba98d6b33b666602fa43386b482f0838f1c67b99,10468,True
M2N2,474_UCR_id_172_Environment_tr_2046_1st_6520.csv,c4d251ccf8af0e9228bdaa5787ca769d8a74b211d6ec2f94eea9bcfc4ecae926,8184,True
M2N2,493_UCR_id_191_Sensor_tr_2847_1st_9330.csv,c495f3ddf777bc06d39186f7ad5bc7e62ad7d4e73960fe9e037cfd46732d756c,11388,True
M2N2,494_UCR_id_192_Facility_tr_22500_1st_72150.csv,4ed42524d315579c632ad700dca8548bdfd8f8e1a424134be17036484c247575,90000,True
M2N2,495_UCR_id_193_Environment_tr_2046_1st_6520.csv,3fa956be747e60198fc909d5a87c3ca3977b46b73b94b5ae6f1ea284de4b2f64,8184,True
M2N2,496_UCR_id_194_Environment_tr_2046_1st_5391.csv,8d609dd504da70adc834b19bcdce8a96d7a11ff1ae238cc98a64bf1a2e879dfc,8184,True
M2N2,499_UCR_id_197_Environment_tr_2046_1st_5703.csv,d7eaffe3659dcb1e42a07536132b21e17a163567a3fe4480aff8722d8202322d,8184,True
M2N2,500_UCR_id_198_Facility_tr_7482_1st_23357.csv,899de251c0b228c1b6c197d63263094fa5e73d91e6f1175cbe99e5894a83ae44,29931,True
M2N2,504_UCR_id_202_Environment_tr_2046_1st_5549.csv,c17a088dbc9061703a2b83e8ee3ff4ab8c4b71c50b8dc8b1b41cb63ee1fa56bb,8184,True
M2N2,506_UCR_id_204_Environment_tr_2046_1st_5549.csv,86b11c15b4ce361347ba6d75c206c0cc01ef8782d2d4f5fd79c5962ca4254e97,8184,True
M2N2,516_UCR_id_214_HumanActivity_tr_2108_1st_4702.csv,cbe388126fd3d500fae11b4c8119a280c92dfc4839d3dc267e94e495f3bfc42a,8432,True
M2N2,517_UCR_id_215_Facility_tr_7482_1st_24005.csv,dffc1e4af142e68586c1fd9db23294eaa78e8e08839dd51506bb230c0c9b3ac0,29931,True
M2N2,525_UCR_id_223_Facility_tr_50000_1st_250720.csv,b54c91290cd2659b35d6646e92a4a14ecb85c3c532cdfde0e5a62f8e3e5b2e15,299790,True
M2N2,526_UCR_id_224_Sensor_tr_2827_1st_4711.csv,a4035f7ebba0b550bcbb47700ec40a8322b23f02377b3ff994c08f9240ae1a5c,11308,True
M2N2,530_UCR_id_228_HumanActivity_tr_16250_1st_38500.csv,c1b2e91e8e0784fb26297e86dd3a73d5f4fe3c29c5541afc1af1893df06fbc95,65000,True
M2N2,531_SMAP_id_1_Sensor_tr_1811_1st_4510.csv,2c7b26bbbb760ea1ff931d4eeb95194f66f6c797b09e9e165b8bea2f4a6238d2,7244,True
M2N2,532_SMAP_id_2_Sensor_tr_2075_1st_5550.csv,5616ef5e0ad0162b97fb28096fea9a9af9719adf7aee2587ea6d10e179939e88,8302,True
M2N2,533_SMAP_id_3_Sensor_tr_2052_1st_5300.csv,35dfb13ccdf44b36e9f65e0d352670c588c4c8ee55924b3084c08078f35f3afa,8209,True
M2N2,534_SMAP_id_4_Sensor_tr_1968_1st_4370.csv,75407b52dbdce0a7a0df25b81a0a56e7b21de7c057bbe5879b3b81df5dbf5530,7874,True
M2N2,536_SMAP_id_6_Sensor_tr_2160_1st_5600.csv,eaa7bdc3144108dff622c02af93c20c6ddfe1fae288839bbc10b4d670cc393e7,8640,True
M2N2,537_SMAP_id_7_Sensor_tr_2077_1st_5394.csv,c0b054fdd3c0a77384f268c11b14fe0005eb670e1234084d060858689d715d2c,8310,True
M2N2,538_SMAP_id_8_Sensor_tr_2007_1st_3650.csv,43c5d19dfed08836915e86434ebb7d8016593be4245a7c43a7de31e98fe37a09,8029,True
M2N2,539_SMAP_id_9_Sensor_tr_1857_1st_4270.csv,4229f11b405cf707faa450c89f705dec3dbbfe8f4c076ed7d13af303f2385597,7431,True
M2N2,540_SMAP_id_10_Sensor_tr_2051_1st_4575.csv,adbf554808a6978e534ebd3eafcea842940996379e64141d56c69d3ef2706854,8205,True
M2N2,541_SMAP_id_11_Sensor_tr_1832_1st_5300.csv,f4d5e94f90304e9d99ff58ac4fdecbbf387d7d420574a840d195505f29704ebc,7331,True
M2N2,542_SMAP_id_12_Sensor_tr_1908_1st_4690.csv,a19f8070f54189835ef813aaeae61934f984b09b9b30817d34f6a4ceb14650a3,7632,True
M2N2,544_SMAP_id_14_Sensor_tr_1978_1st_4450.csv,b8721ce0bb4e6b36c26e9a2f98f09125213109b9d4ed4cbad82b9aec2e91732a,7914,True
M2N2,545_SMAP_id_15_Sensor_tr_1173_1st_2750.csv,e8fc67fade50578aab5f06cd389712bb75585e0f7fc87824b8baa8f275e78b48,4693,True
M2N2,546_SMAP_id_16_Sensor_tr_2117_1st_4770.csv,cb9b546e79827119b8a8c9019ab23db2ab9a5313e099eebf58eecfad89745351,8469,True
M2N2,547_SMAP_id_17_Sensor_tr_2133_1st_5400.csv,d06463e068470f63f88c273e5b921e1eb488c1adcb9aa942f341887c1264664b,8532,True
M2N2,548_SMAP_id_18_Sensor_tr_2094_1st_5600.csv,66878743f9f397d446eebae2d6ab10041a9b5bafec339518b714398b998e01af,8376,True
M2N2,549_SMAP_id_19_Sensor_tr_1998_1st_2098.csv,eb99b5fcf1a335cdd29c60bb3f8a6b7ebba6d577fd1e79e34d236d2bee93960d,8579,True
M2N2,550_SWaT_id_1_Sensor_tr_43700_1st_43800.csv,640653e4458da4bbff0dbf9e50ec385587226415081899203c693bed0bb9e537,419919,True
M2N2,551_YAHOO_id_1_Synthetic_tr_500_1st_893.csv,e9a087e7254d770a4be769122f3940b3c5ed881b8e084aca9633de21b7e2ac02,1421,True
M2N2,552_YAHOO_id_2_Synthetic_tr_500_1st_893.csv,bfc8fe8c9ae7f4f6cd407b91b79754bdc87dc5e063cdabae3a38924911fa324a,1421,True
M2N2,555_YAHOO_id_5_WebService_tr_500_1st_730.csv,eadb59b8048f0f4db4f0c2ae327aec221fa153189fe9bc04a9698d55ac39ce86,1680,True
M2N2,558_YAHOO_id_8_WebService_tr_500_1st_1125.csv,74cf2f169bdd0e9679672568812fad591a184fe1d5f9109e3a8c32312ed8d18f,1427,True
M2N2,562_YAHOO_id_12_Synthetic_tr_500_1st_893.csv,c881a476ad94afdc7ff27ccd1fd6ad560afc02c5105fc602986b0e09f9a96a63,1421,True
M2N2,570_YAHOO_id_20_Synthetic_tr_500_1st_658.csv,844ee3ed8980be1c382ef59ad8aee506abc3a521ddd24d7c9d6eb58d2e3d8a50,1421,True
M2N2,571_YAHOO_id_21_Synthetic_tr_500_1st_623.csv,2cd9e016e4a431457c0db85808d60493635d81536c7c7dca633b93ffe4cef6b0,1421,True
M2N2,579_YAHOO_id_29_WebService_tr_500_1st_1342.csv,695695b928d7b702daf8ef8b566058a4673f680e955d17eccbb0a2fe955965cd,1680,True
M2N2,603_YAHOO_id_53_Synthetic_tr_500_1st_893.csv,3f3015473e7090b61364e350757018346f56e468818e5426bc65e9af0e35e483,1421,True
M2N2,644_YAHOO_id_94_WebService_tr_500_1st_1078.csv,1e1348393b6c6b6aae65116d6d3cc7f205bacedcce7e5704b6d62a3690dde40d,1435,True
M2N2,645_YAHOO_id_95_WebService_tr_500_1st_1047.csv,4ae818a7415ea778325a2b7bc7ca61f81a7be7f29a6ebfba4cac93e5bbdd2622,1680,True
M2N2,649_YAHOO_id_99_WebService_tr_500_1st_1386.csv,8e92c56d107a5041260fd7ec3fc6e6fd97cb89af7f0a29244078fd2a92102580,1680,True
M2N2,657_YAHOO_id_107_WebService_tr_500_1st_1260.csv,04083a6daf8ba7f66fc1fc1877de809053cf221d95a070163b8d67b49ccedab4,1440,True
M2N2,658_YAHOO_id_108_Synthetic_tr_500_1st_893.csv,24436e06f49d58c2cc73453a959e6f2f1bd59be96683588521384cf5be1db251,1421,True
M2N2,672_YAHOO_id_122_WebService_tr_500_1st_857.csv,3ddf9cbc66c5c94070af2246420104243daa8cf0b3ebcda064c782ed9b767482,1680,True
M2N2,680_YAHOO_id_130_Synthetic_tr_500_1st_893.csv,d3689844ba0fdc9fb2ae5623616228151a6f0ca9bbd8095e657e08c62170eff4,1421,True
M2N2,689_YAHOO_id_139_WebService_tr_500_1st_1073.csv,f31f5ab2ff1f67e8ff7eccd9ec9513452768c004de8fcf768bcef660fe242931,1680,True
M2N2,693_YAHOO_id_143_WebService_tr_500_1st_1003.csv,7f6043dfe94887f3f5281adc328c1974eeb39c413a3e8b2dcde0743181506e55,1427,True
M2N2,701_YAHOO_id_151_Synthetic_tr_500_1st_893.csv,ebcffd8a7317424446f10ea2e3c61281cefd6788fe24b0f583b685c88b3e2f62,1421,True
M2N2,723_YAHOO_id_173_WebService_tr_500_1st_1214.csv,60e120483000052f9215ce77f795888c0ee9e0db38e9600fc236b35de6d04806,1420,True
M2N2,724_YAHOO_id_174_WebService_tr_500_1st_1030.csv,0d3078f9ee1f8c3ccf51fe8083fe6e9adcd850d2dd6e4ef92b12ef85a906f5d9,1680,True
M2N2,734_YAHOO_id_184_WebService_tr_500_1st_768.csv,3f98364ee9c7b9f3f0b68684a635b6bdb11957f65e94a54399d307ad287d89d7,1424,True
M2N2,741_YAHOO_id_191_WebService_tr_500_1st_1114.csv,c9833178b40502e0e5632a7282c80a09e67189ef7b570b02ad71f6a21bf0bf2f,1680,True
M2N2,755_YAHOO_id_205_Synthetic_tr_500_1st_893.csv,e5413a840c535fd23a1809bebde264fa6f983096c972ae1373c384777be8c9ce,1421,True
M2N2,762_YAHOO_id_212_WebService_tr_500_1st_1055.csv,dfed73ad1fa8f43de9b4ee540e4abfe4adadae717bd7974a116396be86c7baa2,1680,True
M2N2,780_YAHOO_id_230_Synthetic_tr_500_1st_893.csv,58479395a194183673c474348ca7f441c44501e658b25f1e3641d983bd6db7bc,1421,True
M2N2,788_YAHOO_id_238_WebService_tr_500_1st_973.csv,90d1e980fffe245918d0171092cb925d6ecbc55dae4d0ef70cca84494da90901,1680,True
M2N2,797_YAHOO_id_247_Synthetic_tr_500_1st_893.csv,4a4ed3a31ba9165fd973bbcdea83c06843349df4741eb2257af24623d7ff9656,1421,True
M2N2,806_YAHOO_id_256_Synthetic_tr_500_1st_893.csv,b57858a84cf50e7e12a65ec09e1b3fd77db2b314f289d6d76ae2634f6418f969,1421,True
M2N2,807_YAHOO_id_257_WebService_tr_500_1st_1210.csv,7c6c2495e015f9eff4dc2b510f16f75aff1a901a0643e7f6790a68e023567a5a,1424,True
M2N2,810_Exathlon_id_1_Facility_tr_10766_1st_12590.csv,7369271b6b3615a5f2e7bb97d2b2d070d25ac9e3a15c1ec6d0f9f6298e19f621,43066,True
M2N2,811_Exathlon_id_2_Facility_tr_10766_1st_12590.csv,cb51067dfd34e9d42ac8810db50934e1c211210dd7cc0397f6ef789c9e540487,43066,True
M2N2,812_Exathlon_id_3_Facility_tr_10766_1st_12590.csv,4452af7d81c67e85665a529db745c449a9cd33968b418bf28258bde26ebd52b7,43066,True
M2N2,814_Exathlon_id_5_Facility_tr_10766_1st_12590.csv,cb51067dfd34e9d42ac8810db50934e1c211210dd7cc0397f6ef789c9e540487,43066,True
M2N2,815_Exathlon_id_6_Facility_tr_10766_1st_12590.csv,4452af7d81c67e85665a529db745c449a9cd33968b418bf28258bde26ebd52b7,43066,True
M2N2,816_Exathlon_id_7_Facility_tr_10766_1st_12590.csv,9fc5cc8ceeb04de478a21bf42332cf4121ac588bd7b09904a2ea1db1b45e5d07,43066,True
M2N2,817_Exathlon_id_8_Facility_tr_10766_1st_12590.csv,2f29d4b42c05907e6bf0865ac266d0b9c5c81c7a2c7f211a1be65e2c95d43d49,43066,True
M2N2,818_Exathlon_id_9_Facility_tr_11665_1st_13484.csv,0501ed27224db92cb18a6d2cf6dbdbd96b44463ec2c2240197aead0aa4583cf4,46660,True
M2N2,819_Exathlon_id_10_Facility_tr_10766_1st_12590.csv,762efdfe38b801cc8571ba2ba15e4ea3d680009d7b22f860990f529c58eb45be,43066,True
M2N2,820_Exathlon_id_11_Facility_tr_11665_1st_13484.csv,33cb433ff00be424a870379e1e486159cf6d938dcd9c93ee1acc8a9c3f148965,46660,True
M2N2,821_Exathlon_id_12_Facility_tr_6985_1st_7085.csv,0c0c5d381714b5656314997a06b4c5b492852aa69f9d4eedaa0f0291473a2354,46649,True
M2N2,822_Exathlon_id_13_Facility_tr_10766_1st_12590.csv,2f29d4b42c05907e6bf0865ac266d0b9c5c81c7a2c7f211a1be65e2c95d43d49,43066,True
M2N2,823_Exathlon_id_14_Facility_tr_10766_1st_12590.csv,60c406e926920f78458dd6c287a4be11c1c9be70396bee877b6dad21c52cb378,43066,True
M2N2,824_Exathlon_id_15_Facility_tr_10766_1st_12590.csv,8ba8f26ae5eb90fed124acb91d7abff8fe86d0ce73b4d613d76d41c228808e4a,43066,True
M2N2,826_Exathlon_id_17_Facility_tr_11665_1st_13484.csv,33cb433ff00be424a870379e1e486159cf6d938dcd9c93ee1acc8a9c3f148965,46660,True
M2N2,827_Exathlon_id_18_Facility_tr_10766_1st_12590.csv,8ba8f26ae5eb90fed124acb91d7abff8fe86d0ce73b4d613d76d41c228808e4a,43066,True
M2N2,828_Exathlon_id_19_Facility_tr_11663_1st_13482.csv,bca8bddaf0ff4a14a0ef2cc864d77a85bde2d480c00fa14dfa3e8c28c09a0edc,46655,True
M2N2,829_Exathlon_id_20_Facility_tr_10766_1st_12590.csv,9fc5cc8ceeb04de478a21bf42332cf4121ac588bd7b09904a2ea1db1b45e5d07,43066,True
M2N2,830_Exathlon_id_21_Facility_tr_10766_1st_12590.csv,39682a13ac46167143dd1f35651a852c428caf8df6955c1d6b4e7a20c4312ccd,43066,True
M2N2,831_Exathlon_id_22_Facility_tr_11665_1st_13484.csv,33cb433ff00be424a870379e1e486159cf6d938dcd9c93ee1acc8a9c3f148965,46660,True
M2N2,832_Exathlon_id_23_Facility_tr_10766_1st_12590.csv,9fc5cc8ceeb04de478a21bf42332cf4121ac588bd7b09904a2ea1db1b45e5d07,43066,True
M2N2,833_Exathlon_id_24_Facility_tr_10766_1st_12590.csv,4452af7d81c67e85665a529db745c449a9cd33968b418bf28258bde26ebd52b7,43066,True
M2N2,834_Exathlon_id_25_Facility_tr_11665_1st_13484.csv,33cb433ff00be424a870379e1e486159cf6d938dcd9c93ee1acc8a9c3f148965,46660,True
M2N2,835_Exathlon_id_26_Facility_tr_10766_1st_12590.csv,2867907ae879b618cd6323c3ace31ffde383b5e2ff1484ed309f35911cf0732e,43066,True
M2N2,836_Exathlon_id_27_Facility_tr_10766_1st_12590.csv,4452af7d81c67e85665a529db745c449a9cd33968b418bf28258bde26ebd52b7,43066,True
M2N2,837_Exathlon_id_28_Facility_tr_8898_1st_8998.csv,b2254867523a0b97e3807c97f6a2d0fed583062e8301a545b0c055b3aac58330,46650,True
M2N2,838_Exathlon_id_29_Facility_tr_10766_1st_12590.csv,2f29d4b42c05907e6bf0865ac266d0b9c5c81c7a2c7f211a1be65e2c95d43d49,43066,True
M2N2,839_Exathlon_id_30_Facility_tr_10766_1st_12590.csv,9fc5cc8ceeb04de478a21bf42332cf4121ac588bd7b09904a2ea1db1b45e5d07,43066,True
M2N2,840_Exathlon_id_31_Facility_tr_10766_1st_12590.csv,8ba8f26ae5eb90fed124acb91d7abff8fe86d0ce73b4d613d76d41c228808e4a,43066,True
M2N2,841_Exathlon_id_32_Facility_tr_11663_1st_13482.csv,e270f3d5dfa5b137ce167a589ec2605386062af3a27e4e8d9aa7cebbf8f3cb58,46655,True
M2N2,842_OPPORTUNITY_id_1_HumanActivity_tr_7295_1st_27516.csv,cf9c7d2e2eb25acccf5d6ec132e4585ab918ec9184cb20de4e248bad1db72c55,29182,True
M2N2,843_OPPORTUNITY_id_2_HumanActivity_tr_808_1st_908.csv,6c62e281019ad1d9bd52ad21e6724aa330b3aaa095f19bc4f7c6b25e845589df,9057,True
M2N2,844_OPPORTUNITY_id_3_HumanActivity_tr_500_1st_566.csv,4c005ba0c032fc3a1f9878e9b772970da35cee2e32b871eeb8a0b1d27618ddb0,15653,True
M2N2,845_OPPORTUNITY_id_4_HumanActivity_tr_7295_1st_27516.csv,0adeb4acba0e9662d0388cb0b1fecb25dc4a9008d2dfef84b6432da9a731e2bc,29182,True
M2N2,846_OPPORTUNITY_id_5_HumanActivity_tr_2085_1st_2185.csv,775bb30535992b59d6b3de667619d8cbf5d6d8143cc4afef894eafb3b78e8660,22194,True
M2N2,847_OPPORTUNITY_id_6_HumanActivity_tr_808_1st_908.csv,b8c56263fd305beef6345d4030a7d9036e17a99439089bdab260718c8176d997,9057,True
M2N2,848_OPPORTUNITY_id_7_HumanActivity_tr_1477_1st_1577.csv,be9113333bc8664d5ccbd871127c055a7ff2787a434625dd0c574af15d58fc04,18011,True
M2N2,849_OPPORTUNITY_id_8_HumanActivity_tr_1100_1st_1200.csv,78dcc001362502a5515d04c32f751739e9f708ea3830766b25c1911097ef240d,24892,True
M2N2,850_OPPORTUNITY_id_9_HumanActivity_tr_895_1st_995.csv,d60deee3f8d664e5605861d7588a4a09d9bbe9c421ba55c45d4fdcec487680f0,14751,True
M2N2,851_OPPORTUNITY_id_10_HumanActivity_tr_6213_1st_7311.csv,7102bb28816135b9a71e2c5a19023e5a4f6327443fbfb2bd17f7fe18a8452d3c,24852,True
M2N2,853_OPPORTUNITY_id_12_HumanActivity_tr_808_1st_908.csv,01b655a71154552e94b0ea6c82dccc5f84af73275f9cc4942ff9f3979413ddee,9057,True
M2N2,854_OPPORTUNITY_id_13_HumanActivity_tr_1477_1st_1577.csv,de26d673c9dc84a7d8e7b38144d6eefa524bf3ce3c2980b17dd6226c889cc570,18011,True
M2N2,855_OPPORTUNITY_id_14_HumanActivity_tr_808_1st_908.csv,f5a9ac4d7fb1ace48ff4206fbd7d19ad037c77cffb0e138744ae1eaedf8811a2,9057,True
M2N2,856_OPPORTUNITY_id_15_HumanActivity_tr_808_1st_908.csv,a9c95c747dc6f40a39c99165273797b5a97cdbe0da30ef9c99f5511f1e38978e,9057,True
M2N2,857_OPPORTUNITY_id_16_HumanActivity_tr_500_1st_566.csv,4355092c6e00dc9a46f2e676bf6006fc00390cb80d3bd0f4050cdb6fa31dda14,15653,True
M2N2,858_OPPORTUNITY_id_17_HumanActivity_tr_808_1st_908.csv,3e7cbc1242c91ea64ff556581763fe6fc17314c306115c366fc7d3439c9832bf,9057,True
M2N2,859_OPPORTUNITY_id_18_HumanActivity_tr_895_1st_995.csv,41fef164dc96ee0ae7cff8b25696e893280e0d23da573758df4a891ffc4d2de0,14751,True
M2N2,860_OPPORTUNITY_id_19_HumanActivity_tr_808_1st_908.csv,ffd8392c9bdbd8409373bd91190ba890d516305cde522397728ced7f490ace09,9057,True
M2N2,861_OPPORTUNITY_id_20_HumanActivity_tr_2085_1st_2185.csv,3d0ffd74f382af5300c8f66794c61ffbb8d3bc0dace531290048761cc9e09c0d,22194,True
M2N2,862_OPPORTUNITY_id_21_HumanActivity_tr_500_1st_566.csv,0a706a3dc2acab576e1f9cbf8a3f577ffe7b65ff76213e5de50d3208602fb5bb,15653,True
M2N2,863_OPPORTUNITY_id_22_HumanActivity_tr_808_1st_908.csv,2dc20dee17c9ed6cd1a1ab11265e113474b25ba4ff3385ce9a756e1278188e8a,9057,True
M2N2,865_OPPORTUNITY_id_24_HumanActivity_tr_2085_1st_2185.csv,a09f59a68312d88cf3d4dd5df0c8ac8b17a6e61fa7fa53f0d00aef7bbc9157bb,22194,True
M2N2,866_OPPORTUNITY_id_25_HumanActivity_tr_6213_1st_7311.csv,d25d102fbedf464c4dccbb19c0810d32386cf598087bdae6cb08ba0ab8ca126f,24852,True
M2N2,867_OPPORTUNITY_id_26_HumanActivity_tr_808_1st_908.csv,45a9192a89420aa42a3b22b5a6458f0c8e67c36209ae69884c8e23ffb7906349,9057,True
M2N2,868_OPPORTUNITY_id_27_HumanActivity_tr_2085_1st_2185.csv,c1b312846f3a4553f74fd02221558f8553e234eb12403e80f4c6359e5e905ef4,22194,True
M2N2,869_OPPORTUNITY_id_28_HumanActivity_tr_500_1st_566.csv,548a24ee27ed5962b0d067fe263d5ee4c1cda56177e1d6ff668c5bfeafdd23bd,15653,True
M2N2,870_OPPORTUNITY_id_29_HumanActivity_tr_1477_1st_1577.csv,32a63c5781c0f6f01385c080ee0b543193f4a62829c68a529eb03b336c535d27,18011,True
TranAD,001_NAB_id_1_Facility_tr_1007_1st_2014.csv,a8def5691d7fccce62b85394ef04108cabc65a5c93c676b75bd67a2f20d37191,4031,True
TranAD,002_NAB_id_2_WebService_tr_1500_1st_4106.csv,60ed5fe127828ce44ef195623b2e7a505d3dbff85919b40d73a2223f14022ccc,6000,True
TranAD,005_NAB_id_5_Traffic_tr_594_1st_1645.csv,60984b2dc669e454697049f78d6bf513eaf5108b1534935a0738e152546fb2d7,2379,True
TranAD,006_NAB_id_6_Traffic_tr_2579_1st_5839.csv,16dc3a2c55e1a92ff7733976125e088a95f369f627b1060faeab5c1d482ba81c,10319,True
TranAD,008_NAB_id_8_Synthetic_tr_1007_1st_2734.csv,9b29d6a41c7459100f2d5438f3e426033185b7c666a86d07d29e3a5fce7e252d,4031,True
TranAD,009_NAB_id_9_Traffic_tr_500_1st_438.csv,c8a85c4983fbd62e8c6df1c7a25609b65c937d5e168aa6f264d1c917940c1318,2161,True
TranAD,010_NAB_id_10_WebService_tr_500_1st_271.csv,86e99c51864531e4a71a767f3a6fa82ce2704d800555c29361d13512613f18f1,1000,True
TranAD,011_NAB_id_11_Facility_tr_1007_1st_1526.csv,67e624a88183357208aa4cf67c1cb6919140da679775a80fdc3986946dc21ebb,4031,True
TranAD,013_NAB_id_13_Traffic_tr_623_1st_2084.csv,fdfb24d5df87c3712928a31845e59761094dd7971b43ccfebf169ce9381dec0a,2494,True
TranAD,014_NAB_id_14_WebService_tr_500_1st_1045.csv,9509fdb89144fc42c7e7b9c20fd7965442b22f2c3bf887abdea3c741ee62f1cc,1537,True
TranAD,015_NAB_id_15_Synthetic_tr_1007_1st_2787.csv,569e715c50a1586334d0f6015996fdddd6771d83104007a96486eaa0c798c574,4031,True
TranAD,016_NAB_id_16_Environment_tr_1816_1st_3540.csv,b9429a6cf4aa3b5fd32fe80b72e8824ffec976c101969ef0115eeb68fafa69cb,7266,True
TranAD,017_NAB_id_17_Synthetic_tr_1007_1st_1805.csv,2029f2bc81d0785439e8a1c86b659bde4a6c6433163473702b68c2178d34a359,4031,True
TranAD,018_NAB_id_18_Facility_tr_500_1st_669.csv,320a5483dc001f5255cc813543434b3819b0456acf2dc4009d7246e32ec588dd,1881,True
TranAD,019_NAB_id_19_Facility_tr_1007_1st_1171.csv,7a79d2083b851694e5f980b848927d36bfd8ae6cb61371581458058aa7a350b1,4031,True
TranAD,020_NAB_id_20_Synthetic_tr_1007_1st_2679.csv,e18fd4a08a58e4572b0c208679c48ba3c690dbf5771273d1cd649f6f1a3e61ce,4031,True
TranAD,022_NAB_id_22_Facility_tr_1007_1st_2980.csv,90e2e0a3f2e4538466bb1dd7263556f53a4a6a4bb2601dbd1fb353800a75a84a,4031,True
TranAD,023_NAB_id_23_Facility_tr_4512_1st_16551.csv,febe2f4e3d7896fc7368559410a10ca61547afd2ee31ed18b8b1f203384796b2,18049,True
TranAD,024_NAB_id_24_Synthetic_tr_1007_1st_2787.csv,c309e866aa1583dfc2af5f1b8477890c60d79e5e49d8e052dab4848cc3d71586,4031,True
TranAD,025_NAB_id_25_WebService_tr_3958_1st_4614.csv,5c5bcf67a7125ee8e79ab1728d2fc8e96c79a1d05f8c2c4da3fbac6e2d9c05ea,15832,True
TranAD,026_NAB_id_26_Traffic_tr_624_1st_2261.csv,1c9321223818a921c2b1a3439556aa461de77aee20470903725ba990fd708e3c,2499,True
TranAD,027_NAB_id_27_Facility_tr_757_1st_2582.csv,c36c460fe489251958e9bad6b04eb6727f071318bbad16d6b22907c49a884539,3031,True
TranAD,028_NAB_id_28_Facility_tr_1007_1st_3447.csv,ed00423aafb34128dad03a7072f57adaf3cbbb787faea6a515c160bd85eef5d4,4031,True
TranAD,032_WSD_id_4_WebService_tr_4559_1st_11822.csv,0be147019b8481e0ab346476928c7f198db328cc029e836ff2900c02264dde12,10686,True
TranAD,039_WSD_id_11_WebService_tr_1746_1st_1846.csv,6a4288071e4d548fcb63fd91a919beb62d81e5577ba34a021fec92f96cdc55b0,18219,True
TranAD,040_WSD_id_12_WebService_tr_4559_1st_9714.csv,d669353ec0c38b73a635bd4eb35e8703f828a0424680761322fca9918bb5a536,18236,True
TranAD,043_WSD_id_15_WebService_tr_4521_1st_6828.csv,c10f45607e6cb237af594aada374695443c86128a4520b6bc43b21f09f48fa63,18085,True
TranAD,049_WSD_id_21_WebService_tr_4297_1st_7097.csv,2874420741a368dca01914498c85a6b694f2d7ace11bc78677388dad4a2d7914,17189,True
TranAD,054_WSD_id_26_WebService_tr_2409_1st_2509.csv,31e84a79d7ff71b3eff959a7e0445cceab78e3dc79a32a7db008c4f75a635bd8,18391,True
TranAD,058_WSD_id_30_WebService_tr_1136_1st_1236.csv,eaa1bea3d3ae977079c5d92a17a8121cbd6f76bd96747fe9e161f57003bb839a,18236,True
TranAD,060_WSD_id_32_WebService_tr_4576_1st_4766.csv,b3756edd0ffe5114c580896b8b5ce1e29fed6899a5fe2607ea862736481fc8ae,18305,True
TranAD,068_WSD_id_40_WebService_tr_4549_1st_13322.csv,47497a8884ac9a58d2c8f427c5ae3e469f0d06a2d1f6876a75059cd336604ea2,18197,True
TranAD,074_WSD_id_46_WebService_tr_990_1st_1090.csv,baca807533d2bf9bd2b64567ab33f2543119e960f8d3227e3d1034d2322eac3c,18236,True
TranAD,089_WSD_id_61_WebService_tr_1010_1st_1110.csv,995ea6b5618cd8224c5749487e33954ff88f0685ecd3e75449801f4e9e583173,17429,True
TranAD,094_WSD_id_66_WebService_tr_3309_1st_3914.csv,da614c20677f1e1726e789740569da9372beb3db0cbfbf251920c569b5378a27,13237,True
TranAD,099_WSD_id_71_WebService_tr_4559_1st_14411.csv,96626e1aa69ce7267d09e2a180e96c7f3eb098138d3b8766cccbb76d13930175,18236,True
TranAD,106_WSD_id_78_WebService_tr_3363_1st_3463.csv,536ef94ca3152fe16230cc03dedfec8c5757020008ce131da8007545b7b78ff0,18236,True
TranAD,113_WSD_id_85_WebService_tr_500_1st_335.csv,983c270bf77c9811bbb330deea1ed5211b31acf060fc5fb9e93028bd99e91258,18242,True
TranAD,117_WSD_id_89_WebService_tr_3251_1st_3351.csv,18ad47a0fee2139373ba19a764fc14143d58d0f9e2da2400ec4938e980858af2,16376,True
TranAD,125_WSD_id_97_WebService_tr_2217_1st_2317.csv,79fe3ca566d0ccd96a67bc5e195f54e6bd5f26ad415df00ba2bfbb3469847686,18250,True
TranAD,130_WSD_id_102_WebService_tr_2362_1st_2462.csv,8abd3a23f1eefed6f12f5e66ee07dc3f8ebd11f9540a11f7a0ece1b8c7647a2a,18236,True
TranAD,137_WSD_id_109_WebService_tr_4559_1st_14404.csv,56b3a7dbb74633c09519eadac4a59c7403b800bc6623e4ea508719dd371eaf71,18236,True
TranAD,139_WSD_id_111_WebService_tr_1701_1st_1801.csv,dd2d1af2b7572b0ba46df67071ac21cbacf1c700109683f0958b2feb0f857855,18381,True
TranAD,140_MSL_id_1_Sensor_tr_530_1st_630.csv,3486734e0128e38123829c0d9184688defb5b0329325092d6a4635c624583db4,2430,True
TranAD,141_MSL_id_2_Sensor_tr_500_1st_550.csv,a938ad5ba4babbe51f2be1580979971a74db5f7c4f23f9b6e76b1477900d1d45,2264,True
TranAD,143_MSL_id_4_Sensor_tr_980_1st_3550.csv,84f80af7f093d8a7c01dbe630988b918ebc2ee34d9a45aa6373378d8082434ce,3922,True
TranAD,144_MSL_id_5_Sensor_tr_1525_1st_4590.csv,8c2b5662a3671a841789701fc2569d1352af493e5502052358473b04e22d28af,6100,True
TranAD,145_MSL_id_6_Sensor_tr_530_1st_630.csv,801a812d91afe182ea942f0c9eb4ad2089cdd92c0c47195610a9ae9e211c21e9,2430,True
TranAD,147_MSL_id_8_Sensor_tr_590_1st_690.csv,bab869bbc945d3e8c37458f0f45e528b9afea3665c5723eb485c9bc8a7fe013a,2430,True
TranAD,148_MSL_id_9_Sensor_tr_883_1st_1238.csv,6905871904e982bcaf593cb9e5fdaf71d4381a0964d96d66119efe56a13fda91,3535,True
TranAD,149_Stock_id_1_Finance_tr_500_1st_7.csv,fe0a2edae287ffff9641e8abc9ef0d25f689009c97e03cab9a01413c05a5345e,20000,True
TranAD,151_Stock_id_3_Finance_tr_500_1st_62.csv,b049ad91c8b0795a3cf0cdc6367633cb355985650d76aabd6d7fbe7eeaab876c,10000,True
TranAD,155_Stock_id_7_Finance_tr_500_1st_18.csv,7327c37b0bd51bb0206a5283881a0c9cb4a66606fd19efb2f213c518c333f834,20000,True
TranAD,156_Stock_id_8_Finance_tr_500_1st_24.csv,36bb7822596eb2481fc3a1b6397978e9737c8758e7f12c04fee9f24f7ac18fc4,10000,True
TranAD,160_Stock_id_12_Finance_tr_500_1st_14.csv,909b5926d85a257270111ca59f299c7ad2caf063047ce595477a778620538e47,20000,True
TranAD,162_Stock_id_14_Finance_tr_500_1st_4.csv,3fa1545b93a3f94df3bdf9d7ef023fd6ccae9d2e2222de95e6e5a83a4a6c176f,10000,True
TranAD,165_Stock_id_17_Finance_tr_500_1st_7.csv,26adeec87e90e403ca6958dd78ac3004c1455ee811da36041b13be4d5a8140a2,20000,True
TranAD,166_Stock_id_18_Finance_tr_500_1st_18.csv,d9e439b78334908a0b5893581dfb86490427930b4f20370ccc70ffea880ec824,20000,True
TranAD,169_Daphnet_id_1_HumanActivity_tr_9693_1st_20732.csv,d4c89a3deea91b353bc5ac0f6693846758f66261a2ab29e2897ff719281d1984,38774,True
TranAD,170_MITDB_id_1_Medical_tr_17675_1st_17775.csv,c12345152070c91e1d898570eb9adfb04089b9e5628cef2b2d7a5b40c9eb0b3d,500000,True
TranAD,171_MITDB_id_2_Medical_tr_50000_1st_88864.csv,0b888172e77bc104400f253e184ebd2576f1544f925a6cd4a73e805b230ac027,650000,True
TranAD,172_MITDB_id_3_Medical_tr_27274_1st_27374.csv,e95479dd64319deccf09f8a2326e9c880cf5f3fd919d9396fed8e4198de25864,650000,True
TranAD,173_MITDB_id_4_Medical_tr_13620_1st_13720.csv,86af3c7d02253351e3d8e641cbda3a16054d0d9516bd1f8ff835d7e5a0ebb252,650000,True
TranAD,175_MITDB_id_6_Medical_tr_27274_1st_27374.csv,64d4072ab688ac38e3a760c5c05b542138d2e5e7e06c52a385de932a5917caca,650000,True
TranAD,176_MITDB_id_7_Medical_tr_6232_1st_6332.csv,b99f14a6279020e1c1f53718c7b72db0da1f218778c6d7cca16446e163266712,650000,True
TranAD,177_MITDB_id_8_Medical_tr_17675_1st_17775.csv,df87aef8df70ba0d7c4113104d56f20166fa76185be88101941727e90de7f28c,650000,True
TranAD,178_SMD_id_1_Facility_tr_6000_1st_10609.csv,faa5394de7205ca841ce4cd4104f4034b91d4c5eea41e3aa253f8799193d583e,24000,True
TranAD,179_SMD_id_2_Facility_tr_5925_1st_17580.csv,6c7b17a3b1789c38d659bf3a00715dd64f12f00ee36ddffe950b0b5df42968ff,23703,True
TranAD,180_SMD_id_3_Facility_tr_5925_1st_17580.csv,ee2cbfa419a00ba026cafe56b63413d19a05f3368d0f8ddc9ebc3d5cc2c27f1a,23703,True
TranAD,181_SMD_id_4_Facility_tr_5000_1st_15144.csv,d7154bd7c4af477cb8b2ffa6bca8144ab187804ccff9bde8f811acd6089c9a5e,20000,True
TranAD,183_SMD_id_6_Facility_tr_5925_1st_17580.csv,c67986560e6437ed5b61a9452101e66d3c4f5f976c8c37689076e5427ae72b00,23703,True
TranAD,184_SMD_id_7_Facility_tr_7119_1st_15849.csv,c0d620834c427d5319fea66ae61360ff0a4ab475aaf88006a09850c738e1d07f,28479,True
TranAD,185_SMD_id_8_Facility_tr_5000_1st_15144.csv,7c19c08f21d83eec135ff680ded81317be09251d221ac4fc9f6fe9b438f3b6fe,20000,True
TranAD,187_SMD_id_10_Facility_tr_5000_1st_15849.csv,171f6c52a33da83288dd4d49163bf34735a9d62472047c93cc314e61126ab4c3,20000,True
TranAD,188_SMD_id_11_Facility_tr_500_1st_392.csv,6d1c061ea2b0b84b4d9704ef86103d7977f92992e5059437ace2b078688ab9bc,23703,True
TranAD,189_SMD_id_12_Facility_tr_5925_1st_17580.csv,45cf3eb179a5d8e053b16d8fa40c1b22722c8ce621cc882bf9647cc76f30012e,23703,True
TranAD,190_SMD_id_13_Facility_tr_7119_1st_15849.csv,79f06182b24229d5d73713ff24e201fa27606d9bf419d496ad3488c1cbf4d757,28479,True
TranAD,191_SMD_id_14_Facility_tr_4596_1st_4696.csv,814c4f6c2e12f4dfda51a5948fb25fb91f4e911c5800338931ef1789aa349da6,22700,True
TranAD,192_SMD_id_15_Facility_tr_5925_1st_17580.csv,b0a38d4431b44d4deb55e35f855e922101050a0ebf2df25f2c0810d2b7dfd035,23703,True
TranAD,194_SMD_id_17_Facility_tr_5925_1st_17580.csv,40eab7bfdadb35a86a9f656c319679fcd4133fa1793494fa10c9334285de7c82,23703,True
TranAD,195_SMD_id_18_Facility_tr_5925_1st_17580.csv,a27623c34bc188b914fd8fb002d46addda908cc8f8df3c71662506eeecd53d42,23703,True
TranAD,196_SMD_id_19_Facility_tr_7174_1st_21230.csv,59f19c99f138f5580414c705e7ad6d51cd592fa98e5b58f21bf519efb0be1814,28696,True
TranAD,197_SMD_id_20_Facility_tr_5000_1st_15144.csv,17b1013bbc60cf03e611dfa60dd01002250bd746b6ed0c2dc1cf7470a7fd5e18,20000,True
TranAD,198_SMD_id_21_Facility_tr_5925_1st_17580.csv,53a207d936ff48e14bc31f9369f9e3d08c97ac85b3462c28047650931e1f5d43,23703,True
TranAD,199_SMD_id_22_Facility_tr_5925_1st_17580.csv,f17dfbf0ff5fa1ea45dbb434cff8c8c205fa9b0d4e1c6effefc2e191786b92e7,23703,True
TranAD,201_SMD_id_24_Facility_tr_7174_1st_21230.csv,6ef56756f0b653814c1be7905ce77f9aad3ffa57c30d9c6fcfefe212d24c11d3,28696,True
TranAD,202_SMD_id_25_Facility_tr_6250_1st_21230.csv,3d142bb70fb53d7f8c106c43908fe020115a1f7cdcbb306a42ef9613c8ccb4f6,25000,True
TranAD,203_SMD_id_26_Facility_tr_7174_1st_21230.csv,696d284702b6eb4fa9aadfc521f0fa17ac269d4757ceb21de9f20a0593c611ab,28696,True
TranAD,204_SMD_id_27_Facility_tr_5000_1st_15144.csv,7d80963b7202a6c26d412b0c11880fd6fa253e8c6a84f3746aac15d49e6f7bee,20000,True
TranAD,205_SMD_id_28_Facility_tr_5925_1st_17580.csv,41348538120a1eba6f43ad4b7c21c4bab05aa68b595a740973375ec9bd62894f,23703,True
TranAD,206_SMD_id_29_Facility_tr_6250_1st_21230.csv,36c3a757d600ef20777b15e502d45872bf100167e1598e4472b98673bffce0c0,25000,True
TranAD,207_SMD_id_30_Facility_tr_7174_1st_21230.csv,e2b6ada46f4b36c20853784ec89d8578e4906f518cd365b56a6eccc27aef1755,28696,True
TranAD,208_SMD_id_31_Facility_tr_5000_1st_15144.csv,f73d039df2bb19af0fa31499309992bcb50df8a663ea07959dba2a817ae8ad41,20000,True
TranAD,209_SMD_id_32_Facility_tr_5925_1st_17580.csv,80c9de63e065f1da3ccc58f6690db616f16a603d8416363040fd043fe0c2273a,23703,True
TranAD,211_SMD_id_34_Facility_tr_5925_1st_17580.csv,e350460d1ca69b78f02d71ba7eae502cdb9c67c785c827362d705f6b17aa4783,23703,True
TranAD,212_SMD_id_35_Facility_tr_5925_1st_17580.csv,4fd7906158d158b32b330dda06687077a0b04c41807edd380e6ea160a683d7ef,23703,True
TranAD,213_SMD_id_36_Facility_tr_5925_1st_17580.csv,3c2c750efe85d2749bc5b7877ccff4fef014726f9cead65e164a8cc28d647124,23703,True
TranAD,214_SMD_id_37_Facility_tr_5925_1st_17580.csv,78395374e00079525176df650ee4814024bcb8f831674bf495d25bfa7d0e3b80,23703,True
TranAD,215_SMD_id_38_Facility_tr_5925_1st_17580.csv,81d6a7699dcc64b2b6ada2bb6d2a5c2c09b9d84dfb39118fe2a01eed2252960a,23703,True
TranAD,216_LTDB_id_1_Medical_tr_500_1st_266.csv,8d89b0e398239ca8704dffd71560c5e1cf6a15ff155b59e241b9b114eaee622b,100000,True
TranAD,218_LTDB_id_3_Medical_tr_500_1st_266.csv,c48d653d67b94fbf5ba2d53b32127cb9f62247fb546dbc8869da6d32a191b8cf,100000,True
TranAD,219_LTDB_id_4_Medical_tr_3618_1st_3718.csv,9a8294058702a5f2e21be924f056af250471ca0c23cc397b890de457ec503d0f,100000,True
TranAD,220_LTDB_id_5_Medical_tr_500_1st_26.csv,5bd2e9412e3c5e95061a19da9f769f4a4b21ec17d9dd9d5772bfca8aa9e887b5,100000,True
TranAD,221_LTDB_id_6_Medical_tr_500_1st_26.csv,dc742ce2349e1a4ccea5acbe297411770f5161b5bd92673af5372188fdc38a85,100000,True
TranAD,222_LTDB_id_7_Medical_tr_3618_1st_3718.csv,59075ca5f1ab6558148112c4bf15d3b38fa1bcdfc2b8709e5e8f10b76e3d3cc2,100000,True
TranAD,223_LTDB_id_8_Medical_tr_4456_1st_4556.csv,b42a2a50746f1960559971b430603fc09f7e36e7a267918bdacbf6627e7b3298,100000,True
TranAD,224_LTDB_id_9_Medical_tr_4456_1st_4556.csv,ffb29603580887779bf9c00874d4b974bec7f76ce959cb808875b158c5507a99,100000,True
TranAD,225_MGAB_id_1_Synthetic_tr_25000_1st_38478.csv,59034529da1f5b0e212b9f2ab06dece32d0f4dff32d497e4df08a0d4498fe6b9,100000,True
TranAD,226_MGAB_id_2_Synthetic_tr_20000_1st_45134.csv,87e2f552c4f370fabe1cc4302ba5adab67c9a55ce6b0cc2655730fead53225c4,80000,True
TranAD,227_MGAB_id_3_Synthetic_tr_25000_1st_44340.csv,81da5a8d4690086c3f2ab703794aa0d7a9f1e5edefb066993a015f750f4b31df,100000,True
TranAD,228_MGAB_id_4_Synthetic_tr_25000_1st_38948.csv,c46996803d7d1538452195b2d2a476b69acf0e298034e7410285793e5d465d51,100000,True
TranAD,229_MGAB_id_5_Synthetic_tr_25000_1st_33098.csv,ec44fe54a4df9f879f639f3c1243152682dd01788fe1d6f46f85a066a1e0c097,100000,True
TranAD,231_MGAB_id_7_Synthetic_tr_25000_1st_35544.csv,bf6765d5811b9d6274b883e092d6e2960a47d17c6aa51d5a5b77c6ce063ffa4f,100000,True
TranAD,232_MGAB_id_8_Synthetic_tr_25000_1st_32708.csv,db7179e8b3a7976ef6bc3aba1aff72abafc3f634b68e0d3d15822c66274f9371,100000,True
TranAD,233_MGAB_id_9_Synthetic_tr_25000_1st_41300.csv,dbb364fe8585babda88e1a8086bb2d3e0c5f0a66fac5d744f6a3aaf99d8f43bf,100000,True
TranAD,234_SED_id_1_Medical_tr_3740_1st_3840.csv,6497fc7af86bfe75e3563cddd4f232aec2192158c0bbb2782f99684789a3a52f,19999,True
TranAD,236_SED_id_3_Medical_tr_3740_1st_3840.csv,d41ba2dccd90e42e097aa3476ff0472236b4f95c952c040f053197f48c07f051,39999,True
TranAD,237_SVDB_id_1_Medical_tr_11587_1st_11687.csv,32f7c41efe20aee933a36a5bc26feac0b4d34c10d9bd0230b26ad95c9009f43b,130400,True
TranAD,238_SVDB_id_2_Medical_tr_25000_1st_71963.csv,ae4ee778f2160809a1d400499469f830b0afba00e9e9895d3757082c69c2a212,100000,True
TranAD,239_SVDB_id_3_Medical_tr_50000_1st_106634.csv,ba46645c599cc623def2473ca65c1741e82b85eff48f6e7645f644a541238042,230400,True
TranAD,240_SVDB_id_4_Medical_tr_18462_1st_18562.csv,a90b47ab04855503408ff0095ed2d00c0eaa5c3e4411e3ab8d127205c238d7ae,130400,True
TranAD,241_SVDB_id_5_Medical_tr_11587_1st_11687.csv,36cbe849e0b8daca3c7c0312d3f8ca67dc6e7ffc1ea25bad46ef55e0e5f2fecf,130400,True
TranAD,243_SVDB_id_7_Medical_tr_11393_1st_11493.csv,d60c722f71d2048449f05ff29d1f3aa608feca22b817bb97601eb29e4d5fd70d,180400,True
TranAD,244_SVDB_id_8_Medical_tr_17803_1st_17903.csv,5e4da174257e402c81fc5f9ac764c08de4c4f40d69eefe12e4cc1924df055124,130400,True
TranAD,245_SVDB_id_9_Medical_tr_12607_1st_12707.csv,1c2194923271bc2e52c9e4bd6ba350efc973636bb1c5d0c2d86b6ec372360fb8,180400,True
TranAD,246_SVDB_id_10_Medical_tr_20100_1st_68460.csv,255fb153718488f44df48b93300fc738d6c79d6cbafc1f517ab2f0f962e86120,80400,True
TranAD,247_SVDB_id_11_Medical_tr_20100_1st_23611.csv,84a524d4c2ee897a3258461f7ed5edc220f36bde436a93a39fb4b3bf2179f2e1,80400,True
TranAD,248_SVDB_id_12_Medical_tr_18462_1st_18562.csv,412e4c36a50addc44c695d1cbd6ec52c63d160ed46f238ae9276a5d349f807b4,130400,True
TranAD,249_SVDB_id_13_Medical_tr_50000_1st_54982.csv,4eb4859c9d1abbca5ca19437fd93674e7789f861f381d6eff8e11df7a22ac21e,230400,True
TranAD,250_SVDB_id_14_Medical_tr_50000_1st_107354.csv,173661a770f81537dc3552cb6fff4eb54817b162d20a8b974ace12e0c83b6e8a,230400,True
TranAD,251_SVDB_id_15_Medical_tr_5421_1st_5521.csv,9d8c4026c78b098929341dd92f03cd0ccf1ab1c2997c13a32ac66acc3eb277eb,230400,True
TranAD,253_SVDB_id_17_Medical_tr_17803_1st_17903.csv,18287d6083905689c5dec5ef19dd25b278a37aed331bc1fd511d4b09e66fea36,130400,True
TranAD,254_SVDB_id_18_Medical_tr_30824_1st_30924.csv,3aa28dbb1f6d36161ecdd28df8a7ff4109b40bb7836abc3cafb75d8e2ae383fa,230400,True
TranAD,255_SVDB_id_19_Medical_tr_50000_1st_54982.csv,a77951d3509367d8aa51a9359a0e4e5a85e7a390c0a124fe1901d3f8d4516775,230400,True
TranAD,256_SVDB_id_20_Medical_tr_6264_1st_6364.csv,f545867f1a2299f3548942d5621c204c8ddd708f42503239a005e9b008f1bc18,230400,True
TranAD,257_TAO_id_1_Environment_tr_500_1st_3.csv,f5e651f0e254a4bb697268dec803910d7ec571311b6ebd0aa35abde23cadfc73,10000,True
TranAD,258_TAO_id_2_Environment_tr_500_1st_4.csv,059d5acc2eeadef7884d1c281ad5c269b3f93c456b3f75a33968c3bf97fbf27f,10000,True
TranAD,260_IOPS_id_1_WebService_tr_5000_1st_11804.csv,bb679b7e3fd32d1ddfa6c87b1cf5cccd1b98e9be17257120c9e3e82af9a4d518,20000,True
TranAD,261_IOPS_id_2_WebService_tr_2178_1st_2278.csv,395841d5e05e42cca7d1e0765abef3ecda39213160cc0afde511d6e940a8c977,8784,True
TranAD,262_IOPS_id_3_WebService_tr_7028_1st_7128.csv,dd1ed46190f666dec9d93f0e8e2f25b953aeb1ccd304e29d8e2087ae2eb6ee97,125135,True
TranAD,263_IOPS_id_4_WebService_tr_3482_1st_3582.csv,545841e0e893cde5f3be6e8e9ed4a67799cfd55c0aff25186b2bf3950b26eba0,149123,True
TranAD,264_IOPS_id_5_WebService_tr_11665_1st_11765.csv,ae8eb63fbbd8b31ca8d44e82ce7df2b90427268198dfbde02f4b69f26b41654c,60000,True
TranAD,266_IOPS_id_7_WebService_tr_4010_1st_4110.csv,4e7a7c7dcab098173736f01c1d6bb12f524b5192163b51cec21dffd363128960,89155,True
TranAD,267_IOPS_id_8_WebService_tr_1534_1st_1882.csv,d00ccd2a43892766f192b30bd4a877737a837dcdde582c94f7245fa40ab6db3a,6138,True
TranAD,268_IOPS_id_9_WebService_tr_6216_1st_6316.csv,ae79a35ec82de8f8752df141ff11aaede3845411792f701d1b3b0f4ac5619656,29133,True
TranAD,269_IOPS_id_10_WebService_tr_1216_1st_1728.csv,5b9c881c1d10a0e1156f6d4721023e8814e80b163710ccf32c6e17dfbacb2383,4866,True
TranAD,271_IOPS_id_12_WebService_tr_500_1st_341.csv,4b7f3fefba0a1f23a7b51d5d50d3703f44d3dec8754eecf1166b3ce594d5a758,8784,True
TranAD,272_IOPS_id_13_WebService_tr_3442_1st_3542.csv,fbf303aa61060fd0c5b8913cc970a37d51bcfc44531ebd12fefa8206078f7c06,149156,True
TranAD,273_IOPS_id_14_WebService_tr_5569_1st_5669.csv,8f8b7a5adaf88ed32332976d8296211a10d1ca6eb6dc60d32f7002eb46e97a22,149122,True
TranAD,274_IOPS_id_15_WebService_tr_4591_1st_4691.csv,b9be6c21c0ca89fd938aea45963c8a2916c4c4c09a4a753232f0048231be01d3,149132,True
TranAD,275_IOPS_id_16_WebService_tr_1482_1st_1582.csv,a0b2d44d47869dd33268b401d03992e2e61f77a776cb1ba1ef89ce497b79214c,8784,True
TranAD,276_IOPS_id_17_WebService_tr_19197_1st_19297.csv,712f5a818e6551f6ebd1cb9f458528119b9bcfd1d2790a3eb6e56d8fed4d52a6,91370,True
TranAD,277_NEK_id_1_WebService_tr_500_1st_17.csv,54968fae6f017e23330b149152af1fb70b134e6a8d398a1e0a51b273b15cbe4d,1073,True
TranAD,278_NEK_id_2_WebService_tr_500_1st_64.csv,d6c147447d181f3f200bea950e6f3621dd05b3756c96e22448d0ebc2f1ea9b19,1073,True
TranAD,279_NEK_id_3_WebService_tr_500_1st_974.csv,7888fe7880c8690491fd1182525c874f1b0060ea841bec8e913641e0d7a133b5,1073,True
TranAD,281_NEK_id_5_WebService_tr_500_1st_974.csv,ee63ae6b6967cdd02a6eaf4a4a5048e1ca136a36ea0cf9afb646db9dd448c23f,1073,True
TranAD,282_NEK_id_6_WebService_tr_500_1st_64.csv,44880430f59dd02ac412766cb36970ddf4555f0afcffa803c1c26eece463c1da,1073,True
TranAD,283_NEK_id_7_WebService_tr_500_1st_777.csv,ae2962f68cafbdfd34ed34db2554875e97536f6213b3e1a7e4d762b01d00d27d,1073,True
TranAD,284_NEK_id_8_WebService_tr_500_1st_976.csv,7084c83aa1e07df9ace560f31389cbd2f15549430521718b31e6a8d76e18854a,1073,True
TranAD,285_NEK_id_9_WebService_tr_500_1st_780.csv,ae2962f68cafbdfd34ed34db2554875e97536f6213b3e1a7e4d762b01d00d27d,1073,True
TranAD,286_CATSv2_id_1_Sensor_tr_17792_1st_17892.csv,03ec3fb87faca7eedc0c0c30bd8156cd7365538638db0e38c2e494c90a0b4732,300000,True
TranAD,287_TODS_id_1_Synthetic_tr_500_1st_11.csv,eac52f3515c65c87b499473a7255589488a8092b0c809cea7a3921c307f03035,5000,True
TranAD,288_TODS_id_2_Synthetic_tr_500_1st_65.csv,9b84d0bab0547672d73e0bd76371b82dae0de3d71be09934642017f6ac80ecab,5000,True
TranAD,289_TODS_id_3_Synthetic_tr_500_1st_26.csv,6b320692d2fcd97c46a9e476a3a44e57be1232787c8521024d0affc1bcfb8bb1,5000,True
TranAD,290_TODS_id_4_Synthetic_tr_500_1st_26.csv,45e9fb0e8a28991c493963e6ebebf0a0d220dae9d81e7b9072cbb20bace954dd,5000,True
TranAD,292_TODS_id_6_Synthetic_tr_500_1st_11.csv,7018def2166600979ae3f876ca5d10f4290a573fb965d440dd5aa72e50992aa3,5000,True
TranAD,293_TODS_id_7_Synthetic_tr_500_1st_7.csv,90b85910790bb122dfae0328ecf29e15e13f0d04a8ace66e3d2b4b381ef0534a,5000,True
TranAD,294_TODS_id_8_Synthetic_tr_500_1st_200.csv,2cebcebe4f9bc150c709350cbc04665a85be4b8460257498793e7ae8de0f513e,5000,True
TranAD,295_TODS_id_9_Synthetic_tr_1250_1st_2046.csv,09c97270530aa3a76e4b71055a6c447e32a5f3f95e9ef9abc5f9506211beefb0,5000,True
TranAD,296_TODS_id_10_Synthetic_tr_500_1st_26.csv,6e10ec1af4190c20ef8b37f9b98314a2f47e2f3701c21b58c88a4cae74b69f00,5000,True
TranAD,297_TODS_id_11_Synthetic_tr_500_1st_7.csv,9788c09729eaa17d55754f936e28d85594c2a91130e1e964361ad9cb88fd9474,5000,True
TranAD,298_TODS_id_12_Synthetic_tr_500_1st_0.csv,a73ba793067a4e493b111b52c44511e4f5a99297134f178c95036250efb2e75e,5000,True
TranAD,299_TODS_id_13_Synthetic_tr_500_1st_65.csv,df67a2c129566d868212fc3519557d15f8a62ae62fd6df988495cd6d1d076aef,5000,True
TranAD,301_TODS_id_15_Synthetic_tr_500_1st_245.csv,0c35df65029d6f45aef04764a47f2b55a96c08abe2a08dbc93d67587a3732aa5,5000,True
TranAD,302_Power_id_1_Facility_tr_7685_1st_7785.csv,a037365acd32f33b3e1e7e5f7864eb104347cb03f7a50eea243e37b323818509,35040,True
TranAD,304_UCR_id_2_Medical_tr_2499_1st_7000.csv,bd5f708d07bfb5593582b9c48c2d392292dc3a91208acca4a39ef03606afc686,9998,True
TranAD,307_UCR_id_5_Facility_tr_29895_1st_39240.csv,44a7020c718bcf42f41b4c2e0beed5c1afb63fab84723393e5555e55cdbeba5b,119580,True
TranAD,309_UCR_id_7_Medical_tr_3000_1st_5948.csv,f4e531626ad6b00ad8b6da4a08c97016c14edb28ab43c4eb6aa8139bffcdde7e,12000,True
TranAD,310_UCR_id_8_HumanActivity_tr_2631_1st_8285.csv,59e9ac5149252ab24ee8b4f7f248a1ce2277d5a6c1eeab822eb47261105f7fa9,10524,True
TranAD,311_UCR_id_9_HumanActivity_tr_16000_1st_38400.csv,d8e7e611a89af09d7daf8d40e83347460fdc7f723ee47c1d47143fd5950567e8,64000,True
TranAD,313_UCR_id_11_Sensor_tr_2827_1st_4711.csv,efdf216dbaa776242e0da22005b507587bb0d7e8175d04b5b8a5b37b4bfb3a3e,11308,True
TranAD,315_UCR_id_13_HumanActivity_tr_16000_1st_33070.csv,154a87ff6c1ae59cb842a696600813e3828a7e516b3b1780e2aeb3340315af8a,64000,True
TranAD,316_UCR_id_14_Sensor_tr_2833_1st_5988.csv,476d5c7456bb66419023e067300cb33967530c52f6f4e5566ba90b3ae2b1bd49,11334,True
TranAD,319_UCR_id_17_Environment_tr_6166_1st_19280.csv,591a0461607bd3f35704a1a83262c9710cc2db8282756c40278032bd55681884,24667,True
TranAD,326_UCR_id_24_Medical_tr_1875_1st_4187.csv,9b0e126847e0150102113537d22fe568968f223a6e289a049bcbceb8785364d5,7501,True
TranAD,331_UCR_id_29_Facility_tr_50000_1st_837400.csv,37385d070323a8132118bbe93bd94cde2b7cb47d98d41949ab02caab232574bb,900000,True
TranAD,332_UCR_id_30_Facility_tr_13750_1st_52600.csv,34efe79d978af6faa9a7bf2e41d770865f86c78b431a91cdddf5501fca7aedaf,55000,True
TranAD,334_UCR_id_32_HumanActivity_tr_1671_1st_2764.csv,da82613103d00a7af493ace2210cd8534e22abdde2c793b4519a3819a731b5b4,6684,True
TranAD,339_UCR_id_37_Sensor_tr_2750_1st_5400.csv,9f3c2e1c316c08766ce8e7c17931c088ca1a3879e82eddf4e4f15897dcb49839,11000,True
TranAD,341_UCR_id_39_HumanActivity_tr_48812_1st_128430.csv,3388494b4c5fa244d5503019ce70623ffc222859bd848472b7e7d4b4f917558f,195250,True
TranAD,344_UCR_id_42_Sensor_tr_2851_1st_5365.csv,52346330e44e97c1062f327648167973ca87d9fc66d2792eab8c8a5c8fc40655,11406,True
TranAD,346_UCR_id_44_Medical_tr_7456_1st_17390.csv,07af05977e50ad0afd1bb631f4e518bab20ff2590ebcfdf541cdde2646fc40f0,29826,True
TranAD,349_UCR_id_47_Facility_tr_29954_1st_74900.csv,359f2d7f3cdfca90cb5ef09ff0a6d09656a25c4d9391dda67870b15728cda17b,119819,True
TranAD,355_UCR_id_53_HumanActivity_tr_48750_1st_143411.csv,511c25fea08d996a279cab71b2dab07885c980a7853a487847028b4273920cbb,195000,True
TranAD,358_UCR_id_56_Facility_tr_10500_1st_29080.csv,2710e3bf6245710543cc2fea7f9542e454c1cd28b8cef44ccb5521a8baab4ae3,42000,True
TranAD,361_UCR_id_59_Medical_tr_3000_1st_7175.csv,ca2b9587f2fd430f1e7a934dd9db8b760ab6237e4790d276b1cb7fe1f1c22bfb,12000,True
TranAD,364_UCR_id_62_Sensor_tr_2833_1st_5988.csv,51f230366a4397610dde58123b9fda9db83d50fe5025c3e51267e3228435394f,11334,True
TranAD,369_UCR_id_67_Sensor_tr_2750_1st_5400.csv,a57e91d037cb26190f7d4f3951890fac753aa18d08443bc3f0e2b398a0c05cf3,11000,True
TranAD,371_UCR_id_69_Medical_tr_1853_1st_6200.csv,ee88e92d1ef9359b71b87c932ba1e280adf4f58bbb4398bafc79dee94171524f,7415,True
TranAD,373_UCR_id_71_Sensor_tr_2827_1st_5988.csv,d0fce6ec08d1f47d73545c4ec1bfc4ade8e6e004388be14a3a394eb7f428e5aa,11308,True
TranAD,381_UCR_id_79_HumanActivity_tr_16000_1st_31200.csv,83fef9ffb16a5331e1f2eaa0a76335b2c97b4a4d0f53557496409dcf3b9b37da,64000,True
TranAD,382_UCR_id_80_Medical_tr_7500_1st_11800.csv,e0c004746d76bfd14d357d60d3d0609eb686db3afe8c821361a76af6caa19405,30000,True
TranAD,385_UCR_id_83_Environment_tr_2046_1st_6006.csv,73c314e3bedb4b8a5f0718df2e7a7003da9352e8455a0bb671710c5891a7db23,8184,True
TranAD,387_UCR_id_85_Environment_tr_2046_1st_5549.csv,ceaadc17b789ba77774fd383e1be79b3de5c15e849bb16b364365504739f6ffb,8184,True
TranAD,391_UCR_id_89_Medical_tr_1875_1st_5759.csv,3eb8a834cf67200d1ea1a8fd569c0c414660f7bcf5b10d9d51936b276ac50520,7500,True
TranAD,393_UCR_id_91_Environment_tr_2046_1st_4852.csv,dddac6c9ffa776b7342e3bbee9ebaf21e0c48663713b92eeb968410d590ba238,8184,True
TranAD,396_UCR_id_94_Medical_tr_1875_1st_5607.csv,a4bebafc8fa658ed2e429439faf1359b1ba86aa376c02b147b6159a9a14b2909,7501,True
TranAD,400_UCR_id_98_Environment_tr_2046_1st_5391.csv,e781a92131f8ec6a1b5c74a281c583a02acb42bb24160410a11385d94b4f87bb,8184,True
TranAD,401_UCR_id_99_HumanActivity_tr_1671_1st_5920.csv,fa8c62289e8cc1720cd4a9f00c7818a3c19f5cbff5898ac68c39ecc9d7b10d86,6684,True
TranAD,405_UCR_id_103_Sensor_tr_2827_1st_5988.csv,08b33cd57714b65a888f361ea90f398001fe7b59e148df6fbe4524e3100c54e4,11308,True
TranAD,406_UCR_id_104_Facility_tr_20000_1st_67950.csv,70503c92468ec5565ae27fdae9c66a25a7ede8324273ba621ab990ddcde11124,80000,True
TranAD,411_UCR_id_109_Environment_tr_2046_1st_4852.csv,d7e8fed2271dd8845f0e2486922c013f77889e36d6f627e2b6ce02380accf73d,8184,True
TranAD,415_UCR_id_113_Medical_tr_3000_1st_8612.csv,f9173a41eec714c0591cfc9168945f932f743112348cf5a6362d6e883ceea623,12000,True
TranAD,417_UCR_id_115_Sensor_tr_2750_1st_5400.csv,7ad5b5bb34b591ca44a29b9a8bb1609e41a80e4a71b0ea8b4100c72986d4e6e5,11000,True
TranAD,419_UCR_id_117_Facility_tr_3000_1st_6168.csv,9a08eb11ec627575a5489f61ec2908d8d375947a5e8aa294ff5ec2f03f65ffd9,12000,True
TranAD,420_UCR_id_118_Facility_tr_13750_1st_52600.csv,daf672eba65184d23adc297bc06d8af9e2965a08c2951465102922ada9c420c9,55000,True
TranAD,421_UCR_id_119_HumanActivity_tr_48750_1st_130700.csv,b91a196448752dac0729dbb3e455fc4429920154cfbc0878e5424e92279862fa,195000,True
TranAD,426_UCR_id_124_Sensor_tr_2827_1st_4711.csv,649cbede56d1b013c16c6d85726dcf969f2a83e92dda19a378a1584fb35fd7a8,11308,True
TranAD,430_UCR_id_128_HumanActivity_tr_12500_1st_46500.csv,7eac1ca016daa090cb97a6781b18e2e0dad26c8a123b5287b318fa791b66c864,50000,True
TranAD,432_UCR_id_130_Facility_tr_23000_1st_26970.csv,77b5620155c4e3eecc4b7c5fbe5dc4a6aae39635720b13cf5bf3396400705b44,92000,True
TranAD,436_UCR_id_134_Medical_tr_1875_1st_4526.csv,cb393c55f123d8951145d4ca878c884920f4edddbfb5ddc8aec5cad1a950f773,7501,True
TranAD,437_UCR_id_135_Medical_tr_2499_1st_8000.csv,22a57f8c25f69966347c364002c9a1166438a4054985520819cc2410945bc863,9998,True
TranAD,439_UCR_id_137_HumanActivity_tr_48750_1st_110800.csv,8ebf69e64e303039eeffdf7ab752ab5e0982b9a46a256821396d6d1a0700a45e,195000,True
TranAD,445_UCR_id_143_Environment_tr_6166_1st_19280.csv,0aad9a34294160a11eca043e37465ca16562632be6bbb54a9ae09d7c31f20dab,24667,True
TranAD,449_UCR_id_147_Sensor_tr_2847_1st_9330.csv,25da2ed40944696fbd269404be6633cb7df97e22ffbddb323b977e0257e506d3,11388,True
TranAD,452_UCR_id_150_Facility_tr_10000_1st_35774.csv,e842a1eeb48acb56fd25d23d0193888dd4bc65d4e681fc4efab69e7b232f5e65,40000,True
TranAD,459_UCR_id_157_HumanActivity_tr_50000_1st_110260.csv,0eae26819740a9b5302d7a5fcad304f29fde0fa5a1b86f6a6171bd5f0c6c88ae,200000,True
TranAD,463_UCR_id_161_Environment_tr_2046_1st_6006.csv,09260da1d59b948f2ad28c8d573870a00c0362339bec1a2356e1a6f22865d13a,8184,True
TranAD,467_UCR_id_165_Environment_tr_6166_1st_19280.csv,78c740b3b9dba477f34c28848a91a62fab82b9a7221f3b515773b2e66551b583,24667,True
TranAD,471_UCR_id_169_Facility_tr_10000_1st_35774.csv,54b7b72be995378b7a771ab55ae2646893d71e69ba2d85d90a8f2ad579e6f334,40000,True
TranAD,473_UCR_id_171_HumanActivity_tr_2617_1st_7290.csv,055c29c7047616daacadf84318b9c1dbb6650509955f94c001122aeaf576eb54,10468,True
TranAD,474_UCR_id_172_Environment_tr_2046_1st_6520.csv,0baae528dcea4393302b52aca571ee9031b0bd2c205fd7e5958e18b262e59e2f,8184,True
TranAD,493_UCR_id_191_Sensor_tr_2847_1st_9330.csv,8091180763fd683fc943e7d90b258d5effcd609bac69c0eb154bbe47ecdd6ccf,11388,True
TranAD,494_UCR_id_192_Facility_tr_22500_1st_72150.csv,d4e108aba1f6d22d3ef892ece0a5a48d8edd5ce66aa288b1bae34a50376a6429,90000,True
TranAD,495_UCR_id_193_Environment_tr_2046_1st_6520.csv,e7a31f32bacb3331bd1e5e5c976ded00c6d17cf43c17a07340740317753bfb2e,8184,True
TranAD,496_UCR_id_194_Environment_tr_2046_1st_5391.csv,86b8904075cfeb6393991eb66748117cba7009021c75f512e1e6d93ab9f74c21,8184,True
TranAD,499_UCR_id_197_Environment_tr_2046_1st_5703.csv,6144a8dbf4683b5fa237c143f7a919fa9d05a2a6e34ecfb92fa2302621ec1cf8,8184,True
TranAD,500_UCR_id_198_Facility_tr_7482_1st_23357.csv,ce6ba3478951a724f7cac6ba74f9c9c8645f9f01a9eae1605c35e132d7122388,29931,True
TranAD,504_UCR_id_202_Environment_tr_2046_1st_5549.csv,90c9dc51584f68d040a695b6aadf97550f10bd6cef77ef1c167cc45eb0a01044,8184,True
TranAD,506_UCR_id_204_Environment_tr_2046_1st_5549.csv,cfe69f03c0e84acf82ccf89a3881329b66e65fc3ec04d6f9b737272e54c89f3c,8184,True
TranAD,516_UCR_id_214_HumanActivity_tr_2108_1st_4702.csv,5d2a676429926587ff9baa599ea165952d1612a71b8a0f148b4b3322877715fc,8432,True
TranAD,517_UCR_id_215_Facility_tr_7482_1st_24005.csv,592e8b5306ddcf677b2a3918f359b1d2992ab23f01562add52bc91ffc4bd8a23,29931,True
TranAD,525_UCR_id_223_Facility_tr_50000_1st_250720.csv,d676099ff1ff1c8c1e1616f18c7c2adbe5d5e81615b8251fb05c98175a566ade,299790,True
TranAD,526_UCR_id_224_Sensor_tr_2827_1st_4711.csv,52d076ba48283fc86abbe35edd9a1efc86d10eb3ab979970ad70091822f6d49b,11308,True
TranAD,530_UCR_id_228_HumanActivity_tr_16250_1st_38500.csv,eb0eba7df1330389687fdf556f67bc5c3bbffdca26fa66304a60b5aa150145a5,65000,True
TranAD,531_SMAP_id_1_Sensor_tr_1811_1st_4510.csv,a3067b169b7b224cc4a67f397af8eb3c6683c2d2b6266e756142abfac28d0de6,7244,True
TranAD,532_SMAP_id_2_Sensor_tr_2075_1st_5550.csv,2b871ab3624973dbb6b3b4e60ec76e9b373d1886d805dc4b352fc71fbacf2c68,8302,True
TranAD,533_SMAP_id_3_Sensor_tr_2052_1st_5300.csv,36d8753d890cfea3fea7fe705ee9efa3c04f7a50684aba127f41e73330ba2a0d,8209,True
TranAD,534_SMAP_id_4_Sensor_tr_1968_1st_4370.csv,0d83b008e730dd28aac8479d50ea8a68eef92972c5bbb0e57cae18818f343d02,7874,True
TranAD,536_SMAP_id_6_Sensor_tr_2160_1st_5600.csv,65b1e6da115b77bff8bb8f5492aae6469db87037331d49b1c6af72538a8f3a37,8640,True
TranAD,537_SMAP_id_7_Sensor_tr_2077_1st_5394.csv,bc1b2e23026e20780fcb603bde2df8318038243182b22db557115b0f1b0fbdfc,8310,True
TranAD,538_SMAP_id_8_Sensor_tr_2007_1st_3650.csv,6e3a12e8756c90c147508549609c923f7ccdeaa86f66666409e189cb1b0c8d01,8029,True
TranAD,539_SMAP_id_9_Sensor_tr_1857_1st_4270.csv,ee3ece80d8ac79e1c8678444d1083f580247acc812b2267000844466b0d0f53d,7431,True
TranAD,540_SMAP_id_10_Sensor_tr_2051_1st_4575.csv,3d085a7cb4b05181505155c3ddc81a0816890be91fdbb19a75af58368b0893bc,8205,True
TranAD,541_SMAP_id_11_Sensor_tr_1832_1st_5300.csv,55a95efd4e38724915bb6896a517ba97ad68bd235c5cf125dab91f2c41a80a25,7331,True
TranAD,542_SMAP_id_12_Sensor_tr_1908_1st_4690.csv,cb3af8ff598bbbe041057f7292190ab300e13a0650dc8828ede6a870b67472e9,7632,True
TranAD,544_SMAP_id_14_Sensor_tr_1978_1st_4450.csv,75042011db3d28fe54dbc397ae363ce7c6d1a2ed769b4865acba67c4d83c2b13,7914,True
TranAD,545_SMAP_id_15_Sensor_tr_1173_1st_2750.csv,f007fc7ae55c914bd7258afcb1992efcdc59a3609526ecebc98e6333802168c0,4693,True
TranAD,546_SMAP_id_16_Sensor_tr_2117_1st_4770.csv,70b0b3cedcc838295948e6fbda027abda2dbd53875155b373aa1485d1552471b,8469,True
TranAD,547_SMAP_id_17_Sensor_tr_2133_1st_5400.csv,1fdff02523de4d425d6a7048555cc9dea1736b377477af3b022fd883cf85804c,8532,True
TranAD,548_SMAP_id_18_Sensor_tr_2094_1st_5600.csv,62250864d765b42950702f5b31dce49fe706d48375ffe89ca73cf2464aa7c496,8376,True
TranAD,549_SMAP_id_19_Sensor_tr_1998_1st_2098.csv,2e3304b731651018c25904c23fccff716f14b7a8bd6bbb484e2976507c5e1cfc,8579,True
TranAD,550_SWaT_id_1_Sensor_tr_43700_1st_43800.csv,561e74b11c98aa1d4254b6928d28c4df70b9729b65adec9405edb7b23ae0d395,419919,True
TranAD,551_YAHOO_id_1_Synthetic_tr_500_1st_893.csv,177362ac91e7381c48b248fdc49f30d73995b27852930cbb630b0538e776473b,1421,True
TranAD,552_YAHOO_id_2_Synthetic_tr_500_1st_893.csv,fe69aed17236bea0d7f8b8d79febe2c62c88c9349d68cd4598a87e30a871bcea,1421,True
TranAD,555_YAHOO_id_5_WebService_tr_500_1st_730.csv,7a3edecfd85cc0dcfd079b399aafbac4beb5aeae6a4409ae1b4d661ef6e4ebae,1680,True
TranAD,558_YAHOO_id_8_WebService_tr_500_1st_1125.csv,6bac0259dfdf4eaa51e1e50d3a3e451d92752c3e37fc93803ef5fe65a6d33a4d,1427,True
TranAD,562_YAHOO_id_12_Synthetic_tr_500_1st_893.csv,51b97064e127d5a3be8ae4ec1b10dfba7dcd6a2eac295afd692c73adad9a71a9,1421,True
TranAD,570_YAHOO_id_20_Synthetic_tr_500_1st_658.csv,e29d189de609b785001c095c2f2cf4cdde09664261a40a76b3f8df558d0f81c7,1421,True
TranAD,571_YAHOO_id_21_Synthetic_tr_500_1st_623.csv,fd56aa2c21678eccc962070d90699fbc7ac20d6c75f4ac829d0eeb37861074ff,1421,True
TranAD,579_YAHOO_id_29_WebService_tr_500_1st_1342.csv,9c7f67bc9da3b8b4ee88fac88a5e7ccb28edbb243097be91b521ff7baa108ab2,1680,True
TranAD,603_YAHOO_id_53_Synthetic_tr_500_1st_893.csv,78649a1d67054891bad45edf98ccf5e229172628021ad9e30b154e961b1901a9,1421,True
TranAD,644_YAHOO_id_94_WebService_tr_500_1st_1078.csv,e3f9a25c8b674e8990ffeba4b4e88d023da515b5c5992323ca2b015201638cda,1435,True
TranAD,645_YAHOO_id_95_WebService_tr_500_1st_1047.csv,d8c977b9d6dd6db8d23ffbfd1bb480f3adb89240cc3cb661293d01439135fcd1,1680,True
TranAD,649_YAHOO_id_99_WebService_tr_500_1st_1386.csv,c8d0bbe19cb1e7ada610fd5d274f5200724802293319797e2dbb2b46293e01ed,1680,True
TranAD,657_YAHOO_id_107_WebService_tr_500_1st_1260.csv,0fc517f0abe3b489a3b75ced6373110e59d74bbe539097c5ed75afecbf560ebb,1440,True
TranAD,658_YAHOO_id_108_Synthetic_tr_500_1st_893.csv,6215fb5de64276211093ed8b54141760d3af1dbe99fa505387ceacc7e4007d55,1421,True
TranAD,672_YAHOO_id_122_WebService_tr_500_1st_857.csv,c4922d42e9d9d91655927ae9d55b4ae609e941655be19defaef6822d3ca0ffdc,1680,True
TranAD,680_YAHOO_id_130_Synthetic_tr_500_1st_893.csv,3b51d6c5c5bc8087599a0cdf92514776a4dda120f99c567ee25753cf9d769b47,1421,True
TranAD,689_YAHOO_id_139_WebService_tr_500_1st_1073.csv,9fd17477daf0eb1e30d9a37542ac7d2c55143bcff859ebb539a0c52e1ceb61f5,1680,True
TranAD,693_YAHOO_id_143_WebService_tr_500_1st_1003.csv,17e2a4a39613d0a528c9e47691abaaa8740e43eac5b26075e5015a5218c16716,1427,True
TranAD,701_YAHOO_id_151_Synthetic_tr_500_1st_893.csv,963524e26663b29c11e5120dc344877a7be6357b19164649c2077d263d8b8ee8,1421,True
TranAD,723_YAHOO_id_173_WebService_tr_500_1st_1214.csv,3da7d4a843e59db952d090e066bd53df884b6aaf6cef3d46e2a4c86a3fff65b5,1420,True
TranAD,724_YAHOO_id_174_WebService_tr_500_1st_1030.csv,5b367089eec9150d22b567ff25ab9e798e06d461f859460a9814a91b5936e356,1680,True
TranAD,734_YAHOO_id_184_WebService_tr_500_1st_768.csv,4754d02596a86c76875b8299ea0e50a0821f0490746f96361b3da0caa5d00781,1424,True
TranAD,741_YAHOO_id_191_WebService_tr_500_1st_1114.csv,60cec9f87cd2632d4af8880e469b2d180ccdabe82b5af1f82434ddb45414bb60,1680,True
TranAD,755_YAHOO_id_205_Synthetic_tr_500_1st_893.csv,1d22a96f3f31392797c20dddc00b80c640a10d7bc4bbffc42e35bdc3d317014f,1421,True
TranAD,762_YAHOO_id_212_WebService_tr_500_1st_1055.csv,28ca046b4c2ca3d90ff0eed332066c197c9b0fe49b67fcc3b102884b0c2b851c,1680,True
TranAD,780_YAHOO_id_230_Synthetic_tr_500_1st_893.csv,13afdd377af7889e2251504e849fb3e348f27a1ecb35ff36dc324f59dca46f94,1421,True
TranAD,788_YAHOO_id_238_WebService_tr_500_1st_973.csv,bbc24bf32d7310c88f2fb12c651f9453141a32c0d18576941ba58a64c6edacfb,1680,True
TranAD,797_YAHOO_id_247_Synthetic_tr_500_1st_893.csv,ac38e635a10a4e61f84d29e73db12a7a06b1fce8c14106e981f0dc9ce59003e2,1421,True
TranAD,806_YAHOO_id_256_Synthetic_tr_500_1st_893.csv,762cea82aea611a3fdaa430f7a8b9440ae085698e906fe22b442ac1aaac4fad6,1421,True
TranAD,807_YAHOO_id_257_WebService_tr_500_1st_1210.csv,cfd64d12cb5f679609908ef8288aa7040feb3affb73cef4cfc5ec9237edef88e,1424,True
TranAD,810_Exathlon_id_1_Facility_tr_10766_1st_12590.csv,358388e95408f9c9940a5788e6f759441531a95dc289f9c3138ad7af90a6cd88,43066,True
TranAD,811_Exathlon_id_2_Facility_tr_10766_1st_12590.csv,93956dec6bb8a12c9c56de21184b8d7e62c3cf0dfd520a317392aefe46971d79,43066,True
TranAD,812_Exathlon_id_3_Facility_tr_10766_1st_12590.csv,d0539c22651662f9cd82faab5995e1eebdafd770844df018b76064b5c1d9b60f,43066,True
TranAD,814_Exathlon_id_5_Facility_tr_10766_1st_12590.csv,93956dec6bb8a12c9c56de21184b8d7e62c3cf0dfd520a317392aefe46971d79,43066,True
TranAD,815_Exathlon_id_6_Facility_tr_10766_1st_12590.csv,d0539c22651662f9cd82faab5995e1eebdafd770844df018b76064b5c1d9b60f,43066,True
TranAD,816_Exathlon_id_7_Facility_tr_10766_1st_12590.csv,510992f9527b533d4c286db4cbda4b2cde8f241a524f0e3f1f9a7fcdfba4b758,43066,True
TranAD,817_Exathlon_id_8_Facility_tr_10766_1st_12590.csv,1bddad78e282fcf6d4ebe75baad9032b675f2763506ec3ef7ae8c39b1bc09c74,43066,True
TranAD,818_Exathlon_id_9_Facility_tr_11665_1st_13484.csv,dc0c6515ef3180916e77abb0a77db064914054a4b4ed119192e6c5ab828f2765,46660,True
TranAD,819_Exathlon_id_10_Facility_tr_10766_1st_12590.csv,558f31e9062e707f17a912616bfebf3c504ef581cc97bb4f6113e653d6b8bb90,43066,True
TranAD,820_Exathlon_id_11_Facility_tr_11665_1st_13484.csv,87a2511837f8c7ab872db6506ecf447b56a3d1c00f53054b80a91ac693b18ee3,46660,True
TranAD,821_Exathlon_id_12_Facility_tr_6985_1st_7085.csv,7d831868c7730950dade25c083b766a3dc9dcd76b915e087e100e06df914a423,46649,True
TranAD,822_Exathlon_id_13_Facility_tr_10766_1st_12590.csv,1bddad78e282fcf6d4ebe75baad9032b675f2763506ec3ef7ae8c39b1bc09c74,43066,True
TranAD,823_Exathlon_id_14_Facility_tr_10766_1st_12590.csv,2e8a646130c74fb9039094cd05665eddcc981a43b6dfc7cae1b7cbc29d11bb19,43066,True
TranAD,824_Exathlon_id_15_Facility_tr_10766_1st_12590.csv,3283d36bcd5cdfc4a24ecc0145f063103d2d60d3984a13dfe0b23e64eeeb6f0a,43066,True
TranAD,826_Exathlon_id_17_Facility_tr_11665_1st_13484.csv,87a2511837f8c7ab872db6506ecf447b56a3d1c00f53054b80a91ac693b18ee3,46660,True
TranAD,827_Exathlon_id_18_Facility_tr_10766_1st_12590.csv,3283d36bcd5cdfc4a24ecc0145f063103d2d60d3984a13dfe0b23e64eeeb6f0a,43066,True
TranAD,828_Exathlon_id_19_Facility_tr_11663_1st_13482.csv,35b22a79a76237488ddb30f15a5879976848d9076e8ae52d362f9cd54a3eaabc,46655,True
TranAD,829_Exathlon_id_20_Facility_tr_10766_1st_12590.csv,510992f9527b533d4c286db4cbda4b2cde8f241a524f0e3f1f9a7fcdfba4b758,43066,True
TranAD,830_Exathlon_id_21_Facility_tr_10766_1st_12590.csv,f83e0687edae6acbe1989fe805a5ab1e630e251ed58a09ded88625cd6bb5ab7f,43066,True
TranAD,831_Exathlon_id_22_Facility_tr_11665_1st_13484.csv,87a2511837f8c7ab872db6506ecf447b56a3d1c00f53054b80a91ac693b18ee3,46660,True
TranAD,832_Exathlon_id_23_Facility_tr_10766_1st_12590.csv,510992f9527b533d4c286db4cbda4b2cde8f241a524f0e3f1f9a7fcdfba4b758,43066,True
TranAD,833_Exathlon_id_24_Facility_tr_10766_1st_12590.csv,d0539c22651662f9cd82faab5995e1eebdafd770844df018b76064b5c1d9b60f,43066,True
TranAD,834_Exathlon_id_25_Facility_tr_11665_1st_13484.csv,87a2511837f8c7ab872db6506ecf447b56a3d1c00f53054b80a91ac693b18ee3,46660,True
TranAD,835_Exathlon_id_26_Facility_tr_10766_1st_12590.csv,1e446baa8764ded8c44250122f4942e972282f433ba7e9031cdaf2b790baf1f9,43066,True
TranAD,836_Exathlon_id_27_Facility_tr_10766_1st_12590.csv,d0539c22651662f9cd82faab5995e1eebdafd770844df018b76064b5c1d9b60f,43066,True
TranAD,837_Exathlon_id_28_Facility_tr_8898_1st_8998.csv,b852fbc1a06eb18a7b8ede39412c83fd0af338cd41e74b6703e01b3d30a2d5c7,46650,True
TranAD,838_Exathlon_id_29_Facility_tr_10766_1st_12590.csv,1bddad78e282fcf6d4ebe75baad9032b675f2763506ec3ef7ae8c39b1bc09c74,43066,True
TranAD,839_Exathlon_id_30_Facility_tr_10766_1st_12590.csv,510992f9527b533d4c286db4cbda4b2cde8f241a524f0e3f1f9a7fcdfba4b758,43066,True
TranAD,840_Exathlon_id_31_Facility_tr_10766_1st_12590.csv,3283d36bcd5cdfc4a24ecc0145f063103d2d60d3984a13dfe0b23e64eeeb6f0a,43066,True
TranAD,841_Exathlon_id_32_Facility_tr_11663_1st_13482.csv,191b71913cefb1b83e4544893110b16d4285716277b983bf09f05432dc840984,46655,True
TranAD,842_OPPORTUNITY_id_1_HumanActivity_tr_7295_1st_27516.csv,f56ab16e4edd53838b128b1b3cd20962abdcdefc1f68827583b62945aaef51b7,29182,True
TranAD,843_OPPORTUNITY_id_2_HumanActivity_tr_808_1st_908.csv,01fa5716226b0e550130e4ac1dd2fc31f981b77c322c8c6d06f6a446954afbb0,9057,True
TranAD,844_OPPORTUNITY_id_3_HumanActivity_tr_500_1st_566.csv,bb1903230cfe02b3f9f164c77eb64e8197abc8e9d383833508013898af53aecc,15653,True
TranAD,845_OPPORTUNITY_id_4_HumanActivity_tr_7295_1st_27516.csv,545dd50e5ad3b57ef6c457cc265adbebeae7786b63e9a9ba0f366a49f35839ca,29182,True
TranAD,846_OPPORTUNITY_id_5_HumanActivity_tr_2085_1st_2185.csv,cb835639aa03e32901b27934e76cd831baa1479213a308bb2f7053a4cef2c053,22194,True
TranAD,847_OPPORTUNITY_id_6_HumanActivity_tr_808_1st_908.csv,8796f8ee83b175de885bc1b694850d4d2a66546c66a4c7db9c94860082716bdc,9057,True
TranAD,848_OPPORTUNITY_id_7_HumanActivity_tr_1477_1st_1577.csv,e853c227baffd1ea53b2520020c554dc2a78ab8b16951686591d4c49176df0a9,18011,True
TranAD,849_OPPORTUNITY_id_8_HumanActivity_tr_1100_1st_1200.csv,c091bfed7e50a20553e8d08ebbb1c3d1fef393835cf58c409695c7a944c3875b,24892,True
TranAD,850_OPPORTUNITY_id_9_HumanActivity_tr_895_1st_995.csv,25ec86a94cdf98966cf0d95aea17df206e3d98018af108035c4da6f0dbadf244,14751,True
TranAD,851_OPPORTUNITY_id_10_HumanActivity_tr_6213_1st_7311.csv,36a8a29e32224a181cb8ab240ef94a72a9d8ec3bb0827bcbd039185acb92dd6b,24852,True
TranAD,853_OPPORTUNITY_id_12_HumanActivity_tr_808_1st_908.csv,faca1280dd49748385e1f48d1a090227e5f078067d8408952f3e73a5dc8a30ab,9057,True
TranAD,854_OPPORTUNITY_id_13_HumanActivity_tr_1477_1st_1577.csv,57283ea261163d6630a9052103dfe7a7026274e7ad683301ae5b50b6d8817c54,18011,True
TranAD,855_OPPORTUNITY_id_14_HumanActivity_tr_808_1st_908.csv,e0649a275a9bc329317c210d1e39639ff53d5dd421ae171d29dc6c745bc2f810,9057,True
TranAD,856_OPPORTUNITY_id_15_HumanActivity_tr_808_1st_908.csv,c0c3ea00bf475185c9822969c8f6ca7f09fe67e485c6cb4ba81197ac3a7e1dee,9057,True
TranAD,857_OPPORTUNITY_id_16_HumanActivity_tr_500_1st_566.csv,d89f98f6d0f38f50e3f4ae959c8558b254804328c8bb0d695987abc9fd8ac90d,15653,True
TranAD,858_OPPORTUNITY_id_17_HumanActivity_tr_808_1st_908.csv,6a3e97b98ab981811069cc2382d943102b093071c78d83fec05e08d6567ecc0a,9057,True
TranAD,859_OPPORTUNITY_id_18_HumanActivity_tr_895_1st_995.csv,6bec5ca16e22fbb7de6003768b3b9742e12ae5d9a0866503afb6ae6d3865a7d6,14751,True
TranAD,860_OPPORTUNITY_id_19_HumanActivity_tr_808_1st_908.csv,361fe6800ce6d9195402eac7bccefc714c964c0041c034e2467516d11a78040b,9057,True
TranAD,861_OPPORTUNITY_id_20_HumanActivity_tr_2085_1st_2185.csv,0ed9c5cb8674e381e45f6d487951ed4d6a4f12a00e5d350fc13257c989746c29,22194,True
TranAD,862_OPPORTUNITY_id_21_HumanActivity_tr_500_1st_566.csv,5c7ae546b34cb83ebed3099b918b3ce07f42ac9796f6132a14989787b8e66413,15653,True
TranAD,863_OPPORTUNITY_id_22_HumanActivity_tr_808_1st_908.csv,0b1fec0dc5470bf0a4a3b0b422c1af91fb2cea808fd6b8ec2598bd4de5434cf6,9057,True
TranAD,865_OPPORTUNITY_id_24_HumanActivity_tr_2085_1st_2185.csv,543e9485c662d8a832ed93569862b9fed35025dca681a4615ed36dfd01b7bc13,22194,True
TranAD,866_OPPORTUNITY_id_25_HumanActivity_tr_6213_1st_7311.csv,d44e2d47ef8f8683261132d130c7d1de065fd7566f2d9c8e1b191ff4a1ecaad6,24852,True
TranAD,867_OPPORTUNITY_id_26_HumanActivity_tr_808_1st_908.csv,91d622c1add4e6e26bdfe6926c48848af586d725ba90eafcbee56da4c8ca1174,9057,True
TranAD,868_OPPORTUNITY_id_27_HumanActivity_tr_2085_1st_2185.csv,55def05f4fcbc97d5c673527e513ba52f6b0b32a25d51ca0d666fe691949b84c,22194,True
TranAD,869_OPPORTUNITY_id_28_HumanActivity_tr_500_1st_566.csv,204763e2fa09fe8b741a95c30e59e14930de91be11613b46fed51cf56d94a2e2,15653,True
TranAD,870_OPPORTUNITY_id_29_HumanActivity_tr_1477_1st_1577.csv,36de96c3ff4077a7d9ad7a7068b3418a4356cbd520a3411be4312be63a1eae33,18011,True
TimesNet,001_NAB_id_1_Facility_tr_1007_1st_2014.csv,1a32ae3fef2b8bfc2b50feee2f0ac8fc1d19bec5fd10229732ab0754df04e540,4031,True
TimesNet,002_NAB_id_2_WebService_tr_1500_1st_4106.csv,652dc7c69b3c566221528506a6d7555b882421effcaa870f068bf090fb78d0c2,6000,True
TimesNet,005_NAB_id_5_Traffic_tr_594_1st_1645.csv,febd093d9f6843f5118e4525c54e502c1052de706076628574a05adb30f05b16,2379,True
TimesNet,006_NAB_id_6_Traffic_tr_2579_1st_5839.csv,ab298e4f06db41c18b1c7e21417cb73886d6d9b229722f0698133c63ae816659,10319,True
TimesNet,008_NAB_id_8_Synthetic_tr_1007_1st_2734.csv,e2736553874b7300469fe5d2532b7d3b2b1550b33b3892297027479c232c6c2b,4031,True
TimesNet,009_NAB_id_9_Traffic_tr_500_1st_438.csv,2f1bfcf999464199264725ddcd0290f63c9322b1f85e9523640cdea81fc1a535,2161,True
TimesNet,010_NAB_id_10_WebService_tr_500_1st_271.csv,6bb888fd9c8a45b5ad9411069df2cd28cffa04c9d43ca34041928aa7a9711c23,1000,True
TimesNet,011_NAB_id_11_Facility_tr_1007_1st_1526.csv,c7708fad8cc5c9a53780d25e3b6479540a88ab2618df89e1254660f843401cef,4031,True
TimesNet,013_NAB_id_13_Traffic_tr_623_1st_2084.csv,23dd9eeece3100e38888faff4f28b38083db0f5f6b6059ce372424ad0bb0ed7e,2494,True
TimesNet,014_NAB_id_14_WebService_tr_500_1st_1045.csv,fa009b52954adc5248ccc3f6d2f260bfe6b2c64b73bdd09d41de155c552d5912,1537,True
TimesNet,015_NAB_id_15_Synthetic_tr_1007_1st_2787.csv,c59c41d6ad1bb17808286abca00d6d0871cd9d24dc0992a154d9c016221c3fa0,4031,True
TimesNet,016_NAB_id_16_Environment_tr_1816_1st_3540.csv,908a68341e32dccaae9f7d43155303e6e96ccdb44dc9974762861f69217f627c,7266,True
TimesNet,017_NAB_id_17_Synthetic_tr_1007_1st_1805.csv,7fb7539e11dd03d7d1671ee0ddd646ee08d5e648934b3177f45f88b67204bd7b,4031,True
TimesNet,018_NAB_id_18_Facility_tr_500_1st_669.csv,cace60f9e339482d704826cf08091e6bc29b93cf3565a91f37ddd6479b9c09c4,1881,True
TimesNet,019_NAB_id_19_Facility_tr_1007_1st_1171.csv,00be0a6b7526f77cd5283e6f46275fe83550fb0ac64cff2837fd68babb0eba6c,4031,True
TimesNet,020_NAB_id_20_Synthetic_tr_1007_1st_2679.csv,ab5d66626ee1dbaa1047be007851e179bf7f7a020c044258ed8d7c13111e3f9a,4031,True
TimesNet,022_NAB_id_22_Facility_tr_1007_1st_2980.csv,67c377e3dadb1cb97ebfc55d479e4ea6b88e177c2f728b7dcd47496b21b3eecb,4031,True
TimesNet,023_NAB_id_23_Facility_tr_4512_1st_16551.csv,120e7bebe61cd31b4823a73e6e85ce647ae6fef137f18439561902b7ed639be3,18049,True
TimesNet,024_NAB_id_24_Synthetic_tr_1007_1st_2787.csv,25ac1869601d479912d091ca2aeb21e4ad33cc701cf869ae77df65f216f1ee3a,4031,True
TimesNet,025_NAB_id_25_WebService_tr_3958_1st_4614.csv,731a758dd3570bff34981517cf4df5bdd1e988a0da8863fad81b7ec968e8141b,15832,True
TimesNet,026_NAB_id_26_Traffic_tr_624_1st_2261.csv,76f42182b1de841438f9ca8f7099eefa84aad9e9cb5562fd4c1c64ed4f538fe2,2499,True
TimesNet,027_NAB_id_27_Facility_tr_757_1st_2582.csv,034b14c024dfb2adb7af5f2c0ab2c1297c6854b9a92c4f486e8e251a20486260,3031,True
TimesNet,028_NAB_id_28_Facility_tr_1007_1st_3447.csv,c2fcd13ee95ed13b8ca2053be1c0314e452bb98b4eaeb864bdbc35801b6b3e56,4031,True
TimesNet,032_WSD_id_4_WebService_tr_4559_1st_11822.csv,3bb10ac0498ee2f8921228d7b135abf0fd2531d5bd360fb6ca763acbf61d9481,10686,True
TimesNet,039_WSD_id_11_WebService_tr_1746_1st_1846.csv,3d2ad1fab497f863146a92a4d70896c70c0ad53c5b8eaca45b16ccfe2c51dbd5,18219,True
TimesNet,040_WSD_id_12_WebService_tr_4559_1st_9714.csv,b7dde6402b83e67ecde02b4b277e12f0380ba7e68fc7be88f64f813f12438d8f,18236,True
TimesNet,043_WSD_id_15_WebService_tr_4521_1st_6828.csv,16962c730bfcb266289b5d83dcdd1ebccfca95b141582945cb6001df85437187,18085,True
TimesNet,049_WSD_id_21_WebService_tr_4297_1st_7097.csv,18143e62694ffa938928c2c8c421e60c48c7907e4c3d41adde933737dc4c7bb6,17189,True
TimesNet,054_WSD_id_26_WebService_tr_2409_1st_2509.csv,63c26db74fbd950ee73aed90d67a01eec930504fc93cd41cfc385375016819c4,18391,True
TimesNet,058_WSD_id_30_WebService_tr_1136_1st_1236.csv,9d0100b9162715aec659848fc4d721f65c519d9a4173d6bfe8f5008b765bf0c9,18236,True
TimesNet,060_WSD_id_32_WebService_tr_4576_1st_4766.csv,389a11329c186268dbbe32e6949f769225f15169ace6186a28b67cf91fb73f8c,18305,True
TimesNet,068_WSD_id_40_WebService_tr_4549_1st_13322.csv,af202ee28590c8464546b1b65f7f1cd9181bafc8b80e2bb6743de0f2e7136d06,18197,True
TimesNet,074_WSD_id_46_WebService_tr_990_1st_1090.csv,2db8b7cc33214a971be9116a986ac7e7d3ea4bd2fe09389882f8463f3bb5900b,18236,True
TimesNet,089_WSD_id_61_WebService_tr_1010_1st_1110.csv,26f4897f3816e14db80e38282df2ebf650a5c856db4cc6168cb2eab777491d91,17429,True
TimesNet,094_WSD_id_66_WebService_tr_3309_1st_3914.csv,9f2840b2b391864a575797b27040778e987d46da57aa36718debc14567de1633,13237,True
TimesNet,099_WSD_id_71_WebService_tr_4559_1st_14411.csv,a3c51aaa155162999ec775d47ab1d444c1901b1e79a6f6329ab176e1ccf8ec2d,18236,True
TimesNet,106_WSD_id_78_WebService_tr_3363_1st_3463.csv,3d5ff8e16619c8cb8e2cc79116fdc404aef7e3b38a7093c80f79abd8cdafcd76,18236,True
TimesNet,113_WSD_id_85_WebService_tr_500_1st_335.csv,ba54ee8d34ccf59c651ce440d3eb1fcae5c5a6d02b016656107f5da594827d93,18242,True
TimesNet,117_WSD_id_89_WebService_tr_3251_1st_3351.csv,e2abef53f665efdab5621b1844692121e2a2d82bafb4b82ce0601f95c2fb918d,16376,True
TimesNet,125_WSD_id_97_WebService_tr_2217_1st_2317.csv,11bbf274fd29a2ea46dd4b0183ccea22c3f6db08411197e73ffc3bf0a457472e,18250,True
TimesNet,130_WSD_id_102_WebService_tr_2362_1st_2462.csv,e0fce35d896b2e6cafd9daef18ad38a6bbce8e7ffaca3181e5a30ebee01b7423,18236,True
TimesNet,137_WSD_id_109_WebService_tr_4559_1st_14404.csv,108f5310bd26c3172474f32b028712c9bf147cc2a06aeeb5d97c801a8f1b4399,18236,True
TimesNet,139_WSD_id_111_WebService_tr_1701_1st_1801.csv,9bc6480fd88778848626ca52305a261d4dabcf4fd237c2f3db1de57df5d0fd78,18381,True
TimesNet,140_MSL_id_1_Sensor_tr_530_1st_630.csv,c2bec614767ee3f8f7768ce04a4f43fef8eb3d5fe10bf5da1d9e60d9a3666ad9,2430,True
TimesNet,141_MSL_id_2_Sensor_tr_500_1st_550.csv,ea80053bf1386160b6149f3d385c67a60cb9a96a477bb1fc2e833310da62aa41,2264,True
TimesNet,143_MSL_id_4_Sensor_tr_980_1st_3550.csv,60dddc09caaa7129896bb40fb80ce919927a445e4064d7a9da6eb9be73832f91,3922,True
TimesNet,144_MSL_id_5_Sensor_tr_1525_1st_4590.csv,4d872c547fdc0ae3b34605b2ca0019c937e6bde4d6a2662c7115a5d055259679,6100,True
TimesNet,145_MSL_id_6_Sensor_tr_530_1st_630.csv,cb4f51643d2aa8624b3f71ea39a9ac42cd89b7f5abc2b9e0eaec4c589bc86c4e,2430,True
TimesNet,147_MSL_id_8_Sensor_tr_590_1st_690.csv,6732cbfab43e6c809bdef1eee318d569f60f594622b7fc5fbb84f5b6453251f9,2430,True
TimesNet,148_MSL_id_9_Sensor_tr_883_1st_1238.csv,d4a6dbb124b3d3acb6a19f4f4e29a68dfdf7ac24187d2363938178fb10fc74de,3535,True
TimesNet,149_Stock_id_1_Finance_tr_500_1st_7.csv,2d569bc83f0757a0ed189471b709d9ca88a68f4f4fd6cebdbaaa22f657b3afbd,20000,True
TimesNet,151_Stock_id_3_Finance_tr_500_1st_62.csv,0d7a4b66c51417cc57eb69d0fc6651fbc24c6a0d257a99301bad3556d8ac9c5f,10000,True
TimesNet,155_Stock_id_7_Finance_tr_500_1st_18.csv,7ace1c9b288c31142f43a1cd9e170dce99bb2aebeae3f3ed4b01dbf19aebaef7,20000,True
TimesNet,156_Stock_id_8_Finance_tr_500_1st_24.csv,99bd203b212d9523030930d43aa4c0ba941a998560d54d3d67fe58ccdc568a05,10000,True
TimesNet,160_Stock_id_12_Finance_tr_500_1st_14.csv,9e49b0c857fe50c4a04fada604919dcf7c34098ab26b7c8dbfd1b1a37de9a5aa,20000,True
TimesNet,162_Stock_id_14_Finance_tr_500_1st_4.csv,eefa391faaccd48adbad5336b67ea8c6d53d51138c0ba7da627ad9cd82f1fa05,10000,True
TimesNet,165_Stock_id_17_Finance_tr_500_1st_7.csv,919c907e5869a657d8546ea9cd49d404e98b8a5e0ae693b92551a4870298bd9f,20000,True
TimesNet,166_Stock_id_18_Finance_tr_500_1st_18.csv,3816887b57e4f899d69290e1d82db7e39b776ec50b6c2951f00b588e68d0fdc0,20000,True
TimesNet,169_Daphnet_id_1_HumanActivity_tr_9693_1st_20732.csv,fd987ca56c34d204f05111db370ecf1f9dff39d7c78693ce5d0c21f10c912121,38774,True
TimesNet,170_MITDB_id_1_Medical_tr_17675_1st_17775.csv,0e1bd1212eb6e0306ab3a54559468cbb3191f7780b86127e325a96eb8bc8c03a,500000,True
TimesNet,171_MITDB_id_2_Medical_tr_50000_1st_88864.csv,77dc0bf6ba6accdb6e857d49f99207cd722d9484ad1c2be73e288e50098bfb6d,650000,True
TimesNet,172_MITDB_id_3_Medical_tr_27274_1st_27374.csv,2d154e7831c66344424e34515198a3b4a5b72052741eb1c259da1d497d1ab6f1,650000,True
TimesNet,173_MITDB_id_4_Medical_tr_13620_1st_13720.csv,e5fed6c46041539b002877715a4230dbab7a021081b32bf92eb89bde9bb2e348,650000,True
TimesNet,175_MITDB_id_6_Medical_tr_27274_1st_27374.csv,29a2969b57e1a4062082fe096eccc4c52c1b3aa2058847cdd4da8cef96ee132c,650000,True
TimesNet,176_MITDB_id_7_Medical_tr_6232_1st_6332.csv,cc6feb1136e16a34925c2eeb85e15694c707826a364b2f23a7ac0d81f8f15272,650000,True
TimesNet,177_MITDB_id_8_Medical_tr_17675_1st_17775.csv,6d76d7905b71458ffcdd1f94e8180b5802e870caf0c635e909291b694d025c1b,650000,True
TimesNet,178_SMD_id_1_Facility_tr_6000_1st_10609.csv,d2626669322c355d51e025f55dfd6180995c4cea9b885d6f854cbfde3299d06f,24000,True
TimesNet,179_SMD_id_2_Facility_tr_5925_1st_17580.csv,48c798521b97ce86589dd68fc08a367372353eb068535173a18ca35edb58aa98,23703,True
TimesNet,180_SMD_id_3_Facility_tr_5925_1st_17580.csv,de49319b6f09b42387c446a30cd52cf15adbc042e0442b4eca784c11fd9a3449,23703,True
TimesNet,181_SMD_id_4_Facility_tr_5000_1st_15144.csv,2a03c610ce3a6cdfb3d487d1d071c79c23cfba52a3d8ea5f939d8f1bee03fb48,20000,True
TimesNet,183_SMD_id_6_Facility_tr_5925_1st_17580.csv,aeba186e7fa886a5d00c1ddb84859cd23bb942a57d74b93c5a2ede1be0c230e1,23703,True
TimesNet,184_SMD_id_7_Facility_tr_7119_1st_15849.csv,42ccef897ed86ffd85a7f3b3a3ad759cdf9486f2a5f41d0e70489c0181528ec4,28479,True
TimesNet,185_SMD_id_8_Facility_tr_5000_1st_15144.csv,db051b1f89dbb5c39d076c3a02f305d4416ae2fbb1957cc931bc3e6f0b822b9e,20000,True
TimesNet,187_SMD_id_10_Facility_tr_5000_1st_15849.csv,44a5c65d5f6488689e7b4d591ec0902c6e5a1294eb7f084c56d17b551fc6d9e7,20000,True
TimesNet,188_SMD_id_11_Facility_tr_500_1st_392.csv,c73b60d9e0222b1f45cac3b927a3cd1e9a226a0438801f266f100bf9567ca50c,23703,True
TimesNet,189_SMD_id_12_Facility_tr_5925_1st_17580.csv,7a875b7d520a0e7300b7e441928134ccaea64d91ae7de808862878b59276b6b1,23703,True
TimesNet,190_SMD_id_13_Facility_tr_7119_1st_15849.csv,88340920a5d97ba9aed960f45b3c6c780cfb26800265b6e623f78a3c986f11a5,28479,True
TimesNet,191_SMD_id_14_Facility_tr_4596_1st_4696.csv,f0895c62c4ea278a0406d8d917ae58b4c943cad4cce33aa84e18315556ac3208,22700,True
TimesNet,192_SMD_id_15_Facility_tr_5925_1st_17580.csv,d3fdc2f0c9fcbcc0543829de44fbbfe7ffe1536b387a84aac6d841998e5a64b4,23703,True
TimesNet,194_SMD_id_17_Facility_tr_5925_1st_17580.csv,f7df77495b204fab0aca3ed61bf343bb85f47b3474145eb4b6b3338591e7b4aa,23703,True
TimesNet,195_SMD_id_18_Facility_tr_5925_1st_17580.csv,c1e6bbc24c92060035e41df0da8a69d02042d056eb08efa5cdd6339502fc31ab,23703,True
TimesNet,196_SMD_id_19_Facility_tr_7174_1st_21230.csv,783d3f620e0f0536c83ce3e0480d791d30c59a39157542f305e0b751676c912a,28696,True
TimesNet,197_SMD_id_20_Facility_tr_5000_1st_15144.csv,9a8e44556520128ba7478b52239741c4a65679136021f23149c88c54ad0f4d64,20000,True
TimesNet,198_SMD_id_21_Facility_tr_5925_1st_17580.csv,659209522df2161f63d23adbaf1a3ac697c93ec9f0cde52f0485f3b5d85d7938,23703,True
TimesNet,199_SMD_id_22_Facility_tr_5925_1st_17580.csv,5399bdc04be6adc5283770b79026a0a9ac10a06b85a99d943f063af0cddf1bf8,23703,True
TimesNet,201_SMD_id_24_Facility_tr_7174_1st_21230.csv,9786428ece1a184ff86e54a253eec85e5a952c01f6a9b02acf0bbd3336ddc3fb,28696,True
TimesNet,202_SMD_id_25_Facility_tr_6250_1st_21230.csv,4f013c0e6e6768b84ecc947a9256ba8c6864e65d3d3eb121c8044ca5a9ac641b,25000,True
TimesNet,203_SMD_id_26_Facility_tr_7174_1st_21230.csv,0ffdb8fe3c852d87fddebd816b12932d122808ac275974217e22f14ae749fe20,28696,True
TimesNet,204_SMD_id_27_Facility_tr_5000_1st_15144.csv,0db2a625648b392f1751ed337a9561a4f43b0eb10b68442e16f93e99ace817ce,20000,True
TimesNet,205_SMD_id_28_Facility_tr_5925_1st_17580.csv,554646916c16163dde9cba65fb4368364a27bb95b68524fda73d7cfaebc85b79,23703,True
TimesNet,206_SMD_id_29_Facility_tr_6250_1st_21230.csv,a2fff5c3f931abbe66adbb648d6fc65604d80d0c75713962cfff363eaeb22c0f,25000,True
TimesNet,207_SMD_id_30_Facility_tr_7174_1st_21230.csv,7f970d525d28b690d203a3226fc71270b6d2f3f5f6c1822eb9c936b73f3f5a73,28696,True
TimesNet,208_SMD_id_31_Facility_tr_5000_1st_15144.csv,1d469bd6089931d0c7e33a491b6602b973358d43a44ec42854b6a912f94a9d0d,20000,True
TimesNet,209_SMD_id_32_Facility_tr_5925_1st_17580.csv,36842d31ad362035e35ea4a345ee8b52c2a576b996e188b9b327f3b73be1c5aa,23703,True
TimesNet,211_SMD_id_34_Facility_tr_5925_1st_17580.csv,97a27efac7c8fc6267726534cef11a6b34e8907bc725cec00e81b2863f32fffa,23703,True
TimesNet,212_SMD_id_35_Facility_tr_5925_1st_17580.csv,21bea2cf38464aa1e62c13dcbf8a072f9bb26d9bd7c5eaec75d15a37fa3ad058,23703,True
TimesNet,213_SMD_id_36_Facility_tr_5925_1st_17580.csv,c31f4cb4528fcac92a04786d48cb9a51bcb67d20b752fe1edb0a23dbf1c874a7,23703,True
TimesNet,214_SMD_id_37_Facility_tr_5925_1st_17580.csv,7f302f7ed90250cc6a0126eda15822487b85101e0a82fa3f7d4431b20ee2bbd5,23703,True
TimesNet,215_SMD_id_38_Facility_tr_5925_1st_17580.csv,4775212f7a3de7f3986b795d7c7ae2c45a4a12704ee8754ac39f1d56326e3e83,23703,True
TimesNet,216_LTDB_id_1_Medical_tr_500_1st_266.csv,9dc379869408cf7cd0f82a97ff3721d87d80869630b8c490975e018ca29a03b6,100000,True
TimesNet,218_LTDB_id_3_Medical_tr_500_1st_266.csv,78ced0def81a6402e64ae17b3583d74db479a6afcbb65cf0b3ec1f1159a97df8,100000,True
TimesNet,219_LTDB_id_4_Medical_tr_3618_1st_3718.csv,26f281240f661b5d89b59c88226a6f193187a88c4c4bd172b27db31125b9e8ae,100000,True
TimesNet,220_LTDB_id_5_Medical_tr_500_1st_26.csv,fdfc80fb92385d75fe86d469b15f62c1e0a9549e2bb8dd37cc0f6499d78470f8,100000,True
TimesNet,221_LTDB_id_6_Medical_tr_500_1st_26.csv,780f911829a64b778619c2520a87d1fefdb47bcd521d5ed7cd9add35b033240e,100000,True
TimesNet,222_LTDB_id_7_Medical_tr_3618_1st_3718.csv,114e47c670d4626f0f10d8c35eaa5eaf8cd56e3b1ef1871fa1c08662c67643e4,100000,True
TimesNet,223_LTDB_id_8_Medical_tr_4456_1st_4556.csv,dc1196939752676df30a14e2e69c05c9631f6e64b22214254b27a35e2b6816d2,100000,True
TimesNet,224_LTDB_id_9_Medical_tr_4456_1st_4556.csv,cf2e4dac3da14e080ad760517e1425e407e4adc30afc2871ddba3a5f5bd051d4,100000,True
TimesNet,225_MGAB_id_1_Synthetic_tr_25000_1st_38478.csv,d22067c46d7e80e16f317549ab4c1a02f51aae5795301d02e0e2d4b9de18343b,100000,True
TimesNet,226_MGAB_id_2_Synthetic_tr_20000_1st_45134.csv,79ade4c071922442d943458cdfc862bb7bac5622b23f3c2553211eaac517fc63,80000,True
TimesNet,227_MGAB_id_3_Synthetic_tr_25000_1st_44340.csv,77c58189ac98350c023ef6862b12df7d5c32e1f9304aa4f3fb6535226558a81d,100000,True
TimesNet,228_MGAB_id_4_Synthetic_tr_25000_1st_38948.csv,2b355dc3d6a49f4185c0ae075e6d6c08cf7ea46e94542e61cc6d70a79b4e3d85,100000,True
TimesNet,229_MGAB_id_5_Synthetic_tr_25000_1st_33098.csv,1ef05a8ffcbbaa1a38205d21c90ed7e1f4b5e64ef7d30558ee0f3143feabeeef,100000,True
TimesNet,231_MGAB_id_7_Synthetic_tr_25000_1st_35544.csv,c2cd36be713634e4a14306f2950a9ee7d53b4288e541a3805f0a5c2fde7c1371,100000,True
TimesNet,232_MGAB_id_8_Synthetic_tr_25000_1st_32708.csv,50fac56f495670a44595c5098f6fbce1820e8a55f5526d90b31822c6f2abbefe,100000,True
TimesNet,233_MGAB_id_9_Synthetic_tr_25000_1st_41300.csv,4ed5520ca1d021a86c2d5831d59f9ca24597626e616604ff23ba3655aa0d90d1,100000,True
TimesNet,234_SED_id_1_Medical_tr_3740_1st_3840.csv,b8bb0f6551ead203c2fe48b75cdd13c32a79d8e98511234ef6c255bbc368abdd,19999,True
TimesNet,236_SED_id_3_Medical_tr_3740_1st_3840.csv,2c830f7c28a09815c201d87c18f830ab7de9e58ff316ffd963a151121c93f765,39999,True
TimesNet,237_SVDB_id_1_Medical_tr_11587_1st_11687.csv,c54531eb20d5e7c37143464cde769e25c4ddd8652e48114339c3a5c939e2a540,130400,True
TimesNet,238_SVDB_id_2_Medical_tr_25000_1st_71963.csv,f710414610889cb6ae15bc48fcbbc5f269bc6fb3dbb73ff34b97647c1bbdf6c2,100000,True
TimesNet,239_SVDB_id_3_Medical_tr_50000_1st_106634.csv,ba059529f63bbd56fbacfde0c1e0fc4e0805a188c7636fa1ec97ecf76ae10401,230400,True
TimesNet,240_SVDB_id_4_Medical_tr_18462_1st_18562.csv,a9daf55acecd857a752f1b5ed9edee6382e7e0b687cdad64abc23d6a6f8b91a3,130400,True
TimesNet,241_SVDB_id_5_Medical_tr_11587_1st_11687.csv,230efb768e57aa66dcbf662c1d18925fa37924e5a014a01fadacb7cd3bab4a96,130400,True
TimesNet,243_SVDB_id_7_Medical_tr_11393_1st_11493.csv,11c603a4b85641c1c726098a2543a670f9fe88e2cfb6312eee2c702b90cb7187,180400,True
TimesNet,244_SVDB_id_8_Medical_tr_17803_1st_17903.csv,8d3b2b40b405d527aa47f9c54a1170a81498b9385c58cf3a5505b5916d9dbe94,130400,True
TimesNet,245_SVDB_id_9_Medical_tr_12607_1st_12707.csv,7a6f159fce5b2ec1eba87782690ba870d34d77ef9cc3f28c686c8f5cd69099f4,180400,True
TimesNet,246_SVDB_id_10_Medical_tr_20100_1st_68460.csv,07dfac2d28e82e7ff099fa4382d36b211d40d587dac340d1ea407ebc29c61c55,80400,True
TimesNet,247_SVDB_id_11_Medical_tr_20100_1st_23611.csv,c9f987d1d245d512ee732c61d7ef25457cbc497bd184aeba0954168bc08b0650,80400,True
TimesNet,248_SVDB_id_12_Medical_tr_18462_1st_18562.csv,a3b89b8ba9e8c9bdc24d7762f9729f0cea96ad6fbe35f77d7718ed035310291c,130400,True
TimesNet,249_SVDB_id_13_Medical_tr_50000_1st_54982.csv,3f34eab495aa697235e8c6fbd56063e1f0aad69051e9c6f5f119ebedb2e75198,230400,True
TimesNet,250_SVDB_id_14_Medical_tr_50000_1st_107354.csv,9eb475064a989bdc784bdbb8cb501e014bcf61294c944b110740d82fcf297e5b,230400,True
TimesNet,251_SVDB_id_15_Medical_tr_5421_1st_5521.csv,b2352748e2776fdc752f76ca6b01a56952117899dd49fd523cd8c0673fb2e044,230400,True
TimesNet,253_SVDB_id_17_Medical_tr_17803_1st_17903.csv,e8b1d4d46ecb592545ca9df2add3ba133d49eb978b49002668bff43847ed5dd3,130400,True
TimesNet,254_SVDB_id_18_Medical_tr_30824_1st_30924.csv,d8d1146fde1961d020354839266ab9415d69ce5076db65cd64d44139015ad8a6,230400,True
TimesNet,255_SVDB_id_19_Medical_tr_50000_1st_54982.csv,ea2b67007d2b2598034e84b7a93931e603c6a1ad3559eada4b722a0f0383a85b,230400,True
TimesNet,256_SVDB_id_20_Medical_tr_6264_1st_6364.csv,35fcf269f977c6016eb56556e75c0586be61d9cea2f8c9e16dd70960c800b36b,230400,True
TimesNet,257_TAO_id_1_Environment_tr_500_1st_3.csv,a41e62e63ff4fbe9351bd6ef0976a13ceabd616c2f0f0cc740fa0b40f17ba35b,10000,True
TimesNet,258_TAO_id_2_Environment_tr_500_1st_4.csv,31d97b19212c07b0a302dd420556012877f05e038670b942c2f4be20c85b0d7d,10000,True
TimesNet,260_IOPS_id_1_WebService_tr_5000_1st_11804.csv,f2dd57c4d75525d7fd5a115a6864ce77f52e9020564c530cce190635486c8dbf,20000,True
TimesNet,261_IOPS_id_2_WebService_tr_2178_1st_2278.csv,0c281513cca59810226f4ba4b5226e1487c6c028c120c8c1feccdc7b47b85d1b,8784,True
TimesNet,262_IOPS_id_3_WebService_tr_7028_1st_7128.csv,951ff47f1c803f679851d1a889d04d08d6cdb3393fa797eac9dfa799110a9c88,125135,True
TimesNet,263_IOPS_id_4_WebService_tr_3482_1st_3582.csv,d6ec0dee4bfbd5a0e194c22631b70149dbc7e33d3a86fc0357ad5dd9b6c08f2a,149123,True
TimesNet,264_IOPS_id_5_WebService_tr_11665_1st_11765.csv,bb27ee6daad43e342a088bd46cf5e5326d37b0acc3283a5933f61d6c958c26c7,60000,True
TimesNet,266_IOPS_id_7_WebService_tr_4010_1st_4110.csv,6ad361f8ec8d293b6da4c4d4ff4f8106b578d115536074665050f9fae0566c13,89155,True
TimesNet,267_IOPS_id_8_WebService_tr_1534_1st_1882.csv,e850f72b0488dee904397fc4149c66a0dc0b8302de1571e9cf55f29e00381d9a,6138,True
TimesNet,268_IOPS_id_9_WebService_tr_6216_1st_6316.csv,8d36141c2db8c2f2cd3383b172504570bbc16cc321e78bdcf34a43a89f109086,29133,True
TimesNet,269_IOPS_id_10_WebService_tr_1216_1st_1728.csv,65327f7d6e98d9c08a1397dbc7e4b05eb28ff091d6a8be748de71077c3eafafe,4866,True
TimesNet,271_IOPS_id_12_WebService_tr_500_1st_341.csv,20460726007bd4f935d9b297a6a8d7386d2b340a88c1902a031adee524b91027,8784,True
TimesNet,272_IOPS_id_13_WebService_tr_3442_1st_3542.csv,ce665edcf250d3eaf28480320ec8947b86cc427a996aef121904e92e7a916f66,149156,True
TimesNet,273_IOPS_id_14_WebService_tr_5569_1st_5669.csv,175c1eee3addc017c473b15d3430617ea69b0064ab6d74c0d793333fc5f1f210,149122,True
TimesNet,274_IOPS_id_15_WebService_tr_4591_1st_4691.csv,6870298c3ae3259d8ad2635f72e684c2862798608668f324953677c7b5f9290a,149132,True
TimesNet,275_IOPS_id_16_WebService_tr_1482_1st_1582.csv,9bbb0aa899572537e3b071ffcb2f780f45323612652cdc84340b791b820e485b,8784,True
TimesNet,276_IOPS_id_17_WebService_tr_19197_1st_19297.csv,ad80c7dc8d229c488b0211973faf60d46af71af1c430dc8d816345d8a33819da,91370,True
TimesNet,277_NEK_id_1_WebService_tr_500_1st_17.csv,582dd2ccbb0509cd3313cc76c1669a30e6721fca3a0ced71345bff3b44f233d2,1073,True
TimesNet,278_NEK_id_2_WebService_tr_500_1st_64.csv,9617b53f6025b1d83b2e4c98990f62dc3605c85aa96c1d9db1f8ff167a55ea08,1073,True
TimesNet,279_NEK_id_3_WebService_tr_500_1st_974.csv,1db575d1502af8b34493cd3441aac071ec3e818a586b67fc7165e73174288662,1073,True
TimesNet,281_NEK_id_5_WebService_tr_500_1st_974.csv,bda8b3595bc4311247a1bc862aac5be2ab49db8f7ce43c93e4b4062e2ddbd7a7,1073,True
TimesNet,282_NEK_id_6_WebService_tr_500_1st_64.csv,683668f72a5efc06a1ccd5de93c0f2395a2100698c022178782409c15169c867,1073,True
TimesNet,283_NEK_id_7_WebService_tr_500_1st_777.csv,1b57dd1a546c05d19d944e4178f3747defc0639536f832afdbbc1b26ffec3ae0,1073,True
TimesNet,284_NEK_id_8_WebService_tr_500_1st_976.csv,bfa780442123b20c632c5209290fecddff6ab4e853dce74b85b7ff1a0d484306,1073,True
TimesNet,285_NEK_id_9_WebService_tr_500_1st_780.csv,1b57dd1a546c05d19d944e4178f3747defc0639536f832afdbbc1b26ffec3ae0,1073,True
TimesNet,286_CATSv2_id_1_Sensor_tr_17792_1st_17892.csv,105941d91b5feb969e69cec15ce827c9d56e1c1f4345677d1fc6debc7e0e721e,300000,True
TimesNet,287_TODS_id_1_Synthetic_tr_500_1st_11.csv,7389ba1c71cc9566192aa109f0ec785a2ca5b2213e19e2e10119c08cdce7d812,5000,True
TimesNet,288_TODS_id_2_Synthetic_tr_500_1st_65.csv,a2b7255320af7851b5464de7d7ae048ab7311d252f0c1a1d445d24221ea8d14b,5000,True
TimesNet,289_TODS_id_3_Synthetic_tr_500_1st_26.csv,b09770b68c5dbe03737db271c085d26ab994ac10619aba1f25cabf92ca7aba29,5000,True
TimesNet,290_TODS_id_4_Synthetic_tr_500_1st_26.csv,bc289e2e22a3c078655c870ffe319374020eb94ef4268dfb3df26f383ebcdb1f,5000,True
TimesNet,292_TODS_id_6_Synthetic_tr_500_1st_11.csv,6bb854a527719829872d8e68296eee8795a0ed7feeb32cd0bf74013792d1bb31,5000,True
TimesNet,293_TODS_id_7_Synthetic_tr_500_1st_7.csv,a523caf1f2ee8c77da9bff5469ee00b490d4690dcd882965ff073301a52d64c4,5000,True
TimesNet,294_TODS_id_8_Synthetic_tr_500_1st_200.csv,eb77ddb4d0f07327d04c432d42135dfb3b58bdd35456ec46d052104179509768,5000,True
TimesNet,295_TODS_id_9_Synthetic_tr_1250_1st_2046.csv,068486466ad8c11a313bca63f5cc86e90ea3e7201f1828f1c766ea4cf75577fe,5000,True
TimesNet,296_TODS_id_10_Synthetic_tr_500_1st_26.csv,40462fcfcd92e85e2b532204ca20ce8d5b47b3ecbc43eb3de52fceca890275ac,5000,True
TimesNet,297_TODS_id_11_Synthetic_tr_500_1st_7.csv,487d5eed3278dd74c5ab8e05d84e888f8ebdc08840331eaa4ba2e8563ea92824,5000,True
TimesNet,298_TODS_id_12_Synthetic_tr_500_1st_0.csv,849864ef62bf7e4165c5237f741704d33ee12b8a4c7e5331a593af45dbdddf71,5000,True
TimesNet,299_TODS_id_13_Synthetic_tr_500_1st_65.csv,50d4f5e15f1cd2a50dea1857c9c593a032d96ce5ad05cd2f00211a134fd07e50,5000,True
TimesNet,301_TODS_id_15_Synthetic_tr_500_1st_245.csv,d289b1cbde91a9abcf760bf2f8e01570a885496eee3e327af0906f3dea49a0ef,5000,True
TimesNet,302_Power_id_1_Facility_tr_7685_1st_7785.csv,d612227c2680d1b99ec5bbec3202f3883b3694f727f728dcc8b90fa4291caf8f,35040,True
TimesNet,304_UCR_id_2_Medical_tr_2499_1st_7000.csv,940ee8681430da62d33ea95a2053e7aa9a6f3d9c11405ed5861292447b4d9f48,9998,True
TimesNet,307_UCR_id_5_Facility_tr_29895_1st_39240.csv,32edb4ef1ac8814f73d5902ce6fc821ca0cf63105ace809e824f10ceecd6a388,119580,True
TimesNet,309_UCR_id_7_Medical_tr_3000_1st_5948.csv,141508d198a7f4904caffe73b89c07d8d9c5d95823eadb151b5f0f1f666771d2,12000,True
TimesNet,310_UCR_id_8_HumanActivity_tr_2631_1st_8285.csv,f5468869159a5e40cf34c9f520ac5c43917ff8ac06d67c676641b456380268b8,10524,True
TimesNet,311_UCR_id_9_HumanActivity_tr_16000_1st_38400.csv,ddb656db3bdcf28925b7135a243d976b2322f28bc2a263369ae7b3fd43f7640a,64000,True
TimesNet,313_UCR_id_11_Sensor_tr_2827_1st_4711.csv,60f50730377b6f9fd0060c84203a0565d972c40031829cddaba4e86a2e08bd67,11308,True
TimesNet,315_UCR_id_13_HumanActivity_tr_16000_1st_33070.csv,1c52d5b14dcec6e3ced977f8978c5b228cf786071afd862723d302af03d822c3,64000,True
TimesNet,316_UCR_id_14_Sensor_tr_2833_1st_5988.csv,85cf9f56253f922313e67e2ffdeb139f781e75928601d36ca58a09877fd0756c,11334,True
TimesNet,319_UCR_id_17_Environment_tr_6166_1st_19280.csv,3047ec39818df0a8299b4f4046ad06a05c4c23f1505f55430eefc3cfd7aad8bf,24667,True
TimesNet,326_UCR_id_24_Medical_tr_1875_1st_4187.csv,9a477f3f55ee9d8cfe961a72297f319c2da53da671f0194678c76bca724bb70b,7501,True
TimesNet,331_UCR_id_29_Facility_tr_50000_1st_837400.csv,fe8a3ee478ae4e16949b63a0c8e9613d4458fae42b12b2a407d15c65c6e51217,900000,True
TimesNet,332_UCR_id_30_Facility_tr_13750_1st_52600.csv,4aaf9e6789d4973993b45bec2e1f4781e94c20ef865a9b52f29218693208cc67,55000,True
TimesNet,334_UCR_id_32_HumanActivity_tr_1671_1st_2764.csv,89e3a0a99e86d69ffe03763f67d723a6106faa75fc7ff3376682239546c218d6,6684,True
TimesNet,339_UCR_id_37_Sensor_tr_2750_1st_5400.csv,3059ff09da2dc8c8e0e1f09e8294115c14f5a7b16427e112abb12d273021714b,11000,True
TimesNet,341_UCR_id_39_HumanActivity_tr_48812_1st_128430.csv,50b128000d2d211de62ca5f4bd67e00a923c1e20425989483837fcf3d8a39cf7,195250,True
TimesNet,344_UCR_id_42_Sensor_tr_2851_1st_5365.csv,b33d43d8bd2353d091c848924bf298f006340db54edd80803040c72c0c161118,11406,True
TimesNet,346_UCR_id_44_Medical_tr_7456_1st_17390.csv,42b70d7483f6e93076ebff10d5a4483f044f00a99b82a0677fa17adccda91477,29826,True
TimesNet,349_UCR_id_47_Facility_tr_29954_1st_74900.csv,e4643bc6c6c2f65dc7d2cb032c9c83c55f39c04879a07f460e60600a2bd477cb,119819,True
TimesNet,355_UCR_id_53_HumanActivity_tr_48750_1st_143411.csv,623d83e1d1f65baba6ac7fd05975452c91e23ceb6a5820ab43c6b8624ec3e364,195000,True
TimesNet,358_UCR_id_56_Facility_tr_10500_1st_29080.csv,e3dd29949d48d7e0a31a95549dc835202b29899d97b7f9e29ac93c9e0e37e2db,42000,True
TimesNet,361_UCR_id_59_Medical_tr_3000_1st_7175.csv,e34a99a26c1684f367f4b2532f6d084179b8e78f380bc5fa29dfba65a2656a0c,12000,True
TimesNet,364_UCR_id_62_Sensor_tr_2833_1st_5988.csv,8939691b23fb1544d6a66859891f4441c9352fe28922cc5dbea9d6dcffb1cbe1,11334,True
TimesNet,369_UCR_id_67_Sensor_tr_2750_1st_5400.csv,d1f6716b6a3997d0c1142778d743a83aeb1769b2c9727bd94ed5f033e8064449,11000,True
TimesNet,371_UCR_id_69_Medical_tr_1853_1st_6200.csv,dbc122f88f95ea9b041db801dca9bc320e73acffcbd1e4d72cfc07c060752bcc,7415,True
TimesNet,373_UCR_id_71_Sensor_tr_2827_1st_5988.csv,1191a1aec184626435637df14f49366bbf4a8c15fd84573c8254db2d045afd98,11308,True
TimesNet,381_UCR_id_79_HumanActivity_tr_16000_1st_31200.csv,5a7301ebd98093033ce4f90f6111028a4bde601daceafb3f0f3bd3f1655b113e,64000,True
TimesNet,382_UCR_id_80_Medical_tr_7500_1st_11800.csv,35f85becee5b42bf1ef6df2df529f2449379595cfd2d082154b9570dbf55182e,30000,True
TimesNet,385_UCR_id_83_Environment_tr_2046_1st_6006.csv,3270739f4bacfcd57946b08c3712b37193b24b1b9e9901e5d14a38b3ca455248,8184,True
TimesNet,387_UCR_id_85_Environment_tr_2046_1st_5549.csv,b6b7c190c4ba8e3aa3e680f885e72c26d9985753e671da851281f86809ec942c,8184,True
TimesNet,391_UCR_id_89_Medical_tr_1875_1st_5759.csv,2b7d1091455902f982b69ab0ceedae13b8790b492abdd63d9105ab47dbb6d112,7500,True
TimesNet,393_UCR_id_91_Environment_tr_2046_1st_4852.csv,39a01523398db928381103afc438235f6696b2d3decd5eba02ae0779d4b111cc,8184,True
TimesNet,396_UCR_id_94_Medical_tr_1875_1st_5607.csv,a7c99ae5c0bd1a3125fa3cf71ad511014041cfa7da64156959dbcf1ac0efe1c4,7501,True
TimesNet,400_UCR_id_98_Environment_tr_2046_1st_5391.csv,482d24a4166c6ced1035732e5fcd377f47cd0e4be9347fad360b75121734ce0d,8184,True
TimesNet,401_UCR_id_99_HumanActivity_tr_1671_1st_5920.csv,a5687e86de797c37839cea394141efa54c553b4cc818fd4ec068cafb1a016db8,6684,True
TimesNet,405_UCR_id_103_Sensor_tr_2827_1st_5988.csv,d26bf1137a484e127eb6b6dd8ee759061380693280ee7e2daa1356432cb8f17d,11308,True
TimesNet,406_UCR_id_104_Facility_tr_20000_1st_67950.csv,a71c418b5bb62cc1f84cccf4b92dbf669ad2d3017ad6108107ae8a4f762c408a,80000,True
TimesNet,411_UCR_id_109_Environment_tr_2046_1st_4852.csv,9f8c5fcba81872184bd033efa97b7808072d3a357cc4710bf675ec98b8aacc40,8184,True
TimesNet,415_UCR_id_113_Medical_tr_3000_1st_8612.csv,5ade696441e81259ef7dbfacae05c6f6ec5471767d616eb90117154e1d25f21e,12000,True
TimesNet,417_UCR_id_115_Sensor_tr_2750_1st_5400.csv,d1fe96aafaeb908c3c9cfbea025e760ca4e4217bd94ec12b7a89f45516dd24ea,11000,True
TimesNet,419_UCR_id_117_Facility_tr_3000_1st_6168.csv,6959a63de7d54dfe705620318cf39c2e79083a97c47ec5203a8ae6fb7ed94f3b,12000,True
TimesNet,420_UCR_id_118_Facility_tr_13750_1st_52600.csv,84eb9627231168e7dd739ac4bec2ae39d86fd848ef3bcbc56abd0f33b0e2c930,55000,True
TimesNet,421_UCR_id_119_HumanActivity_tr_48750_1st_130700.csv,0eea26d6d51eee3f85a5f0d16496fdd4fcf507dae928311023423354cab4f956,195000,True
TimesNet,426_UCR_id_124_Sensor_tr_2827_1st_4711.csv,701e28f6d1b5d0956e7fba2633506ff73b9ad126854871410f9ce2015725920e,11308,True
TimesNet,430_UCR_id_128_HumanActivity_tr_12500_1st_46500.csv,08236ac5993317b698d132f26156ce32d26b36bf00ab61b8ef3dabcc5ef8c731,50000,True
TimesNet,432_UCR_id_130_Facility_tr_23000_1st_26970.csv,d09ca275b98f981cc2f8ea8dfca72d9a4906eefb6093372924d910acad40482a,92000,True
TimesNet,436_UCR_id_134_Medical_tr_1875_1st_4526.csv,1c090beb762f1e6107b3463f1353be1e442149118b3b8bd118e0e5d912f36a1c,7501,True
TimesNet,437_UCR_id_135_Medical_tr_2499_1st_8000.csv,8b5cbe3ca8d78754c751d42eca0152c21cfc45f7692ddd476d41d0d55ae14902,9998,True
TimesNet,439_UCR_id_137_HumanActivity_tr_48750_1st_110800.csv,c40cf689737ee75c639bb2c7f60d49fe125561d96319a5ae328ac442f450f8d9,195000,True
TimesNet,445_UCR_id_143_Environment_tr_6166_1st_19280.csv,7aad7f9a498fc4e7b78cb343fa0b235f55060c6bba35319909ff567c5963a2e8,24667,True
TimesNet,449_UCR_id_147_Sensor_tr_2847_1st_9330.csv,33377ee38d346322cfeca658b8a197a50beabb2dd3104ffc99a66a747168f3b6,11388,True
TimesNet,452_UCR_id_150_Facility_tr_10000_1st_35774.csv,e7526047fa8de50393401854dabdfae029e9abdbfcf078d3700422e5a81c0bd5,40000,True
TimesNet,459_UCR_id_157_HumanActivity_tr_50000_1st_110260.csv,b305107b15fa26d2bc01011d5f666972e140534146cd849598a9479d87b162a8,200000,True
TimesNet,463_UCR_id_161_Environment_tr_2046_1st_6006.csv,2761b0d81e2baa40b780987db38a2b559d0b01fec391131fe7553fe85ba899b3,8184,True
TimesNet,467_UCR_id_165_Environment_tr_6166_1st_19280.csv,527a934fa7ad7c554a8d8392fbda20c6e4f27fcc05144cbde3736210a0255567,24667,True
TimesNet,471_UCR_id_169_Facility_tr_10000_1st_35774.csv,aab6360d4c0658048fe9bae157f0d30535ee6a024b01a7fd236b0e4dc2ce19f4,40000,True
TimesNet,473_UCR_id_171_HumanActivity_tr_2617_1st_7290.csv,ec361d08678ce276db4692db105298e33b09eba917ccf1a62fb5dc3438e3ecf0,10468,True
TimesNet,474_UCR_id_172_Environment_tr_2046_1st_6520.csv,1d142003532efcb6a24645c374a629ebd977e45d2c08210f6b929319689be1c9,8184,True
TimesNet,493_UCR_id_191_Sensor_tr_2847_1st_9330.csv,bda6f66587e8389db98b07217c553235a93af02e4f5578cff1f5e6a95e224c55,11388,True
TimesNet,494_UCR_id_192_Facility_tr_22500_1st_72150.csv,37d88d2ae926df10e2068bf870a07ab56ef080e6f97e4a8d65870f05d71e1c9f,90000,True
TimesNet,495_UCR_id_193_Environment_tr_2046_1st_6520.csv,c8a3376ccf23128b155481701b21035e47b39d94ce7cc0393e1dfb09d8332a34,8184,True
TimesNet,496_UCR_id_194_Environment_tr_2046_1st_5391.csv,c600f445d83472a4881ab4330ed4c166ce8c22a6dc75310c9fd495a7269f6860,8184,True
TimesNet,499_UCR_id_197_Environment_tr_2046_1st_5703.csv,baed84f0069b41158cafdbb512d288d8893eebc525ea4715f2e3e303c77f5fa5,8184,True
TimesNet,500_UCR_id_198_Facility_tr_7482_1st_23357.csv,306f5b94fdd62895dcdef33c808dcf63a2e121bfe0e1e99d4a3494fd11a432a2,29931,True
TimesNet,504_UCR_id_202_Environment_tr_2046_1st_5549.csv,bdd9a9d1c915f8e0d77458e6388fe9f4182f2081dddfedc2212226aee5fb8692,8184,True
TimesNet,506_UCR_id_204_Environment_tr_2046_1st_5549.csv,1cb52fd496e2db07eb4e9b7b0177d6df71d776cd111719e46248ce8849892e78,8184,True
TimesNet,516_UCR_id_214_HumanActivity_tr_2108_1st_4702.csv,34fb19c655d3cc49f4ee9eb80157e0ad8679f149e499ee8d51b611035b69cc9c,8432,True
TimesNet,517_UCR_id_215_Facility_tr_7482_1st_24005.csv,ff8c9f73253e483e5e0f334a928b617d94dc9e5b31dfd4cc09c7bbd7a02c2eb4,29931,True
TimesNet,525_UCR_id_223_Facility_tr_50000_1st_250720.csv,6177f7d8a06ee4237c7ce9a2c31885311272bf780b33bea28f5adca114b5cd12,299790,True
TimesNet,526_UCR_id_224_Sensor_tr_2827_1st_4711.csv,0604a2b1df9baa7f4b479e8cdaca0ac9ad0701fc2043d98a570c8e80b7c8ccee,11308,True
TimesNet,530_UCR_id_228_HumanActivity_tr_16250_1st_38500.csv,997b53d2c1b630d26110c25cb32cf80c2594b190cdb2f3d3a8c809593ff27d1f,65000,True
TimesNet,531_SMAP_id_1_Sensor_tr_1811_1st_4510.csv,b1e1eef75e341d587bbb0eee485b3dd369cb89f64f449744e47b590e65817706,7244,True
TimesNet,532_SMAP_id_2_Sensor_tr_2075_1st_5550.csv,9f7853088ed1faf433aaa1fbb5b3843f870a41c846942112de3aba86f358403e,8302,True
TimesNet,533_SMAP_id_3_Sensor_tr_2052_1st_5300.csv,6af1482cff06f918731d3417d5c78930db0630fe0c9efdadcc4449bc325f8cb2,8209,True
TimesNet,534_SMAP_id_4_Sensor_tr_1968_1st_4370.csv,6338ea9bef575f4febdbd22d6d11211eb77a16c640a8e27ff238d6aac5c91a37,7874,True
TimesNet,536_SMAP_id_6_Sensor_tr_2160_1st_5600.csv,9fbefbebd62508f8bb59f4980f8fcb4d6354111fa8707c53901f2161b509cb8e,8640,True
TimesNet,537_SMAP_id_7_Sensor_tr_2077_1st_5394.csv,5a660ab5b014d36d4dcc3353c03baf06995dcdad625448292155b1f802c8a1f3,8310,True
TimesNet,538_SMAP_id_8_Sensor_tr_2007_1st_3650.csv,bd460dd2a64fd2334994a0ccfa50af9f60abb863741d6117286011a4e11cdc22,8029,True
TimesNet,539_SMAP_id_9_Sensor_tr_1857_1st_4270.csv,3d3ef417e177c2f6883bd2724cb3d1875d6d5585e0ac421c13033ec7359de051,7431,True
TimesNet,540_SMAP_id_10_Sensor_tr_2051_1st_4575.csv,c890e2b72d8c033ae94b4a587dfd48a284d9e9df867286d7848358a79254ce7b,8205,True
TimesNet,541_SMAP_id_11_Sensor_tr_1832_1st_5300.csv,c01cf81d8c816d7f1c75fa9f1fbf68ea114f876108b914f02d04b6fde35d53a0,7331,True
TimesNet,542_SMAP_id_12_Sensor_tr_1908_1st_4690.csv,012ccc8bb1c457ebfd541921a6c6780a518a8bffe2ae9f9a98f81f781b7cdecb,7632,True
TimesNet,544_SMAP_id_14_Sensor_tr_1978_1st_4450.csv,04921930fc78fed6c0397b10214eca5f230750cb6d9075fc5fecc7d58d8d07e5,7914,True
TimesNet,545_SMAP_id_15_Sensor_tr_1173_1st_2750.csv,9822b174ef92eb7ea0ce58c1309bd88fcc5463811c3bde4b259f8005c08cc824,4693,True
TimesNet,546_SMAP_id_16_Sensor_tr_2117_1st_4770.csv,15409719ebb9cd45f6c0980ae2816095f6ce6dcd7a41c841331df8749f0ca9b9,8469,True
TimesNet,547_SMAP_id_17_Sensor_tr_2133_1st_5400.csv,3a32d10feff9f414e3127e0f3ebc71f90186f269c63f1bd5a54672f09243b6a6,8532,True
TimesNet,548_SMAP_id_18_Sensor_tr_2094_1st_5600.csv,08186ac6262d13f624d3cafb6870b1885dc8dc1594e1e7c0fc28fed975b17436,8376,True
TimesNet,549_SMAP_id_19_Sensor_tr_1998_1st_2098.csv,dde3a6f58c94ea742bba09958228f3edbfa57a96b20bc6275cfc1fd562a8565f,8579,True
TimesNet,550_SWaT_id_1_Sensor_tr_43700_1st_43800.csv,1a2327465d4546c8d83bbf682cbc5b98cb966f1d48e2341cf5eaa2202885ab6f,419919,True
TimesNet,551_YAHOO_id_1_Synthetic_tr_500_1st_893.csv,3787b026bd209cc1fefe177852a32daa8f9c81b48aa94f3249a55e4b2909da0c,1421,True
TimesNet,552_YAHOO_id_2_Synthetic_tr_500_1st_893.csv,cfd7adea4dcd2ab36ca3f0133cab92336a2464dd139a231b8b3d8f71987b7bed,1421,True
TimesNet,555_YAHOO_id_5_WebService_tr_500_1st_730.csv,234f4c94f5f65b0d3247cd87b92be403642d42f1c95068d828125fe5630e18bd,1680,True
TimesNet,558_YAHOO_id_8_WebService_tr_500_1st_1125.csv,8ab8258b06e94591e12dbdbd0f890e1fbda758cdb780f68fb36b4342e59825df,1427,True
TimesNet,562_YAHOO_id_12_Synthetic_tr_500_1st_893.csv,b94b2aba384fc00a2087d4dfc9c0e45719ff49b58cc584842036118395f90e4f,1421,True
TimesNet,570_YAHOO_id_20_Synthetic_tr_500_1st_658.csv,ed485b3816a2efb5b6dc1cb136c00ae3804463ba47c268d6d5f18cbebac25dee,1421,True
TimesNet,571_YAHOO_id_21_Synthetic_tr_500_1st_623.csv,bf9a3e141407f37367bdd5e9313ecc6637739b8f06217a5b5cdd86eebfaacea6,1421,True
TimesNet,579_YAHOO_id_29_WebService_tr_500_1st_1342.csv,133cbbe856dee2e66eb3844ad757ca86591a321ef1d956bcacb41e60880531ac,1680,True
TimesNet,603_YAHOO_id_53_Synthetic_tr_500_1st_893.csv,5c84000953eefcf0df64a014d975e29bdce60d552581dbd0f3ea94e984f2382a,1421,True
TimesNet,644_YAHOO_id_94_WebService_tr_500_1st_1078.csv,a68b9ba2d40f94d7b600d93b6b8c11a6d384b71a79b56dea7d9de3839035cc90,1435,True
TimesNet,645_YAHOO_id_95_WebService_tr_500_1st_1047.csv,51ccda454cad652554966d79c9920d0370200d922fdebd29b30b2a9771f0fd3e,1680,True
TimesNet,649_YAHOO_id_99_WebService_tr_500_1st_1386.csv,12f7ffd0b98f25ecfafa4897367915e8446011f1f00a94a70b12e45a67699cf8,1680,True
TimesNet,657_YAHOO_id_107_WebService_tr_500_1st_1260.csv,b0d967e6d4749df0445bdb2e9ee2a25da51f3101c7bedc3124674e813d9aea6a,1440,True
TimesNet,658_YAHOO_id_108_Synthetic_tr_500_1st_893.csv,79dba93c89de0e9b0980322fe7356bcb866bfbba245bb3e5a497a55c035cfeb0,1421,True
TimesNet,672_YAHOO_id_122_WebService_tr_500_1st_857.csv,c2a443521f92f8ca6a25023fc8379dfa9f2f1ea571e897d61a825d48f5b0f833,1680,True
TimesNet,680_YAHOO_id_130_Synthetic_tr_500_1st_893.csv,608608ef9d672cb3cc697d8faafa1b8bb5844fe26dd6258ccef864a189fc3a45,1421,True
TimesNet,689_YAHOO_id_139_WebService_tr_500_1st_1073.csv,59d4ac2df1c37e5bc503c9275a0329ce310d56ea624e10821d61adcd950757a3,1680,True
TimesNet,693_YAHOO_id_143_WebService_tr_500_1st_1003.csv,819fc065ee14514034bd4d937d15146d69b0836b48fa426aef1fef130e03ab0a,1427,True
TimesNet,701_YAHOO_id_151_Synthetic_tr_500_1st_893.csv,6d90f3188711414eccd1cc442f2abb54b81a168f17c942cc3030f1e8b0d03b99,1421,True
TimesNet,723_YAHOO_id_173_WebService_tr_500_1st_1214.csv,9ede174155084370da8eaa0dbb7c0793b9201a39ae9ca04697c3b2ea0ddad376,1420,True
TimesNet,724_YAHOO_id_174_WebService_tr_500_1st_1030.csv,1990e81f4bdb9142641d7276974fb716a72849702333cff11ee9ee38dbbbb1ad,1680,True
TimesNet,734_YAHOO_id_184_WebService_tr_500_1st_768.csv,579e3a9b651bb0e411cbf6e162ee30655d935cd57c9189ab4a152c0831d7fcf1,1424,True
TimesNet,741_YAHOO_id_191_WebService_tr_500_1st_1114.csv,115175df008477fa660b224f5f6566feae0d34eca78ed45d568f8e8925f8286c,1680,True
TimesNet,755_YAHOO_id_205_Synthetic_tr_500_1st_893.csv,a1016859f03ef1499f0aaa8f20f490cdd5fa7c9b0bed55ff048b428336285acc,1421,True
TimesNet,762_YAHOO_id_212_WebService_tr_500_1st_1055.csv,900f2df6b087ad249094c335128f69396e901e143a0353220cabc23c63b0e189,1680,True
TimesNet,780_YAHOO_id_230_Synthetic_tr_500_1st_893.csv,ea971e9e94a00422c0de7be983618a332bbde3575d064dff8d4b0468ef439c64,1421,True
TimesNet,788_YAHOO_id_238_WebService_tr_500_1st_973.csv,bcc5535d35d3fb9dd5a4a5ee100c431b9a54dab7a0bcc4839e7e44fe4ae7915c,1680,True
TimesNet,797_YAHOO_id_247_Synthetic_tr_500_1st_893.csv,304cab08c7d1f722bac2c325abfb88d1150001580d7f2acf2dd0c6fba6217bb9,1421,True
TimesNet,806_YAHOO_id_256_Synthetic_tr_500_1st_893.csv,773df20263a73aa40f83de079f53ee33c9dffae166775ff1ca10e2e86e22a00b,1421,True
TimesNet,807_YAHOO_id_257_WebService_tr_500_1st_1210.csv,9df8ec1485f07583b287ea47207154ea26062cb76c3176017b07b663f3d4b760,1424,True
TimesNet,810_Exathlon_id_1_Facility_tr_10766_1st_12590.csv,c8d695ad11e19435cda4ab027aa78d579629d44b7d15cc3ec42377fb8e5a84fc,43066,True
TimesNet,811_Exathlon_id_2_Facility_tr_10766_1st_12590.csv,bc76525ac32b737ad1aed78daaa8551896e4dc9f528b12bbdc0cb6d8e8e757f9,43066,True
TimesNet,812_Exathlon_id_3_Facility_tr_10766_1st_12590.csv,2d5f43a6baad88e6c5215f5a93a91f3461fc1a2ca65bc77849f8ff0d152f6499,43066,True
TimesNet,814_Exathlon_id_5_Facility_tr_10766_1st_12590.csv,bc76525ac32b737ad1aed78daaa8551896e4dc9f528b12bbdc0cb6d8e8e757f9,43066,True
TimesNet,815_Exathlon_id_6_Facility_tr_10766_1st_12590.csv,2d5f43a6baad88e6c5215f5a93a91f3461fc1a2ca65bc77849f8ff0d152f6499,43066,True
TimesNet,816_Exathlon_id_7_Facility_tr_10766_1st_12590.csv,85ce18639f05424be517ae3b4a7d5e900cf0ae66bcd2ce32ae36d46f38970e61,43066,True
TimesNet,817_Exathlon_id_8_Facility_tr_10766_1st_12590.csv,01a2ce3fb94755279321d24d297a2b723eb5dc45e9dcedd707797fd5a23252e1,43066,True
TimesNet,818_Exathlon_id_9_Facility_tr_11665_1st_13484.csv,4be9fc5605499baf1bae81bbc80e272951fd8165d7a5b07bbe19ba7113c5e7fd,46660,True
TimesNet,819_Exathlon_id_10_Facility_tr_10766_1st_12590.csv,37f90d1fbc74d353b20c8a74499a98f5c85cfd6ca091cc5f39bcdc2f992778c1,43066,True
TimesNet,820_Exathlon_id_11_Facility_tr_11665_1st_13484.csv,5d19f66df3b7f13086a155a01cecea9e9d94c6e2812920a0b4b2d2be1e3cf631,46660,True
TimesNet,821_Exathlon_id_12_Facility_tr_6985_1st_7085.csv,c1eadcff7e95b1179da1c782fbe5aacfcd6a2619e5e3db86b6c5fc23d4b99ff3,46649,True
TimesNet,822_Exathlon_id_13_Facility_tr_10766_1st_12590.csv,01a2ce3fb94755279321d24d297a2b723eb5dc45e9dcedd707797fd5a23252e1,43066,True
TimesNet,823_Exathlon_id_14_Facility_tr_10766_1st_12590.csv,3a36369529378bf5f02759128a4a2d45477a97a811ba2916680a5d7fd7e607a8,43066,True
TimesNet,824_Exathlon_id_15_Facility_tr_10766_1st_12590.csv,08f6f9b84adda95c45cbe79251441d3b4182aded9f18603371f6f472d7a75980,43066,True
TimesNet,826_Exathlon_id_17_Facility_tr_11665_1st_13484.csv,5d19f66df3b7f13086a155a01cecea9e9d94c6e2812920a0b4b2d2be1e3cf631,46660,True
TimesNet,827_Exathlon_id_18_Facility_tr_10766_1st_12590.csv,08f6f9b84adda95c45cbe79251441d3b4182aded9f18603371f6f472d7a75980,43066,True
TimesNet,828_Exathlon_id_19_Facility_tr_11663_1st_13482.csv,63afaa1ab405017d9bcb658cb9fd99a827d9d413a18aa0ba746899e64f069b86,46655,True
TimesNet,829_Exathlon_id_20_Facility_tr_10766_1st_12590.csv,85ce18639f05424be517ae3b4a7d5e900cf0ae66bcd2ce32ae36d46f38970e61,43066,True
TimesNet,830_Exathlon_id_21_Facility_tr_10766_1st_12590.csv,9660c2abbe51ad917f12b40abf79db6b3342ca27c8a04a849c09850491913089,43066,True
TimesNet,831_Exathlon_id_22_Facility_tr_11665_1st_13484.csv,5d19f66df3b7f13086a155a01cecea9e9d94c6e2812920a0b4b2d2be1e3cf631,46660,True
TimesNet,832_Exathlon_id_23_Facility_tr_10766_1st_12590.csv,85ce18639f05424be517ae3b4a7d5e900cf0ae66bcd2ce32ae36d46f38970e61,43066,True
TimesNet,833_Exathlon_id_24_Facility_tr_10766_1st_12590.csv,2d5f43a6baad88e6c5215f5a93a91f3461fc1a2ca65bc77849f8ff0d152f6499,43066,True
TimesNet,834_Exathlon_id_25_Facility_tr_11665_1st_13484.csv,5d19f66df3b7f13086a155a01cecea9e9d94c6e2812920a0b4b2d2be1e3cf631,46660,True
TimesNet,835_Exathlon_id_26_Facility_tr_10766_1st_12590.csv,5de498da0940766ed91cc7395c57cced86fed6c14fbe441725dff76205be58b8,43066,True
TimesNet,836_Exathlon_id_27_Facility_tr_10766_1st_12590.csv,2d5f43a6baad88e6c5215f5a93a91f3461fc1a2ca65bc77849f8ff0d152f6499,43066,True
TimesNet,837_Exathlon_id_28_Facility_tr_8898_1st_8998.csv,02bb5d1512aa8106ff8f136e150402f1c32e87206dcd29a31f4e0a2668323398,46650,True
TimesNet,838_Exathlon_id_29_Facility_tr_10766_1st_12590.csv,01a2ce3fb94755279321d24d297a2b723eb5dc45e9dcedd707797fd5a23252e1,43066,True
TimesNet,839_Exathlon_id_30_Facility_tr_10766_1st_12590.csv,85ce18639f05424be517ae3b4a7d5e900cf0ae66bcd2ce32ae36d46f38970e61,43066,True
TimesNet,840_Exathlon_id_31_Facility_tr_10766_1st_12590.csv,08f6f9b84adda95c45cbe79251441d3b4182aded9f18603371f6f472d7a75980,43066,True
TimesNet,841_Exathlon_id_32_Facility_tr_11663_1st_13482.csv,676ee745be931dee6db86d919327338218f5d5e80ab04f38d128a29b4c1be78e,46655,True
TimesNet,842_OPPORTUNITY_id_1_HumanActivity_tr_7295_1st_27516.csv,350b52488227d879f8f53e743b9541b5feeb643bb2e81b6930f3f84449bb9d4b,29182,True
TimesNet,843_OPPORTUNITY_id_2_HumanActivity_tr_808_1st_908.csv,8b32cf8a4bbe564322ad2bceb1e46eb825cb137d18139aea6f575f890ec3c4c1,9057,True
TimesNet,844_OPPORTUNITY_id_3_HumanActivity_tr_500_1st_566.csv,bd93df4c63ab969c947a89fdf4fb8cb7bce50d4f61082d5dde53f570c3936d9e,15653,True
TimesNet,845_OPPORTUNITY_id_4_HumanActivity_tr_7295_1st_27516.csv,0705eb7208ae5b098a8102cb092e96af6715a924b12d87105abeffefa92f636c,29182,True
TimesNet,846_OPPORTUNITY_id_5_HumanActivity_tr_2085_1st_2185.csv,ff99bd16ea734529ef124a44ccc92802667749e02cd44773e543a348102a7fe6,22194,True
TimesNet,847_OPPORTUNITY_id_6_HumanActivity_tr_808_1st_908.csv,fe5580f47645be1e891f678e03208d9fc857775f5e2863d13bba5c57d5c9d8d4,9057,True
TimesNet,848_OPPORTUNITY_id_7_HumanActivity_tr_1477_1st_1577.csv,bfa7581d06a85338a499032fc4b8cb1b74d553121b6453ebed2004990c971b5d,18011,True
TimesNet,849_OPPORTUNITY_id_8_HumanActivity_tr_1100_1st_1200.csv,04a30db65292d1146df90b737bc6a2363de990bbcd4ee68bec72322d8d30e333,24892,True
TimesNet,850_OPPORTUNITY_id_9_HumanActivity_tr_895_1st_995.csv,ba72a07feb497178ad9a84832920c7c3153cee074cb7a9475076f15b3fe37dc2,14751,True
TimesNet,851_OPPORTUNITY_id_10_HumanActivity_tr_6213_1st_7311.csv,700df13af35b55862e34f92d28a2ff2d432d45c488bce3f42a55f167b66d0905,24852,True
TimesNet,853_OPPORTUNITY_id_12_HumanActivity_tr_808_1st_908.csv,838b1c2402962d76d29c9ee2cf6376c51efe76cb74b3094ae7887cbc60ddb908,9057,True
TimesNet,854_OPPORTUNITY_id_13_HumanActivity_tr_1477_1st_1577.csv,fffa6f6d9b73ee78c912066cf5aebb0d49e4c45f6ab7312fe9e257e9f268c93c,18011,True
TimesNet,855_OPPORTUNITY_id_14_HumanActivity_tr_808_1st_908.csv,6c6aed362edb38ff10d6146d3b4438305183ba0540df9cb53feadaa2dba02357,9057,True
TimesNet,856_OPPORTUNITY_id_15_HumanActivity_tr_808_1st_908.csv,dc3a9a8f26b3175a34b1a439449eb62671a59c7d3f4e06ee66447b8f554518f7,9057,True
TimesNet,857_OPPORTUNITY_id_16_HumanActivity_tr_500_1st_566.csv,e90edac97838cc55771153dd1b3e46aa0e2b874379265f97872c128e04d2c965,15653,True
TimesNet,858_OPPORTUNITY_id_17_HumanActivity_tr_808_1st_908.csv,daf0b8f6ffd97ca31c51868726085fa569565521b817bc48b37a6b3f2c734159,9057,True
TimesNet,859_OPPORTUNITY_id_18_HumanActivity_tr_895_1st_995.csv,6edb9771bfef1095ba633a4bacd88b29eb26b5d576cc3311ed7f1f0d5db5f4dd,14751,True
TimesNet,860_OPPORTUNITY_id_19_HumanActivity_tr_808_1st_908.csv,f23b6ae7bb87ba96a45d3ec2a3821cba46a2594366e0c5fb16c13684ec05d3d9,9057,True
TimesNet,861_OPPORTUNITY_id_20_HumanActivity_tr_2085_1st_2185.csv,3fce86b030ce4656b4712949d19a86fd0c4cff23e28f7936558fea2496ffb255,22194,True
TimesNet,862_OPPORTUNITY_id_21_HumanActivity_tr_500_1st_566.csv,9b15e1a518aea15f8d4c0b6715b954aa7afa2f794ed0b0bbdbb91c90fbb11cef,15653,True
TimesNet,863_OPPORTUNITY_id_22_HumanActivity_tr_808_1st_908.csv,57c685ffa770bbda67fbf221c10b499a349e8aa8bc4c1917ba40833da85659f4,9057,True
TimesNet,865_OPPORTUNITY_id_24_HumanActivity_tr_2085_1st_2185.csv,cf1e44cc4c7a61866bd574c202d542999ab0105053a324cf29a0d7251885f215,22194,True
TimesNet,866_OPPORTUNITY_id_25_HumanActivity_tr_6213_1st_7311.csv,e06894d573c4efc2a3a69ff475b0f21e95389a7150f2fc983274f1404c99d26f,24852,True
TimesNet,867_OPPORTUNITY_id_26_HumanActivity_tr_808_1st_908.csv,1f41b8517ea1c6a6c506b40af832c811070f19bd1291f697f0de6135e0851638,9057,True
TimesNet,868_OPPORTUNITY_id_27_HumanActivity_tr_2085_1st_2185.csv,1cc6ba32ed1eaad9f3c21b886d9409dd3e1bbd7d77ebf623cbc79b56536b35c8,22194,True
TimesNet,869_OPPORTUNITY_id_28_HumanActivity_tr_500_1st_566.csv,58625c6d1fa424eb2fb387f45352016a591976871e2339e0f772962109ea82a8,15653,True
TimesNet,870_OPPORTUNITY_id_29_HumanActivity_tr_1477_1st_1577.csv,0b202ce9d3f42886dbeee2f3955b1159af2db8f17bc7dfa83b68b122bbba18a1,18011,True
FITS,001_NAB_id_1_Facility_tr_1007_1st_2014.csv,ec55a2b4751d724ed203250356bf0c7788b0e61a3843839cf0f22fdd38222317,4031,True
FITS,002_NAB_id_2_WebService_tr_1500_1st_4106.csv,496ed1dc1e1bc8d2164c55ac39f162f5557b878f15dcaa9f2437098c03e76c27,6000,True
FITS,005_NAB_id_5_Traffic_tr_594_1st_1645.csv,4f5fe9bec2be9baee7beed7cf1139a553ac2ec453ab98c392cd135339234354f,2379,True
FITS,006_NAB_id_6_Traffic_tr_2579_1st_5839.csv,26749a338cb46cabeff04ba7aad9de2abdad749fe844d16eb54af5ebcad7d82b,10319,True
FITS,008_NAB_id_8_Synthetic_tr_1007_1st_2734.csv,27610594a0bc350fcfb6282db429ac9e389625e812d9313c2346bd9ff0791eab,4031,True
FITS,009_NAB_id_9_Traffic_tr_500_1st_438.csv,9b0523b60ef1fce7e4171f9560e2b9a34d296e2e5b79bc3bf59351825c88b8b2,2161,True
FITS,010_NAB_id_10_WebService_tr_500_1st_271.csv,167a0ac411dc350d0674e4984499ba51e52f879bda3fc924ad289cc70ae10dc6,1000,True
FITS,011_NAB_id_11_Facility_tr_1007_1st_1526.csv,4ac7c593e156b5d4d1c5df59b8dd52e84a179a9879522456991b6d2cd5cb3dfa,4031,True
FITS,013_NAB_id_13_Traffic_tr_623_1st_2084.csv,7f2eabcb8a9807860f03bfb8336ab50c254759bd006a08ea42442e7f65990b02,2494,True
FITS,014_NAB_id_14_WebService_tr_500_1st_1045.csv,c7f22082f5903dc43616d47920265e0db21599f8820fdcbb0f7d44f36a00cd91,1537,True
FITS,015_NAB_id_15_Synthetic_tr_1007_1st_2787.csv,fb9a63e53f81785f52c69a08af2b463e30490d5a0a7eae881c543df5fda906d4,4031,True
FITS,016_NAB_id_16_Environment_tr_1816_1st_3540.csv,eb89812cc95a76aa43895c577419ba139c1b015f3b7fee7c8c676ae45f053a0a,7266,True
FITS,017_NAB_id_17_Synthetic_tr_1007_1st_1805.csv,567ec059ef51725c64eb534805cb6431769b376062c96aaed12ca79a981b290f,4031,True
FITS,018_NAB_id_18_Facility_tr_500_1st_669.csv,a543f528a4221e02a7dae6376e2ca4944838fd178b444252d154895d92112535,1881,True
FITS,019_NAB_id_19_Facility_tr_1007_1st_1171.csv,c12f96684816550be35bf4392e6febb3e0a7be9f1ad762fe50401a8658bf0ee2,4031,True
FITS,020_NAB_id_20_Synthetic_tr_1007_1st_2679.csv,f1940656e233f915a786f19f01320c9bb24c6b54227ec75b21dc71bbb75f82c3,4031,True
FITS,022_NAB_id_22_Facility_tr_1007_1st_2980.csv,a94f58566c2ed4e251fd91a16c92ce19907416dab9b1b5274ed3e2c20f7fba52,4031,True
FITS,023_NAB_id_23_Facility_tr_4512_1st_16551.csv,4b06e4da7d985262e6835e0547463b12410e645553d7f4f24379c44d8b20ca68,18049,True
FITS,024_NAB_id_24_Synthetic_tr_1007_1st_2787.csv,763e43f1bf65a7b1eeaf6beb2a68a44e7f0c6191cce898e052114f2e5b69e1b2,4031,True
FITS,025_NAB_id_25_WebService_tr_3958_1st_4614.csv,f7dbcbfafe3884e44307c9e1a4aeb1f709b2281a111408a4e21b62e00c8472e3,15832,True
FITS,026_NAB_id_26_Traffic_tr_624_1st_2261.csv,995b4797501482be3ebe7c027a5a0040a0e078775965a25a146f413a2d5b4e02,2499,True
FITS,027_NAB_id_27_Facility_tr_757_1st_2582.csv,2a859d9148c770e70e76221e6ee9109c995f7b0bb2ee8a6ce3d4c2c44512b00f,3031,True
FITS,028_NAB_id_28_Facility_tr_1007_1st_3447.csv,95caf57e32149ec7b9231e83f1c33aa3c71897448a2730f4563d8616e3b92967,4031,True
FITS,032_WSD_id_4_WebService_tr_4559_1st_11822.csv,62d55e62374a8208dcaf47769359fa936b45dbc85de8870cf28c7bba5f7f1fe5,10686,True
FITS,039_WSD_id_11_WebService_tr_1746_1st_1846.csv,7f635f30fc034a735aeb6a0e2c46058f9b29ca893d41b2dfe141f03c1e743787,18219,True
FITS,040_WSD_id_12_WebService_tr_4559_1st_9714.csv,c7c0852f00f2e4b491063f207ee2ac31645d1f6345858f57a8e9ef82c61a9ee3,18236,True
FITS,043_WSD_id_15_WebService_tr_4521_1st_6828.csv,12f4198ec055e5905a854c8d9034c63228b0fac3a2ccb0f9d59bf8ad39d6a222,18085,True
FITS,049_WSD_id_21_WebService_tr_4297_1st_7097.csv,e06d9a0ae9a044f5c440a882cacfeb486008a183cfe0ea84057be511a1af6aa6,17189,True
FITS,054_WSD_id_26_WebService_tr_2409_1st_2509.csv,e091a77f54cc0ce16b4a6cee3c7335b72dbbc8d023595e2733f6597e106aa4fb,18391,True
FITS,058_WSD_id_30_WebService_tr_1136_1st_1236.csv,fec62cb99eb6c94e43873082d2162fd612c6e2d91dbba0a658e86ac8432bd8ba,18236,True
FITS,060_WSD_id_32_WebService_tr_4576_1st_4766.csv,fe9f5893c2e962ec4a5c2e8513f16cd2962ea9ecf3be9547ce3075d00aaea798,18305,True
FITS,068_WSD_id_40_WebService_tr_4549_1st_13322.csv,debf91b7a06bcf7b7e83c61d5bf7acb3bad443320d300f1cdf195457f1c3c306,18197,True
FITS,074_WSD_id_46_WebService_tr_990_1st_1090.csv,172f24c0a45c413507828cd15cce8501daf34f25a499131fdd8abb4695ab4be5,18236,True
FITS,089_WSD_id_61_WebService_tr_1010_1st_1110.csv,c37fb78c7b4e4ab174328b6e103609727db746358f7f82237b493952e9e46583,17429,True
FITS,094_WSD_id_66_WebService_tr_3309_1st_3914.csv,fd4b89cbfa99a5eba429eaaf8bca0665c2917cb67304e40690afee784568b3f7,13237,True
FITS,099_WSD_id_71_WebService_tr_4559_1st_14411.csv,e3f551db9b254ecab633c017c98b6943908bb6f2f844e2bd37505696c6b53e5a,18236,True
FITS,106_WSD_id_78_WebService_tr_3363_1st_3463.csv,b3da2376a169da9692c13d5d3d11c7504a713ea28c7eefb8812f82d24ec80749,18236,True
FITS,113_WSD_id_85_WebService_tr_500_1st_335.csv,6208a1f32c8cc1aa003ad41300b0dfdab5188736f359678d5c6c4ad9371ed229,18242,True
FITS,117_WSD_id_89_WebService_tr_3251_1st_3351.csv,69dae6ae6f5e56315f340b5f2a18e3858bde8673b656acdd2330927b41bb3afe,16376,True
FITS,125_WSD_id_97_WebService_tr_2217_1st_2317.csv,40ed5520c778d747348fea103151ea62f4e0691cc11beee28845baa9e9b5d597,18250,True
FITS,130_WSD_id_102_WebService_tr_2362_1st_2462.csv,33eeda379e7422564f94429dd22d7a0d7a5384bfa4edce62695381de0c454a03,18236,True
FITS,137_WSD_id_109_WebService_tr_4559_1st_14404.csv,704a58a39551ecf49b9c39f984165be19e29543bbbc00f8d19306568670a6be6,18236,True
FITS,139_WSD_id_111_WebService_tr_1701_1st_1801.csv,8602d467a0e08ada6755d8ae13179f7400a56147449f8bb276a7f6ef82180cc9,18381,True
FITS,140_MSL_id_1_Sensor_tr_530_1st_630.csv,7189ad2275b60028b753e9e367a5732eb2ce28f87f94faba44100c8cd2b7e188,2430,True
FITS,141_MSL_id_2_Sensor_tr_500_1st_550.csv,ec0cfc1d4dc2a7bf47b89db420bbb39098ee1d4e5943371f84bc368dff3096be,2264,True
FITS,143_MSL_id_4_Sensor_tr_980_1st_3550.csv,28cb2b43e6b6dd8f0c04afa69d77579dbe1f78c6e57e0bee0e572fd5e20f3cbc,3922,True
FITS,144_MSL_id_5_Sensor_tr_1525_1st_4590.csv,ea7cd334eb8b523ace414e75fa062bbed48f930aa5eb14d79df02546b6d432b5,6100,True
FITS,145_MSL_id_6_Sensor_tr_530_1st_630.csv,63559a023871a069bf0e9ac6753546e17180ae81f89e86dd7914a92c2ee3dc8a,2430,True
FITS,147_MSL_id_8_Sensor_tr_590_1st_690.csv,282119277828bcc233380b589c3f61126e7588f5290834e349f135318bee9ef8,2430,True
FITS,148_MSL_id_9_Sensor_tr_883_1st_1238.csv,ae6394d0f90c9d1929b4e211444e3aac01178ed2eacb8543aa47208a57278aa7,3535,True
FITS,149_Stock_id_1_Finance_tr_500_1st_7.csv,717c44873f8cb608fe9b68287d81616402eb1cef16e13739ce66405e0672d1a7,20000,True
FITS,151_Stock_id_3_Finance_tr_500_1st_62.csv,cc913a4bcc80b2d2cdcf3f222eddfb7e137008655f1a18151aec29eb110b7623,10000,True
FITS,155_Stock_id_7_Finance_tr_500_1st_18.csv,6ad81915223f87a0e0901febb5524db71d49ba2f1479a5e8634eafe5890bf832,20000,True
FITS,156_Stock_id_8_Finance_tr_500_1st_24.csv,bf3188da8e3e944c138bb2448633e07c91088d31540add0d34b88404dd0ac47f,10000,True
FITS,160_Stock_id_12_Finance_tr_500_1st_14.csv,c349165c5835816184892e609b63935d74c513b8a5a336b6c47d43737c6db18e,20000,True
FITS,162_Stock_id_14_Finance_tr_500_1st_4.csv,60c2aff176d1a2ca4a332ad88a58c82dcde6832e949cff094b282ca0dea1b24d,10000,True
FITS,165_Stock_id_17_Finance_tr_500_1st_7.csv,1a7c894621a9e9de57475289e8ae8a45662be5fe50d43def7bec0d59814ee26c,20000,True
FITS,166_Stock_id_18_Finance_tr_500_1st_18.csv,8985a004bd0e49f1185877fc84bd850a211b9262e4396b405e60bbb3c01a59e2,20000,True
FITS,169_Daphnet_id_1_HumanActivity_tr_9693_1st_20732.csv,33d5c80c7f34c33a761cb539674aa6135afa48031e604fb485e39f102bd96342,38774,True
FITS,170_MITDB_id_1_Medical_tr_17675_1st_17775.csv,8f2c0f11f069744e5c38030a246e1b94cd13210a604884b26b43b2daaf13640e,500000,True
FITS,171_MITDB_id_2_Medical_tr_50000_1st_88864.csv,034b5116c88bf11a2eb91ed38ae065a7c0a240f8aac7aa641b7a8697670e7915,650000,True
FITS,172_MITDB_id_3_Medical_tr_27274_1st_27374.csv,d65c0e66de17c388d422b4817969625942ef4dd3e05aa1b846a9c90962908e5a,650000,True
FITS,173_MITDB_id_4_Medical_tr_13620_1st_13720.csv,ea08c15f676c1d69c4da4404c57c53d7177e6234fe0d08b329bcb7aed6138235,650000,True
FITS,175_MITDB_id_6_Medical_tr_27274_1st_27374.csv,78a00dae5d2eb9cc4ebebb8247d3f97b42e5cbab73236fd7af209efed0d603af,650000,True
FITS,176_MITDB_id_7_Medical_tr_6232_1st_6332.csv,6939570cc760f6ccf7d24468b9f94c90acae743cdd1db1b999583ddf5e1865d4,650000,True
FITS,177_MITDB_id_8_Medical_tr_17675_1st_17775.csv,74464a599182d17f46e5d09a6b13050a401451cedc39960fa2bd319100b79452,650000,True
FITS,178_SMD_id_1_Facility_tr_6000_1st_10609.csv,ff78fa1cca95c73c94af2526963fc3e4cf8c3245fea49c9903bb7b00aeb32824,24000,True
FITS,179_SMD_id_2_Facility_tr_5925_1st_17580.csv,5147cf832a5a2bfa5c0c2e924785be846cc6fbfbce1cf3643ab4330691ac0a93,23703,True
FITS,180_SMD_id_3_Facility_tr_5925_1st_17580.csv,17b7967adf198ace82c0b626be2fa24c3ca8a240c18c7d62943104a52007504d,23703,True
FITS,181_SMD_id_4_Facility_tr_5000_1st_15144.csv,ce5da8df66c574dd515816c29b8d35501ad0bf135e8f711bad56500fea8af7a9,20000,True
FITS,183_SMD_id_6_Facility_tr_5925_1st_17580.csv,27b1bce9e465cd11d8cb0d7cc96c5e8a7532119101ef9b4491fd5640f5bcc02e,23703,True
FITS,184_SMD_id_7_Facility_tr_7119_1st_15849.csv,6b7e4ced7675126e3a92438f0dc2bd9add494158ccd7b9514603674ac15cbc97,28479,True
FITS,185_SMD_id_8_Facility_tr_5000_1st_15144.csv,1796994c4ce2b2250657a7f98227442a99729b3912ce56669f8f189e5f48ea73,20000,True
FITS,187_SMD_id_10_Facility_tr_5000_1st_15849.csv,d251ba03a2cda91ca0ea909eb9073fdd41ad9aa63619cab29b822b5b8ee86529,20000,True
FITS,188_SMD_id_11_Facility_tr_500_1st_392.csv,b290e35826127563786c032825468058be07440e0b2c748a6d2203e91edbc00f,23703,True
FITS,189_SMD_id_12_Facility_tr_5925_1st_17580.csv,5dc03034a3df1fd25bedc78059211cbe921ec822440c94e61ed15eaba2db11a9,23703,True
FITS,190_SMD_id_13_Facility_tr_7119_1st_15849.csv,1a6b61a599311e0bae85b7a150d910b68cd1ab29776d62ff1ca76ce1fdd9f912,28479,True
FITS,191_SMD_id_14_Facility_tr_4596_1st_4696.csv,9911e2b59975575a8c264f3fdd749503474183a53ad824c2764f8b9ba25a6e2d,22700,True
FITS,192_SMD_id_15_Facility_tr_5925_1st_17580.csv,40caa62bbc1dec0ed5b68da5c17239830d9e1258bf91ccab8971edda34296ecf,23703,True
FITS,194_SMD_id_17_Facility_tr_5925_1st_17580.csv,f10539949e2c2a0c79d6b929056dbc60e4346d2230f596acda2a3367e69ee4fd,23703,True
FITS,195_SMD_id_18_Facility_tr_5925_1st_17580.csv,016ab0b69db424a50a58a9522301108486868e6135e4ac407c610ea0054cf075,23703,True
FITS,196_SMD_id_19_Facility_tr_7174_1st_21230.csv,1645366d0eaf4a31390453db3d203c09e9a4a32f58b520a1e0723327b7693019,28696,True
FITS,197_SMD_id_20_Facility_tr_5000_1st_15144.csv,e623e05c1c0d17cee6fcd20a10c39b53d5740c717b7540949de7ad224ff0ef46,20000,True
FITS,198_SMD_id_21_Facility_tr_5925_1st_17580.csv,27fbf37eb11eb48937457624c4ea94bc769523a98b1cdfc8bd7e5bc1ef8d3bfa,23703,True
FITS,199_SMD_id_22_Facility_tr_5925_1st_17580.csv,c79943f041b355a3146ada06f0eb633fdf6181510856ea3656b3d15c292a2271,23703,True
FITS,201_SMD_id_24_Facility_tr_7174_1st_21230.csv,9d2e32b43d8e54299ce2e48947c1a0aa445918f18d299bef63ebe3e28980c98a,28696,True
FITS,202_SMD_id_25_Facility_tr_6250_1st_21230.csv,95a715c2b58a66fea97277ed7648b6dc5e8a837cdf65656e8d5bee7b8af7ad93,25000,True
FITS,203_SMD_id_26_Facility_tr_7174_1st_21230.csv,bd45ad1bfc77473ac91c975cb43df9aebb3904f58fba8917b7c693e7aa154100,28696,True
FITS,204_SMD_id_27_Facility_tr_5000_1st_15144.csv,3e9efa4e17344ead8a543bdabff61d0470be73a9d11c7be8578c609aa8f9dd89,20000,True
FITS,205_SMD_id_28_Facility_tr_5925_1st_17580.csv,af6b8f466c2086b90f8634eaeea449cfb9250ad300f8da288629337973fef404,23703,True
FITS,206_SMD_id_29_Facility_tr_6250_1st_21230.csv,8f7e0dbdda1624954b6907efc84c740cb703d1cdaff8a910b3a3558f6acc1b20,25000,True
FITS,207_SMD_id_30_Facility_tr_7174_1st_21230.csv,4408344d629da8bcbbcd53fda0577366c8712be0ca49d9a6fdec3bcec7986e3e,28696,True
FITS,208_SMD_id_31_Facility_tr_5000_1st_15144.csv,d44947c513e704ba6de5bf9d9fc0c728e595c06cdc2f2e02b308f69d68422801,20000,True
FITS,209_SMD_id_32_Facility_tr_5925_1st_17580.csv,9dbb2afe8ea43c85458d0ea98bb6948d7744089b06facf5177a44a5964d89a18,23703,True
FITS,211_SMD_id_34_Facility_tr_5925_1st_17580.csv,8ec6df6f85f61a8895931d1677da96887bcf59541713710ef0cddf857fe5913b,23703,True
FITS,212_SMD_id_35_Facility_tr_5925_1st_17580.csv,05f030e3facb292c1714b7b834db885da653f3673aa4821050f27c86c5e87dea,23703,True
FITS,213_SMD_id_36_Facility_tr_5925_1st_17580.csv,f62f9911c3e716dbd47f639aed842689034c024805162d34bad3f7c3cc6daa19,23703,True
FITS,214_SMD_id_37_Facility_tr_5925_1st_17580.csv,6493f2f0ff1e8f41b4ab526cdd20cc5b93ebf52849e8f20be1e1d3fe02a6a85f,23703,True
FITS,215_SMD_id_38_Facility_tr_5925_1st_17580.csv,73c45460fc13e69f1486097e86ea95918aef8ecf8a5ccf1a4ee01b3490a60a0a,23703,True
FITS,216_LTDB_id_1_Medical_tr_500_1st_266.csv,35c15f3b60ae8fc9da9b66ecbd4637e63c70ccd7e0b9b6e2d988a92480bbd479,100000,True
FITS,218_LTDB_id_3_Medical_tr_500_1st_266.csv,a532e441339999d50bb1f6491f1eb8b69da6ccf3dd0ab247bd8ba36ef760d5a7,100000,True
FITS,219_LTDB_id_4_Medical_tr_3618_1st_3718.csv,7794a15c3c799037b049a00ba09beb9aac52d8ae112b38a8108a4e970d8cf13b,100000,True
FITS,220_LTDB_id_5_Medical_tr_500_1st_26.csv,48bacd04613df1123010a952ef75965052bb39ba3c30237413406cb9a36c1873,100000,True
FITS,221_LTDB_id_6_Medical_tr_500_1st_26.csv,62316f51d20f1d2f855fac551aa017371c67c5b5261d742fbd2451a7e2788650,100000,True
FITS,222_LTDB_id_7_Medical_tr_3618_1st_3718.csv,4ed7b62e4503828b7fe2b0ba446c14c4a51ae5c2a856721c6167cc5d2b745b4f,100000,True
FITS,223_LTDB_id_8_Medical_tr_4456_1st_4556.csv,5d9033fc885a6334bef41ce238f995fc03e04bd9eb90df5bf3e23f844c1700b6,100000,True
FITS,224_LTDB_id_9_Medical_tr_4456_1st_4556.csv,dcbab5e096097635a9634a3ed2b2170fafb2f03b905d817e4bd3ad6ce26c3ba8,100000,True
FITS,225_MGAB_id_1_Synthetic_tr_25000_1st_38478.csv,11b38089345bd9dffb87b20adbee7d0671a1aad2adb1daf0f0faac86ec802f2b,100000,True
FITS,226_MGAB_id_2_Synthetic_tr_20000_1st_45134.csv,cea552cb9a4d90a98a9e961fc30e85df09297dfc1be391c324a5eb598fbb6709,80000,True
FITS,227_MGAB_id_3_Synthetic_tr_25000_1st_44340.csv,fedeb76db46ce83ac75f90fab0abe4fd3adac600c0d63eabb8b053786960c2fd,100000,True
FITS,228_MGAB_id_4_Synthetic_tr_25000_1st_38948.csv,7ca41c90f717baded6e3131b3f3ab7b0b92f0a148caee079f6ce017820e53416,100000,True
FITS,229_MGAB_id_5_Synthetic_tr_25000_1st_33098.csv,1af03e935c56f1329290e523cb80cd12824f0d424f6f58a4ab71e8501288c62a,100000,True
FITS,231_MGAB_id_7_Synthetic_tr_25000_1st_35544.csv,4513a2fd0a1ea224990eb05c273b2dcd1473ae56dc52e593d0ada392927e3470,100000,True
FITS,232_MGAB_id_8_Synthetic_tr_25000_1st_32708.csv,8710eb5d495cb588e2d0a177500b6999b08ab0034b248586ec54bde9520ccd08,100000,True
FITS,233_MGAB_id_9_Synthetic_tr_25000_1st_41300.csv,4b8f64d2b14a06b2a451d2b48a96718ffc14d1dbb5d162de2e9474ed92b660fd,100000,True
FITS,234_SED_id_1_Medical_tr_3740_1st_3840.csv,61b773b54f95ab750b4d2ddc14e6f8d0055cbaa60022be5b3151bad2e9662a57,19999,True
FITS,236_SED_id_3_Medical_tr_3740_1st_3840.csv,727dea22cd4048af7a1d432ddfc5bdefd682c7786740ed0ebcaf50dd513901d8,39999,True
FITS,237_SVDB_id_1_Medical_tr_11587_1st_11687.csv,988a6f397658971953089d213e72ccb94d4c12463c3645d19634924889cd1835,130400,True
FITS,238_SVDB_id_2_Medical_tr_25000_1st_71963.csv,225324e1026a5a41fb4b5206915ab5b50e53f414d652dcd7356b5c603a7eb8fa,100000,True
FITS,239_SVDB_id_3_Medical_tr_50000_1st_106634.csv,4b234996e2d4e43adc6dee373a6ba3eae58ef61e19206e39aadace0c0056e630,230400,True
FITS,240_SVDB_id_4_Medical_tr_18462_1st_18562.csv,59c88336d9071baae51f07793f529b33f9b1633e26d3ea3e6cff8361015eced4,130400,True
FITS,241_SVDB_id_5_Medical_tr_11587_1st_11687.csv,4f6a28b77da7f29eaccb312a78135d5fbd65f35ce6ee9a7410c43b311c073147,130400,True
FITS,243_SVDB_id_7_Medical_tr_11393_1st_11493.csv,a65c6e360fe7185e7fea75f537d9b5cedd78c941d7aee90424f152c54fa7e407,180400,True
FITS,244_SVDB_id_8_Medical_tr_17803_1st_17903.csv,702a2c446330d037f060b0515109fd9cbccb1d008f878f19c182fa43e7335952,130400,True
FITS,245_SVDB_id_9_Medical_tr_12607_1st_12707.csv,d5514ff1d7f3a9bfdde0ffe7c32f490bfe270fbc8f932210ac8cf6f2e9ffb01e,180400,True
FITS,246_SVDB_id_10_Medical_tr_20100_1st_68460.csv,4e5fae4bbf7e31852b1135263d5fe8bfe5ae4262b5a186a2b6b313568668491b,80400,True
FITS,247_SVDB_id_11_Medical_tr_20100_1st_23611.csv,f678a0ac12bec9137ea18cfb9cdec5c3353dd6c051efbf9e9c5b21431c034c96,80400,True
FITS,248_SVDB_id_12_Medical_tr_18462_1st_18562.csv,1cda6c7010d3d1b4b1a892314295a9cd32d70747d3e4ebdbd12c1e72099aafab,130400,True
FITS,249_SVDB_id_13_Medical_tr_50000_1st_54982.csv,8a0d367a3b82135a0944168b55d0877aad887112052ac50271f159f7858a2233,230400,True
FITS,250_SVDB_id_14_Medical_tr_50000_1st_107354.csv,1ffcbf11138134da4c5950f4fd8acb1a0310db2b561c1583ebb16656ca63f509,230400,True
FITS,251_SVDB_id_15_Medical_tr_5421_1st_5521.csv,d07feb3ebe489cf2390120bf97ab384b2c94d276ead331994523dc64797d1008,230400,True
FITS,253_SVDB_id_17_Medical_tr_17803_1st_17903.csv,808302530978dba709f877527c103dcef4eee3cdffd70379c2991fb46fb622fa,130400,True
FITS,254_SVDB_id_18_Medical_tr_30824_1st_30924.csv,e030fed61c42077835e74ce4d727fc200ff9535853efd6d4cefd75c859af49cf,230400,True
FITS,255_SVDB_id_19_Medical_tr_50000_1st_54982.csv,bcb3aa19f27e3b2084b711a85f770dcbf2f078d4df1d21bd369d28876589d5e5,230400,True
FITS,256_SVDB_id_20_Medical_tr_6264_1st_6364.csv,e29f8504a32efb025e656e707b19910d1e6746f23dd8409a82c8f97297ed2657,230400,True
FITS,257_TAO_id_1_Environment_tr_500_1st_3.csv,59159b79338f40d9ba740db237e4909f3de6937b6092c4de445672e46a9b25d2,10000,True
FITS,258_TAO_id_2_Environment_tr_500_1st_4.csv,66764057bc7fa5e4d168398fdaeed6bb1f45b0598f59b68176e0139e2051c82a,10000,True
FITS,260_IOPS_id_1_WebService_tr_5000_1st_11804.csv,7570060314ef76b807ac1fe3c7182ebf3e6f3e2fd454df9d4208845a08d72248,20000,True
FITS,261_IOPS_id_2_WebService_tr_2178_1st_2278.csv,6f561d00238fa7306e0bf0b82e9708741cbaaed56a3ff06d8534936d7bdf6410,8784,True
FITS,262_IOPS_id_3_WebService_tr_7028_1st_7128.csv,8055b67921bc90c80911a239010deab405cbceaeff175afedc45229834d57183,125135,True
FITS,263_IOPS_id_4_WebService_tr_3482_1st_3582.csv,8ebebd788bf90e432d9816f721ddda781cafbf7fcf1f9540c5700a9846cbe185,149123,True
FITS,264_IOPS_id_5_WebService_tr_11665_1st_11765.csv,a6a8f35b893be3ea2cf356c10831a81a5869a1d4cd9bb50268028c365ca09462,60000,True
FITS,266_IOPS_id_7_WebService_tr_4010_1st_4110.csv,62fc57e485ef6d0b815d9f5a8accc41f27b7cad6981154a82f6980a2d4f6438c,89155,True
FITS,267_IOPS_id_8_WebService_tr_1534_1st_1882.csv,e153a7d839931ee0ba195ae7e07854d19a80d9864aa50a1e0cf00497cae48d90,6138,True
FITS,268_IOPS_id_9_WebService_tr_6216_1st_6316.csv,7acbfe12cd6ea5e81993f2a3e6537066c680ac6aae3c8b09b5a29fa0b2edee29,29133,True
FITS,269_IOPS_id_10_WebService_tr_1216_1st_1728.csv,d4ec8ca70c2c952671bb054ad72b64e42134f5b37ab45940d4ff324d27475aee,4866,True
FITS,271_IOPS_id_12_WebService_tr_500_1st_341.csv,91ff5295c5286a15446b8ad511746e26f01f462eb5233faef67f7f96f1dbbc84,8784,True
FITS,272_IOPS_id_13_WebService_tr_3442_1st_3542.csv,c139da3d9fd68dc66e5835976a4d3b8e3ac6c0683f14637aa54f0738eecf82fa,149156,True
FITS,273_IOPS_id_14_WebService_tr_5569_1st_5669.csv,f410d77ca01d284af96e34d95bbed167c443f9ef90acbdc4c20fcc81f5f67168,149122,True
FITS,274_IOPS_id_15_WebService_tr_4591_1st_4691.csv,e68a620f41d7a425317f8d22b8e187ed82adb2bf953158c4ed4bd4fe08cdc79e,149132,True
FITS,275_IOPS_id_16_WebService_tr_1482_1st_1582.csv,becf8d6f378b6c8788c3b42ff631749647969149f7ebb87f7be27b1d1f5c3e51,8784,True
FITS,276_IOPS_id_17_WebService_tr_19197_1st_19297.csv,c4cfd65a96f6d47d080a619c3e8607711739f6476b781ccf91d80f98a555113a,91370,True
FITS,277_NEK_id_1_WebService_tr_500_1st_17.csv,7c04f3ad2b99a23b365264f5f86b254bda3d83dc59fafb48873ae449cd6411e3,1073,True
FITS,278_NEK_id_2_WebService_tr_500_1st_64.csv,c7e95d580d58a6ef849667cce73275fa84f2f32fc566318a62acda7064d1ff29,1073,True
FITS,279_NEK_id_3_WebService_tr_500_1st_974.csv,5d8ac7e86cac3281013f04508a87b31b7b14d9b64e740e1d6551d48eee571fc6,1073,True
FITS,281_NEK_id_5_WebService_tr_500_1st_974.csv,a7425eea7965113538df13de5a7e1effabc301853ce16e3b12363b5e9029b945,1073,True
FITS,282_NEK_id_6_WebService_tr_500_1st_64.csv,779ae74b3eb7f04046e74f25675d222be7888019146f93817607b04629287dac,1073,True
FITS,283_NEK_id_7_WebService_tr_500_1st_777.csv,78e1721236c311fe5e995b432aef3c4340f62266df5998c83f778a5caca14ea3,1073,True
FITS,284_NEK_id_8_WebService_tr_500_1st_976.csv,5235d3b958bf20cf1f301d7df837f7ebd48e08f97fe908f612a605cb902cb9e4,1073,True
FITS,285_NEK_id_9_WebService_tr_500_1st_780.csv,78e1721236c311fe5e995b432aef3c4340f62266df5998c83f778a5caca14ea3,1073,True
FITS,286_CATSv2_id_1_Sensor_tr_17792_1st_17892.csv,a51110c3cdeffba243372a359383d96eacaa508a4f72339538f8a2ede8bac6f7,300000,True
FITS,287_TODS_id_1_Synthetic_tr_500_1st_11.csv,9fe67fc2a6161658fa0a3be4aeaa455755c3152b17b010ecbc87180e9b131fba,5000,True
FITS,288_TODS_id_2_Synthetic_tr_500_1st_65.csv,78098f8be810d99b8202b4a5a018a11e7cb0b1d38572175913562774b356256e,5000,True
FITS,289_TODS_id_3_Synthetic_tr_500_1st_26.csv,7850911605a6675d8ce3eaf31e692a30a142812f7c344f5cd5070d935881e05e,5000,True
FITS,290_TODS_id_4_Synthetic_tr_500_1st_26.csv,38b102233cd3e2fdcbc03595323229e144cd2cd87de2cbc356db25fe7173fa8a,5000,True
FITS,292_TODS_id_6_Synthetic_tr_500_1st_11.csv,12163ee12491213f4981ff6d7252a175f49463fbc53007548be21cbf66159205,5000,True
FITS,293_TODS_id_7_Synthetic_tr_500_1st_7.csv,78b7546fb411b538f7a52a92872280c96add543fbf1ac2d8f1c95f2be0dd63f7,5000,True
FITS,294_TODS_id_8_Synthetic_tr_500_1st_200.csv,c7ca0f837fc5358f9537f27750ad2d494213384d77f6b6ca60662d1dcd32853a,5000,True
FITS,295_TODS_id_9_Synthetic_tr_1250_1st_2046.csv,e4b437880c9b5673048ac86edbca53770997d571acc89626501e2aaf87fefc5d,5000,True
FITS,296_TODS_id_10_Synthetic_tr_500_1st_26.csv,5d291440ef5bd51d46742861a5a7438b3f66af564e51ba5a156a15fa3e27eb50,5000,True
FITS,297_TODS_id_11_Synthetic_tr_500_1st_7.csv,6dcade03106a8d11ab49067ce84e87645c066993a1d258ae28bae2e6392172ec,5000,True
FITS,298_TODS_id_12_Synthetic_tr_500_1st_0.csv,11e4ecb6f8f27701ea355eb1f8179bf2d777573de042375458fded88240f3620,5000,True
FITS,299_TODS_id_13_Synthetic_tr_500_1st_65.csv,0c94f8366e367ee3417e50e666366e95e8f22bd153d623806769a7db21575ce3,5000,True
FITS,301_TODS_id_15_Synthetic_tr_500_1st_245.csv,9a4ced6698508a1d5e3cb83efebe9f5afe289f17313e6e072e008efc770b66ca,5000,True
FITS,302_Power_id_1_Facility_tr_7685_1st_7785.csv,beab324ca74363eba5394053ee9a3d4f9ad4ec15158d730e83593dc63c982c6f,35040,True
FITS,304_UCR_id_2_Medical_tr_2499_1st_7000.csv,9a0a279c8ce895a7bf5e5972ab9712bb59487b4fb0b1bd268529e88899be891f,9998,True
FITS,307_UCR_id_5_Facility_tr_29895_1st_39240.csv,c987fd676605ebcc44db4904698f5b10b1edaeb787709ed648eabe773018289a,119580,True
FITS,309_UCR_id_7_Medical_tr_3000_1st_5948.csv,8b89e6ec93a77152f39e8e8682a1ec0163afd47741ecacc7f7a654b83b0b489f,12000,True
FITS,310_UCR_id_8_HumanActivity_tr_2631_1st_8285.csv,c7beb0825b1a85b91f8f44b9af40a201e50cb6304e7d83647893231b555dd86a,10524,True
FITS,311_UCR_id_9_HumanActivity_tr_16000_1st_38400.csv,d9136eb50bed340ac44e81537c5aea6f207e00b799c17797fb6c7866c45523da,64000,True
FITS,313_UCR_id_11_Sensor_tr_2827_1st_4711.csv,ddf36165ea720985c141f524ef16510f6d05fcd2bb194ab779606ce58248a8f8,11308,True
FITS,315_UCR_id_13_HumanActivity_tr_16000_1st_33070.csv,2e3aa322215ab939a715630fb6f759ea4ba3584b13aaa6450ef2607ae7f3cca2,64000,True
FITS,316_UCR_id_14_Sensor_tr_2833_1st_5988.csv,3336f17bcb4e180b83ea6ac2e49079d1622d7a6b8bc781ca0e9e713e89bbe02d,11334,True
FITS,319_UCR_id_17_Environment_tr_6166_1st_19280.csv,520954e4bdc2281e49be64078d99bcdc8c519cb7e94bfe37cc77e243698a5235,24667,True
FITS,326_UCR_id_24_Medical_tr_1875_1st_4187.csv,261a83d278d1c3b86e7c250b123029b9ac4c9b6be7985dbb7c64f30b6ba55bb8,7501,True
FITS,331_UCR_id_29_Facility_tr_50000_1st_837400.csv,e0c105c66c24f7df9aee0b6a47bda2e95e143f531734a62197bc78f9342548cf,900000,True
FITS,332_UCR_id_30_Facility_tr_13750_1st_52600.csv,38b10b335850eea5a09ee9236eb01a5e36e237b15250541223b70dd96a8f15b2,55000,True
FITS,334_UCR_id_32_HumanActivity_tr_1671_1st_2764.csv,01221dc6a40237aab9757b374f411e631fc20f8b6a9d89da9a1f779dd7fd49bf,6684,True
FITS,339_UCR_id_37_Sensor_tr_2750_1st_5400.csv,41e40d58790e971c77fe7be9bfdb8169d49c56b1ac7d8806fcf19d7e4f630398,11000,True
FITS,341_UCR_id_39_HumanActivity_tr_48812_1st_128430.csv,af7d364286f6029ea3cf4b55bddd4b06a232d03cd50e71b89f5906b0bf5f6020,195250,True
FITS,344_UCR_id_42_Sensor_tr_2851_1st_5365.csv,60fa0760443503ce3ba4c24be8bcb967bbd3b8c856e640a91011dc6a4b959985,11406,True
FITS,346_UCR_id_44_Medical_tr_7456_1st_17390.csv,d7f2bdb6b1600570f3ac4bcdb11d86310deaea3757cc950600174558ad80bfaf,29826,True
FITS,349_UCR_id_47_Facility_tr_29954_1st_74900.csv,054bbaf64dea1a0f0e5c196fdd651d6107e64d9965fead32bc4f31274c02d3c8,119819,True
FITS,355_UCR_id_53_HumanActivity_tr_48750_1st_143411.csv,604acd06dce5c77aa09cafd1e616a3a21cc93dab3b22a38cbc215808c344d51e,195000,True
FITS,358_UCR_id_56_Facility_tr_10500_1st_29080.csv,221f3d2bdd1046537f29ff828a62b067da5a8ca3f45b17ca82799745176dd37b,42000,True
FITS,361_UCR_id_59_Medical_tr_3000_1st_7175.csv,f78b902858832cff6e5c0bfc3a2c234a24411c43873775d85e71d7913a7f57e1,12000,True
FITS,364_UCR_id_62_Sensor_tr_2833_1st_5988.csv,308c554fa02acd962ff030b6dcd06cfdf2bcf2151d4b32498eb6ebac245f9df7,11334,True
FITS,369_UCR_id_67_Sensor_tr_2750_1st_5400.csv,bc97800e9451b380e2f7eaee980ef7bada3f662f695c09a606c7361959084a7d,11000,True
FITS,371_UCR_id_69_Medical_tr_1853_1st_6200.csv,3d6411607362d0b25863a35950606c045b911cd0dad27fb3f4490bc6cd6aeb30,7415,True
FITS,373_UCR_id_71_Sensor_tr_2827_1st_5988.csv,f4596c052e9c1ad95780b126a494931e6e3993066ca41e7481b609213e1755c0,11308,True
FITS,381_UCR_id_79_HumanActivity_tr_16000_1st_31200.csv,4842eefa20a7f83f7f132ac458fa72a5c12a4bd0aa87a65284e09ce13f734f1a,64000,True
FITS,382_UCR_id_80_Medical_tr_7500_1st_11800.csv,260e1bf56c82468e50e8896a8a5ef73869dfde96c90b1dbbddeae247cf3ec5a3,30000,True
FITS,385_UCR_id_83_Environment_tr_2046_1st_6006.csv,1f04e26be24bb1a931108ea20eb53683d55cd21946a34f33b5b0863f28e38a37,8184,True
FITS,387_UCR_id_85_Environment_tr_2046_1st_5549.csv,525898cad90517953ea54fee84703067c39e12547d5401d9302245f5ab36792d,8184,True
FITS,391_UCR_id_89_Medical_tr_1875_1st_5759.csv,66909dcb94579275c7e1e112931026178d32518eef00c5fa540d696c058c44b6,7500,True
FITS,393_UCR_id_91_Environment_tr_2046_1st_4852.csv,21fdf5f385df7fa7a88a7ca1c311b7639fc4673a14d7b7355ba3dedf33d325c6,8184,True
FITS,396_UCR_id_94_Medical_tr_1875_1st_5607.csv,c76007f360804a7ecedecebbdab64fc8b17bb41bbd371777ecc66dac9a3ecf4e,7501,True
FITS,400_UCR_id_98_Environment_tr_2046_1st_5391.csv,1831c20a37209d6aa9654f20d675804bc3c71f97a0d9fe3708d5437064c39261,8184,True
FITS,401_UCR_id_99_HumanActivity_tr_1671_1st_5920.csv,a467a0fd01da15f6f4d6e77ad22b70316f1aa71b327a3d1608ea8b57df8d9b8c,6684,True
FITS,405_UCR_id_103_Sensor_tr_2827_1st_5988.csv,04e85a46145e3f7b9cdff90f1993b0be3e459a2686fc126c044b309c5e4c072d,11308,True
FITS,406_UCR_id_104_Facility_tr_20000_1st_67950.csv,5a4696080c00cb0dd4d494ff859af2108589cc22eef41beaa40ab22ad83568a1,80000,True
FITS,411_UCR_id_109_Environment_tr_2046_1st_4852.csv,dedc8c48369486ab14814db1347092f462d47186b1e5c84d68279c5b06c89f89,8184,True
FITS,415_UCR_id_113_Medical_tr_3000_1st_8612.csv,39438794d6f1745f4c425c749e928b7b37af1bd66cbffd668ff136917342950b,12000,True
FITS,417_UCR_id_115_Sensor_tr_2750_1st_5400.csv,d08372b036e66e70c4426133f7f655cdd77358571ceca7801fd72773b13bd5f2,11000,True
FITS,419_UCR_id_117_Facility_tr_3000_1st_6168.csv,53f2b06ec62fbdb1b96e24e9cb180554d7afea44024c2ff05bfbdf70ad71a5c9,12000,True
FITS,420_UCR_id_118_Facility_tr_13750_1st_52600.csv,60378299f2a9693523a26c8f599bc9f2605a99a59437baf39aac449f8de387c8,55000,True
FITS,421_UCR_id_119_HumanActivity_tr_48750_1st_130700.csv,c015b397bdf276b1bc31cfc50be2597e8ef788a4efdc22e56efaef564abd9625,195000,True
FITS,426_UCR_id_124_Sensor_tr_2827_1st_4711.csv,902ba9dbdea650a54709d7ea611f684f39af0a51ebf0030f983bbadbe6fca708,11308,True
FITS,430_UCR_id_128_HumanActivity_tr_12500_1st_46500.csv,7d723e736988d5f9192c2f03cd62ccfbe853c143dcabd4acb4afaa8c0195b044,50000,True
FITS,432_UCR_id_130_Facility_tr_23000_1st_26970.csv,864cae0c2dea72366f94de688db8cbe4c6c0c8533905354f714c7deb25c88fad,92000,True
FITS,436_UCR_id_134_Medical_tr_1875_1st_4526.csv,db5954c73fb9af372d2be9231bad6585a15a52769a75b2f592aa9ed0660922ce,7501,True
FITS,437_UCR_id_135_Medical_tr_2499_1st_8000.csv,85f84c600b61f8ea51c5f58d7a70f7799e46712c9dbc7c8cb8627aa6fc441c22,9998,True
FITS,439_UCR_id_137_HumanActivity_tr_48750_1st_110800.csv,20cbb8c3d53fab75aa321e1473ac67225e0aae84b40b1b06f54e8d8a1b30b321,195000,True
FITS,445_UCR_id_143_Environment_tr_6166_1st_19280.csv,81920c1adf49936ecd61cd5f36358a842e06d50965ccefc6d2ecb3c3b83a6e92,24667,True
FITS,449_UCR_id_147_Sensor_tr_2847_1st_9330.csv,2b713ac8096538a5c7949a0322ed9fa12786cfccb8ca5a35c7c9290b30883762,11388,True
FITS,452_UCR_id_150_Facility_tr_10000_1st_35774.csv,0f338b5ee683fcee6295ccb4dff5196de75a4684a161714f256aed526d863342,40000,True
FITS,459_UCR_id_157_HumanActivity_tr_50000_1st_110260.csv,107958b0cfe94d703dadf766a58eb11dd5c23f17c49fa6b98f65aa51662bec80,200000,True
FITS,463_UCR_id_161_Environment_tr_2046_1st_6006.csv,a033bf37c5e7c2db8ee2dbceba26290bff5d4e490823afdfde2cb0a962128af9,8184,True
FITS,467_UCR_id_165_Environment_tr_6166_1st_19280.csv,628f3bde25c6eabe54ee18d55dcd9659b3044d960315565d20e014fdd9f5c235,24667,True
FITS,471_UCR_id_169_Facility_tr_10000_1st_35774.csv,dba309fa333f086f0782cba8c20239837a7f9e78aa96142f0fc314b3e18eab47,40000,True
FITS,473_UCR_id_171_HumanActivity_tr_2617_1st_7290.csv,c6fc079b1677f3eb8bfe63ad49b26da6d20d426bd829bceb9a36524e03e6b62c,10468,True
FITS,474_UCR_id_172_Environment_tr_2046_1st_6520.csv,7829bcc3fce5e240845a118feed5cb84c662a9c9e9915bdb0565e9be085f4dea,8184,True
FITS,493_UCR_id_191_Sensor_tr_2847_1st_9330.csv,976d699ef1923717bf7048310116eeac4e755d490b3394bc9dc6a8d7c1bb76b0,11388,True
FITS,494_UCR_id_192_Facility_tr_22500_1st_72150.csv,a3d6ab6d279113f27948d6a8b0f91e4f601ad419b620e16e8a87422fe5db60a6,90000,True
FITS,495_UCR_id_193_Environment_tr_2046_1st_6520.csv,01597aa226a6a73cd18625f87ba046b167830f61de748426198345b23762edef,8184,True
FITS,496_UCR_id_194_Environment_tr_2046_1st_5391.csv,74ce63457a93af6d8185fb2a42d93a3f609e49149922e5c9824257581ef3174f,8184,True
FITS,499_UCR_id_197_Environment_tr_2046_1st_5703.csv,152f6e8a39bf1a808f3128a803c343f633061bfae83cd3c6821474ed82b5b540,8184,True
FITS,500_UCR_id_198_Facility_tr_7482_1st_23357.csv,d017cfd3608e651a8976b5bb6ac6d5ec3e2fb73458d3041c2d73d2ef707ebc08,29931,True
FITS,504_UCR_id_202_Environment_tr_2046_1st_5549.csv,ef38173d85baf3c6066be7ab6f448c861cfc9ace5c5525d5ae2087ddf96c1b13,8184,True
FITS,506_UCR_id_204_Environment_tr_2046_1st_5549.csv,93d6f149e82d5c1deec3c6fa7ec0dee8161c6a255df41c2a70ff8f1e848c1e11,8184,True
FITS,516_UCR_id_214_HumanActivity_tr_2108_1st_4702.csv,2abc35cdebb9a850941a03fab1b5651b37223e9c08200ebaca082240705bf02a,8432,True
FITS,517_UCR_id_215_Facility_tr_7482_1st_24005.csv,ef443ef610271cbcb779b1eb936eca1a1e4a90a6180e6a6fa5dc1cd3cfc44e82,29931,True
FITS,525_UCR_id_223_Facility_tr_50000_1st_250720.csv,06c66b6b81e747938ea6bebfd25b7e12f18dfd23a3237a1b320ca9652b5557c0,299790,True
FITS,526_UCR_id_224_Sensor_tr_2827_1st_4711.csv,9861c0e6118a3ab173d041bdc975e1bfcf5402a46d1ddd1e55a3b95259e72359,11308,True
FITS,530_UCR_id_228_HumanActivity_tr_16250_1st_38500.csv,1870b38b9a2ade9fae9201b665f4d63b979dbd5592df080ff4686027e2505f69,65000,True
FITS,531_SMAP_id_1_Sensor_tr_1811_1st_4510.csv,e2962b092566749398503c8c87af7649a827efe181187d9171a8f471498454a1,7244,True
FITS,532_SMAP_id_2_Sensor_tr_2075_1st_5550.csv,1f4cd8f6172a6f2a59e0324ddccb6639223140e0ee49ab91f25280ecdaf28fa8,8302,True
FITS,533_SMAP_id_3_Sensor_tr_2052_1st_5300.csv,57f1b92d51820a64c2221ee3b9d6dba5626173ce2526664a2c4c23503ddff7be,8209,True
FITS,534_SMAP_id_4_Sensor_tr_1968_1st_4370.csv,0e6da0c2d20bbe900f42604c6b6cd15486f9ecbf0c01c08e6fd920823cb09ef5,7874,True
FITS,536_SMAP_id_6_Sensor_tr_2160_1st_5600.csv,8a622c8983311e15194c742c82efe203b121aa14a3b147c7fef428e844ce5e58,8640,True
FITS,537_SMAP_id_7_Sensor_tr_2077_1st_5394.csv,9de718ef49afc7ccb8146b652b09c1dcc9469343aa22946fe9f57ec31153ed76,8310,True
FITS,538_SMAP_id_8_Sensor_tr_2007_1st_3650.csv,62f6f38e3945353ee549e1071f255bc33db3a16716696ff9547aa2b8d76c3949,8029,True
FITS,539_SMAP_id_9_Sensor_tr_1857_1st_4270.csv,39367966151036dbbfc90a7fba0a43824cb9ec72892f9ca253684b760f9c5906,7431,True
FITS,540_SMAP_id_10_Sensor_tr_2051_1st_4575.csv,adebb84e0e4ea739a296fb63eff87fac4cf768e140f72892c5b491dfafde04fd,8205,True
FITS,541_SMAP_id_11_Sensor_tr_1832_1st_5300.csv,b64215c649b318068290cc537a2da503d4482a9f1a5c787e2aa4a574bae0cca5,7331,True
FITS,542_SMAP_id_12_Sensor_tr_1908_1st_4690.csv,eaf1d5a0dd471413ce0a12ab94c00f61db444825f197e85d3da0cf101d74c5b1,7632,True
FITS,544_SMAP_id_14_Sensor_tr_1978_1st_4450.csv,59613e7e689f4ae06c0f9d63aafe4e4bc6f42aef6eb1ac55c703785e366ebbb6,7914,True
FITS,545_SMAP_id_15_Sensor_tr_1173_1st_2750.csv,2a701e4b569ad7435043d7a12bbc916599a8731d6e3e42365087c0c722df50b8,4693,True
FITS,546_SMAP_id_16_Sensor_tr_2117_1st_4770.csv,5f1168695ab09f982c71e495294ada172cb82b6ce98901298df56412b25cc16d,8469,True
FITS,547_SMAP_id_17_Sensor_tr_2133_1st_5400.csv,825c322b645690bd00e787c1d3f460f57c8fa52336034720aef41e156281e26d,8532,True
FITS,548_SMAP_id_18_Sensor_tr_2094_1st_5600.csv,aba7ca7a74c4032434dfa37530778149b44dda6ed5be19cc91010e1ef9d36d3f,8376,True
FITS,549_SMAP_id_19_Sensor_tr_1998_1st_2098.csv,e87312519266d78ce7ea5210c0d616e627ea06068d7b94be75bc2784113fc445,8579,True
FITS,550_SWaT_id_1_Sensor_tr_43700_1st_43800.csv,4c1c163a8380825f4178c22298f3a38d9ca1993d242621fb38e7fc6c3850a746,419919,True
FITS,551_YAHOO_id_1_Synthetic_tr_500_1st_893.csv,610289355bc88249128c5dbaa7e266fd367aa4793d73a91ebf6365f5a884c6d3,1421,True
FITS,552_YAHOO_id_2_Synthetic_tr_500_1st_893.csv,c81f03e073878f83bb03744028e8a4bc66c7da828ca9e073546b5357275aff14,1421,True
FITS,555_YAHOO_id_5_WebService_tr_500_1st_730.csv,0e518e49edd8189b412d07f983ddcd059ccdf2012a40a2f666adfaf1af0e3afc,1680,True
FITS,558_YAHOO_id_8_WebService_tr_500_1st_1125.csv,3ed51ed67a49a8b57bcfd7896c2c53d260c4b20b8ce34ead1fd80d9b627dc092,1427,True
FITS,562_YAHOO_id_12_Synthetic_tr_500_1st_893.csv,7094c75648ef2542da7750c0b0c22bcba323f037270ee6780f56c22daa3bacd3,1421,True
FITS,570_YAHOO_id_20_Synthetic_tr_500_1st_658.csv,bc77225f712ddbccbc82efc8b5285233bb2cb127abcced89d8685399b758c63f,1421,True
FITS,571_YAHOO_id_21_Synthetic_tr_500_1st_623.csv,00933960be4976b7b2fa5649c76480515e7401bf786310370d1f5d5b2337a672,1421,True
FITS,579_YAHOO_id_29_WebService_tr_500_1st_1342.csv,cae045b764158bb17c67bb8890184991ccfb37e11738f152698b6f0282e87ab3,1680,True
FITS,603_YAHOO_id_53_Synthetic_tr_500_1st_893.csv,4695cae30d08535899097733e2bd28c1e763c32c7227ea63b9276b0b1409bd89,1421,True
FITS,644_YAHOO_id_94_WebService_tr_500_1st_1078.csv,482f8aa83f76257728d58be443ea8b30020b37283cc1a5c19c2ae032c11426ee,1435,True
FITS,645_YAHOO_id_95_WebService_tr_500_1st_1047.csv,bdbd316398b5880730c34ef5b5370a7320430d65c4e093d509cc871d0cf1797e,1680,True
FITS,649_YAHOO_id_99_WebService_tr_500_1st_1386.csv,bb7cb00d243c24406d7cc8ba3f8e13d10582656f0ba142bb2138adcdb614e8ca,1680,True
FITS,657_YAHOO_id_107_WebService_tr_500_1st_1260.csv,ff6ec69487e9d698e08674353e79eb338898b947cf7e22a2daa763e66ae23c42,1440,True
FITS,658_YAHOO_id_108_Synthetic_tr_500_1st_893.csv,a164fa0e3a0d03937e6932bff45f32c4a5f9e5ff62aacaea13c5ea807323482c,1421,True
FITS,672_YAHOO_id_122_WebService_tr_500_1st_857.csv,853f2512d10732445072e4e1e9636affdc8eddaa134585f1d56d190ca937f508,1680,True
FITS,680_YAHOO_id_130_Synthetic_tr_500_1st_893.csv,c6bbc596204f1695c7a82cee101e12e7c45b3dd019898feda4d133ba852aaf0d,1421,True
FITS,689_YAHOO_id_139_WebService_tr_500_1st_1073.csv,6bb6d3b7636b2a506a150f8ad846f8c094cb76bcf8668c4d1e18ed0fdd25b578,1680,True
FITS,693_YAHOO_id_143_WebService_tr_500_1st_1003.csv,3c60ff93a4bff52dcd152816e56eeebd6cda1df3cadf737d26010b530f0d3abf,1427,True
FITS,701_YAHOO_id_151_Synthetic_tr_500_1st_893.csv,95fe2acea695afb10d1c2b071a39b8dc44c463b5eb390935f92abd7f0e0586b5,1421,True
FITS,723_YAHOO_id_173_WebService_tr_500_1st_1214.csv,995ad2cd0e82f5eaeeb999fc65c56fb1675ea29620cb78b66a0ea8eb67e411c4,1420,True
FITS,724_YAHOO_id_174_WebService_tr_500_1st_1030.csv,cb57e07e8d35f8d66f8074030fd04c62784e16bb3f51d1a2dc6fb0563fd9e1d3,1680,True
FITS,734_YAHOO_id_184_WebService_tr_500_1st_768.csv,2db302fb6acda8887d51cb2593e83d1728e438c1a87d860b98631fda19842fa9,1424,True
FITS,741_YAHOO_id_191_WebService_tr_500_1st_1114.csv,3da9eafec0d8ff995176b26e125ffacac99497309b6227fa871727174f05df62,1680,True
FITS,755_YAHOO_id_205_Synthetic_tr_500_1st_893.csv,af1eb2eac43e0ff5870684e51f1f4defb4536f2fa5509a709694833574530cc9,1421,True
FITS,762_YAHOO_id_212_WebService_tr_500_1st_1055.csv,46e9dab1ffec358b7587dd01685e543274b4691ed41424d28222461a89ca21f0,1680,True
FITS,780_YAHOO_id_230_Synthetic_tr_500_1st_893.csv,34f2d3e2bd0b5d29942fbaae7475d97146cbf6be9329caa7caed828143c8f788,1421,True
FITS,788_YAHOO_id_238_WebService_tr_500_1st_973.csv,564ec41324cfbc8b4120777b66e3403e6dcb0c15813193d3acff0d0134912805,1680,True
FITS,797_YAHOO_id_247_Synthetic_tr_500_1st_893.csv,f30b320a97d0a21d3446d8415819f46e599d3918bb3bbcf1b7181bb9b36a15e9,1421,True
FITS,806_YAHOO_id_256_Synthetic_tr_500_1st_893.csv,acf9a97edbd7d02a7ae905d96c04a2a3a859110af40d1408036b6eaf56c3cc9a,1421,True
FITS,807_YAHOO_id_257_WebService_tr_500_1st_1210.csv,ab26a11c3da61b9a6130c0bba32efe0334a73fa7c41c77fa7f607f4d0c261c76,1424,True
FITS,810_Exathlon_id_1_Facility_tr_10766_1st_12590.csv,9bab38e0c3f1240b4bbaf4c5296cfbf59e159b5fa2a6ff26069507d1d02fb46e,43066,True
FITS,811_Exathlon_id_2_Facility_tr_10766_1st_12590.csv,f2af4180489c34e1cc7e88b4ea0225a6b1b53217ba1148c937cd622a3077cb73,43066,True
FITS,812_Exathlon_id_3_Facility_tr_10766_1st_12590.csv,0eaf681eec46936d1da5a4baab3a11187c5a508e1bcb0ee5d93a0c70f60964fc,43066,True
FITS,814_Exathlon_id_5_Facility_tr_10766_1st_12590.csv,f2af4180489c34e1cc7e88b4ea0225a6b1b53217ba1148c937cd622a3077cb73,43066,True
FITS,815_Exathlon_id_6_Facility_tr_10766_1st_12590.csv,0eaf681eec46936d1da5a4baab3a11187c5a508e1bcb0ee5d93a0c70f60964fc,43066,True
FITS,816_Exathlon_id_7_Facility_tr_10766_1st_12590.csv,93e76e6b7164a523d7ec8f1ffcc5027ceaa3547502d071015bafc0ed2a40589a,43066,True
FITS,817_Exathlon_id_8_Facility_tr_10766_1st_12590.csv,bdd469cc8f6a1a32e88aad79cd09a129d77b428683faa0826818ebe983437393,43066,True
FITS,818_Exathlon_id_9_Facility_tr_11665_1st_13484.csv,a791b3b293fcad9f1a312f43b914258c4a0f73759a44b32a5dcbb05235c242bc,46660,True
FITS,819_Exathlon_id_10_Facility_tr_10766_1st_12590.csv,a49c5cdd6e0b799e044ee5fc91aa72dbd911a8493574b1e0ce327296e61be32d,43066,True
FITS,820_Exathlon_id_11_Facility_tr_11665_1st_13484.csv,19476cd6e698af334d11e38afafdb1a38650299483bd7aa54d915d25ffeb9079,46660,True
FITS,821_Exathlon_id_12_Facility_tr_6985_1st_7085.csv,2149bce15b6634e8387f8479427e70cbc9e0d9e45a479628ffe4723020e9d6c0,46649,True
FITS,822_Exathlon_id_13_Facility_tr_10766_1st_12590.csv,bdd469cc8f6a1a32e88aad79cd09a129d77b428683faa0826818ebe983437393,43066,True
FITS,823_Exathlon_id_14_Facility_tr_10766_1st_12590.csv,a5adde48c55d051000d269f3f88623e9b23cfdf3f2afd5fa7000652bd6965e74,43066,True
FITS,824_Exathlon_id_15_Facility_tr_10766_1st_12590.csv,5d1aecf2e982183f8325934a686ffc68e9e569ace2c53e35f85cb286dc62150d,43066,True
FITS,826_Exathlon_id_17_Facility_tr_11665_1st_13484.csv,19476cd6e698af334d11e38afafdb1a38650299483bd7aa54d915d25ffeb9079,46660,True
FITS,827_Exathlon_id_18_Facility_tr_10766_1st_12590.csv,5d1aecf2e982183f8325934a686ffc68e9e569ace2c53e35f85cb286dc62150d,43066,True
FITS,828_Exathlon_id_19_Facility_tr_11663_1st_13482.csv,f37905628dd80818026dcc3142a21d31c7366feda9d3227863d11e770827c214,46655,True
FITS,829_Exathlon_id_20_Facility_tr_10766_1st_12590.csv,93e76e6b7164a523d7ec8f1ffcc5027ceaa3547502d071015bafc0ed2a40589a,43066,True
FITS,830_Exathlon_id_21_Facility_tr_10766_1st_12590.csv,622ae92e97f9dba05ca8abcf9ee802e996e12be44ba6c0aa37caef15c3c3d1f0,43066,True
FITS,831_Exathlon_id_22_Facility_tr_11665_1st_13484.csv,19476cd6e698af334d11e38afafdb1a38650299483bd7aa54d915d25ffeb9079,46660,True
FITS,832_Exathlon_id_23_Facility_tr_10766_1st_12590.csv,93e76e6b7164a523d7ec8f1ffcc5027ceaa3547502d071015bafc0ed2a40589a,43066,True
FITS,833_Exathlon_id_24_Facility_tr_10766_1st_12590.csv,0eaf681eec46936d1da5a4baab3a11187c5a508e1bcb0ee5d93a0c70f60964fc,43066,True
FITS,834_Exathlon_id_25_Facility_tr_11665_1st_13484.csv,19476cd6e698af334d11e38afafdb1a38650299483bd7aa54d915d25ffeb9079,46660,True
FITS,835_Exathlon_id_26_Facility_tr_10766_1st_12590.csv,80faa15b50fb04cfb01b09a787bb635b0854ecfbff5239cb8b97b937dfd76218,43066,True
FITS,836_Exathlon_id_27_Facility_tr_10766_1st_12590.csv,0eaf681eec46936d1da5a4baab3a11187c5a508e1bcb0ee5d93a0c70f60964fc,43066,True
FITS,837_Exathlon_id_28_Facility_tr_8898_1st_8998.csv,4a329b444b5d084268b4d7d08e8493d7da591158f7aefd247333154c7770392f,46650,True
FITS,838_Exathlon_id_29_Facility_tr_10766_1st_12590.csv,bdd469cc8f6a1a32e88aad79cd09a129d77b428683faa0826818ebe983437393,43066,True
FITS,839_Exathlon_id_30_Facility_tr_10766_1st_12590.csv,93e76e6b7164a523d7ec8f1ffcc5027ceaa3547502d071015bafc0ed2a40589a,43066,True
FITS,840_Exathlon_id_31_Facility_tr_10766_1st_12590.csv,5d1aecf2e982183f8325934a686ffc68e9e569ace2c53e35f85cb286dc62150d,43066,True
FITS,841_Exathlon_id_32_Facility_tr_11663_1st_13482.csv,01d980ff06ec6b3c4ca1c290c37781a0d7f50eb49e5c2061e821ec50a9c48d0d,46655,True
FITS,842_OPPORTUNITY_id_1_HumanActivity_tr_7295_1st_27516.csv,527e3ff6a5ad1bcbc8ed9a8bded50fe22fa902b1b009e218a952d23545fbb912,29182,True
FITS,843_OPPORTUNITY_id_2_HumanActivity_tr_808_1st_908.csv,dc9090f34dc263f2f87372df115442b8b07d28acfc586bb1c0035eda839ce939,9057,True
FITS,844_OPPORTUNITY_id_3_HumanActivity_tr_500_1st_566.csv,a21203a9448dbdab804961674ad861ba6acc205a6917efbddb4510852908255e,15653,True
FITS,845_OPPORTUNITY_id_4_HumanActivity_tr_7295_1st_27516.csv,ba3a92b60dcbb81d327facb42d859be465f68ffcde157bf6f74b905ab9de2571,29182,True
FITS,846_OPPORTUNITY_id_5_HumanActivity_tr_2085_1st_2185.csv,eae293a452c4d2cf20b1d51a128e2637256a28c5b3538c95c206bb1668f5a3d8,22194,True
FITS,847_OPPORTUNITY_id_6_HumanActivity_tr_808_1st_908.csv,b7b58139f9bfa13877f782d654a7cb3c2f13713fc04ea9ac88f3c4ec3244cda7,9057,True
FITS,848_OPPORTUNITY_id_7_HumanActivity_tr_1477_1st_1577.csv,24c1ee0928654aa0f6b56d386e43a686be592be5082a32abc8f702111434098e,18011,True
FITS,849_OPPORTUNITY_id_8_HumanActivity_tr_1100_1st_1200.csv,dc458b83464fe576ec06d3e2c8dc6bf84382c9b3fe268e321ac49a2e370a6ffe,24892,True
FITS,850_OPPORTUNITY_id_9_HumanActivity_tr_895_1st_995.csv,ba0510732546c39a63c2a502934cdb7fcb060eefe49e9551f33cc60583985e4e,14751,True
FITS,851_OPPORTUNITY_id_10_HumanActivity_tr_6213_1st_7311.csv,354a7e1f1cec590bb04470664afd732d6d23404b8468d9e82911c42d9c2356f1,24852,True
FITS,853_OPPORTUNITY_id_12_HumanActivity_tr_808_1st_908.csv,92ec7f7f990876d161d2bfca8d93c29527dc24eb75051284a429dbb797656d79,9057,True
FITS,854_OPPORTUNITY_id_13_HumanActivity_tr_1477_1st_1577.csv,869669d9012c7a8b2fe3e87b78486902a68b30ddf769e791399e5889cecd5892,18011,True
FITS,855_OPPORTUNITY_id_14_HumanActivity_tr_808_1st_908.csv,944da808f5b1b8cf0af3ef7193db7a716dd34eff0b619f69cc6e1197bdeb43c9,9057,True
FITS,856_OPPORTUNITY_id_15_HumanActivity_tr_808_1st_908.csv,c7a1755d94f5714540d2c64f64d447b18f4d496412da20dfe796af6bc104ca94,9057,True
FITS,857_OPPORTUNITY_id_16_HumanActivity_tr_500_1st_566.csv,513ee212ea73e408f42bb4f3e470cc22b0149d73f2ac0dfef1e29865a9ab7693,15653,True
FITS,858_OPPORTUNITY_id_17_HumanActivity_tr_808_1st_908.csv,880143ae179867f61e9566026e642fef078da2446585c7e676fbdcdf39e38cbf,9057,True
FITS,859_OPPORTUNITY_id_18_HumanActivity_tr_895_1st_995.csv,57e225dbfc6ce82a3344c6fc8a1c7325afeba44faf586ec6b10d3e7d60dfe12a,14751,True
FITS,860_OPPORTUNITY_id_19_HumanActivity_tr_808_1st_908.csv,a6a6ba3ae7d42766878e2252101caa5d6620a5274157ecba9df896c303997f2a,9057,True
FITS,861_OPPORTUNITY_id_20_HumanActivity_tr_2085_1st_2185.csv,6a0df3432df860c1479056f391fdedae849983ee8274e78b29b706c5285d686e,22194,True
FITS,862_OPPORTUNITY_id_21_HumanActivity_tr_500_1st_566.csv,c2143f8a15b022d056100b79521058c8ef820e889fe3c6f8e31b6ae5ebf3acc6,15653,True
FITS,863_OPPORTUNITY_id_22_HumanActivity_tr_808_1st_908.csv,2e18fb4e13c655a6c281b3f19325133fa4b90e1d449a831774d3e25a25a2a3cd,9057,True
FITS,865_OPPORTUNITY_id_24_HumanActivity_tr_2085_1st_2185.csv,3a0ad4cb938d28db37ff953064ddb3dd173a7ad27b6b238f8948b7aa64dcf71b,22194,True
FITS,866_OPPORTUNITY_id_25_HumanActivity_tr_6213_1st_7311.csv,4c78b6dd11e8eb1930dec45d330284482a2dc08b3bbf033c47d0142d677b8652,24852,True
FITS,867_OPPORTUNITY_id_26_HumanActivity_tr_808_1st_908.csv,be9ca57a8b532c1730778166c6c2547c49086a348d2c9137dfc7d2550f21f2a0,9057,True
FITS,868_OPPORTUNITY_id_27_HumanActivity_tr_2085_1st_2185.csv,4015af7c40b888135e9e83cfec00bb94d6f2cc92804761783d6c985262d09f72,22194,True
FITS,869_OPPORTUNITY_id_28_HumanActivity_tr_500_1st_566.csv,306b72109edc8bdae590b5cff5ac7bd20d7b03990e403ce0a66a485522293862,15653,True
FITS,870_OPPORTUNITY_id_29_HumanActivity_tr_1477_1st_1577.csv,774e1e9cbf3c894db6b189c2b243345250c8e27e84569aff0f37f7b8440facf2,18011,True
AnomalyTransformer,001_NAB_id_1_Facility_tr_1007_1st_2014.csv,0f62d76c6b6326215eaaab786ef560fdba83f381e284e43bdca3ca924d923f8a,4031,True
AnomalyTransformer,002_NAB_id_2_WebService_tr_1500_1st_4106.csv,36a095191edadd3bf1df3f0d66fd648f6b0144a51db1dc9327513c7f72ec086a,6000,True
AnomalyTransformer,005_NAB_id_5_Traffic_tr_594_1st_1645.csv,45f8836fa58a81d1f44d2ca953e9e4601b391af898a1e5834d6dc65fc82e6d05,2379,True
AnomalyTransformer,006_NAB_id_6_Traffic_tr_2579_1st_5839.csv,a8267c498d4979103baffab8841b90a7c9a2cf10466fdf9f6801215c66d700b8,10319,True
AnomalyTransformer,008_NAB_id_8_Synthetic_tr_1007_1st_2734.csv,f57d01dea1d678bae2ecfedcc242b04c49bf4bffffd0b5c78f1f1873ff7ed0d1,4031,True
AnomalyTransformer,009_NAB_id_9_Traffic_tr_500_1st_438.csv,53db02407f2c0be166edb9667ab5a5b1ba4bb13f44abf425f02f7fdd0cb9fcc1,2161,True
AnomalyTransformer,010_NAB_id_10_WebService_tr_500_1st_271.csv,c5bba2e70a2d39e78455f91e2d12f955986330e734ab32ab4c9160388d0b4364,1000,True
AnomalyTransformer,011_NAB_id_11_Facility_tr_1007_1st_1526.csv,1ed20d25e50011c665608bd531f98f6bd614d194ce86bc0341180342937a784d,4031,True
AnomalyTransformer,013_NAB_id_13_Traffic_tr_623_1st_2084.csv,5c386ac773976ca291a298e1bb2ec441a12af1ca70a655abb29794d1929c4b66,2494,True
AnomalyTransformer,014_NAB_id_14_WebService_tr_500_1st_1045.csv,5308079992900c557a5d39e1cbbed3aae482934f7c590f9a8233a1dcd7cb750a,1537,True
AnomalyTransformer,015_NAB_id_15_Synthetic_tr_1007_1st_2787.csv,3c850addaaa9751d52c6871eaf3407a52352da5937cd8aba3574a1f8c98fb264,4031,True
AnomalyTransformer,016_NAB_id_16_Environment_tr_1816_1st_3540.csv,f51900b49fb948237286867099ff68cb2b96342dac6295f36886c24e65e728cf,7266,True
AnomalyTransformer,017_NAB_id_17_Synthetic_tr_1007_1st_1805.csv,5d9074b34dd96ae783bc8e50b77764783846d985a417af44fddd86f761b7aff5,4031,True
AnomalyTransformer,018_NAB_id_18_Facility_tr_500_1st_669.csv,32192084807cfdfe3810c7a64b59ced1b623eec5bc2c1d6f412e75892515bf54,1881,True
AnomalyTransformer,019_NAB_id_19_Facility_tr_1007_1st_1171.csv,d1479154f462b9509302b2d489884999a855226b6f04b3e247129e492a0d1c42,4031,True
AnomalyTransformer,020_NAB_id_20_Synthetic_tr_1007_1st_2679.csv,bca09067fa165f1806b047aa931fa5d604ebf8bc10fb6b708f715b76002d5c4d,4031,True
AnomalyTransformer,022_NAB_id_22_Facility_tr_1007_1st_2980.csv,3968bf6dd4279bc133a388c544a3d6e3737ca3d431c52df65e8306f17aee873e,4031,True
AnomalyTransformer,023_NAB_id_23_Facility_tr_4512_1st_16551.csv,f4011e6dfe2a8e336fd34f24645eacf64d783ee312a8a3bad4ffa4d1fc6c69ab,18049,True
AnomalyTransformer,024_NAB_id_24_Synthetic_tr_1007_1st_2787.csv,51866c8435ea6c2a5fdd4f23c42756ccb029c721841f32e4abc7c632d9f4d81d,4031,True
AnomalyTransformer,025_NAB_id_25_WebService_tr_3958_1st_4614.csv,aea067103ac563cce944d0441f9b7e35f807e88305cec4416b03927f3a6d6da2,15832,True
AnomalyTransformer,026_NAB_id_26_Traffic_tr_624_1st_2261.csv,3b40eeda088bc5006c9da1b14314e573cd999db9963cecc344ac37352fbb7a78,2499,True
AnomalyTransformer,027_NAB_id_27_Facility_tr_757_1st_2582.csv,c75090e5f4b4ff5066b4df08fbc9f761c30657d3dbaafa3be9e52272d278a035,3031,True
AnomalyTransformer,028_NAB_id_28_Facility_tr_1007_1st_3447.csv,fd9f39b3e2b7cc9836aeac4b3488aff637e59f83fe3a9d5f3ef5b9cc744072f3,4031,True
AnomalyTransformer,032_WSD_id_4_WebService_tr_4559_1st_11822.csv,9c8b4ec0f956ec0e013892ed032cae0f67b03519876fd9ac0a80e4cb7bdf0615,10686,True
AnomalyTransformer,039_WSD_id_11_WebService_tr_1746_1st_1846.csv,89442c7e800c909a3420b49736739d7d57a4ad1f523055ba8d5293a01e977213,18219,True
AnomalyTransformer,040_WSD_id_12_WebService_tr_4559_1st_9714.csv,8877c17729b7378a97e426027f534fa1783b8e53ac63920c139978f17e4540a1,18236,True
AnomalyTransformer,043_WSD_id_15_WebService_tr_4521_1st_6828.csv,e8727716bb613837dbc82989a233c573b09b002652371ab42840f932f079f62f,18085,True
AnomalyTransformer,049_WSD_id_21_WebService_tr_4297_1st_7097.csv,9dac22f1cfa6b818ddc7b0e2761106cb4abc6935b313c9b77692c9b20b4bf3a3,17189,True
AnomalyTransformer,054_WSD_id_26_WebService_tr_2409_1st_2509.csv,3baa56e8fa8249b8b7b05f8e5490bf59020bd2b2ace09fd866b5e3206b223a85,18391,True
AnomalyTransformer,058_WSD_id_30_WebService_tr_1136_1st_1236.csv,78626ccd715a17dcf9ffab80931645564dffa127e77150e011e48be75eb11237,18236,True
AnomalyTransformer,060_WSD_id_32_WebService_tr_4576_1st_4766.csv,07c9b5e37bd63975da7cbc11d8ccbb274837096934c60bd7d53dbb40dfe49d92,18305,True
AnomalyTransformer,068_WSD_id_40_WebService_tr_4549_1st_13322.csv,f52535906d048f2a3501e3e19fd7c94f929aa191f62a3d544cf8b8f4dd453fc0,18197,True
AnomalyTransformer,074_WSD_id_46_WebService_tr_990_1st_1090.csv,a6a351b46b3802053a989238379776156245474577d4b81fa5327a58503606aa,18236,True
AnomalyTransformer,089_WSD_id_61_WebService_tr_1010_1st_1110.csv,f0354a40541f14b68a533812fc39926020911da3a947c0275caebdd3842a077a,17429,True
AnomalyTransformer,094_WSD_id_66_WebService_tr_3309_1st_3914.csv,e86fdb6f892f1175ec7280001f4160e4d2e728fbc2cea0c3c2143d7150ea5b2f,13237,True
AnomalyTransformer,099_WSD_id_71_WebService_tr_4559_1st_14411.csv,8c42a251c66c8b5068078b0ee36a869a991625f57726d81a84bb39708b5cb3e9,18236,True
AnomalyTransformer,106_WSD_id_78_WebService_tr_3363_1st_3463.csv,314bebd608815d24432b63baed7cfbd27226b02fc01f1f6a323ceb56c96b0c1f,18236,True
AnomalyTransformer,113_WSD_id_85_WebService_tr_500_1st_335.csv,8eb4fe87a863b8f4652483f08c3fbc63889117c23c8b5677c8fb1b599687cc8b,18242,True
AnomalyTransformer,117_WSD_id_89_WebService_tr_3251_1st_3351.csv,23b7b5f132d399ccb9e6265aa0ab68a2f15215ef8bc82ee83203e2c7c1507fa2,16376,True
AnomalyTransformer,125_WSD_id_97_WebService_tr_2217_1st_2317.csv,886d419676c865e21a86d5063d72a109275fe075ad7655a6d83b56726bc5bb33,18250,True
AnomalyTransformer,130_WSD_id_102_WebService_tr_2362_1st_2462.csv,8a367683b74e5e9b960d7afd490a6a9f6d205467ae9bd6cdbfe7631f5c65e5b0,18236,True
AnomalyTransformer,137_WSD_id_109_WebService_tr_4559_1st_14404.csv,07512527176092cbbad7013999286a8e8f31fb28582753d5e2bb95ae39970eea,18236,True
AnomalyTransformer,139_WSD_id_111_WebService_tr_1701_1st_1801.csv,57b18117a3e33c80a6b2d929ede435dbbb86e438a7dc97daf8028fcbf378ae1d,18381,True
AnomalyTransformer,140_MSL_id_1_Sensor_tr_530_1st_630.csv,0c034d3f070843a10ee6ea823abdc6600bc2fc936e8a8a7ff5cf278e6cb0a9b0,2430,True
AnomalyTransformer,141_MSL_id_2_Sensor_tr_500_1st_550.csv,f2cb65d21b500db6b7a3f22c2bdba01aef62aae64958e1e666ca5c98836d3b18,2264,True
AnomalyTransformer,143_MSL_id_4_Sensor_tr_980_1st_3550.csv,c8c4730007e5c528bcf5ebf45af44b5411cf9a360e750923ef60c03a5eddd5fa,3922,True
AnomalyTransformer,144_MSL_id_5_Sensor_tr_1525_1st_4590.csv,92ff402bbb7f52dea66f55bb7e393197fc520dcbf89d2780e4bc37dfed5772aa,6100,True
AnomalyTransformer,145_MSL_id_6_Sensor_tr_530_1st_630.csv,c110ecdf4fb4b43924356b8510f638681e66c83e86f48eb16125b37a6bddcf89,2430,True
AnomalyTransformer,147_MSL_id_8_Sensor_tr_590_1st_690.csv,e588265e5ec88dcdf4fc84d4219d6b4fe24af29b37cf20df60c427d80e376dd4,2430,True
AnomalyTransformer,148_MSL_id_9_Sensor_tr_883_1st_1238.csv,29a62e6586b2c51b81d2d41625d2eccdd2c78777abd0744fd2694d3d47501bc7,3535,True
AnomalyTransformer,149_Stock_id_1_Finance_tr_500_1st_7.csv,9432032f7fc464c6d76bab5f24afbd46105f53795d354b38aacd170de619f2f1,20000,True
AnomalyTransformer,151_Stock_id_3_Finance_tr_500_1st_62.csv,d6bb5b9d8bf125d2284bae2d42beaa8131613a6d12120ad46255c8f8694d4678,10000,True
AnomalyTransformer,155_Stock_id_7_Finance_tr_500_1st_18.csv,067749579c465afe50e2e758a30ab1b6af68cab8d55baf91ccd32c39ec595130,20000,True
AnomalyTransformer,156_Stock_id_8_Finance_tr_500_1st_24.csv,eb39529632a1bb7523b0bd4f9be58f53f25e2a4cf0097bd4958d57a324c45126,10000,True
AnomalyTransformer,160_Stock_id_12_Finance_tr_500_1st_14.csv,25cd3d1633167c7427adf34f65cba089dd6d2dcdb07ca830429cd64cfd005991,20000,True
AnomalyTransformer,162_Stock_id_14_Finance_tr_500_1st_4.csv,b4e60ffe35ead93e225f52572803f65e0d32ae0ae34a828f4edbbc781c866506,10000,True
AnomalyTransformer,165_Stock_id_17_Finance_tr_500_1st_7.csv,956d2fc5d57159096f709fe4a6838da7e3feb61d06b65bae4b1e6fa87f2e46e8,20000,True
AnomalyTransformer,166_Stock_id_18_Finance_tr_500_1st_18.csv,4bcd37b588079ec9efa0a8e96742f791408e3e37d44a584bcda8eb63bd20423d,20000,True
AnomalyTransformer,169_Daphnet_id_1_HumanActivity_tr_9693_1st_20732.csv,f5c461b02c2851d59135ea6196408df95948b43431693e4421e2e5b0c5ae4c09,38774,True
AnomalyTransformer,170_MITDB_id_1_Medical_tr_17675_1st_17775.csv,17f5b320c7681e92af4155dcbbba6fecd495870a97bf72422c98d65a0ce9af98,500000,True
AnomalyTransformer,171_MITDB_id_2_Medical_tr_50000_1st_88864.csv,73a2673a469236e941568e979d1f4060b1ca24abf8076c4c871c3142f6071020,650000,True
AnomalyTransformer,172_MITDB_id_3_Medical_tr_27274_1st_27374.csv,669e46ad130a6370cd352ecef9615015e7d6ffc8b837e6b677ae8317527338a4,650000,True
AnomalyTransformer,173_MITDB_id_4_Medical_tr_13620_1st_13720.csv,96f02816e5e2223b01abe4fe7699adc9722dffe55b53432d9346e8b6f9c955f0,650000,True
AnomalyTransformer,175_MITDB_id_6_Medical_tr_27274_1st_27374.csv,c767f4f4938207b9b1163a1a2a3fc2d5f35ae9f258d19a2b414301b519aaba2f,650000,True
AnomalyTransformer,176_MITDB_id_7_Medical_tr_6232_1st_6332.csv,e3a2b8ec2299d0fabb8fee660ea44e321d67ba6b61e5ebbf9300eb4267ef342d,650000,True
AnomalyTransformer,177_MITDB_id_8_Medical_tr_17675_1st_17775.csv,ee835482b9d8ead880cb4ad46ebf4b6fc4a12c1bf01658a703155f80bd997707,650000,True
AnomalyTransformer,178_SMD_id_1_Facility_tr_6000_1st_10609.csv,41c6def31cbe68b43522ff5cb76f10b54cc95e07031ca5cdc6267c4b6039de5a,24000,True
AnomalyTransformer,179_SMD_id_2_Facility_tr_5925_1st_17580.csv,6c4be871ad31f6cb26665560e21489b660fb404a1d743f61dfcef2ae65b9319a,23703,True
AnomalyTransformer,180_SMD_id_3_Facility_tr_5925_1st_17580.csv,eabd0c7bf57f6789b6c577c8c4a83231a978b208ebfc217f058996b2a992fd31,23703,True
AnomalyTransformer,181_SMD_id_4_Facility_tr_5000_1st_15144.csv,a7cf08ac2b12a95283f36f47471450fc2af07be8774c2fdd8c9a0caf3fe101c3,20000,True
AnomalyTransformer,183_SMD_id_6_Facility_tr_5925_1st_17580.csv,f02efbb14aaf0e892db9edcbc25b0a9dfd8f2c37a80f682fcbb93ae99001faca,23703,True
AnomalyTransformer,184_SMD_id_7_Facility_tr_7119_1st_15849.csv,cc52608e64e07fbf28445293877f0597b6bd1140038b1ea036fc6075042843f2,28479,True
AnomalyTransformer,185_SMD_id_8_Facility_tr_5000_1st_15144.csv,d33dea8e8afa55717b1cb92ec80b9d2b0f40d641b071a9ed55851accbac83d27,20000,True
AnomalyTransformer,187_SMD_id_10_Facility_tr_5000_1st_15849.csv,3d370b1d348fb0f9813f068cc049bcedd68d54736aae2de5acd13173af403a03,20000,True
AnomalyTransformer,188_SMD_id_11_Facility_tr_500_1st_392.csv,1d1cf9a664a5397d90d9b8625aa194a8624b15653d46dec72120ab1540e376c4,23703,True
AnomalyTransformer,189_SMD_id_12_Facility_tr_5925_1st_17580.csv,9816e968585814b02423dd6331eacbe6ad8158c1b2889da92624e3dfcf75a37e,23703,True
AnomalyTransformer,190_SMD_id_13_Facility_tr_7119_1st_15849.csv,2435a8ee075f1d3a920c604cf4ee7b7e7b9a915638f868cc4c7824828631581d,28479,True
AnomalyTransformer,191_SMD_id_14_Facility_tr_4596_1st_4696.csv,e88a67a58133bc9732b6742c26709847082971ecd8af259340591ebcce74ffd6,22700,True
AnomalyTransformer,192_SMD_id_15_Facility_tr_5925_1st_17580.csv,a2333f17e15cf0a9f1f53af88963af9472a5e44cf260c7d4c381d5c77084c509,23703,True
AnomalyTransformer,194_SMD_id_17_Facility_tr_5925_1st_17580.csv,c8d848a90ed2accc14126299903fe7b58f5424d20bfbac2378cd32894f62bcb4,23703,True
AnomalyTransformer,195_SMD_id_18_Facility_tr_5925_1st_17580.csv,7ce067072711aae44d76aa4aadf820e34f5411c4cedfbe12104c582fdd60f35d,23703,True
AnomalyTransformer,196_SMD_id_19_Facility_tr_7174_1st_21230.csv,16a686f76548ed8f5a9cac3a9e1afc267715a7a6a09f174e6cea79cec3cc14b8,28696,True
AnomalyTransformer,197_SMD_id_20_Facility_tr_5000_1st_15144.csv,b9b770ad4b5cbc983290adc89fd0f18e9d3a2f63ec89e70e23aef786980c4a2a,20000,True
AnomalyTransformer,198_SMD_id_21_Facility_tr_5925_1st_17580.csv,2e81b347e78e8d604b92644e2e8c7ce722ea5ec74ec0d63359d8e5d209cfa9f9,23703,True
AnomalyTransformer,199_SMD_id_22_Facility_tr_5925_1st_17580.csv,6d64669652a7f72bf146579b39078b5602f5938ddf8540a0ebed7cceaa6c66b4,23703,True
AnomalyTransformer,201_SMD_id_24_Facility_tr_7174_1st_21230.csv,9166839355f48eb4a9a8255377902d5db3d3d0e46ecf15137e7c8d3a0d38c9b0,28696,True
AnomalyTransformer,202_SMD_id_25_Facility_tr_6250_1st_21230.csv,ed41a04ffc912bc3c469b9792d25105d5f1aeab1466a42e5bd38b3158e1a5eb8,25000,True
AnomalyTransformer,203_SMD_id_26_Facility_tr_7174_1st_21230.csv,b76b4907783616a230d14359031cc8db9e238e93a0eb6661c1362399b2a76251,28696,True
AnomalyTransformer,204_SMD_id_27_Facility_tr_5000_1st_15144.csv,872c3738920d12d6bab5fd92198a9b5bd3622a2a65ccc5fd53f76143349d0e92,20000,True
AnomalyTransformer,205_SMD_id_28_Facility_tr_5925_1st_17580.csv,757489285f4de228cb27ea551eb185d729ba4d38f0a086a72791b87dab4e5799,23703,True
AnomalyTransformer,206_SMD_id_29_Facility_tr_6250_1st_21230.csv,b486fd650b2a96c06105d03f34ebf81e81241b21cc2e16cff4832a84844cef34,25000,True
AnomalyTransformer,207_SMD_id_30_Facility_tr_7174_1st_21230.csv,92cf097c9dd08a431f1aa57d61cbe850c37bae3cd96a05398a4d3f7b8c061eb4,28696,True
AnomalyTransformer,208_SMD_id_31_Facility_tr_5000_1st_15144.csv,9aaae552afaf5209cfa9247871c3a86841c52a4073490edc17b010a7fc2cb096,20000,True
AnomalyTransformer,209_SMD_id_32_Facility_tr_5925_1st_17580.csv,917c401154c454909c16e01c4632a5f851e3da4fe55ca6766416f8a98e9d36ae,23703,True
AnomalyTransformer,211_SMD_id_34_Facility_tr_5925_1st_17580.csv,9793a02fdc07df4252f8f73e881de6642ad72cb492de337e0fb0c38abb682910,23703,True
AnomalyTransformer,212_SMD_id_35_Facility_tr_5925_1st_17580.csv,776215b8b963b17e64453f5c1cba102a82c2ba7d26c6eab59729b35a203cc6af,23703,True
AnomalyTransformer,213_SMD_id_36_Facility_tr_5925_1st_17580.csv,a896b435b2565b56186f2649f5cb6842ddf33a770eb3682a5b1e28fa483a6a97,23703,True
AnomalyTransformer,214_SMD_id_37_Facility_tr_5925_1st_17580.csv,20a5e85515d20993acb471b971f0d1d01b08ea008a462b082e2b078224c7fd9f,23703,True
AnomalyTransformer,215_SMD_id_38_Facility_tr_5925_1st_17580.csv,674422fd360cc7773a03e6b1f97f95ab5d1a59e2ce20cb18abb6c5287eea745b,23703,True
AnomalyTransformer,216_LTDB_id_1_Medical_tr_500_1st_266.csv,fafa4bfae367969b09668fa51590063a3e48a73a04922b58f0c010854f43f5a6,100000,True
AnomalyTransformer,218_LTDB_id_3_Medical_tr_500_1st_266.csv,390200e734e300c1677c3aecb020b41be71cc3a99b259377b95b0b4fad12ff47,100000,True
AnomalyTransformer,219_LTDB_id_4_Medical_tr_3618_1st_3718.csv,74de4fdcdd2cbb57c1e01de1de0dd80f2b3355f24e690106f77bb5433c7fae42,100000,True
AnomalyTransformer,220_LTDB_id_5_Medical_tr_500_1st_26.csv,98be7bd5b734830a4b715dc3088969778a91a419553aad47ec1e5e442494d803,100000,True
AnomalyTransformer,221_LTDB_id_6_Medical_tr_500_1st_26.csv,2e9486c1e36ac70586cd76b49218db4ee925c0358f9b616fa0945feac35d5356,100000,True
AnomalyTransformer,222_LTDB_id_7_Medical_tr_3618_1st_3718.csv,b326b221d423b78f026d82abe89d6f4704b29a90a6462469c7e86244f672768d,100000,True
AnomalyTransformer,223_LTDB_id_8_Medical_tr_4456_1st_4556.csv,146dee3da7ff390d1ae0dae53b5fe43d5f8287ed02c0944a818a2c67d0cb6eab,100000,True
AnomalyTransformer,224_LTDB_id_9_Medical_tr_4456_1st_4556.csv,c51c783d72fcadeb3a0e786d18eef3aa6ff5f5d671a61333e50e78ad7ca8da63,100000,True
AnomalyTransformer,225_MGAB_id_1_Synthetic_tr_25000_1st_38478.csv,e4a46e59c66bc6bf3dc70e8776a574cf42d94e17882816d96751c32ab4b8c203,100000,True
AnomalyTransformer,226_MGAB_id_2_Synthetic_tr_20000_1st_45134.csv,a9b6ff82b2162bad3c6b2ea371569cd85d33711f6c3c0b49ffd415f6ec9e1dcd,80000,True
AnomalyTransformer,227_MGAB_id_3_Synthetic_tr_25000_1st_44340.csv,2bd90ab299c4c116d68120c181eb53c79fd627d6be955c4f9d8b4e7640da54d4,100000,True
AnomalyTransformer,228_MGAB_id_4_Synthetic_tr_25000_1st_38948.csv,d567e88b3aaf56dcf166a9008c0e5bafd3f4b574cf03dfa20920b6e490d8615f,100000,True
AnomalyTransformer,229_MGAB_id_5_Synthetic_tr_25000_1st_33098.csv,1767967809e06e7d39ac2fa35f7c2f18831526702652c2ee7425e868679c2cd2,100000,True
AnomalyTransformer,231_MGAB_id_7_Synthetic_tr_25000_1st_35544.csv,8062c3ca082a50c86217c901642b29dcb5beea97197c1daa85181138aef4c31f,100000,True
AnomalyTransformer,232_MGAB_id_8_Synthetic_tr_25000_1st_32708.csv,a0a7cd2c8cdee9b2bc30b5c6ef65ef2df7279414507dc0be089175baaf7c15ae,100000,True
AnomalyTransformer,233_MGAB_id_9_Synthetic_tr_25000_1st_41300.csv,ae3773ba284ad18b8c6a1c5a50f5a5b30b2ec197ab6fd9840413b569432d1fef,100000,True
AnomalyTransformer,234_SED_id_1_Medical_tr_3740_1st_3840.csv,d65eb0ccfc9b0561bbcec56c4bf4f3549acd7e5ce137e6fd9f14b5c5a2b799f8,19999,True
AnomalyTransformer,236_SED_id_3_Medical_tr_3740_1st_3840.csv,575c22fbbc5cbc77212651d345ee20fb502e2a5f05d083718f6a117a64a634a9,39999,True
AnomalyTransformer,237_SVDB_id_1_Medical_tr_11587_1st_11687.csv,314da273699cfb0154fcb72d96c2a18b21410197cb4ae44b7b394dbe2ad2c833,130400,True
AnomalyTransformer,238_SVDB_id_2_Medical_tr_25000_1st_71963.csv,56907ec921c5f0b2e032b0fdfbc659bafc41903351b4fad792eca6585c1b1cdc,100000,True
AnomalyTransformer,239_SVDB_id_3_Medical_tr_50000_1st_106634.csv,abe2cc8a3d3144b710a21d69f04d40ddf07a8382246d95b4d58e1b81bd1c2ac4,230400,True
AnomalyTransformer,240_SVDB_id_4_Medical_tr_18462_1st_18562.csv,db26ba52741ec1dfa0393c5a66551e74be39f5ec804463134b134604ff89d940,130400,True
AnomalyTransformer,241_SVDB_id_5_Medical_tr_11587_1st_11687.csv,bc7cc804e42ab4f3aa91f28ef2fb7a22470f7f18a2fa865583b69e491d8f55fc,130400,True
AnomalyTransformer,243_SVDB_id_7_Medical_tr_11393_1st_11493.csv,7a44bafea71325bcfe38da12364eb44147825a852e40bbf2178f8a36f92d1691,180400,True
AnomalyTransformer,244_SVDB_id_8_Medical_tr_17803_1st_17903.csv,de5784c5aca3596faf1e1160388c5729cadce49e4abb1bc8efbf8eb5a403ba02,130400,True
AnomalyTransformer,245_SVDB_id_9_Medical_tr_12607_1st_12707.csv,3b77e96a72869de3cde7a9e48448baa24566b49f36373cec2a573590052a7665,180400,True
AnomalyTransformer,246_SVDB_id_10_Medical_tr_20100_1st_68460.csv,4d120e93940ac0c830e5a18d8f3f77920a97f497443092652dbd67d1d52e614d,80400,True
AnomalyTransformer,247_SVDB_id_11_Medical_tr_20100_1st_23611.csv,c1cd079e5c44fdba589d0a074e08dee0735e3b9fe281e57c3adef3af0fa8488b,80400,True
AnomalyTransformer,248_SVDB_id_12_Medical_tr_18462_1st_18562.csv,5e85df801ff54ad8362058eb8609056d47bc19918f2c0d94168390244862044c,130400,True
AnomalyTransformer,249_SVDB_id_13_Medical_tr_50000_1st_54982.csv,1ac27bf81598554fc791865b3d7e2c59b940ce1546cc1ae56e3f0897056a18d4,230400,True
AnomalyTransformer,250_SVDB_id_14_Medical_tr_50000_1st_107354.csv,c1a5df7c9d94c295200600740f21b889abe89c2329bba81799fce7f762909a21,230400,True
AnomalyTransformer,251_SVDB_id_15_Medical_tr_5421_1st_5521.csv,4ca5a978fd2d52de5647edbc457a89474ccfd717669a9f9e4eb00043b2967cf4,230400,True
AnomalyTransformer,253_SVDB_id_17_Medical_tr_17803_1st_17903.csv,5233db3398a8a0223b0b902a03d17dceca05c21d4b1fab08bb36cad3641b45c2,130400,True
AnomalyTransformer,254_SVDB_id_18_Medical_tr_30824_1st_30924.csv,b6808cff6f9eadf36cfe7209b9e2638d77432f334e02bec0ced46323c3211872,230400,True
AnomalyTransformer,255_SVDB_id_19_Medical_tr_50000_1st_54982.csv,15c91a4fa6683f1cb2b7b31293d3002e8ce79e255016414ece92e0592779de77,230400,True
AnomalyTransformer,256_SVDB_id_20_Medical_tr_6264_1st_6364.csv,14d1fde5a0a45445a4c50f9a9f56698fb506904f706eae6746cb7f17d6617f31,230400,True
AnomalyTransformer,257_TAO_id_1_Environment_tr_500_1st_3.csv,9d4aa70dca5b558f2678265e9bbdf35b6cf8944f6c7cd3ebcce8e34f739e71fb,10000,True
AnomalyTransformer,258_TAO_id_2_Environment_tr_500_1st_4.csv,d1e0fc51017f7ab08137c16fc8f58ee9a7f91786f59720cd7403906db6605090,10000,True
AnomalyTransformer,260_IOPS_id_1_WebService_tr_5000_1st_11804.csv,8d0cb00e2c7e7bc28e93bf3a8a527235303b2a990032a199a9f9d932510e0267,20000,True
AnomalyTransformer,261_IOPS_id_2_WebService_tr_2178_1st_2278.csv,8823e631d01c733ed55c777fa37ea07e72b2fdd5c37d58c7447614e3ddda8661,8784,True
AnomalyTransformer,262_IOPS_id_3_WebService_tr_7028_1st_7128.csv,10453536b683d1ac6ed3bc2b70cbed37cc77526015da2e57938e4f6b0f4acb38,125135,True
AnomalyTransformer,263_IOPS_id_4_WebService_tr_3482_1st_3582.csv,873680df67af3c16eebeba0226ed884a57c40cdd0ccf48939769521f18fbe9cd,149123,True
AnomalyTransformer,264_IOPS_id_5_WebService_tr_11665_1st_11765.csv,f30418cf240331fc6a847186ae7063375263b684e2dd92b3182ca895fb9dde86,60000,True
AnomalyTransformer,266_IOPS_id_7_WebService_tr_4010_1st_4110.csv,f8117f0854a07fb6927cdc239a1ccffe82aef51a2f66a4dfa72fb3ae4e15a0c3,89155,True
AnomalyTransformer,267_IOPS_id_8_WebService_tr_1534_1st_1882.csv,23f1873299ef9401216c0c08d74ea9db4f408ded353a580de8b2ca1f3533abbe,6138,True
AnomalyTransformer,268_IOPS_id_9_WebService_tr_6216_1st_6316.csv,813fcf17d4718125b961a70e1d0c787f3f175bc3f8fef60c6b941bd8855316dd,29133,True
AnomalyTransformer,269_IOPS_id_10_WebService_tr_1216_1st_1728.csv,c2135119e05ce022b0018b409040e5d79aed3715ccd5bdf51aed95c308d0a67c,4866,True
AnomalyTransformer,271_IOPS_id_12_WebService_tr_500_1st_341.csv,fb9be177fe3c5298a98a44df759a9082273b9495145211fdd0d306879d072feb,8784,True
AnomalyTransformer,272_IOPS_id_13_WebService_tr_3442_1st_3542.csv,9de7af8a309574a8407751aaca337fe9fd53cb1b7161dbd4c12ca36fd204754d,149156,True
AnomalyTransformer,273_IOPS_id_14_WebService_tr_5569_1st_5669.csv,e49b818990d26a16a56a21d604bd02c66dab8899bf569bff20d58e5666d1930d,149122,True
AnomalyTransformer,274_IOPS_id_15_WebService_tr_4591_1st_4691.csv,c0c798ee0d096f66a25cfb4a08b0e6f389330a6a5e1c970eb414d5342cb7f229,149132,True
AnomalyTransformer,275_IOPS_id_16_WebService_tr_1482_1st_1582.csv,9195ed0a2c9b34f4d0aca92e9a26a4755296c032e435a972e63b029b6de7ab11,8784,True
AnomalyTransformer,276_IOPS_id_17_WebService_tr_19197_1st_19297.csv,abdfec16c181f35e7373d4ccfad4a1b9d8d7278ad01101bf63e2003478024aa9,91370,True
AnomalyTransformer,277_NEK_id_1_WebService_tr_500_1st_17.csv,1f1cc62a4a3a9db08d8f10f34cf4a1097b87008914471f7050ded12822b02428,1073,True
AnomalyTransformer,278_NEK_id_2_WebService_tr_500_1st_64.csv,750323a81a80261e334dcdd3c6d9ae608c635971ed9b47dcf4154076ad4d72d6,1073,True
AnomalyTransformer,279_NEK_id_3_WebService_tr_500_1st_974.csv,63a4fa66a1acea32315f5463511c6f11102f79125329e31c9e18750fc6f5ec6a,1073,True
AnomalyTransformer,281_NEK_id_5_WebService_tr_500_1st_974.csv,8da7c77c44ea464b10c908df37397d3d864ba95b1149298af5eef946177d1e7b,1073,True
AnomalyTransformer,282_NEK_id_6_WebService_tr_500_1st_64.csv,5a44b03d7d2827b25337a3c79c9aa984bad4558b88aa75d0b177d6fcf999c20e,1073,True
AnomalyTransformer,283_NEK_id_7_WebService_tr_500_1st_777.csv,e03f4569634ad167bf441eee3409bba0a88fd73d26071fa68bc1f2ece3dbf011,1073,True
AnomalyTransformer,284_NEK_id_8_WebService_tr_500_1st_976.csv,f9e2c825c8b560b9f984b573413ce6dd48d2a289bd4820ce6ad369adf8412c41,1073,True
AnomalyTransformer,285_NEK_id_9_WebService_tr_500_1st_780.csv,e03f4569634ad167bf441eee3409bba0a88fd73d26071fa68bc1f2ece3dbf011,1073,True
AnomalyTransformer,286_CATSv2_id_1_Sensor_tr_17792_1st_17892.csv,32ccf16c99f10d8536a7d988d05405d439a505b3815dc0d74abd7e4c110892d5,300000,True
AnomalyTransformer,287_TODS_id_1_Synthetic_tr_500_1st_11.csv,a23394d6f21fe7f2b7a35a7d4e4903a93787081418142e3705fb024f263a7594,5000,True
AnomalyTransformer,288_TODS_id_2_Synthetic_tr_500_1st_65.csv,c817704bc3f9947b63239baaeb7e5d67862d266338e88e04b7775bc4a74f9fe9,5000,True
AnomalyTransformer,289_TODS_id_3_Synthetic_tr_500_1st_26.csv,6a854cf5bb37d64128104891e5561749df75604a798cc7e48f382662e46ede3c,5000,True
AnomalyTransformer,290_TODS_id_4_Synthetic_tr_500_1st_26.csv,e83a2913e0ed5f2dcefca71566ef17a667dd22e37b8e948416755d2790ef90d2,5000,True
AnomalyTransformer,292_TODS_id_6_Synthetic_tr_500_1st_11.csv,da58b85541e344baa31f18636443a780dd951632d71c32df6cb904cecef5a201,5000,True
AnomalyTransformer,293_TODS_id_7_Synthetic_tr_500_1st_7.csv,52baae3ed5acc83154b1bff8e038f6ccf10c1e3d9e6cad7d4d6aec5055833750,5000,True
AnomalyTransformer,294_TODS_id_8_Synthetic_tr_500_1st_200.csv,16ca5bde74cd5b10dc589bbd318def8346ca9e91756337ade8093f4edb5b83ad,5000,True
AnomalyTransformer,295_TODS_id_9_Synthetic_tr_1250_1st_2046.csv,5a2e33b7ffe0e56912752076320130f65f8cbcac3ce6ab06d03ce71888e83bb8,5000,True
AnomalyTransformer,296_TODS_id_10_Synthetic_tr_500_1st_26.csv,05b6c269b44fdc99d34fe6866b702702d9cacb952f546f9497f96b538eaea84a,5000,True
AnomalyTransformer,297_TODS_id_11_Synthetic_tr_500_1st_7.csv,6002500a920a9ccc7f04cca762b57170876e8e7cc92ff561ca0047fee1e9dfed,5000,True
AnomalyTransformer,298_TODS_id_12_Synthetic_tr_500_1st_0.csv,aae6d973710dd4a96ae30a940b061c3c571d19c45d11cc7ab5d3d401f1380d10,5000,True
AnomalyTransformer,299_TODS_id_13_Synthetic_tr_500_1st_65.csv,cd2bdaa1e7f9bc8dc25839f55f845168bd0746e95ab472f6779ba411ddd00f67,5000,True
AnomalyTransformer,301_TODS_id_15_Synthetic_tr_500_1st_245.csv,c6b605d5a150017255e7763758a7ab888bad2671ef8cf4c8dde9ca47f6ea3ebb,5000,True
AnomalyTransformer,302_Power_id_1_Facility_tr_7685_1st_7785.csv,19ceec2a7a8699969e9b2a5075ba27b5ec6e92971a8f0027695aec56d74a2a64,35040,True
AnomalyTransformer,304_UCR_id_2_Medical_tr_2499_1st_7000.csv,fb29c67b733ac4e204c1d9ca671dfda349ce47c6cfdff43539206f4026012614,9998,True
AnomalyTransformer,307_UCR_id_5_Facility_tr_29895_1st_39240.csv,45718a8b9517915ced72744663b255d615996947b9c1635544302223de584e15,119580,True
AnomalyTransformer,309_UCR_id_7_Medical_tr_3000_1st_5948.csv,14ffbfbba464b43052892faf6a8b7ba3ba72a37ae5583764237fe281279bb9c3,12000,True
AnomalyTransformer,310_UCR_id_8_HumanActivity_tr_2631_1st_8285.csv,bc550893bc49634e19f0279481c906a601b8269e1962d975bb98856009c65076,10524,True
AnomalyTransformer,311_UCR_id_9_HumanActivity_tr_16000_1st_38400.csv,5f16f314805d942589f4e87522dbcf117f8830745f112a5f58e0d446c9c2232e,64000,True
AnomalyTransformer,313_UCR_id_11_Sensor_tr_2827_1st_4711.csv,53adfe059886b40b77ef563091f544098614cba07f82cb6b6cbe9f2fe4288009,11308,True
AnomalyTransformer,315_UCR_id_13_HumanActivity_tr_16000_1st_33070.csv,172c4751cd77299ee89a46c4dc6d794fa862a207d22637515bea5696c17bd8be,64000,True
AnomalyTransformer,316_UCR_id_14_Sensor_tr_2833_1st_5988.csv,4616a881cbed0fdb27d2c4e0643d4a8ee53d6eacafd51144ce2197fc99ceb21f,11334,True
AnomalyTransformer,319_UCR_id_17_Environment_tr_6166_1st_19280.csv,3b5844b6b30f7060a87855f8d0c04d2f1d10109b828a689bfd2062457eb334c1,24667,True
AnomalyTransformer,326_UCR_id_24_Medical_tr_1875_1st_4187.csv,09e54c1693f9a823af210b8bb5c9951c3efefc90ddfadd0b3d5e780561599a53,7501,True
AnomalyTransformer,331_UCR_id_29_Facility_tr_50000_1st_837400.csv,0b4771f860d2eeb28fba8beb58d17e3c5beb5d1622f17be0005365571b608d9f,900000,True
AnomalyTransformer,332_UCR_id_30_Facility_tr_13750_1st_52600.csv,f129f09a2b6c066fdd6c414c601c553f49c7b1d582add9a09f15c551120c40b6,55000,True
AnomalyTransformer,334_UCR_id_32_HumanActivity_tr_1671_1st_2764.csv,c31f10d97d320fc9a6559c930fca703b6a1e22a1be80dbc0af10505976b92196,6684,True
AnomalyTransformer,339_UCR_id_37_Sensor_tr_2750_1st_5400.csv,ce07a7d9dc5bb8a1010180609ef0a08d53b26ccdf33a0d019d22695e6ff6879a,11000,True
AnomalyTransformer,341_UCR_id_39_HumanActivity_tr_48812_1st_128430.csv,a0a37ed345b4388d5d3221f7781d7f5a52a69230f57c8c0c003627839a22b17b,195250,True
AnomalyTransformer,344_UCR_id_42_Sensor_tr_2851_1st_5365.csv,1859e5feaba0e64351075c42b16dee763fbac5eb4d6fd6df4c995e483341f6dd,11406,True
AnomalyTransformer,346_UCR_id_44_Medical_tr_7456_1st_17390.csv,a8c174d80c3b12bf18d457984db0483e5ca0c90f234f2c18f37fac7d52de4d22,29826,True
AnomalyTransformer,349_UCR_id_47_Facility_tr_29954_1st_74900.csv,f28d018bac269179e0f1e81e5bf7663cd6eed5d3948f11d141b90c8a93f7567b,119819,True
AnomalyTransformer,355_UCR_id_53_HumanActivity_tr_48750_1st_143411.csv,bba5041c7548230cfc0fbdf47ea87383110b36bbc43e4f4de0aed7dfef1ea20b,195000,True
AnomalyTransformer,358_UCR_id_56_Facility_tr_10500_1st_29080.csv,9eaca2590833dc6f73a17f0232dc064c2731167bc580db9342eca44a7d503486,42000,True
AnomalyTransformer,361_UCR_id_59_Medical_tr_3000_1st_7175.csv,6d022dafa7bbb717c7d45997008d405325a4c801abf40d901120a71f25f655a9,12000,True
AnomalyTransformer,364_UCR_id_62_Sensor_tr_2833_1st_5988.csv,df13150c53618f79742db48c2312cc2b1ea5f3540be7b00b708a2612e2591a22,11334,True
AnomalyTransformer,369_UCR_id_67_Sensor_tr_2750_1st_5400.csv,985300b98bc54d9668ac9ef0617447c84f6477ac444b26f3a23c09e6384b9d3d,11000,True
AnomalyTransformer,371_UCR_id_69_Medical_tr_1853_1st_6200.csv,7578ff91aa2d693f7608df9e35b1eb68f8778922677a6300d16fa5a9c1cf0d89,7415,True
AnomalyTransformer,373_UCR_id_71_Sensor_tr_2827_1st_5988.csv,f85a853c1e6887b8e5fede364dbab40bd0aea048be2056007465c689247d5f9d,11308,True
AnomalyTransformer,381_UCR_id_79_HumanActivity_tr_16000_1st_31200.csv,1517abe7531a90135de6b6815606179630a3c09ec4f53d23a2fe8d1213e39fe5,64000,True
AnomalyTransformer,382_UCR_id_80_Medical_tr_7500_1st_11800.csv,9eca1f0e160dfff9ea2b038799b2d79e12409f1bc43ed92272cfb845230b70be,30000,True
AnomalyTransformer,385_UCR_id_83_Environment_tr_2046_1st_6006.csv,91bc345d980a1cbb1179cb1494fa6a2c9bc2c5ff647f7bd926a04ea8f751ecc7,8184,True
AnomalyTransformer,387_UCR_id_85_Environment_tr_2046_1st_5549.csv,a6676e97fa0e6d9e5b79c659744b3772efd003914aa2908fa2d411b9389cef65,8184,True
AnomalyTransformer,391_UCR_id_89_Medical_tr_1875_1st_5759.csv,6685b70415a76a70e6c17cf21733fd6e21db7348dffba6020461ab30ecdbf93d,7500,True
AnomalyTransformer,393_UCR_id_91_Environment_tr_2046_1st_4852.csv,b066a58e9188363eaf79b39ef269ef5b1025ec9740e7f664c49893d8d4e33f28,8184,True
AnomalyTransformer,396_UCR_id_94_Medical_tr_1875_1st_5607.csv,b71ad8449ea18e4bf5d1141fa35c88888362e01c5020b33ce8c56e3391d51ffa,7501,True
AnomalyTransformer,400_UCR_id_98_Environment_tr_2046_1st_5391.csv,e210b007dc2cea2c87d2f893ae062a2096b17d3da3a45ee3d6f2bd52c538f815,8184,True
AnomalyTransformer,401_UCR_id_99_HumanActivity_tr_1671_1st_5920.csv,f1f21358541ccde60eaa7a770bf1aebe1453ad0628832ad80732b5b89a49c8d5,6684,True
AnomalyTransformer,405_UCR_id_103_Sensor_tr_2827_1st_5988.csv,8255b7cc0ceca40cd16a0473ae18401b749e1849bf83f936e788d14cf39ccd8f,11308,True
AnomalyTransformer,406_UCR_id_104_Facility_tr_20000_1st_67950.csv,a0fe9c926a767fbff470b6b540f9b4205490c24bd8f7fb0ba40c6743a8fee69f,80000,True
AnomalyTransformer,411_UCR_id_109_Environment_tr_2046_1st_4852.csv,1d921033f301ccc36c2945478b4da1f963cf1ab7b2ed576a3657c13c0eb51b05,8184,True
AnomalyTransformer,415_UCR_id_113_Medical_tr_3000_1st_8612.csv,778715b24a6fcce5096415a4d2d9f2f7da1df2730f8100b4f1ca875a4a358dc1,12000,True
AnomalyTransformer,417_UCR_id_115_Sensor_tr_2750_1st_5400.csv,c2b2446c5e0652e85cf200ec8176f556b9952217cefcdd2630e3a6d917e71976,11000,True
AnomalyTransformer,419_UCR_id_117_Facility_tr_3000_1st_6168.csv,4f79b04d57fa3234747060573dcf3554edc408839be7767789259f32106c91d8,12000,True
AnomalyTransformer,420_UCR_id_118_Facility_tr_13750_1st_52600.csv,e4a678e980a9bbd6ed23d7b4292c531ff0524a78b3284e3fd9edd096147d9a52,55000,True
AnomalyTransformer,421_UCR_id_119_HumanActivity_tr_48750_1st_130700.csv,4b89389a87b4cd6429e5396e7094e608f07fa1fc88033b4cce80a260d9e65aef,195000,True
AnomalyTransformer,426_UCR_id_124_Sensor_tr_2827_1st_4711.csv,eaa189b84987996d1721f356982a6e3aaaba02aecda9f470dbbdae73e60cd085,11308,True
AnomalyTransformer,430_UCR_id_128_HumanActivity_tr_12500_1st_46500.csv,56e40225c496fab2ce0a21573912dd98e09ef69ff148872724371fa0df287f30,50000,True
AnomalyTransformer,432_UCR_id_130_Facility_tr_23000_1st_26970.csv,a4317b0726dee9d19993c21f8f9d374f9541d0b9718d9302c90fbdc33c7e4b24,92000,True
AnomalyTransformer,436_UCR_id_134_Medical_tr_1875_1st_4526.csv,03b8dfa313c590e5798cde6eb577f879ee826dd45c957365756520477b7ed737,7501,True
AnomalyTransformer,437_UCR_id_135_Medical_tr_2499_1st_8000.csv,5cef539cc403ca8077bec203a716a1041001b5c5965eb3803e7c87182b40ee47,9998,True
AnomalyTransformer,439_UCR_id_137_HumanActivity_tr_48750_1st_110800.csv,4a88f0a8ea215101c0bbd91248c8b642d8445432383da6b10f53f454208efce0,195000,True
AnomalyTransformer,445_UCR_id_143_Environment_tr_6166_1st_19280.csv,8f2fd1429cab7d15901e14c6d6442f272ec4e7098a11a0a01dca081917b62ef9,24667,True
AnomalyTransformer,449_UCR_id_147_Sensor_tr_2847_1st_9330.csv,29ff76b8426f92a9fc2598e72e563291c83a3ef9068b992ec6f2d998191f94e0,11388,True
AnomalyTransformer,452_UCR_id_150_Facility_tr_10000_1st_35774.csv,391fe4eb9ff13e0e38fac6365089dba80affea8a90136c5c9c3ebbbce5396ecc,40000,True
AnomalyTransformer,459_UCR_id_157_HumanActivity_tr_50000_1st_110260.csv,e935c4784906d092b535c8be3604606832fb747aa072f202295d32e933013eac,200000,True
AnomalyTransformer,463_UCR_id_161_Environment_tr_2046_1st_6006.csv,831dc79182b6c9ad156f1a85c02a436c9e8f4c1775eb9dcde0e55ac3675d2150,8184,True
AnomalyTransformer,467_UCR_id_165_Environment_tr_6166_1st_19280.csv,8c2df4bc3ed5b2ddb236956318e21ae08fbe8af16f92f86827486f65d9735ea0,24667,True
AnomalyTransformer,471_UCR_id_169_Facility_tr_10000_1st_35774.csv,80c87b3783ffb3258d2cc52cb75499adf41e35c311125d3bce20897fba23f1c7,40000,True
AnomalyTransformer,473_UCR_id_171_HumanActivity_tr_2617_1st_7290.csv,ca9333bd6876de9747940650c82483c9036b7b3135603ad9b7f3f865cc8d21d7,10468,True
AnomalyTransformer,474_UCR_id_172_Environment_tr_2046_1st_6520.csv,455c619753b1fdab2c86ed96688e17e8ca329b67a927c30a72f7b2ebb0033883,8184,True
AnomalyTransformer,493_UCR_id_191_Sensor_tr_2847_1st_9330.csv,524abe75132cbb6704aad2f02ec696bce80cb15ee00cb2f955367bf2c816321c,11388,True
AnomalyTransformer,494_UCR_id_192_Facility_tr_22500_1st_72150.csv,2d8f353e992cf1cf2cb417dd37e980d1ff6c81abacb2842612f4aa318defc0ee,90000,True
AnomalyTransformer,495_UCR_id_193_Environment_tr_2046_1st_6520.csv,f382b325f09934c354872d305bec8b0757d76d8d53a23bcf6d9219da690c53e0,8184,True
AnomalyTransformer,496_UCR_id_194_Environment_tr_2046_1st_5391.csv,2e1ba473dd1fbf55e38e0383c42d0fbdc1cf2f0bd4308bb3bb16c82ec051df38,8184,True
AnomalyTransformer,499_UCR_id_197_Environment_tr_2046_1st_5703.csv,561ad213075c5759c43945ce3e42d448465e9e369defae3c0da5f6674d4cdb7d,8184,True
AnomalyTransformer,500_UCR_id_198_Facility_tr_7482_1st_23357.csv,7b2524f5f9a3641587893bf006d0c11c744309849ee8cf7f01dbd83b579e65c1,29931,True
AnomalyTransformer,504_UCR_id_202_Environment_tr_2046_1st_5549.csv,78bcaf710336450fd9b10b9920ea4158b1512bcf2be7d444085e9dfa3738817d,8184,True
AnomalyTransformer,506_UCR_id_204_Environment_tr_2046_1st_5549.csv,7ee7352b54d7285e52ca0a872323e4a277ea128866e401c0fa6473fede02bc1b,8184,True
AnomalyTransformer,516_UCR_id_214_HumanActivity_tr_2108_1st_4702.csv,05e59b84444dbce4e5e1dd73d7b74ddb7f4ae4d9d22127b50f90a796e2e0387b,8432,True
AnomalyTransformer,517_UCR_id_215_Facility_tr_7482_1st_24005.csv,ef3656909883e2d7556795d1189b9aa3d9e0fe7d172e12c43d8374ac611e0f7d,29931,True
AnomalyTransformer,525_UCR_id_223_Facility_tr_50000_1st_250720.csv,cf87b0ec14120e275ce6b9b2e81c4be1924dd16abae17516bcb7adc01c9c75d2,299790,True
AnomalyTransformer,526_UCR_id_224_Sensor_tr_2827_1st_4711.csv,b4329fb3afbf009c84358c5be37bd75d7e5bebc98b7ecb11b3fa433132aea971,11308,True
AnomalyTransformer,530_UCR_id_228_HumanActivity_tr_16250_1st_38500.csv,8427e42049e2cbd7f85705512289eba9a797e72ce6d6d7943e1c551a86310464,65000,True
AnomalyTransformer,531_SMAP_id_1_Sensor_tr_1811_1st_4510.csv,04af63773717897ed1445a51f1c3f85801275c4f85e8939c1b62357dcb90c2e5,7244,True
AnomalyTransformer,532_SMAP_id_2_Sensor_tr_2075_1st_5550.csv,95f0e806cddcbfa61b75e2efebf4183bbc0f391cd9bbe8707ccc1a33c04195fb,8302,True
AnomalyTransformer,533_SMAP_id_3_Sensor_tr_2052_1st_5300.csv,c4cbd92791bf01effc42a439ee1730501bf2d825adce5437c9e439ca1a8898f3,8209,True
AnomalyTransformer,534_SMAP_id_4_Sensor_tr_1968_1st_4370.csv,2f7d8a8dd5959dd93d9b552a114e7df6d3cf59f649389e8384f08766a2b9d168,7874,True
AnomalyTransformer,536_SMAP_id_6_Sensor_tr_2160_1st_5600.csv,a8fd2e78a831e046e548454d1f0863dd7c3f29bc8e5db3cfe1b1d3536a292462,8640,True
AnomalyTransformer,537_SMAP_id_7_Sensor_tr_2077_1st_5394.csv,4025e217e6d337e84b41967893ed384bc6119b95d11c0e516160da929599383a,8310,True
AnomalyTransformer,538_SMAP_id_8_Sensor_tr_2007_1st_3650.csv,50239b67c952f4d8e2160b947be10b8cf044a9552fb52fa29926e6cd6724f24e,8029,True
AnomalyTransformer,539_SMAP_id_9_Sensor_tr_1857_1st_4270.csv,9cd58ab16cb950992bb58178a5453cb33cc843c1c1a59adae6470d332aede0d6,7431,True
AnomalyTransformer,540_SMAP_id_10_Sensor_tr_2051_1st_4575.csv,cbbf643c1a0c1021a2b3bbe6b8e7936d4bb55e8a155cf18636726e2c62b68515,8205,True
AnomalyTransformer,541_SMAP_id_11_Sensor_tr_1832_1st_5300.csv,dd9eb8017a95c2d71c13fc8ed81d62682762a635830255cf1e871b5c97add0ed,7331,True
AnomalyTransformer,542_SMAP_id_12_Sensor_tr_1908_1st_4690.csv,34dccdc42582ad21741d032d580b389cce5c070057c49402be166b66b043db8b,7632,True
AnomalyTransformer,544_SMAP_id_14_Sensor_tr_1978_1st_4450.csv,885e8bef95dda75b99113d50f7bd9cfd74df8581aecd6132bc8c6b1dc7547ebb,7914,True
AnomalyTransformer,545_SMAP_id_15_Sensor_tr_1173_1st_2750.csv,6d32622a32e84c1fcd7845e2b2d119750ac37e7780d81c7da190ac3b9f41d5cd,4693,True
AnomalyTransformer,546_SMAP_id_16_Sensor_tr_2117_1st_4770.csv,6633a1a772ef43152855c47085f74ae4af8c8644900c86df58c6f3e4e17d5746,8469,True
AnomalyTransformer,547_SMAP_id_17_Sensor_tr_2133_1st_5400.csv,3535efc6bf6f0a1a672ee1764a836e54c709cbb5d17ad94775e9319145bd1e5d,8532,True
AnomalyTransformer,548_SMAP_id_18_Sensor_tr_2094_1st_5600.csv,a7c08bc881e33eba433542a52baab63d50a48cc69764083f8efe1a0618f914eb,8376,True
AnomalyTransformer,549_SMAP_id_19_Sensor_tr_1998_1st_2098.csv,50c26de2143ec93d038ffaeadb92d50a55d52f7398e4f521cab5718fe8166a77,8579,True
AnomalyTransformer,550_SWaT_id_1_Sensor_tr_43700_1st_43800.csv,1768e96789b420c1d393aac326e9809298565864eca5b8371bd0f8c9f035ef98,419919,True
AnomalyTransformer,551_YAHOO_id_1_Synthetic_tr_500_1st_893.csv,c56e8a61659f61c07d49438ef5dfdf3c37a2d868d4322d3b03cb1de66f4f3f69,1421,True
AnomalyTransformer,552_YAHOO_id_2_Synthetic_tr_500_1st_893.csv,8c5a63b35221fd1f68a4bdd58e46ab9f3324b3742244f17d944723d52c16fd23,1421,True
AnomalyTransformer,555_YAHOO_id_5_WebService_tr_500_1st_730.csv,aa9416feaae200bf5671bde5a6d94a94efec07349cfc78d10e2bc833f03d5c64,1680,True
AnomalyTransformer,558_YAHOO_id_8_WebService_tr_500_1st_1125.csv,224d7b236b2162a270783e5bdc3ecc79ac9760d16dde7beaea2b6a08d301a47b,1427,True
AnomalyTransformer,562_YAHOO_id_12_Synthetic_tr_500_1st_893.csv,380a0386bf6eb01e8a1e1cac25d889bb9ca2ff721a8dee7dda54b82226c6c6b5,1421,True
AnomalyTransformer,570_YAHOO_id_20_Synthetic_tr_500_1st_658.csv,2f9ddacfc9198cf5c681a850d5e1584a36d094c0b84c5717608107460fcab669,1421,True
AnomalyTransformer,571_YAHOO_id_21_Synthetic_tr_500_1st_623.csv,7e0d984a55f041b3459430fd97f6f6593484dbc1c659aaf22e9686ed27f6f0f7,1421,True
AnomalyTransformer,579_YAHOO_id_29_WebService_tr_500_1st_1342.csv,000443607df818543bec38bd16f4223a568dfd480cbe74bb1f3ede734308fd39,1680,True
AnomalyTransformer,603_YAHOO_id_53_Synthetic_tr_500_1st_893.csv,71ce571dd41e335f7f5594f77bf650fd2a19663c148d36efb13fd8a9e292c295,1421,True
AnomalyTransformer,644_YAHOO_id_94_WebService_tr_500_1st_1078.csv,350d09ed1c7acfd593c928d0a0f852db42579567a0e7d687b59a5e5c51ab54c8,1435,True
AnomalyTransformer,645_YAHOO_id_95_WebService_tr_500_1st_1047.csv,a129e522f608ef007ca27e4fdb39c05211bf5e73c3d3a7e083ef8133d193ad13,1680,True
AnomalyTransformer,649_YAHOO_id_99_WebService_tr_500_1st_1386.csv,faedc8cffd750d2af8b75b3a22d903a83836537e57fcb9d2f5570641f68bdcb0,1680,True
AnomalyTransformer,657_YAHOO_id_107_WebService_tr_500_1st_1260.csv,3173d2934174e0bfcf2de6fbacfdbd9a7c3aabde60f41b1baba9d6ebbdefc7d8,1440,True
AnomalyTransformer,658_YAHOO_id_108_Synthetic_tr_500_1st_893.csv,f5059fbbcde8df00bc1969870b6901aa0f561f311dbe960491e0fc016ba4c9ea,1421,True
AnomalyTransformer,672_YAHOO_id_122_WebService_tr_500_1st_857.csv,3f2ad60a4772a4d161fb64925eb90a4ecfbad5edefef5511004d860345ef6a51,1680,True
AnomalyTransformer,680_YAHOO_id_130_Synthetic_tr_500_1st_893.csv,3fd88127ee50c5461f610e520fa92ac26f14900e59795cc7a966a70a865c0fa9,1421,True
AnomalyTransformer,689_YAHOO_id_139_WebService_tr_500_1st_1073.csv,b9a3dfdc2d0c0cb7345b79478e744def9a2bda211419187743b347a34f940a64,1680,True
AnomalyTransformer,693_YAHOO_id_143_WebService_tr_500_1st_1003.csv,36ade2d809ed4a280444bdb3a2dc7701fcb05af37e793a58ea3eac8da43814ab,1427,True
AnomalyTransformer,701_YAHOO_id_151_Synthetic_tr_500_1st_893.csv,2be624152ca309c4850a71217b771e0e3d67d99340cd9277b4c6237d1b626c0c,1421,True
AnomalyTransformer,723_YAHOO_id_173_WebService_tr_500_1st_1214.csv,5b46ed659c00eec2ea676bad60d5fc9ca99867d3d9054ea39369c5bed4afeec5,1420,True
AnomalyTransformer,724_YAHOO_id_174_WebService_tr_500_1st_1030.csv,c6d0839ae2a1ed7a6d44487d2501bb0310af6933d4a062170f30dd987f0139f6,1680,True
AnomalyTransformer,734_YAHOO_id_184_WebService_tr_500_1st_768.csv,a13b6b96efc6af2c4f2859876783118a1d8122af99b4b29c9b6803bfdc4d19cb,1424,True
AnomalyTransformer,741_YAHOO_id_191_WebService_tr_500_1st_1114.csv,a39565ae4f9b92d8bce9171a2cbe0a9540b92cfffd2631ba1b68c49cd8242f4e,1680,True
AnomalyTransformer,755_YAHOO_id_205_Synthetic_tr_500_1st_893.csv,4fa11a23a79b548a785169938e6979433f1f576632329ed824eea4546682e966,1421,True
AnomalyTransformer,762_YAHOO_id_212_WebService_tr_500_1st_1055.csv,b9e1e97fde84df6aaece0bbf669f95077d164ff0755dd5ea7427c8cff19a5cec,1680,True
AnomalyTransformer,780_YAHOO_id_230_Synthetic_tr_500_1st_893.csv,87035c966036c6456daa74b856a29d92c35080dee83bc7e1b41179df1ded7de2,1421,True
AnomalyTransformer,788_YAHOO_id_238_WebService_tr_500_1st_973.csv,9e24e1a222e79e18ca4483ed709d8d36c0c12858e0b7c3d08861a53d99894d56,1680,True
AnomalyTransformer,797_YAHOO_id_247_Synthetic_tr_500_1st_893.csv,a6bfe3263e917237f723c68b9481a8fde47baab21bc81d8f32575ae14b98ab1a,1421,True
AnomalyTransformer,806_YAHOO_id_256_Synthetic_tr_500_1st_893.csv,c19fde6aff273f3d8bddeb3c8e37d3abfbdcd1a405f95ff4526bbe406d6f2361,1421,True
AnomalyTransformer,807_YAHOO_id_257_WebService_tr_500_1st_1210.csv,31bdef604adb76f8293408663f732702dbc7f50199b7b20d0263fc7011ea6209,1424,True
AnomalyTransformer,810_Exathlon_id_1_Facility_tr_10766_1st_12590.csv,b8d20252d3dc3331a9af6c0f07ae24fc5725bb83625cd843a48f6fb1b9eb6e05,43066,True
AnomalyTransformer,811_Exathlon_id_2_Facility_tr_10766_1st_12590.csv,691a71668060322ebcbb5b57a8c7494e3878de63df604cbe5426ec3380b5d014,43066,True
AnomalyTransformer,812_Exathlon_id_3_Facility_tr_10766_1st_12590.csv,f2c86f0bcdba2f44b6edc3af8b1ce353320e42ab1bb806ad92ee915e7f835279,43066,True
AnomalyTransformer,814_Exathlon_id_5_Facility_tr_10766_1st_12590.csv,691a71668060322ebcbb5b57a8c7494e3878de63df604cbe5426ec3380b5d014,43066,True
AnomalyTransformer,815_Exathlon_id_6_Facility_tr_10766_1st_12590.csv,f2c86f0bcdba2f44b6edc3af8b1ce353320e42ab1bb806ad92ee915e7f835279,43066,True
AnomalyTransformer,816_Exathlon_id_7_Facility_tr_10766_1st_12590.csv,d00fce524f0293dcbc0eb80f5c366c9b1a8f2182307123d8591ea5f093c0a4f5,43066,True
AnomalyTransformer,817_Exathlon_id_8_Facility_tr_10766_1st_12590.csv,a79a150a061ff74810d890570332f2c08b407ce6ae9ec949fcce647cda9222cc,43066,True
AnomalyTransformer,818_Exathlon_id_9_Facility_tr_11665_1st_13484.csv,2a1cd813e2554346e1b66333c34b80e2949fa568871ebf971b5c8cca4f871cc2,46660,True
AnomalyTransformer,819_Exathlon_id_10_Facility_tr_10766_1st_12590.csv,37547601c77fb2770b2b14def98159374243fbf37d003be8ec26004745229b02,43066,True
AnomalyTransformer,820_Exathlon_id_11_Facility_tr_11665_1st_13484.csv,ac9d514933859ad1255bc98b5752f5ff37274b218f66887f6449edb4d230318a,46660,True
AnomalyTransformer,821_Exathlon_id_12_Facility_tr_6985_1st_7085.csv,6a586832c0b63a608b6b677dcf9d4ca0ceeaa0ebc4eeb8fc123a95582949d616,46649,True
AnomalyTransformer,822_Exathlon_id_13_Facility_tr_10766_1st_12590.csv,a79a150a061ff74810d890570332f2c08b407ce6ae9ec949fcce647cda9222cc,43066,True
AnomalyTransformer,823_Exathlon_id_14_Facility_tr_10766_1st_12590.csv,61be77779186f3fcbab6b33fe966dae81be15d6ef721c08545475865d8ddae7a,43066,True
AnomalyTransformer,824_Exathlon_id_15_Facility_tr_10766_1st_12590.csv,665ff37932dc41a07b185f30bcdc14c91be92f60e3b5bd6fea66115bc720b7db,43066,True
AnomalyTransformer,826_Exathlon_id_17_Facility_tr_11665_1st_13484.csv,ac9d514933859ad1255bc98b5752f5ff37274b218f66887f6449edb4d230318a,46660,True
AnomalyTransformer,827_Exathlon_id_18_Facility_tr_10766_1st_12590.csv,665ff37932dc41a07b185f30bcdc14c91be92f60e3b5bd6fea66115bc720b7db,43066,True
AnomalyTransformer,828_Exathlon_id_19_Facility_tr_11663_1st_13482.csv,957253e02cb5eb66e2df76badce7456442e2463d1f9cf0deeae6b9c05a155c2b,46655,True
AnomalyTransformer,829_Exathlon_id_20_Facility_tr_10766_1st_12590.csv,d00fce524f0293dcbc0eb80f5c366c9b1a8f2182307123d8591ea5f093c0a4f5,43066,True
AnomalyTransformer,830_Exathlon_id_21_Facility_tr_10766_1st_12590.csv,360173a3a35bd98f545f011ee2cd37ee74e3f45c7679ce7f80ea4f07f9750928,43066,True
AnomalyTransformer,831_Exathlon_id_22_Facility_tr_11665_1st_13484.csv,ac9d514933859ad1255bc98b5752f5ff37274b218f66887f6449edb4d230318a,46660,True
AnomalyTransformer,832_Exathlon_id_23_Facility_tr_10766_1st_12590.csv,d00fce524f0293dcbc0eb80f5c366c9b1a8f2182307123d8591ea5f093c0a4f5,43066,True
AnomalyTransformer,833_Exathlon_id_24_Facility_tr_10766_1st_12590.csv,f2c86f0bcdba2f44b6edc3af8b1ce353320e42ab1bb806ad92ee915e7f835279,43066,True
AnomalyTransformer,834_Exathlon_id_25_Facility_tr_11665_1st_13484.csv,ac9d514933859ad1255bc98b5752f5ff37274b218f66887f6449edb4d230318a,46660,True
AnomalyTransformer,835_Exathlon_id_26_Facility_tr_10766_1st_12590.csv,0a7a43806fe62a1fcb0be58c69110c370ced18f80a05e53b5fc6668efd99c2f9,43066,True
AnomalyTransformer,836_Exathlon_id_27_Facility_tr_10766_1st_12590.csv,f2c86f0bcdba2f44b6edc3af8b1ce353320e42ab1bb806ad92ee915e7f835279,43066,True
AnomalyTransformer,837_Exathlon_id_28_Facility_tr_8898_1st_8998.csv,4520762fa82c49de7aa70587c398ccfa3449795cfe72bd031b7d712211e82838,46650,True
AnomalyTransformer,838_Exathlon_id_29_Facility_tr_10766_1st_12590.csv,a79a150a061ff74810d890570332f2c08b407ce6ae9ec949fcce647cda9222cc,43066,True
AnomalyTransformer,839_Exathlon_id_30_Facility_tr_10766_1st_12590.csv,d00fce524f0293dcbc0eb80f5c366c9b1a8f2182307123d8591ea5f093c0a4f5,43066,True
AnomalyTransformer,840_Exathlon_id_31_Facility_tr_10766_1st_12590.csv,665ff37932dc41a07b185f30bcdc14c91be92f60e3b5bd6fea66115bc720b7db,43066,True
AnomalyTransformer,841_Exathlon_id_32_Facility_tr_11663_1st_13482.csv,7158c53829388b69575c2602a607f409fb150cf4e19a3ed6e3d7c8ef44c64731,46655,True
AnomalyTransformer,842_OPPORTUNITY_id_1_HumanActivity_tr_7295_1st_27516.csv,908f96a853782cc3d1d964a402cda2de0f3df719c293d743b362b11afc685f6d,29182,True
AnomalyTransformer,843_OPPORTUNITY_id_2_HumanActivity_tr_808_1st_908.csv,f0b9bf8f09285374b8c63a4dce9850183ee22ca26d5340b869d3e61fb98215fa,9057,True
AnomalyTransformer,844_OPPORTUNITY_id_3_HumanActivity_tr_500_1st_566.csv,5616c1ae662089241bc95f057f71b9c6ae926eb462edb68f82e5c3837a40e451,15653,True
AnomalyTransformer,845_OPPORTUNITY_id_4_HumanActivity_tr_7295_1st_27516.csv,a4485f9beef58f8e87d5e616bdf3c65a354a949787b0a7299846e48fae676365,29182,True
AnomalyTransformer,846_OPPORTUNITY_id_5_HumanActivity_tr_2085_1st_2185.csv,9ff1d88a6f5bcee1d6133267a581d9989dedd7faa0e58af7fecbc52d6f3c8d75,22194,True
AnomalyTransformer,847_OPPORTUNITY_id_6_HumanActivity_tr_808_1st_908.csv,f963e979a583232b152d2c094e681cc8cc803bb236f90c868ebcebd8afac827b,9057,True
AnomalyTransformer,848_OPPORTUNITY_id_7_HumanActivity_tr_1477_1st_1577.csv,422caf3a06bb030933f08b0e72ab1ee4a95dc8fc7c9da3e2ec71e002c5d7b518,18011,True
AnomalyTransformer,849_OPPORTUNITY_id_8_HumanActivity_tr_1100_1st_1200.csv,57c9d64def79bafff4f028b54fc98bb2a781274b86e7e030b20ba4076d0e9ee6,24892,True
AnomalyTransformer,850_OPPORTUNITY_id_9_HumanActivity_tr_895_1st_995.csv,10bbbb223ea28ca151fbeb45143195d532f7874a900aacae1c42e62f293a2530,14751,True
AnomalyTransformer,851_OPPORTUNITY_id_10_HumanActivity_tr_6213_1st_7311.csv,9e82df2906d7aa7a7a3a98fdab9971fbbcf52633f5f89d7d525ae196744393d4,24852,True
AnomalyTransformer,853_OPPORTUNITY_id_12_HumanActivity_tr_808_1st_908.csv,e0bc1f6f2995e8e6300139d6340a2fc67cb79e6ed1cc2c8b2344883a375e1459,9057,True
AnomalyTransformer,854_OPPORTUNITY_id_13_HumanActivity_tr_1477_1st_1577.csv,7af1b77361dd234a80bee8243ef06a79da37419ae0fee8321cbd1343c9ea59fb,18011,True
AnomalyTransformer,855_OPPORTUNITY_id_14_HumanActivity_tr_808_1st_908.csv,214f6516e05870d8f4853cf4bae07286e0e4343219a6a302e1ee8d2c03d9d534,9057,True
AnomalyTransformer,856_OPPORTUNITY_id_15_HumanActivity_tr_808_1st_908.csv,2e4caa96a8d2ab21aa30093730e1290958b7ade6e0b8e03d4324543c04fe2ae7,9057,True
AnomalyTransformer,857_OPPORTUNITY_id_16_HumanActivity_tr_500_1st_566.csv,f11accb10b0adfab28bd00ca8f187de57c6d7c679e07ac74758b8f47b372e9a9,15653,True
AnomalyTransformer,858_OPPORTUNITY_id_17_HumanActivity_tr_808_1st_908.csv,0bf9e7fc11beee8d2a0ec1416f9561452ad219e770758a113a4d4492fcc1373f,9057,True
AnomalyTransformer,859_OPPORTUNITY_id_18_HumanActivity_tr_895_1st_995.csv,e944a523393f12084d6d59079f21ae358a1827c214c3b368d5a5a54055d96865,14751,True
AnomalyTransformer,860_OPPORTUNITY_id_19_HumanActivity_tr_808_1st_908.csv,4734d210f1cca3174b5c23e04d07632e9f8e35ded5c73be8af4f523a18b4470c,9057,True
AnomalyTransformer,861_OPPORTUNITY_id_20_HumanActivity_tr_2085_1st_2185.csv,81a6c274df92afec3cd29f41033a55ea0e59a41c5ee1686994c6ade02ccd7616,22194,True
AnomalyTransformer,862_OPPORTUNITY_id_21_HumanActivity_tr_500_1st_566.csv,f268d4d670eaeed95d0f884b89a44427c5a9d0bff98c628c62995e951579a704,15653,True
AnomalyTransformer,863_OPPORTUNITY_id_22_HumanActivity_tr_808_1st_908.csv,5f12617d90a94f2c82858238b2728486b3b3a86ef250c9b36a7cb1b26c91dd1f,9057,True
AnomalyTransformer,865_OPPORTUNITY_id_24_HumanActivity_tr_2085_1st_2185.csv,90aed59f394aeede8608e8e87e8efa89013280154bd40d33b904abe737dbce00,22194,True
AnomalyTransformer,866_OPPORTUNITY_id_25_HumanActivity_tr_6213_1st_7311.csv,b9460ff768d4165ccda06f702669f8152d730ade47a863ac39cf1360b522169c,24852,True
AnomalyTransformer,867_OPPORTUNITY_id_26_HumanActivity_tr_808_1st_908.csv,227e05568df366e716929acc793b82d9c3406a141777db42789af247d2dc9bac,9057,True
AnomalyTransformer,868_OPPORTUNITY_id_27_HumanActivity_tr_2085_1st_2185.csv,8556e7b305a83fa3903fc76bf90e70afd505428e31c80b574294ef8082e023b0,22194,True
AnomalyTransformer,869_OPPORTUNITY_id_28_HumanActivity_tr_500_1st_566.csv,139a87fcfa8c9547b79b0e926b332560dbfb713c7382799390ebca35d869d9aa,15653,True
AnomalyTransformer,870_OPPORTUNITY_id_29_HumanActivity_tr_1477_1st_1577.csv,b67d62167a5dd1a6cf59d26a7618c09f389e5c558ade96f2e3b4319c95b96308,18011,True
