series_id,source_dataset,detector,outer_fold,L_null,L_basis,L_detector,L_basis_detector,basis_utility,detector_utility,basis_detector_utility,CDU,C_basis,C_detector,C_basis_detector,n_points,n_anomalies,protocol_version,Raw_VUS
001_NAB_id_1_Facility_tr_1007_1st_2014.csv,NAB,SubPCA,NAB,0.4271930261014086,0.4049530644436562,0.4577306494462753,0.504052358777348,0.0222399616577523,-0.0305376233448667,-0.0768593326759394,-0.0990992943336918,0.1,0.1,0.1,4031,343,CDU-protocol-fast-v1,0.1786448360957693
002_NAB_id_2_WebService_tr_1500_1st_4106.csv,NAB,SubPCA,NAB,0.5109811005857584,0.5019596616707005,0.4733126747447588,0.4816961121305474,0.0090214389150579,0.0376684258409995,0.0292849884552109,0.020263549540153,0.1,0.1,0.1,6000,637,CDU-protocol-fast-v1,0.5310916345211372
005_NAB_id_5_Traffic_tr_594_1st_1645.csv,NAB,SubPCA,NAB,0.4866326352417378,0.4225410306074325,0.515514639547255,0.4618791502693275,0.0640916046343053,-0.0288820043055171,0.0247534849724102,-0.039338119661895,0.1,0.1,0.1,2379,238,CDU-protocol-fast-v1,0.1320108669734783
006_NAB_id_6_Traffic_tr_2579_1st_5839.csv,NAB,SubPCA,NAB,0.4857335332016683,0.5030185169729929,0.5012918086730018,0.4885396240118529,-0.0172849837713246,-0.0155582754713335,-0.0028060908101846,0.01447889296114,0.1,0.1,0.1,10319,1030,CDU-protocol-fast-v1,0.2276578654370968
008_NAB_id_8_Synthetic_tr_1007_1st_2734.csv,NAB,SubPCA,NAB,0.4853806728505995,0.3491487638325485,0.4145264573791777,0.3525574410755239,0.136231909018051,0.0708542154714217,0.1328232317750755,-0.0034086772429754,0.1,0.1,0.1,4031,402,CDU-protocol-fast-v1,0.8034470086391372
009_NAB_id_9_Traffic_tr_500_1st_438.csv,NAB,SubPCA,NAB,0.4862815616001811,0.4577284733710112,0.4236007827454723,0.4378770120969116,0.0285530882291699,0.0626807788547087,0.0484045495032695,0.0198514612740995,0.1,0.1,0.1,2161,216,CDU-protocol-fast-v1,0.2632161865586796
010_NAB_id_10_WebService_tr_500_1st_271.csv,NAB,SubPCA,NAB,0.6772894492172364,0.6757135752540563,0.5541946246805022,0.6142673031725234,0.0015758739631801,0.1230948245367342,0.063022146044713,0.0614462720815328,0.1,0.1,0.1,1000,148,CDU-protocol-fast-v1,0.7570764181400647
011_NAB_id_11_Facility_tr_1007_1st_1526.csv,NAB,SubPCA,NAB,0.5563893265106291,0.4704058326094067,0.4137040554447159,0.4252848258586394,0.0859834939012224,0.1426852710659131,0.1311045006519896,0.0451210067507672,0.1,0.1,0.1,4031,474,CDU-protocol-fast-v1,0.8772473565265201
013_NAB_id_13_Traffic_tr_623_1st_2084.csv,NAB,SubPCA,NAB,0.4842338922682348,0.3962528349165996,0.3635080745724484,0.3677952174512851,0.0879810573516352,0.1207258176957864,0.1164386748169497,0.0284576174653144,0.1,0.1,0.1,2494,248,CDU-protocol-fast-v1,0.8591157131267974
014_NAB_id_14_WebService_tr_500_1st_1045.csv,NAB,SubPCA,NAB,0.4820684243308183,0.4939130394542483,0.6035356660164101,0.655601778108613,-0.0118446151234299,-0.1214672416855917,-0.1735333537777946,-0.1616887386543646,0.1,0.1,0.1,1537,152,CDU-protocol-fast-v1,0.2064716568663947
015_NAB_id_15_Synthetic_tr_1007_1st_2787.csv,NAB,SubPCA,NAB,0.5948523472431452,0.7760293975346706,0.8091554144166456,0.9226844299659852,-0.1811770502915254,-0.2143030671735004,-0.3278320827228399,-0.1466550324313145,0.1,0.1,0.1,4031,513,CDU-protocol-fast-v1,0.0882356648863865
016_NAB_id_16_Environment_tr_1816_1st_3540.csv,NAB,SubPCA,NAB,0.4850429707481395,0.4376926895900296,0.4088726972219543,0.3880695191671454,0.0473502811581099,0.0761702735261851,0.096973451580994,0.0496231704228841,0.1,0.1,0.1,7266,724,CDU-protocol-fast-v1,0.3749623423458093
017_NAB_id_17_Synthetic_tr_1007_1st_1805.csv,NAB,SubPCA,NAB,0.4853806728505994,0.5534003198707411,0.4691216233864498,0.5591543084730451,-0.0680196470201417,0.0162590494641495,-0.0737736356224457,-0.005753988602304,0.1,0.1,0.1,4031,402,CDU-protocol-fast-v1,0.4077686194906039
018_NAB_id_18_Facility_tr_500_1st_669.csv,NAB,SubPCA,NAB,0.4862541770224173,0.5522336731389618,0.5400048645554429,0.5985995095370087,-0.0659794961165444,-0.0537506875330256,-0.1123453325145913,-0.0463658363980469,0.1,0.1,0.1,1881,188,CDU-protocol-fast-v1,0.1234392134250479
019_NAB_id_19_Facility_tr_1007_1st_1171.csv,NAB,SubPCA,NAB,0.483408210248932,0.4719329833680825,0.5143801298144393,0.5337460302619655,0.0114752268808495,-0.0309719195655072,-0.0503378200130335,-0.061813046893883,0.1,0.1,0.1,4031,400,CDU-protocol-fast-v1,0.1554220978429669
020_NAB_id_20_Synthetic_tr_1007_1st_2679.csv,NAB,SubPCA,NAB,0.7013653277331897,0.8742667449843253,0.9747140620851052,1.0791420492700692,-0.1729014172511356,-0.2733487343519155,-0.3777767215368794,-0.2048753042857438,0.1,0.1,0.1,4031,621,CDU-protocol-fast-v1,0.1232847915834107
022_NAB_id_22_Facility_tr_1007_1st_2980.csv,NAB,SubPCA,NAB,0.6017559663489813,0.4471628834985517,0.4745297051329231,0.4296171077601249,0.1545930828504296,0.1272262612160582,0.1721388585888563,0.0175457757384267,0.1,0.1,0.1,4031,520,CDU-protocol-fast-v1,0.512764844840005
023_NAB_id_23_Facility_tr_4512_1st_16551.csv,NAB,SubPCA,NAB,0.4188672974141275,0.4009310411488355,0.3339414286098953,0.3213934145896251,0.0179362562652919,0.0849258688042322,0.0974738828245023,0.0795376265592103,0.1,0.1,0.1,18049,1498,CDU-protocol-fast-v1,0.6022502998855779
024_NAB_id_24_Synthetic_tr_1007_1st_2787.csv,NAB,SubPCA,NAB,0.5948523472431452,0.5576899651953611,0.4610434966273656,0.4621863778582353,0.0371623820477841,0.1338088506157795,0.1326659693849098,0.0955035873371257,0.1,0.1,0.1,4031,513,CDU-protocol-fast-v1,0.8653449571994448
025_NAB_id_25_WebService_tr_3958_1st_4614.csv,NAB,SubPCA,NAB,0.4856619904702664,0.5141484620284618,0.5213298726106468,0.5533797986524698,-0.0284864715581953,-0.0356678821403803,-0.0677178081822033,-0.039231336624008,0.1,0.1,0.1,15832,1580,CDU-protocol-fast-v1,0.1146422490666301
026_NAB_id_26_Traffic_tr_624_1st_2261.csv,NAB,SubPCA,NAB,0.4675345826450365,0.3812191677117147,0.4906204152104557,0.4777079700641555,0.0863154149333217,-0.0230858325654192,-0.010173387419119,-0.0964888023524408,0.1,0.1,0.1,2499,238,CDU-protocol-fast-v1,0.1874351206683894
027_NAB_id_27_Facility_tr_757_1st_2582.csv,NAB,SubPCA,NAB,0.3512382483885998,0.2900068948565441,0.2951345337561133,0.2780406944312615,0.0612313535320557,0.0561037146324864,0.0731975539573382,0.0119662004252825,0.1,0.1,0.1,3031,200,CDU-protocol-fast-v1,0.6739493138264028
028_NAB_id_28_Facility_tr_1007_1st_3447.csv,NAB,SubPCA,NAB,0.5129951492739443,0.4682624740937041,0.3736684184644366,0.3942347275709417,0.0447326751802402,0.1393267308095077,0.1187604217030025,0.0740277465227623,0.1,0.1,0.1,4031,430,CDU-protocol-fast-v1,0.9569797525213009
032_WSD_id_4_WebService_tr_4559_1st_11822.csv,WSD,SubPCA,WSD,0.1075299854438183,0.1116774515005216,0.1079229780244999,0.1025299284049202,-0.0041474660567032,-0.0003929925806816,0.005000057038898,0.0091475230956013,0.1,0.1,0.1,10686,32,CDU-protocol-fast-v1,0.0082670079590517
039_WSD_id_11_WebService_tr_1746_1st_1846.csv,WSD,SubPCA,WSD,0.123945251401589,0.117165915369355,0.1186260988847459,0.1136702147761622,0.006779336032234,0.005319152516843,0.0102750366254268,0.0034957005931928,0.1,0.1,0.1,18219,132,CDU-protocol-fast-v1,0.1456175724554972
040_WSD_id_12_WebService_tr_4559_1st_9714.csv,WSD,SubPCA,WSD,0.1046479863466841,0.1124326024770673,0.1085012793705702,0.1146051606006584,-0.0077846161303831,-0.0038532930238861,-0.0099571742539743,-0.0021725581235911,0.1,0.1,0.1,18236,41,CDU-protocol-fast-v1,0.0039928196792563
043_WSD_id_15_WebService_tr_4521_1st_6828.csv,WSD,SubPCA,WSD,0.097246602480544,0.102515453101583,0.0991317870462262,0.1005839250755298,-0.005268850621039,-0.0018851845656822,-0.0033373225949858,0.0019315280260531,0.1,0.1,0.1,18085,6,CDU-protocol-fast-v1,0.0040619668229091
049_WSD_id_21_WebService_tr_4297_1st_7097.csv,WSD,SubPCA,WSD,0.1029301495095835,0.104141769354132,0.1020244445728294,0.0996869975282688,-0.0012116198445484,0.000905704936754,0.0032431519813146,0.0044547718258631,0.1,0.1,0.1,17189,31,CDU-protocol-fast-v1,0.294540593133914
054_WSD_id_26_WebService_tr_2409_1st_2509.csv,WSD,SubPCA,WSD,0.1098244691869262,0.1131182814548376,0.1142360945233474,0.1121061214950931,-0.0032938122679113,-0.0044116253364212,-0.0022816523081669,0.0010121599597444,0.1,0.1,0.1,18391,66,CDU-protocol-fast-v1,0.0131781969778066
058_WSD_id_30_WebService_tr_1136_1st_1236.csv,WSD,SubPCA,WSD,0.0976595358796754,0.1041579276002816,0.0988490167013415,0.0980266911425346,-0.0064983917206062,-0.0011894808216661,-0.0003671552628592,0.0061312364577469,0.1,0.1,0.1,18236,8,CDU-protocol-fast-v1,0.0665170461785202
060_WSD_id_32_WebService_tr_4576_1st_4766.csv,WSD,SubPCA,WSD,0.1174846082653973,0.1171885962943928,0.1148497197935619,0.1132352777348792,0.0002960119710045,0.0026348884718353,0.0042493305305181,0.0039533185595135,0.1,0.1,0.1,18305,102,CDU-protocol-fast-v1,0.0203605188620572
068_WSD_id_40_WebService_tr_4549_1st_13322.csv,WSD,SubPCA,WSD,0.1021198938700692,0.1071976929509372,0.1027441633334557,0.102724403342852,-0.005077799080868,-0.0006242694633865,-0.0006045094727828,0.0044732896080851,0.1,0.1,0.1,18197,29,CDU-protocol-fast-v1,0.037232740057942
074_WSD_id_46_WebService_tr_990_1st_1090.csv,WSD,SubPCA,WSD,0.1573790216886592,0.1352386893013269,0.1368294067261743,0.1288498622748577,0.0221403323873322,0.0205496149624848,0.0285291594138014,0.0063888270264692,0.1,0.1,0.1,18236,290,CDU-protocol-fast-v1,0.3747029706444584
089_WSD_id_61_WebService_tr_1010_1st_1110.csv,WSD,SubPCA,WSD,0.1493653476999775,0.128044486996481,0.147089816947216,0.1353763099176777,0.0213208607034965,0.0022755307527614,0.0139890377822997,-0.0073318229211967,0.1,0.1,0.1,17429,241,CDU-protocol-fast-v1,0.0835629657220682
094_WSD_id_66_WebService_tr_3309_1st_3914.csv,WSD,SubPCA,WSD,0.1061765244045372,0.1079952254932525,0.1106366519231154,0.1065998820580011,-0.0018187010887152,-0.0044601275185782,-0.0004233576534639,0.0013953434352513,0.1,0.1,0.1,13237,35,CDU-protocol-fast-v1,0.0083264560083677
099_WSD_id_71_WebService_tr_4559_1st_14411.csv,WSD,SubPCA,WSD,0.1046479863466841,0.111021903213316,0.1054042304291631,0.1001028032354241,-0.0063739168666318,-0.000756244082479,0.0045451831112599,0.0109190999778918,0.1,0.1,0.1,18236,41,CDU-protocol-fast-v1,0.0050042671382042
106_WSD_id_78_WebService_tr_3363_1st_3463.csv,WSD,SubPCA,WSD,0.1427668070758227,0.1281631660111524,0.1292126027178861,0.1205616432304914,0.0146036410646702,0.0135542043579365,0.0222051638453312,0.0076015227806609,0.1,0.1,0.1,18236,221,CDU-protocol-fast-v1,0.3389048643003932
113_WSD_id_85_WebService_tr_500_1st_335.csv,WSD,SubPCA,WSD,0.1198876437419788,0.1188265995285171,0.126765117137234,0.1246830230244069,0.0010610442134617,-0.0068774733952552,-0.0047953792824281,-0.0058564234958898,0.1,0.1,0.1,18242,113,CDU-protocol-fast-v1,0.0188619360916415
117_WSD_id_89_WebService_tr_3251_1st_3351.csv,WSD,SubPCA,WSD,0.0966728392159828,0.1038122200571789,0.0982710780284794,0.0992857142928925,-0.0071393808411961,-0.0015982388124965,-0.0026128750769097,0.0045265057642863,0.1,0.1,0.1,16376,3,CDU-protocol-fast-v1,0.0061295785091053
125_WSD_id_97_WebService_tr_2217_1st_2317.csv,WSD,SubPCA,WSD,0.1302459870741442,0.1302520570592606,0.134719100868578,0.1316952655441093,-6.069985116402554e-06,-0.0044731137944338,-0.0014492784699651,-0.0014432084848487,0.1,0.1,0.1,18250,162,CDU-protocol-fast-v1,0.0155952236191788
130_WSD_id_102_WebService_tr_2362_1st_2462.csv,WSD,SubPCA,WSD,0.1372607551927249,0.1338780040566449,0.1285995180080004,0.1278653884564661,0.0033827511360799,0.0086612371847244,0.0093953667362587,0.0060126156001787,0.1,0.1,0.1,18236,195,CDU-protocol-fast-v1,0.1214308142783879
137_WSD_id_109_WebService_tr_4559_1st_14404.csv,WSD,SubPCA,WSD,0.108459868419598,0.1147442587137088,0.1092833875984811,0.1052793752426775,-0.0062843902941108,-0.0008235191788831,0.0031804931769204,0.0094648834710312,0.1,0.1,0.1,18236,59,CDU-protocol-fast-v1,0.0057953918081454
139_WSD_id_111_WebService_tr_1701_1st_1801.csv,WSD,SubPCA,WSD,0.1142441227835626,0.1124211147084028,0.109870982284814,0.1091207370011518,0.0018230080751597,0.0043731404987485,0.0051233857824107,0.0033003777072509,0.1,0.1,0.1,18381,87,CDU-protocol-fast-v1,0.3129434977605703
140_MSL_id_1_Sensor_tr_530_1st_630.csv,MSL,SubPCA,MSL,0.2873686381761706,0.3059045243505106,0.202188336977657,0.2488218369707147,-0.0185358861743399,0.0851803011985135,0.0385468012054558,0.0570826873797958,0.1,0.1,0.1,2430,121,CDU-protocol-fast-v1,0.9529377200130486
141_MSL_id_2_Sensor_tr_500_1st_550.csv,MSL,SubPCA,MSL,0.6332567791885708,0.6388590499559477,0.6186411749682738,0.6558470867020626,-0.0056022707673768,0.014615604220297,-0.0225903075134917,-0.0169880367461149,0.1,0.1,0.1,2264,312,CDU-protocol-fast-v1,0.5532238991315781
143_MSL_id_4_Sensor_tr_980_1st_3550.csv,MSL,SubPCA,MSL,0.2429866472843507,0.1940817129302176,0.1880022770681336,0.1782348225681949,0.0489049343541331,0.054984370216217,0.0647518247161557,0.0158468903620226,0.1,0.1,0.1,3922,151,CDU-protocol-fast-v1,0.9995165377284072
144_MSL_id_5_Sensor_tr_1525_1st_4590.csv,MSL,SubPCA,MSL,0.1760790536021126,0.169985411306579,0.2056347897760472,0.1771065587798364,0.0060936422955336,-0.0295557361739346,-0.0010275051777238,-0.0071211474732574,0.1,0.1,0.1,6100,131,CDU-protocol-fast-v1,0.0199521008160807
145_MSL_id_6_Sensor_tr_530_1st_630.csv,MSL,SubPCA,MSL,0.2873686381761706,0.2761726888593286,0.267837731669993,0.2821676852630136,0.0111959493168419,0.0195309065061776,0.0052009529131569,-0.005994996403685,0.1,0.1,0.1,2430,121,CDU-protocol-fast-v1,0.1116258074228413
147_MSL_id_8_Sensor_tr_590_1st_690.csv,MSL,SubPCA,MSL,0.4992263389006856,0.3907201765619901,0.548985053558563,0.4914350699016088,0.1085061623386954,-0.0497587146578774,0.0077912689990767,-0.1007148933396187,0.1,0.1,0.1,2430,252,CDU-protocol-fast-v1,0.1250130670659705
148_MSL_id_9_Sensor_tr_883_1st_1238.csv,MSL,SubPCA,MSL,0.3451521701195715,0.2882097530028368,0.2656340965396391,0.2600380461211901,0.0569424171167347,0.0795180735799324,0.0851141239983813,0.0281717068816466,0.1,0.1,0.1,3535,228,CDU-protocol-fast-v1,0.7953594084088568
149_Stock_id_1_Finance_tr_500_1st_7.csv,Stock,SubPCA,Stock,0.2842191306939363,0.2454306815710683,0.287097469665227,0.2442589276960143,0.0387884491228679,-0.0028783389712906,0.0399602029979219,0.0011717538750539,0.1,0.1,0.1,20000,981,CDU-protocol-fast-v1,0.8607253761124684
151_Stock_id_3_Finance_tr_500_1st_62.csv,Stock,SubPCA,Stock,0.2828372009833035,0.2527133972023364,0.2907110294990596,0.2599206107557608,0.0301238037809671,-0.007873828515756,0.0229165902275426,-0.0072072135534244,0.1,0.1,0.1,10000,487,CDU-protocol-fast-v1,0.8597364577789527
155_Stock_id_7_Finance_tr_500_1st_18.csv,Stock,SubPCA,Stock,0.2826397824532131,0.2421855532885009,0.2915115757114587,0.2505696697428078,0.0404542291647122,-0.0088717932582456,0.0320701127104052,-0.0083841164543069,0.1,0.1,0.1,20000,973,CDU-protocol-fast-v1,0.9257403287126972
156_Stock_id_8_Finance_tr_500_1st_24.csv,Stock,SubPCA,Stock,0.2820475268629419,0.2562301892201621,0.232329238074006,0.2113858505964267,0.0258173376427797,0.0497182887889358,0.0706616762665151,0.0448443386237354,0.1,0.1,0.1,10000,485,CDU-protocol-fast-v1,0.51681551678947
160_Stock_id_12_Finance_tr_500_1st_14.csv,Stock,SubPCA,Stock,0.2842191306939363,0.2453936984954448,0.2767151003833553,0.2370902508553392,0.0388254321984914,0.007504030310581,0.047128879838597,0.0083034476401055,0.1,0.1,0.1,20000,981,CDU-protocol-fast-v1,0.7542105689216047
162_Stock_id_14_Finance_tr_500_1st_4.csv,Stock,SubPCA,Stock,0.6354266957247445,0.5522324078821944,0.6591933050913136,0.5617588540301023,0.0831942878425501,-0.023766609366569,0.0736678416946422,-0.0095264461479078,0.1,0.1,0.1,10000,1380,CDU-protocol-fast-v1,0.949842716302224
165_Stock_id_17_Finance_tr_500_1st_7.csv,Stock,SubPCA,Stock,0.6429285998681795,0.5576391440709365,0.6777151042830634,0.5756778679917158,0.085289455797243,-0.0347865044148838,0.0672507318764636,-0.0180387239207793,0.1,0.1,0.1,20000,2798,CDU-protocol-fast-v1,0.9728640891223236
166_Stock_id_18_Finance_tr_500_1st_18.csv,Stock,SubPCA,Stock,0.642731181338089,0.5600653335879421,0.654218857301787,0.5601308009345869,0.0826658477501469,-0.0114876759636979,0.0826003804035021,-6.546734664480969e-05,0.1,0.1,0.1,20000,2797,CDU-protocol-fast-v1,0.8895079259355355
169_Daphnet_id_1_HumanActivity_tr_9693_1st_20732.csv,Daphnet,SubPCA,Daphnet,0.3254223915528967,0.2368700903937531,0.2826652579933947,0.2376746395228587,0.0885523011591436,0.0427571335595019,0.0877477520300379,-0.0008045491291056,0.1,0.1,0.1,38774,2306,CDU-protocol-fast-v1,0.4218448144556889
170_MITDB_id_1_Medical_tr_17675_1st_17775.csv,MITDB,SubPCA,MITDB,0.271582878822378,0.2887418738617924,0.2796933098155932,0.2976721780821942,-0.0171589950394143,-0.0081104309932152,-0.0260892992598162,-0.0089303042204018,0.1,0.1,0.1,500000,22845,CDU-protocol-fast-v1,0.0536078551821648
171_MITDB_id_2_Medical_tr_50000_1st_88864.csv,MITDB,SubPCA,MITDB,0.211197624167007,0.1696606055995633,0.175732376118164,0.1620531285548027,0.0415370185674436,0.0354652480488429,0.0491444956122042,0.0076074770447605,0.1,0.1,0.1,650000,19657,CDU-protocol-fast-v1,0.7287371972867429
172_MITDB_id_3_Medical_tr_27274_1st_27374.csv,MITDB,SubPCA,MITDB,0.2018886191173119,0.2604056175074725,0.2569222072286702,0.301011000500178,-0.0585169983901605,-0.0550335881113583,-0.0991223813828661,-0.0406053829927055,0.1,0.1,0.1,650000,18109,CDU-protocol-fast-v1,0.018388668146111
173_MITDB_id_4_Medical_tr_13620_1st_13720.csv,MITDB,SubPCA,MITDB,0.49398571361269,0.5355416748998293,0.5306423114520769,0.545639933622016,-0.0415559612871392,-0.0366565978393868,-0.051654220009326,-0.0100982587221867,0.1,0.1,0.1,650000,66682,CDU-protocol-fast-v1,0.1965676360808657
175_MITDB_id_6_Medical_tr_27274_1st_27374.csv,MITDB,SubPCA,MITDB,0.2018886191173119,0.2007848397009577,0.1770924464163072,0.1790927684201662,0.0011037794163542,0.0247961727010046,0.0227958506971456,0.0216920712807914,0.1,0.1,0.1,650000,18109,CDU-protocol-fast-v1,0.2514624645246444
176_MITDB_id_7_Medical_tr_6232_1st_6332.csv,MITDB,SubPCA,MITDB,0.3231402139603378,0.2623315432049894,0.2666010086839133,0.2416458666632979,0.0608086707553484,0.0565392052764244,0.0814943472970398,0.0206856765416914,0.1,0.1,0.1,650000,38272,CDU-protocol-fast-v1,0.8616162647470242
177_MITDB_id_8_Medical_tr_17675_1st_17775.csv,MITDB,SubPCA,MITDB,0.2561009450365638,0.2477174295812171,0.2561486431101718,0.250944781339993,0.0083835154553466,-4.769807360804901e-05,0.0051561636965707,-0.0032273517587758,0.1,0.1,0.1,650000,27124,CDU-protocol-fast-v1,0.0604295376124839
178_SMD_id_1_Facility_tr_6000_1st_10609.csv,SMD,SubPCA,SMD,0.1638312951952854,0.1537953957124617,0.1642078636263763,0.1593831649174145,0.0100358994828236,-0.0003765684310909,0.0044481302778708,-0.0055877692049528,0.1,0.1,0.1,24000,427,CDU-protocol-fast-v1,0.0281745126675704
179_SMD_id_2_Facility_tr_5925_1st_17580.csv,SMD,SubPCA,SMD,0.1211528492406375,0.1171366726745031,0.1180778400104005,0.1101631823212933,0.0040161765661343,0.0030750092302369,0.0109896669193441,0.0069734903532097,0.1,0.1,0.1,23703,161,CDU-protocol-fast-v1,0.0208606248304476
180_SMD_id_3_Facility_tr_5925_1st_17580.csv,SMD,SubPCA,SMD,0.1211528492406375,0.1100294495002292,0.1075551498671147,0.1046508703083025,0.0111233997404082,0.0135976993735227,0.0165019789323349,0.0053785791919266,0.1,0.1,0.1,23703,161,CDU-protocol-fast-v1,0.7461873009174752
181_SMD_id_4_Facility_tr_5000_1st_15144.csv,SMD,SubPCA,SMD,0.2709547640029155,0.2117561266938344,0.210463328898629,0.1824513535833652,0.0591986373090811,0.0604914351042864,0.0885034104195502,0.0293047731104691,0.1,0.1,0.1,20000,908,CDU-protocol-fast-v1,0.7669977290710592
183_SMD_id_6_Facility_tr_5925_1st_17580.csv,SMD,SubPCA,SMD,0.1211528492406375,0.1188709987924464,0.1140433619015577,0.1131262588620283,0.002281850448191,0.0071094873390797,0.0080265903786091,0.005744739930418,0.1,0.1,0.1,23703,161,CDU-protocol-fast-v1,0.0779572450869015
184_SMD_id_7_Facility_tr_7119_1st_15849.csv,SMD,SubPCA,SMD,0.4618409014875731,0.3905077706318494,0.4200791279149138,0.4024730817556011,0.0713331308557237,0.0417617735726593,0.059367819731972,-0.0119653111237517,0.1,0.1,0.1,28479,2694,CDU-protocol-fast-v1,0.3979996389345417
185_SMD_id_8_Facility_tr_5000_1st_15144.csv,SMD,SubPCA,SMD,0.2709547640029155,0.2062684251945096,0.2107472116847264,0.1815067685996313,0.0646863388084059,0.060207552318189,0.0894479954032841,0.0247616565948782,0.1,0.1,0.1,20000,908,CDU-protocol-fast-v1,0.7496875016886325
187_SMD_id_10_Facility_tr_5000_1st_15849.csv,SMD,SubPCA,SMD,0.5196700438303502,0.4536615152933103,0.4427475065681449,0.4192057411632386,0.0660085285370399,0.0769225372622052,0.1004643026671116,0.0344557741300716,0.1,0.1,0.1,20000,2190,CDU-protocol-fast-v1,0.4312611224123353
188_SMD_id_11_Facility_tr_500_1st_392.csv,SMD,SubPCA,SMD,0.2285381802882731,0.1818046186838234,0.1983775878040779,0.1807455762630853,0.0467335616044497,0.0301605924841951,0.0477926040251877,0.001059042420738,0.1,0.1,0.1,23703,817,CDU-protocol-fast-v1,0.3589462699515027
189_SMD_id_12_Facility_tr_5925_1st_17580.csv,SMD,SubPCA,SMD,0.1211528492406375,0.1190850138092801,0.1153519509386494,0.1122781963786091,0.0020678354313573,0.005800898301988,0.0088746528620283,0.0068068174306709,0.1,0.1,0.1,23703,161,CDU-protocol-fast-v1,0.4279363464331888
190_SMD_id_13_Facility_tr_7119_1st_15849.csv,SMD,SubPCA,SMD,0.4618409014875731,0.3919164966075203,0.3893198839411209,0.3738182582779512,0.0699244048800528,0.0725210175464521,0.0880226432096219,0.0180982383295691,0.1,0.1,0.1,28479,2694,CDU-protocol-fast-v1,0.5517742603216037
191_SMD_id_14_Facility_tr_4596_1st_4696.csv,SMD,SubPCA,SMD,0.119753404460246,0.1130077511720168,0.1131462443914816,0.1075156223603407,0.0067456532882292,0.0066071600687643,0.0122377820999052,0.005492128811676,0.1,0.1,0.1,22700,146,CDU-protocol-fast-v1,0.4819523539981932
192_SMD_id_15_Facility_tr_5925_1st_17580.csv,SMD,SubPCA,SMD,0.1211528492406375,0.1188449945822097,0.1136625535147893,0.112171696708711,0.0023078546584277,0.0074902957258481,0.0089811525319264,0.0066732978734986,0.1,0.1,0.1,23703,161,CDU-protocol-fast-v1,0.7812631308094128
194_SMD_id_17_Facility_tr_5925_1st_17580.csv,SMD,SubPCA,SMD,0.1211528492406375,0.120780238185619,0.1126841235314626,0.1065477069783347,0.0003726110550184,0.0084687257091748,0.0146051422623027,0.0142325312072842,0.1,0.1,0.1,23703,161,CDU-protocol-fast-v1,0.8220215048528281
195_SMD_id_18_Facility_tr_5925_1st_17580.csv,SMD,SubPCA,SMD,0.1211528492406375,0.1199466435746843,0.1150705988858547,0.1136100073519776,0.0012062056659531,0.0060822503547827,0.0075428418886598,0.0063366362227066,0.1,0.1,0.1,23703,161,CDU-protocol-fast-v1,0.1539017225314486
196_SMD_id_19_Facility_tr_7174_1st_21230.csv,SMD,SubPCA,SMD,0.1207587804090861,0.1132244898334223,0.1242362670609835,0.1167051733052089,0.0075342905756637,-0.0034774866518974,0.0040536071038771,-0.0034806834717866,0.1,0.1,0.1,28696,192,CDU-protocol-fast-v1,0.0086447797139988
197_SMD_id_20_Facility_tr_5000_1st_15144.csv,SMD,SubPCA,SMD,0.2709547640029155,0.2110341991262148,0.2105101999225168,0.1816601121300941,0.0599205648767007,0.0604445640803986,0.0892946518728214,0.0293740869961206,0.1,0.1,0.1,20000,908,CDU-protocol-fast-v1,0.7578887675575475
198_SMD_id_21_Facility_tr_5925_1st_17580.csv,SMD,SubPCA,SMD,0.1211528492406375,0.1026275190672519,0.1125995680653439,0.10074423701141,0.0185253301733856,0.0085532811752936,0.0204086122292274,0.0018832820558418,0.1,0.1,0.1,23703,161,CDU-protocol-fast-v1,0.8116696434190227
199_SMD_id_22_Facility_tr_5925_1st_17580.csv,SMD,SubPCA,SMD,0.1211528492406375,0.1183540435536104,0.1167894059589802,0.1141777633063256,0.0027988056870271,0.0043634432816572,0.0069750859343118,0.0041762802472847,0.1,0.1,0.1,23703,161,CDU-protocol-fast-v1,0.1674490093236066
201_SMD_id_24_Facility_tr_7174_1st_21230.csv,SMD,SubPCA,SMD,0.1215700670490047,0.1156505215331957,0.1256762998180486,0.1181772639191348,0.0059195455158089,-0.0041062327690439,0.0033928031298698,-0.002526742385939,0.1,0.1,0.1,28696,198,CDU-protocol-fast-v1,0.0087861669759001
202_SMD_id_25_Facility_tr_6250_1st_21230.csv,SMD,SubPCA,SMD,0.1050411077560964,0.1013703232409772,0.1085554665987634,0.1016464112709578,0.0036707845151192,-0.003514358842667,0.0033946964851385,-0.0002760880299806,0.1,0.1,0.1,25000,66,CDU-protocol-fast-v1,0.0028106776467631
203_SMD_id_26_Facility_tr_7174_1st_21230.csv,SMD,SubPCA,SMD,0.1215700670490047,0.1200077187712047,0.1134456845042869,0.1082597359197195,0.0015623482777999,0.0081243825447177,0.0133103311292851,0.0117479828514851,0.1,0.1,0.1,28696,198,CDU-protocol-fast-v1,0.5044827482265932
204_SMD_id_27_Facility_tr_5000_1st_15144.csv,SMD,SubPCA,SMD,0.2709547640029155,0.2069648302629172,0.2108978939278717,0.1896705742089702,0.0639899337399983,0.0600568700750437,0.0812841897939453,0.0172942560539469,0.1,0.1,0.1,20000,908,CDU-protocol-fast-v1,0.7835984903319326
205_SMD_id_28_Facility_tr_5925_1st_17580.csv,SMD,SubPCA,SMD,0.1211528492406375,0.1193331199463451,0.1137289717209807,0.1128768751201928,0.0018197292942924,0.0074238775196567,0.0082759741204446,0.0064562448261522,0.1,0.1,0.1,23703,161,CDU-protocol-fast-v1,0.1308250368017557
206_SMD_id_29_Facility_tr_6250_1st_21230.csv,SMD,SubPCA,SMD,0.1050411077560964,0.0999328127973178,0.1085392535377922,0.1010238896686714,0.0051082949587785,-0.0034981457816958,0.0040172180874249,-0.0010910768713536,0.1,0.1,0.1,25000,66,CDU-protocol-fast-v1,0.002828904400998
207_SMD_id_30_Facility_tr_7174_1st_21230.csv,SMD,SubPCA,SMD,0.1215700670490047,0.1169352311823476,0.1146604890203426,0.1109886728613382,0.004634835866657,0.006909578028662,0.0105813941876664,0.0059465583210093,0.1,0.1,0.1,28696,198,CDU-protocol-fast-v1,0.0862343406242661
208_SMD_id_31_Facility_tr_5000_1st_15144.csv,SMD,SubPCA,SMD,0.2709547640029155,0.206706762159856,0.2105958765643621,0.1801616622444397,0.0642480018430595,0.0603588874385533,0.0907931017584758,0.0265450999154162,0.1,0.1,0.1,20000,908,CDU-protocol-fast-v1,0.7379767148603048
209_SMD_id_32_Facility_tr_5925_1st_17580.csv,SMD,SubPCA,SMD,0.1211528492406375,0.1135918212557138,0.1135414110876161,0.1101550549515004,0.0075610279849236,0.0076114381530213,0.0109977942891371,0.0034367663042134,0.1,0.1,0.1,23703,161,CDU-protocol-fast-v1,0.6124655599399043
211_SMD_id_34_Facility_tr_5925_1st_17580.csv,SMD,SubPCA,SMD,0.1211528492406375,0.1167572483688051,0.1139589583693542,0.1060246606696418,0.0043956008718323,0.0071938908712832,0.0151281885709956,0.0107325876991632,0.1,0.1,0.1,23703,161,CDU-protocol-fast-v1,0.7818905557723315
212_SMD_id_35_Facility_tr_5925_1st_17580.csv,SMD,SubPCA,SMD,0.1211528492406375,0.1120833026663713,0.1126293868081054,0.1103944884444454,0.0090695465742662,0.008523462432532,0.010758360796192,0.0016888142219258,0.1,0.1,0.1,23703,161,CDU-protocol-fast-v1,0.8632836612089682
213_SMD_id_36_Facility_tr_5925_1st_17580.csv,SMD,SubPCA,SMD,0.1211528492406375,0.1163881516323721,0.1125645843726764,0.1048419081734014,0.0047646976082654,0.008588264867961,0.016310941067236,0.0115462434589706,0.1,0.1,0.1,23703,161,CDU-protocol-fast-v1,0.973465771574852
214_SMD_id_37_Facility_tr_5925_1st_17580.csv,SMD,SubPCA,SMD,0.1211528492406375,0.1171415301151051,0.1180769172965684,0.1101669748992152,0.0040113191255324,0.0030759319440691,0.0109858743414222,0.0069745552158898,0.1,0.1,0.1,23703,161,CDU-protocol-fast-v1,0.0208899157406381
215_SMD_id_38_Facility_tr_5925_1st_17580.csv,SMD,SubPCA,SMD,0.1211528492406375,0.112376640965352,0.113644315916143,0.1123670778789351,0.0087762082752854,0.0075085333244944,0.0087857713617023,9.56308641689163e-06,0.1,0.1,0.1,23703,161,CDU-protocol-fast-v1,0.750600531014007
216_LTDB_id_1_Medical_tr_500_1st_266.csv,LTDB,SubPCA,LTDB,0.6891010258760193,0.8135599863558549,0.8351836798114414,0.8661116615240136,-0.1244589604798356,-0.146082653935422,-0.1770106356479943,-0.0525516751681587,0.1,0.1,0.1,100000,14857,CDU-protocol-fast-v1,0.1585726114398614
218_LTDB_id_3_Medical_tr_500_1st_266.csv,LTDB,SubPCA,LTDB,0.6891010258760193,0.8116671806914406,0.81609252771685,0.8372292869382058,-0.1225661548154213,-0.1269915018408307,-0.1481282610621864,-0.0255621062467651,0.1,0.1,0.1,100000,14857,CDU-protocol-fast-v1,0.1687723636928403
219_LTDB_id_4_Medical_tr_3618_1st_3718.csv,LTDB,SubPCA,LTDB,0.6859997535145896,0.5360155259800385,0.5099148117801948,0.4680388759676313,0.1499842275345511,0.1760849417343948,0.2179608775469583,0.0679766500124072,0.1,0.1,0.1,100000,14781,CDU-protocol-fast-v1,0.92689122277391
220_LTDB_id_5_Medical_tr_500_1st_26.csv,LTDB,SubPCA,LTDB,1.370891270807115,1.255518898174517,1.2605517112005238,1.2736132809008198,0.1153723726325981,0.1103395596065912,0.0972779899062952,-0.0180943827263029,0.1,0.1,0.1,100000,31565,CDU-protocol-fast-v1,0.7442241365489568
221_LTDB_id_6_Medical_tr_500_1st_26.csv,LTDB,SubPCA,LTDB,1.370891270807115,1.3280117005197238,1.444943171546461,1.3977037180110867,0.0428795702873912,-0.0740519007393456,-0.0268124472039716,-0.0696920174913628,0.1,0.1,0.1,100000,31565,CDU-protocol-fast-v1,0.4394914888876934
222_LTDB_id_7_Medical_tr_3618_1st_3718.csv,LTDB,SubPCA,LTDB,0.6859997535145896,0.54009858408009,0.5060868220077186,0.476634168335839,0.1459011694344996,0.179912931506871,0.2093655851787506,0.0634644157442509,0.1,0.1,0.1,100000,14781,CDU-protocol-fast-v1,0.98006810638061
223_LTDB_id_8_Medical_tr_4456_1st_4556.csv,LTDB,SubPCA,LTDB,0.7422307181731396,0.6884882427890551,0.8512510187849154,0.7624370224253012,0.0537424753840845,-0.1090203006117758,-0.0202063042521616,-0.0739487796362461,0.1,0.1,0.1,100000,16159,CDU-protocol-fast-v1,0.3052777919227201
224_LTDB_id_9_Medical_tr_4456_1st_4556.csv,LTDB,SubPCA,LTDB,0.7422307181731396,0.6489258264292193,0.6203797370238011,0.6082860836463676,0.0933048917439203,0.1218509811493384,0.1339446345267719,0.0406397427828516,0.1,0.1,0.1,100000,16159,CDU-protocol-fast-v1,0.7234664583427081
225_MGAB_id_1_Synthetic_tr_25000_1st_38478.csv,MGAB,SubPCA,MGAB,0.1039169459995007,0.0979115798404858,0.1061735120047208,0.095199035815064,0.0060053661590148,-0.0022565660052201,0.0087179101844366,0.0027125440254218,0.1,0.1,0.1,100000,200,CDU-protocol-fast-v1,0.0045261224677014
226_MGAB_id_2_Synthetic_tr_20000_1st_45134.csv,MGAB,SubPCA,MGAB,0.1029523934361121,0.0978226278592649,0.1051520458257287,0.0947916322933022,0.0051297655768471,-0.0021996523896165,0.0081607611428098,0.0030309955659626,0.1,0.1,0.1,80000,140,CDU-protocol-fast-v1,0.0036526699684508
227_MGAB_id_3_Synthetic_tr_25000_1st_44340.csv,MGAB,SubPCA,MGAB,0.1039169459995007,0.0979524953332422,0.105871440097313,0.0963346069527855,0.0059644506662585,-0.0019544940978123,0.0075823390467151,0.0016178883804566,0.1,0.1,0.1,100000,200,CDU-protocol-fast-v1,0.0053865550681309
228_MGAB_id_4_Synthetic_tr_25000_1st_38948.csv,MGAB,SubPCA,MGAB,0.1039169459995007,0.0986708666196153,0.1058510948921093,0.096910896042393,0.0052460793798854,-0.0019341488926086,0.0070060499571076,0.0017599705772222,0.1,0.1,0.1,100000,200,CDU-protocol-fast-v1,0.0063133143061793
229_MGAB_id_5_Synthetic_tr_25000_1st_33098.csv,MGAB,SubPCA,MGAB,0.1039169459995007,0.0981966680969096,0.1067562575689868,0.0962588305580771,0.005720277902591,-0.0028393115694861,0.0076581154414235,0.0019378375388325,0.1,0.1,0.1,100000,200,CDU-protocol-fast-v1,0.0038641908438411
231_MGAB_id_7_Synthetic_tr_25000_1st_35544.csv,MGAB,SubPCA,MGAB,0.1039169459995007,0.0978956366509571,0.1060126790660734,0.0951069620074027,0.0060213093485435,-0.0020957330665726,0.0088099839920979,0.0027886746435543,0.1,0.1,0.1,100000,200,CDU-protocol-fast-v1,0.0046765933820325
232_MGAB_id_8_Synthetic_tr_25000_1st_32708.csv,MGAB,SubPCA,MGAB,0.1039169459995007,0.098360244024226,0.1065172832099234,0.0960023034244375,0.0055567019752747,-0.0026003372104227,0.0079146425750631,0.0023579405997884,0.1,0.1,0.1,100000,200,CDU-protocol-fast-v1,0.0044715738257372
233_MGAB_id_9_Synthetic_tr_25000_1st_41300.csv,MGAB,SubPCA,MGAB,0.1039169459995007,0.0983871495209075,0.1076238451940232,0.091326979071751,0.0055297964785931,-0.0037068991945225,0.0125899669277496,0.0070601704491564,0.1,0.1,0.1,100000,200,CDU-protocol-fast-v1,0.0084322655790674
234_SED_id_1_Medical_tr_3740_1st_3840.csv,SED,SubPCA,SED,0.2807100157311135,0.3622889568139242,0.3988841967887094,0.4224921475021503,-0.0815789410828107,-0.1181741810575959,-0.1417821317710368,-0.0602031906882261,0.1,0.1,0.1,19999,960,CDU-protocol-fast-v1,0.0359138813621782
236_SED_id_3_Medical_tr_3740_1st_3840.csv,SED,SubPCA,SED,0.2369935222269394,0.3042156069040745,0.3299375476490944,0.3510397091115395,-0.0672220846771351,-0.092944025422155,-0.1140461868846001,-0.046824102207465,0.1,0.1,0.1,39999,1472,CDU-protocol-fast-v1,0.0268547211588662
237_SVDB_id_1_Medical_tr_11587_1st_11687.csv,SVDB,SubPCA,SVDB,0.388165207582728,0.285981930812124,0.2996561495181397,0.2587655548295305,0.102183276770604,0.0885090580645883,0.1293996527531974,0.0272163759825934,0.1,0.1,0.1,130400,9852,CDU-protocol-fast-v1,0.9064523452825992
238_SVDB_id_2_Medical_tr_25000_1st_71963.csv,SVDB,SubPCA,SVDB,0.1200336852038119,0.1106797733902398,0.1154991708784853,0.1105785978449469,0.0093539118135721,0.0045345143253265,0.0094550873588649,0.0001011755452928,0.1,0.1,0.1,100000,676,CDU-protocol-fast-v1,0.5311309412697759
239_SVDB_id_3_Medical_tr_50000_1st_106634.csv,SVDB,SubPCA,SVDB,0.1529458823630081,0.1454441598335838,0.1405673777031054,0.1482864895168064,0.0075017225294242,0.0123785046599026,0.0046593928462017,-0.0028423296832225,0.1,0.1,0.1,230400,3503,CDU-protocol-fast-v1,0.4562953619355883
240_SVDB_id_4_Medical_tr_18462_1st_18562.csv,SVDB,SubPCA,SVDB,0.273147030425738,0.2512344580954489,0.2496184327106813,0.2425972101708888,0.021912572330289,0.0235285977150566,0.0305498202548492,0.0086372479245601,0.1,0.1,0.1,130400,6004,CDU-protocol-fast-v1,0.454871702563191
241_SVDB_id_5_Medical_tr_11587_1st_11687.csv,SVDB,SubPCA,SVDB,0.388165207582728,0.3260048650495591,0.3194243446740835,0.3099308116763841,0.0621603425331688,0.0687408629086444,0.0782343959063438,0.0160740533731749,0.1,0.1,0.1,130400,9852,CDU-protocol-fast-v1,0.8141417908872174
243_SVDB_id_7_Medical_tr_11393_1st_11493.csv,SVDB,SubPCA,SVDB,0.213533155492278,0.210862519827718,0.2119226433105785,0.2177272426419167,0.0026706356645599,0.0016105121816994,-0.0041940871496387,-0.0068647228141987,0.1,0.1,0.1,180400,5547,CDU-protocol-fast-v1,0.2822860430010954
244_SVDB_id_8_Medical_tr_17803_1st_17903.csv,SVDB,SubPCA,SVDB,0.211483179210855,0.1833569314321821,0.2021579254910611,0.1889691882174347,0.0281262477786728,0.0093252537197938,0.0225139909934202,-0.0056122567852526,0.1,0.1,0.1,130400,3941,CDU-protocol-fast-v1,0.4701269648238196
245_SVDB_id_9_Medical_tr_12607_1st_12707.csv,SVDB,SubPCA,SVDB,0.4154187379111702,0.3297470153080774,0.3204638554552294,0.2940374472883937,0.0856717226030928,0.0949548824559408,0.1213812906227764,0.0357095680196836,0.1,0.1,0.1,180400,14891,CDU-protocol-fast-v1,0.8599878880976422
246_SVDB_id_10_Medical_tr_20100_1st_68460.csv,SVDB,SubPCA,SVDB,0.119621420445735,0.114088665285106,0.1170270340361949,0.1178549792839914,0.0055327551606289,0.0025943864095401,0.0017664411617435,-0.0037663139988853,0.1,0.1,0.1,80400,535,CDU-protocol-fast-v1,0.0896262194400507
247_SVDB_id_11_Medical_tr_20100_1st_23611.csv,SVDB,SubPCA,SVDB,0.139497778725546,0.1302767391436085,0.1292522419982616,0.1247688863135288,0.0092210395819375,0.0102455367272843,0.0147288924120171,0.0055078528300796,0.1,0.1,0.1,80400,945,CDU-protocol-fast-v1,0.4906277637062681
248_SVDB_id_12_Medical_tr_18462_1st_18562.csv,SVDB,SubPCA,SVDB,0.273147030425738,0.2433546891235372,0.2452945965244566,0.2396165821157201,0.0297923413022008,0.0278524339012813,0.0335304483100178,0.003738107007817,0.1,0.1,0.1,130400,6004,CDU-protocol-fast-v1,0.5914057445006867
249_SVDB_id_13_Medical_tr_50000_1st_54982.csv,SVDB,SubPCA,SVDB,0.2388002868865439,0.216361872411146,0.2141452260315275,0.2125572589941865,0.0224384144753979,0.0246550608550163,0.0262430278923573,0.0038046134169594,0.1,0.1,0.1,230400,8578,CDU-protocol-fast-v1,0.5765304717596695
250_SVDB_id_14_Medical_tr_50000_1st_107354.csv,SVDB,SubPCA,SVDB,0.2031220722776498,0.1857485190772914,0.1711359277408959,0.1699842638110887,0.0173735532003584,0.0319861445367538,0.033137808466561,0.0157642552662026,0.1,0.1,0.1,230400,6469,CDU-protocol-fast-v1,0.5069594079766533
251_SVDB_id_15_Medical_tr_5421_1st_5521.csv,SVDB,SubPCA,SVDB,0.3103766387169045,0.247370481310884,0.251324002442956,0.2302872862599553,0.0630061574060205,0.0590526362739485,0.0800893524569491,0.0170831950509286,0.1,0.1,0.1,230400,12809,CDU-protocol-fast-v1,0.8833107729657018
253_SVDB_id_17_Medical_tr_17803_1st_17903.csv,SVDB,SubPCA,SVDB,0.211483179210855,0.1771340492479634,0.1992830886502601,0.1819575816521148,0.0343491299628916,0.0122000905605948,0.0295255975587401,-0.0048235324041514,0.1,0.1,0.1,130400,3941,CDU-protocol-fast-v1,0.5958570073604775
254_SVDB_id_18_Medical_tr_30824_1st_30924.csv,SVDB,SubPCA,SVDB,0.2264338692103459,0.2070460778166376,0.2051701418691691,0.2052520844283976,0.0193877913937082,0.0212637273411767,0.0211817847819482,0.00179399338824,0.1,0.1,0.1,230400,7847,CDU-protocol-fast-v1,0.304336102860089
255_SVDB_id_19_Medical_tr_50000_1st_54982.csv,SVDB,SubPCA,SVDB,0.2388002868865439,0.2268156172329392,0.2286939819468919,0.2298116703605309,0.0119846696536047,0.010106304939652,0.0089886165260129,-0.0029960531275917,0.1,0.1,0.1,230400,8578,CDU-protocol-fast-v1,0.379294732886966
256_SVDB_id_20_Medical_tr_6264_1st_6364.csv,SVDB,SubPCA,SVDB,0.2199546107014761,0.2250920153077216,0.2224119671324233,0.2282065645609745,-0.0051374046062455,-0.0024573564309472,-0.0082519538594984,-0.0031145492532529,0.1,0.1,0.1,230400,7464,CDU-protocol-fast-v1,0.2062199760943832
257_TAO_id_1_Environment_tr_500_1st_3.csv,TAO,SubPCA,TAO,0.468621312894117,0.430256857375221,0.4776961820699805,0.4279554571229602,0.038364455518896,-0.0090748691758635,0.0406658557711567,0.0023014002522607,0.1,0.1,0.1,10000,954,CDU-protocol-fast-v1,0.9091747292463418
258_TAO_id_2_Environment_tr_500_1st_4.csv,TAO,SubPCA,TAO,0.6385037656405279,0.5969515644455765,0.6559475295884486,0.6022822628936547,0.0415522011949514,-0.0174437639479206,0.0362215027468731,-0.0053306984480782,0.1,0.1,0.1,10000,1380,CDU-protocol-fast-v1,0.9507001756819772
260_IOPS_id_1_WebService_tr_5000_1st_11804.csv,IOPS,SubPCA,IOPS,0.0979723308130136,0.1037534639417617,0.0986956077342462,0.0993797524071778,-0.0057811331287481,-0.0007232769212326,-0.0014074215941642,0.0043737115345838,0.1,0.1,0.1,20000,14,CDU-protocol-fast-v1,0.2524626818160231
261_IOPS_id_2_WebService_tr_2178_1st_2278.csv,IOPS,SubPCA,IOPS,0.097906725345047,0.0929611708911408,0.1003460167490093,0.1055576460960526,0.0049455544539062,-0.0024392914039623,-0.0076509207510056,-0.0125964752049118,0.1,0.1,0.1,8784,6,CDU-protocol-fast-v1,0.0118960363751417
262_IOPS_id_3_WebService_tr_7028_1st_7128.csv,IOPS,SubPCA,IOPS,0.1789482131720608,0.156210492951902,0.1561655504878375,0.152240637562708,0.0227377202201587,0.0227826626842232,0.0267075756093527,0.0039698553891939,0.1,0.1,0.1,125135,2704,CDU-protocol-fast-v1,0.2463806124566094
263_IOPS_id_4_WebService_tr_3482_1st_3582.csv,IOPS,SubPCA,IOPS,0.1157782507106415,0.1117566293448858,0.1121738935927612,0.1078227328640315,0.0040216213657557,0.0036043571178802,0.0079555178466099,0.0039338964808542,0.1,0.1,0.1,149123,790,CDU-protocol-fast-v1,0.1060477530542984
264_IOPS_id_5_WebService_tr_11665_1st_11765.csv,IOPS,SubPCA,IOPS,0.1534184746192168,0.1631623585719787,0.1427395582483894,0.1637702778461701,-0.0097438839527619,0.0106789163708273,-0.0103518032269533,-0.0006079192741914,0.1,0.1,0.1,60000,901,CDU-protocol-fast-v1,0.0443617062725133
266_IOPS_id_7_WebService_tr_4010_1st_4110.csv,IOPS,SubPCA,IOPS,0.1585090970453211,0.1445908611305169,0.1371038147341357,0.131367374437066,0.0139182359148042,0.0214052823111853,0.027141722608255,0.0132234866934508,0.1,0.1,0.1,89155,1456,CDU-protocol-fast-v1,0.6193038936483811
267_IOPS_id_8_WebService_tr_1534_1st_1882.csv,IOPS,SubPCA,IOPS,0.1287022791406064,0.1255397389426583,0.1339065421721189,0.1401769036565833,0.003162540197948,-0.0052042630315125,-0.0114746245159769,-0.014637164713925,0.1,0.1,0.1,6138,53,CDU-protocol-fast-v1,0.2064992968036391
268_IOPS_id_9_WebService_tr_6216_1st_6316.csv,IOPS,SubPCA,IOPS,0.2809736274044396,0.244889539856972,0.2379161115205756,0.2315388904841891,0.0360840875474675,0.0430575158838639,0.0494347369202504,0.0133506493727828,0.1,0.1,0.1,29133,1397,CDU-protocol-fast-v1,0.2365311015910962
269_IOPS_id_10_WebService_tr_1216_1st_1728.csv,IOPS,SubPCA,IOPS,0.1342603379941231,0.1153162438858632,0.1210532336451469,0.1140676861228807,0.0189440941082598,0.0132071043489761,0.0201926518712423,0.0012485577629824,0.1,0.1,0.1,4866,49,CDU-protocol-fast-v1,0.7160993549780068
271_IOPS_id_12_WebService_tr_500_1st_341.csv,IOPS,SubPCA,IOPS,0.1464053911806096,0.1525055190611706,0.1475803179202564,0.1648046936359758,-0.0061001278805609,-0.0011749267396468,-0.0183993024553662,-0.0122991745748052,0.1,0.1,0.1,8784,116,CDU-protocol-fast-v1,0.1459094197401557
272_IOPS_id_13_WebService_tr_3442_1st_3542.csv,IOPS,SubPCA,IOPS,0.1116972028972023,0.1090794746046213,0.1091217317796634,0.1051026222052742,0.002617728292581,0.0025754711175388,0.006594580691928,0.003976852399347,0.1,0.1,0.1,149156,633,CDU-protocol-fast-v1,0.1576747541314101
273_IOPS_id_14_WebService_tr_5569_1st_5669.csv,IOPS,SubPCA,IOPS,0.115025230957413,0.1161877990007938,0.1158436700522969,0.118388357917505,-0.0011625680433808,-0.0008184390948838,-0.003363126960092,-0.0022005589167112,0.1,0.1,0.1,149122,761,CDU-protocol-fast-v1,0.044218759573987
274_IOPS_id_15_WebService_tr_4591_1st_4691.csv,IOPS,SubPCA,IOPS,0.2712546201996806,0.2337061163941324,0.2324185585793218,0.2241591431544906,0.0375485038055481,0.0388360616203587,0.0470954770451899,0.0095469732396417,0.1,0.1,0.1,149132,6777,CDU-protocol-fast-v1,0.2116853702141464
275_IOPS_id_16_WebService_tr_1482_1st_1582.csv,IOPS,SubPCA,IOPS,0.1265650278842431,0.1315398594882176,0.1306718014600085,0.1512351909736847,-0.0049748316039744,-0.0041067735757654,-0.0246701630894416,-0.0196953314854671,0.1,0.1,0.1,8784,71,CDU-protocol-fast-v1,0.094669896201606
276_IOPS_id_17_WebService_tr_19197_1st_19297.csv,IOPS,SubPCA,IOPS,0.2044485280550822,0.2008358287702317,0.1702671794031867,0.1734442973518452,0.0036126992848505,0.0341813486518954,0.0310042307032369,0.0273915314183864,0.1,0.1,0.1,91370,2576,CDU-protocol-fast-v1,0.3283242444120796
277_NEK_id_1_WebService_tr_500_1st_17.csv,NEK,SubPCA,NEK,0.4143751117544829,0.3169886044543096,0.3224708686127914,0.2927898457616392,0.0973865073001732,0.0919042431416914,0.1215852659928437,0.0241987586926704,0.1,0.1,0.1,1073,88,CDU-protocol-fast-v1,0.8842148229710773
278_NEK_id_2_WebService_tr_500_1st_64.csv,NEK,SubPCA,NEK,0.329735165526574,0.3158793864036325,0.2558357032591381,0.2739086679307714,0.0138557791229415,0.0738994622674358,0.0558264975958026,0.0419707184728611,0.1,0.1,0.1,1073,65,CDU-protocol-fast-v1,0.8936786459885961
279_NEK_id_3_WebService_tr_500_1st_974.csv,NEK,SubPCA,NEK,0.4254151047407318,0.3412269868998816,0.3188279146579391,0.2971571996812718,0.0841881178408501,0.1065871900827926,0.1282579050594599,0.0440697872186097,0.1,0.1,0.1,1073,91,CDU-protocol-fast-v1,0.9926101945454334
281_NEK_id_5_WebService_tr_500_1st_974.csv,NEK,SubPCA,NEK,0.4143751117544828,0.339140602898704,0.310871658150169,0.3024023928362276,0.0752345088557788,0.1035034536043138,0.1119727189182551,0.0367382100624763,0.1,0.1,0.1,1073,88,CDU-protocol-fast-v1,0.9925722111370509
282_NEK_id_6_WebService_tr_500_1st_64.csv,NEK,SubPCA,NEK,0.3223751702024081,0.3029530015469098,0.2609339822042602,0.2565169700258963,0.0194221686554982,0.0614411879981478,0.0658582001765117,0.0464360315210135,0.1,0.1,0.1,1073,63,CDU-protocol-fast-v1,0.5786967701075991
283_NEK_id_7_WebService_tr_500_1st_777.csv,NEK,SubPCA,NEK,0.5321350369411385,0.4443764273923862,0.397062607895325,0.3863472120421581,0.0877586095487523,0.1350724290458134,0.1457878248989803,0.058029215350228,0.1,0.1,0.1,1073,120,CDU-protocol-fast-v1,0.9751586218934296
284_NEK_id_8_WebService_tr_500_1st_976.csv,NEK,SubPCA,NEK,0.4180551094165658,0.3351338221072413,0.3148416300902846,0.296890034524208,0.0829212873093245,0.1032134793262811,0.1211650748923577,0.0382437875830332,0.1,0.1,0.1,1073,89,CDU-protocol-fast-v1,0.9687399955301772
285_NEK_id_9_WebService_tr_500_1st_780.csv,NEK,SubPCA,NEK,0.4879750649961427,0.3957686584433449,0.364948454220595,0.342551371351913,0.0922064065527977,0.1230266107755476,0.1454236936442297,0.0532172870914319,0.1,0.1,0.1,1073,108,CDU-protocol-fast-v1,0.953499692444021
286_CATSv2_id_1_Sensor_tr_17792_1st_17892.csv,CATSv2,SubPCA,CATSv2,0.2858020924202719,0.297887201276486,0.2740124715238715,0.3004731094809714,-0.0120851088562141,0.0117896208964003,-0.0146710170606995,-0.0025859082044854,0.1,0.1,0.1,300000,14800,CDU-protocol-fast-v1,0.2646542155110704
287_TODS_id_1_Synthetic_tr_500_1st_11.csv,TODS,SubPCA,TODS,0.2968561285603248,0.2632115387714191,0.2930425411542348,0.2591369112269053,0.0336445897889056,0.0038135874060899,0.0377192173334194,0.0040746275445137,0.1,0.1,0.1,5000,261,CDU-protocol-fast-v1,0.8726202291824233
288_TODS_id_2_Synthetic_tr_500_1st_65.csv,TODS,SubPCA,TODS,0.3573222301852886,0.3817251963674657,0.3786414951922747,0.3729684165327065,-0.0244029661821771,-0.0213192650069861,-0.0156461863474179,0.0087567798347591,0.1,0.1,0.1,5000,338,CDU-protocol-fast-v1,0.6749535378421455
289_TODS_id_3_Synthetic_tr_500_1st_26.csv,TODS,SubPCA,TODS,0.2685862628655366,0.2766149033540605,0.2886520780331948,0.2957247235238101,-0.0080286404885239,-0.0200658151676582,-0.0271384606582734,-0.0191098201697495,0.1,0.1,0.1,5000,225,CDU-protocol-fast-v1,0.5929659442972612
290_TODS_id_4_Synthetic_tr_500_1st_26.csv,TODS,SubPCA,TODS,0.4287821684693367,0.4898865076333286,0.472438270142336,0.5107392397512068,-0.0611043391639918,-0.0436561016729993,-0.0819570712818701,-0.0208527321178782,0.1,0.1,0.1,5000,429,CDU-protocol-fast-v1,0.4682077282310246
292_TODS_id_6_Synthetic_tr_500_1st_11.csv,TODS,SubPCA,TODS,0.2968561285603248,0.2798892010110749,0.3123484142169345,0.2922475308915579,0.0169669275492498,-0.0154922856566097,0.0046085976687668,-0.012358329880483,0.1,0.1,0.1,5000,261,CDU-protocol-fast-v1,0.8382560744879621
293_TODS_id_7_Synthetic_tr_500_1st_7.csv,TODS,SubPCA,TODS,0.2890033880895503,0.3003444009916962,0.2835639296336369,0.296290432336832,-0.0113410129021458,0.0054394584559133,-0.0072870442472817,0.0040539686548641,0.1,0.1,0.1,5000,251,CDU-protocol-fast-v1,0.523840775367489
294_TODS_id_8_Synthetic_tr_500_1st_200.csv,TODS,SubPCA,TODS,0.4923893662826101,0.5751491892771025,0.4940632975383509,0.5523384028638287,-0.0827598229944923,-0.0016739312557407,-0.0599490365812186,0.0228107864132737,0.1,0.1,0.1,5000,510,CDU-protocol-fast-v1,0.4996242938810438
295_TODS_id_9_Synthetic_tr_1250_1st_2046.csv,TODS,SubPCA,TODS,0.3981564806333161,0.3837574069007844,0.455147280179908,0.4216984813903925,0.0143990737325316,-0.0569907995465919,-0.0235420007570764,-0.0379410744896081,0.1,0.1,0.1,5000,390,CDU-protocol-fast-v1,0.1586542238007868
296_TODS_id_10_Synthetic_tr_500_1st_26.csv,TODS,SubPCA,TODS,0.2520955078769101,0.2388564062663503,0.2512329905465366,0.2410231073130037,0.0132391016105598,0.0008625173303734,0.0110724005639063,-0.0021667010466534,0.1,0.1,0.1,5000,204,CDU-protocol-fast-v1,0.758243756880708
297_TODS_id_11_Synthetic_tr_500_1st_7.csv,TODS,SubPCA,TODS,0.2890033880895503,0.2366447118720453,0.2867979256945876,0.2489319142820883,0.0523586762175049,0.0022054623949626,0.0400714738074619,-0.0122872024100429,0.1,0.1,0.1,5000,251,CDU-protocol-fast-v1,0.277149241305875
298_TODS_id_12_Synthetic_tr_500_1st_0.csv,TODS,SubPCA,TODS,0.3463283935262043,0.3565012412689944,0.3735265534808323,0.3708132250662504,-0.01017284774279,-0.0271981599546279,-0.0244848315400461,-0.014311983797256,0.1,0.1,0.1,5000,324,CDU-protocol-fast-v1,0.5581642697526922
299_TODS_id_13_Synthetic_tr_500_1st_65.csv,TODS,SubPCA,TODS,0.302353046889867,0.2899726326073493,0.2874045218718945,0.2747397632180173,0.0123804142825177,0.0149485250179725,0.0276132836718496,0.0152328693893319,0.1,0.1,0.1,5000,268,CDU-protocol-fast-v1,0.6528822789747557
301_TODS_id_15_Synthetic_tr_500_1st_245.csv,TODS,SubPCA,TODS,0.4138619615748651,0.4705356245807724,0.5125014989457954,0.5472248296523914,-0.0566736630059073,-0.0986395373709303,-0.1333628680775263,-0.0766892050716189,0.1,0.1,0.1,5000,410,CDU-protocol-fast-v1,0.1369441676938545
302_Power_id_1_Facility_tr_7685_1st_7785.csv,Power,SubPCA,Power,0.4286798769583611,0.5020106680322937,0.4778203661779396,0.5277988406949302,-0.0733307910739325,-0.0491404892195785,-0.0991189637365691,-0.0257881726626365,0.1,0.1,0.1,35040,3000,CDU-protocol-fast-v1,0.0760642888324738
304_UCR_id_2_Medical_tr_2499_1st_7000.csv,UCR,SubPCA,UCR,0.1152252656406595,0.1110899096162959,0.1106899666292735,0.1091586169439785,0.0041353560243636,0.0045352990113859,0.0060666486966809,0.0019312926723173,0.1,0.1,0.1,9998,50,CDU-protocol-fast-v1,0.0462923209390303
307_UCR_id_5_Facility_tr_29895_1st_39240.csv,UCR,SubPCA,UCR,0.0990086732006021,0.0966392657136543,0.1001832094198614,0.0942336413799915,0.0023694074869477,-0.0011745362192593,0.0047750318206105,0.0024056243336627,0.1,0.1,0.1,119580,96,CDU-protocol-fast-v1,0.0028277086970027
309_UCR_id_7_Medical_tr_3000_1st_5948.csv,UCR,SubPCA,UCR,0.1103929549020575,0.1109068424328983,0.1065062202393616,0.1236331557198563,-0.0005138875308408,0.0038867346626959,-0.0132402008177988,-0.012726313286958,0.1,0.1,0.1,12000,45,CDU-protocol-fast-v1,0.6249590381113578
310_UCR_id_8_HumanActivity_tr_2631_1st_8285.csv,UCR,SubPCA,UCR,0.1069188953942699,0.1127515648017287,0.1107909545016382,0.1196786935579735,-0.0058326694074588,-0.0038720591073683,-0.0127597981637036,-0.0069271287562448,0.1,0.1,0.1,10524,30,CDU-protocol-fast-v1,0.0036208869085684
311_UCR_id_9_HumanActivity_tr_16000_1st_38400.csv,UCR,SubPCA,UCR,0.1441920853589638,0.1515141701194055,0.155345133468785,0.157767885089978,-0.0073220847604416,-0.0111530481098212,-0.0135757997310142,-0.0062537149705725,0.1,0.1,0.1,64000,800,CDU-protocol-fast-v1,0.0104124449765647
313_UCR_id_11_Sensor_tr_2827_1st_4711.csv,UCR,SubPCA,UCR,0.1293839363336781,0.134219822392986,0.1356440206571184,0.140985204572809,-0.0048358860593079,-0.0062600843234403,-0.0116012682391309,-0.006765382179823,0.1,0.1,0.1,11308,98,CDU-protocol-fast-v1,0.4625760950744423
315_UCR_id_13_HumanActivity_tr_16000_1st_33070.csv,UCR,SubPCA,UCR,0.1025467281888471,0.0990009677212396,0.1054496917809204,0.099796338601157,0.0035457604676074,-0.0029029635920733,0.00275038958769,-0.0007953708799174,0.1,0.1,0.1,64000,110,CDU-protocol-fast-v1,0.0018410653767414
316_UCR_id_14_Sensor_tr_2833_1st_5988.csv,UCR,SubPCA,UCR,0.1289663307076008,0.1296935736331781,0.1275260467806284,0.1337928291927927,-0.0007272429255772,0.0014402839269724,-0.0048264984851919,-0.0040992555596146,0.1,0.1,0.1,11334,97,CDU-protocol-fast-v1,0.4759231010916452
319_UCR_id_17_Environment_tr_6166_1st_19280.csv,UCR,SubPCA,UCR,0.1209630007443481,0.1116901804703351,0.1210074239161137,0.1143395334645397,0.0092728202740129,-4.442317176560351e-05,0.0066234672798083,-0.0026493529942046,0.1,0.1,0.1,24667,160,CDU-protocol-fast-v1,0.0211392282669546
326_UCR_id_24_Medical_tr_1875_1st_4187.csv,UCR,SubPCA,UCR,0.1020872017589439,0.1001795176066661,0.1019982382194948,0.1136921386096487,0.0019076841522777,8.89635394490107e-05,-0.0116049368507048,-0.0135126210029826,0.1,0.1,0.1,7501,12,CDU-protocol-fast-v1,0.0282771859662215
331_UCR_id_29_Facility_tr_50000_1st_837400.csv,UCR,SubPCA,UCR,0.1032039335032869,0.1004711037257508,0.1044090222077808,0.1015254670906968,0.002732829777536,-0.0012050887044939,0.00167846641259,-0.001054363364946,0.1,0.1,0.1,900000,1700,CDU-protocol-fast-v1,0.0020636288879391
332_UCR_id_30_Facility_tr_13750_1st_52600.csv,UCR,SubPCA,UCR,0.1099540051558639,0.1076224595435888,0.1185269036721428,0.1255473204147882,0.002331545612275,-0.0085728985162789,-0.0155933152589243,-0.0179248608711994,0.1,0.1,0.1,55000,200,CDU-protocol-fast-v1,0.0046154722160016
334_UCR_id_32_HumanActivity_tr_1671_1st_2764.csv,UCR,SubPCA,UCR,0.2294050764826851,0.2760111658598515,0.3009792303795924,0.312804414090954,-0.0466060893771664,-0.0715741538969073,-0.0833993376082689,-0.0367932482311024,0.1,0.1,0.1,6684,231,CDU-protocol-fast-v1,0.0211498368547186
339_UCR_id_37_Sensor_tr_2750_1st_5400.csv,UCR,SubPCA,UCR,0.1661395726686433,0.1666742000209456,0.1576167066335771,0.1588593094782182,-0.0005346273523023,0.0085228660350661,0.007280263190425,0.0078148905427273,0.1,0.1,0.1,11000,200,CDU-protocol-fast-v1,0.2973779060408709
341_UCR_id_39_HumanActivity_tr_48812_1st_128430.csv,UCR,SubPCA,UCR,0.0959273969282017,0.1009726138436852,0.0977998043672482,0.106820910010945,-0.0050452169154835,-0.0018724074390465,-0.0108935130827433,-0.0058482961672598,0.1,0.1,0.1,195250,1,CDU-protocol-fast-v1,0.0001373711099973
344_UCR_id_42_Sensor_tr_2851_1st_5365.csv,UCR,SubPCA,UCR,0.100987515653397,0.0994930978175845,0.1042163542158287,0.1043627234835085,0.0014944178358125,-0.0032288385624317,-0.0033752078301114,-0.0048696256659239,0.1,0.1,0.1,11406,15,CDU-protocol-fast-v1,0.0024931711937444
346_UCR_id_44_Medical_tr_7456_1st_17390.csv,UCR,SubPCA,UCR,0.1127438806164159,0.1171284058470091,0.1151334546970955,0.1171698329433532,-0.0043845252305932,-0.0023895740806796,-0.0044259523269373,-4.1427096344109904e-05,0.1,0.1,0.1,29826,130,CDU-protocol-fast-v1,0.0870295186931985
349_UCR_id_47_Facility_tr_29954_1st_74900.csv,UCR,SubPCA,UCR,0.0990024875929641,0.0976882223381206,0.1004007357618896,0.0955268146028902,0.0013142652548434,-0.0013982481689255,0.0034756729900738,0.0021614077352304,0.1,0.1,0.1,119819,96,CDU-protocol-fast-v1,0.0021452285240851
355_UCR_id_53_HumanActivity_tr_48750_1st_143411.csv,UCR,SubPCA,UCR,0.0978885146963888,0.1027793260202971,0.1001174970769593,0.1097282277786197,-0.0048908113239082,-0.0022289823805705,-0.0118397130822309,-0.0069489017583226,0.1,0.1,0.1,195000,100,CDU-protocol-fast-v1,0.0007963866472658
358_UCR_id_56_Facility_tr_10500_1st_29080.csv,UCR,SubPCA,UCR,0.1014258386583884,0.0986108272087863,0.1051495298298922,0.0945180492096572,0.002815011449602,-0.0037236911715038,0.0069077894487311,0.004092777999129,0.1,0.1,0.1,42000,60,CDU-protocol-fast-v1,0.0010417562995471
361_UCR_id_59_Medical_tr_3000_1st_7175.csv,UCR,SubPCA,UCR,0.1644715636331076,0.1970000379943486,0.1817813181628113,0.2208806492931184,-0.0325284743612409,-0.0173097545297037,-0.0564090856600108,-0.0238806112987698,0.1,0.1,0.1,12000,213,CDU-protocol-fast-v1,0.354982234340031
364_UCR_id_62_Sensor_tr_2833_1st_5988.csv,UCR,SubPCA,UCR,0.1289663307076008,0.13297061898198,0.1312337610749726,0.1379562589688791,-0.0040042882743792,-0.0022674303673717,-0.0089899282612783,-0.0049856399868991,0.1,0.1,0.1,11334,97,CDU-protocol-fast-v1,0.0267179365059419
369_UCR_id_67_Sensor_tr_2750_1st_5400.csv,UCR,SubPCA,UCR,0.1661395726686433,0.166349141931808,0.160592765222561,0.1602223504887159,-0.0002095692631647,0.0055468074460822,0.0059172221799273,0.006126791443092,0.1,0.1,0.1,11000,200,CDU-protocol-fast-v1,0.2841068993196991
371_UCR_id_69_Medical_tr_1853_1st_6200.csv,UCR,SubPCA,UCR,0.1844671305137593,0.2065679232548847,0.211230975028147,0.2443054581285027,-0.0221007927411254,-0.0267638445143877,-0.0598383276147434,-0.037737534873618,0.1,0.1,0.1,7415,170,CDU-protocol-fast-v1,0.0229969803159914
373_UCR_id_71_Sensor_tr_2827_1st_5988.csv,UCR,SubPCA,UCR,0.1290423412004535,0.1230449017027189,0.1246333135885312,0.1219742306939162,0.0059974394977345,0.0044090276119222,0.0070681105065372,0.0010706710088026,0.1,0.1,0.1,11308,97,CDU-protocol-fast-v1,0.0264970863520337
381_UCR_id_79_HumanActivity_tr_16000_1st_31200.csv,UCR,SubPCA,UCR,0.1351387468437211,0.1361784592362256,0.1428211253832469,0.1535490981527059,-0.0010397123925044,-0.0076823785395258,-0.0184103513089848,-0.0173706389164803,0.1,0.1,0.1,64000,650,CDU-protocol-fast-v1,0.0085394957594603
382_UCR_id_80_Medical_tr_7500_1st_11800.csv,UCR,SubPCA,UCR,0.1345351909427048,0.1248570381131004,0.1255582613686948,0.1226509711835524,0.0096781528296044,0.0089769295740099,0.0118842197591523,0.0022060669295479,0.1,0.1,0.1,30000,300,CDU-protocol-fast-v1,0.4285526767393774
385_UCR_id_83_Environment_tr_2046_1st_6006.csv,UCR,SubPCA,UCR,0.1185630840489511,0.1210456169044645,0.1253929530046539,0.1282749330908549,-0.0024825328555133,-0.0068298689557028,-0.0097118490419038,-0.0072293161863904,0.1,0.1,0.1,8184,48,CDU-protocol-fast-v1,0.004779868932602
387_UCR_id_85_Environment_tr_2046_1st_5549.csv,UCR,SubPCA,UCR,0.118563084048951,0.1143698838539108,0.1134119672856528,0.1116835443748878,0.0041932001950402,0.0051511167632981,0.0068795396740631,0.0026863394790229,0.1,0.1,0.1,8184,48,CDU-protocol-fast-v1,0.0354583269342667
391_UCR_id_89_Medical_tr_1875_1st_5759.csv,UCR,SubPCA,UCR,0.1783131122964121,0.1816617179863321,0.1786457208354404,0.1929138528349636,-0.0033486056899199,-0.0003326085390283,-0.0146007405385515,-0.0112521348486315,0.1,0.1,0.1,7500,160,CDU-protocol-fast-v1,0.0386747062447139
393_UCR_id_91_Environment_tr_2046_1st_4852.csv,UCR,SubPCA,UCR,0.1185630840489511,0.1237082154513768,0.1190992106498657,0.1247350044648504,-0.0051451314024256,-0.0005361266009146,-0.0061719204158993,-0.0010267890134736,0.1,0.1,0.1,8184,48,CDU-protocol-fast-v1,0.0291695648663444
396_UCR_id_94_Medical_tr_1875_1st_5607.csv,UCR,SubPCA,UCR,0.1098116873605375,0.1064036109495425,0.1075565245369509,0.1123742043791689,0.0034080764109949,0.0022551628235865,-0.0025625170186314,-0.0059705934296264,0.1,0.1,0.1,7501,27,CDU-protocol-fast-v1,0.025850663132652
400_UCR_id_98_Environment_tr_2046_1st_5391.csv,UCR,SubPCA,UCR,0.0963796022520707,0.0955401527676991,0.0984292261435956,0.0982587149267509,0.0008394494843716,-0.0020496238915249,-0.0018791126746802,-0.0027185621590518,0.1,0.1,0.1,8184,1,CDU-protocol-fast-v1,0.0003082854071321
401_UCR_id_99_HumanActivity_tr_1671_1st_5920.csv,UCR,SubPCA,UCR,0.1300043679490801,0.1193934825873274,0.1182362979047508,0.1140507583589905,0.0106108853617526,0.0117680700443292,0.0159536095900895,0.0053427242283368,0.1,0.1,0.1,6684,59,CDU-protocol-fast-v1,0.9953477100532568
405_UCR_id_103_Sensor_tr_2827_1st_5988.csv,UCR,SubPCA,UCR,0.1290423412004535,0.1247824993521574,0.1201643517796889,0.1226231395899374,0.004259841848296,0.0088779894207645,0.006419201610516,0.0021593597622199,0.1,0.1,0.1,11308,97,CDU-protocol-fast-v1,0.5550324941711616
406_UCR_id_104_Facility_tr_20000_1st_67950.csv,UCR,SubPCA,UCR,0.1079787312979927,0.1094411026475816,0.1066873879606377,0.1126426681430448,-0.0014623713495889,0.0012913433373549,-0.0046639368450521,-0.0032015654954632,0.1,0.1,0.1,80000,250,CDU-protocol-fast-v1,0.0118350025766153
411_UCR_id_109_Environment_tr_2046_1st_4852.csv,UCR,SubPCA,UCR,0.1185630840489511,0.1240104231602162,0.1209796247578862,0.1267363364531406,-0.005447339111265,-0.0024165407089351,-0.0081732524041895,-0.0027259132929244,0.1,0.1,0.1,8184,48,CDU-protocol-fast-v1,0.0124634554300891
415_UCR_id_113_Medical_tr_3000_1st_8612.csv,UCR,SubPCA,UCR,0.1293848472540334,0.1267073059284675,0.1180186093276793,0.131685136856914,0.0026775413255659,0.011366237926354,-0.0023002896028805,-0.0049778309284465,0.1,0.1,0.1,12000,104,CDU-protocol-fast-v1,0.8508234240937259
417_UCR_id_115_Sensor_tr_2750_1st_5400.csv,UCR,SubPCA,UCR,0.1661395726686433,0.1608358609505415,0.1584969250384783,0.1541282737920285,0.0053037117181017,0.0076426476301649,0.0120112988766147,0.0067075871585129,0.1,0.1,0.1,11000,200,CDU-protocol-fast-v1,0.2971405936190008
419_UCR_id_117_Facility_tr_3000_1st_6168.csv,UCR,SubPCA,UCR,0.1100710584215155,0.1124714480144066,0.1098254754836246,0.1258938994968715,-0.0024003895928911,0.0002455829378908,-0.015822841075356,-0.0134224514824649,0.1,0.1,0.1,12000,44,CDU-protocol-fast-v1,0.0176069703843493
420_UCR_id_118_Facility_tr_13750_1st_52600.csv,UCR,SubPCA,UCR,0.1099540051558639,0.0972937176125173,0.1061768372849894,0.1052350077519988,0.0126602875433465,0.0037771678708744,0.004718997403865,-0.0079412901394815,0.1,0.1,0.1,55000,200,CDU-protocol-fast-v1,0.8525410939036405
421_UCR_id_119_HumanActivity_tr_48750_1st_130700.csv,UCR,SubPCA,UCR,0.1192822500185625,0.1254996965721977,0.121715159798936,0.1327800952939621,-0.0062174465536351,-0.0024329097803735,-0.0134978452753996,-0.0072803987217644,0.1,0.1,0.1,195000,1180,CDU-protocol-fast-v1,0.0084387035775745
426_UCR_id_124_Sensor_tr_2827_1st_4711.csv,UCR,SubPCA,UCR,0.1293839363336781,0.1321180934816139,0.1356714269397629,0.1392251798502197,-0.0027341571479358,-0.0062874906060848,-0.0098412435165416,-0.0071070863686058,0.1,0.1,0.1,11308,98,CDU-protocol-fast-v1,0.4134215132541723
430_UCR_id_128_HumanActivity_tr_12500_1st_46500.csv,UCR,SubPCA,UCR,0.1190841598766905,0.1121757640096573,0.1227424923851414,0.1205557707407982,0.0069083958670332,-0.0036583325084509,-0.0014716108641077,-0.0083800067311409,0.1,0.1,0.1,50000,300,CDU-protocol-fast-v1,0.0082767842315381
432_UCR_id_130_Facility_tr_23000_1st_26970.csv,UCR,SubPCA,UCR,0.1085035625162677,0.1028047953014382,0.1106010886311293,0.112537726590807,0.0056987672148294,-0.0020975261148616,-0.0040341640745393,-0.0097329312893688,0.1,0.1,0.1,92000,300,CDU-protocol-fast-v1,0.0047566604053792
436_UCR_id_134_Medical_tr_1875_1st_4526.csv,UCR,SubPCA,UCR,0.1113565844808563,0.1104582342207061,0.1177529838745239,0.1236728939846781,0.0008983502601501,-0.0063963993936676,-0.0123163095038218,-0.013214659763972,0.1,0.1,0.1,7501,30,CDU-protocol-fast-v1,0.004246294833737
437_UCR_id_135_Medical_tr_2499_1st_8000.csv,UCR,SubPCA,UCR,0.1055664394591643,0.1078479284693596,0.1130556799955454,0.1117523488921313,-0.0022814890101953,-0.0074892405363811,-0.006185909432967,-0.0039044204227717,0.1,0.1,0.1,9998,25,CDU-protocol-fast-v1,0.0027905589906109
439_UCR_id_137_HumanActivity_tr_48750_1st_110800.csv,UCR,SubPCA,UCR,0.0959274222918562,0.1013864875275362,0.0977963700241075,0.1076566958461544,-0.00545906523568,-0.0018689477322513,-0.0117292735542981,-0.0062702083186181,0.1,0.1,0.1,195000,1,CDU-protocol-fast-v1,0.0001381156361058
445_UCR_id_143_Environment_tr_6166_1st_19280.csv,UCR,SubPCA,UCR,0.1209630007443481,0.1093531037103283,0.1211964165163253,0.1152675125216973,0.0116098970340197,-0.0002334157719772,0.0056954882226507,-0.0059144088113689,0.1,0.1,0.1,24667,160,CDU-protocol-fast-v1,0.0207620891853066
449_UCR_id_147_Sensor_tr_2847_1st_9330.csv,UCR,SubPCA,UCR,0.0992995677617782,0.0966774425345316,0.1020763471364324,0.1003143937500136,0.0026221252272465,-0.0027767793746542,-0.0010148259882354,-0.003636951215482,0.1,0.1,0.1,11388,10,CDU-protocol-fast-v1,0.0696983280093966
452_UCR_id_150_Facility_tr_10000_1st_35774.csv,UCR,SubPCA,UCR,0.105564507693928,0.101140679958303,0.1035459781997459,0.1025452608058664,0.0044238277356249,0.002018529494182,0.0030192468880615,-0.0014045808475634,0.1,0.1,0.1,40000,100,CDU-protocol-fast-v1,0.7964632809500838
459_UCR_id_157_HumanActivity_tr_50000_1st_110260.csv,UCR,SubPCA,UCR,0.0988433091802118,0.1179875297797118,0.102409499316946,0.1266208248021677,-0.0191442205995,-0.0035661901367342,-0.0277775156219559,-0.0086332950224559,0.1,0.1,0.1,200000,152,CDU-protocol-fast-v1,0.0005478198563552
463_UCR_id_161_Environment_tr_2046_1st_6006.csv,UCR,SubPCA,UCR,0.1185630840489511,0.1196583708489805,0.1274981353808337,0.1292006910614491,-0.0010952868000293,-0.0089350513318826,-0.010637607012498,-0.0095423202124686,0.1,0.1,0.1,8184,48,CDU-protocol-fast-v1,0.0042701031732762
467_UCR_id_165_Environment_tr_6166_1st_19280.csv,UCR,SubPCA,UCR,0.1209630007443481,0.1116393572166555,0.1211415116936576,0.1146987226604616,0.0093236435276926,-0.0001785109493095,0.0062642780838864,-0.0030593654438061,0.1,0.1,0.1,24667,160,CDU-protocol-fast-v1,0.0217581722692589
471_UCR_id_169_Facility_tr_10000_1st_35774.csv,UCR,SubPCA,UCR,0.105564507693928,0.1043751544922921,0.1073849005470433,0.1067902101221055,0.0011893532016359,-0.0018203928531153,-0.0012257024281775,-0.0024150556298134,0.1,0.1,0.1,40000,100,CDU-protocol-fast-v1,0.0070798256620727
473_UCR_id_171_HumanActivity_tr_2617_1st_7290.csv,UCR,SubPCA,UCR,0.0981216509734105,0.1009039544452113,0.0992589653572454,0.1073900304321967,-0.0027823034718008,-0.0011373143838349,-0.0092683794587862,-0.0064860759869854,0.1,0.1,0.1,10468,6,CDU-protocol-fast-v1,0.0125777514549883
474_UCR_id_172_Environment_tr_2046_1st_6520.csv,UCR,SubPCA,UCR,0.10723534866331,0.1103791402818818,0.1119606248337787,0.11279919179213,-0.0031437916185717,-0.0047252761704687,-0.00556384312882,-0.0024200515102482,0.1,0.1,0.1,8184,24,CDU-protocol-fast-v1,0.0026343156874077
493_UCR_id_191_Sensor_tr_2847_1st_9330.csv,UCR,SubPCA,UCR,0.0992995677617782,0.0951077209347968,0.1020052210458854,0.101565440347399,0.0041918468269813,-0.0027056532841072,-0.0022658725856208,-0.0064577194126022,0.1,0.1,0.1,11388,10,CDU-protocol-fast-v1,0.1583644351639502
494_UCR_id_192_Facility_tr_22500_1st_72150.csv,UCR,SubPCA,UCR,0.1107148513825994,0.1176258723324208,0.1144397236071673,0.1154850812398391,-0.0069110209498214,-0.0037248722245679,-0.0047702298572397,0.0021407910925816,0.1,0.1,0.1,90000,345,CDU-protocol-fast-v1,0.0069574332671278
495_UCR_id_193_Environment_tr_2046_1st_6520.csv,UCR,SubPCA,UCR,0.10723534866331,0.109465303789644,0.1111916982972647,0.1117672759059165,-0.002229955126334,-0.0039563496339547,-0.0045319272426065,-0.0023019721162725,0.1,0.1,0.1,8184,24,CDU-protocol-fast-v1,0.0028172119367344
496_UCR_id_194_Environment_tr_2046_1st_5391.csv,UCR,SubPCA,UCR,0.0963796022520707,0.0954090603423968,0.0984198892560657,0.0978418787169795,0.0009705419096739,-0.002040287003995,-0.0014622764649088,-0.0024328183745827,0.1,0.1,0.1,8184,1,CDU-protocol-fast-v1,0.0003097287299823
499_UCR_id_197_Environment_tr_2046_1st_5703.csv,UCR,SubPCA,UCR,0.10723534866331,0.1103768919333269,0.1068334804479372,0.1103321901744806,-0.0031415432700169,0.0004018682153727,-0.0030968415111706,4.470175884621619e-05,0.1,0.1,0.1,8184,24,CDU-protocol-fast-v1,0.0070511331835356
500_UCR_id_198_Facility_tr_7482_1st_23357.csv,UCR,SubPCA,UCR,0.1423675643632088,0.1708549424138867,0.1704321283896085,0.1838486819483429,-0.0284873780506779,-0.0280645640263997,-0.0414811175851341,-0.0129937395344562,0.1,0.1,0.1,29931,360,CDU-protocol-fast-v1,0.0077959504074315
504_UCR_id_202_Environment_tr_2046_1st_5549.csv,UCR,SubPCA,UCR,0.118563084048951,0.1144266189270847,0.1137638083594367,0.1121885510536326,0.0041364651218663,0.0047992756895142,0.0063745329953183,0.002238067873452,0.1,0.1,0.1,8184,48,CDU-protocol-fast-v1,0.0289212369178429
506_UCR_id_204_Environment_tr_2046_1st_5549.csv,UCR,SubPCA,UCR,0.118563084048951,0.1137205390491078,0.1135099477513872,0.111397666913726,0.0048425449998431,0.0050531362975637,0.0071654171352249,0.0023228721353817,0.1,0.1,0.1,8184,48,CDU-protocol-fast-v1,0.039857274276991
516_UCR_id_214_HumanActivity_tr_2108_1st_4702.csv,UCR,SubPCA,UCR,0.0981981480063832,0.1015336485251135,0.0995226654959153,0.1074179616820216,-0.0033355005187303,-0.0013245174895321,-0.0092198136756384,-0.0058843131569081,0.1,0.1,0.1,8432,5,CDU-protocol-fast-v1,0.0062618777249797
517_UCR_id_215_Facility_tr_7482_1st_24005.csv,UCR,SubPCA,UCR,0.105199603494777,0.1094371610742333,0.1106999702228498,0.1116258749036683,-0.0042375575794563,-0.0055003667280728,-0.0064262714088913,-0.002188713829435,0.1,0.1,0.1,29931,72,CDU-protocol-fast-v1,0.001946115056106
525_UCR_id_223_Facility_tr_50000_1st_250720.csv,UCR,SubPCA,UCR,0.1042827843915398,0.1054694677639835,0.1046010351341409,0.1100857129581999,-0.0011866833724436,-0.0003182507426011,-0.0058029285666601,-0.0046162451942164,0.1,0.1,0.1,299790,650,CDU-protocol-fast-v1,0.0066999765718854
526_UCR_id_224_Sensor_tr_2827_1st_4711.csv,UCR,SubPCA,UCR,0.1293839363336781,0.1379882863957977,0.1374259274716695,0.1420109521824798,-0.0086043500621195,-0.0080419911379914,-0.0126270158488017,-0.0040226657866821,0.1,0.1,0.1,11308,98,CDU-protocol-fast-v1,0.0213032441404452
530_UCR_id_228_HumanActivity_tr_16250_1st_38500.csv,UCR,SubPCA,UCR,0.1137357260461471,0.1075878731359734,0.1162480533574073,0.1039984685471519,0.0061478529101736,-0.0025123273112602,0.0097372574989951,0.0035894045888214,0.1,0.1,0.1,65000,300,CDU-protocol-fast-v1,0.0184877429899374
531_SMAP_id_1_Sensor_tr_1811_1st_4510.csv,SMAP,SubPCA,SMAP,0.1377220089982345,0.135305076146723,0.1038800807217844,0.1038891871969812,0.0024169328515115,0.03384192827645,0.0338328218012532,0.0314158889497417,0.1,0.1,0.1,7244,81,CDU-protocol-fast-v1,0.9096698057896636
532_SMAP_id_2_Sensor_tr_2075_1st_5550.csv,SMAP,SubPCA,SMAP,0.2586579717482491,0.2427579628868421,0.2109575614994831,0.2107046032081742,0.015900008861407,0.047700410248766,0.0479533685400749,0.0320533596786679,0.1,0.1,0.1,8302,351,CDU-protocol-fast-v1,0.2203757531103618
533_SMAP_id_3_Sensor_tr_2052_1st_5300.csv,SMAP,SubPCA,SMAP,0.6253025617499648,0.4043252835730163,0.4635722772685726,0.3575572573593255,0.2209772781769485,0.1617302844813922,0.2677453043906392,0.0467680262136907,0.1,0.1,0.1,8209,1121,CDU-protocol-fast-v1,0.9739031595110736
534_SMAP_id_4_Sensor_tr_1968_1st_4370.csv,SMAP,SubPCA,SMAP,0.1194258253104484,0.1202021127281363,0.092472384454116,0.0921961699479144,-0.0007762874176878,0.0269534408563323,0.0272296553625339,0.0280059427802218,0.1,0.1,0.1,7874,51,CDU-protocol-fast-v1,0.7588033811904319
536_SMAP_id_6_Sensor_tr_2160_1st_5600.csv,SMAP,SubPCA,SMAP,0.1396981700018532,0.12668589887794,0.1338806518234654,0.1429740597525918,0.0130122711239132,0.0058175181783877,-0.0032758897507386,-0.0162881608746518,0.1,0.1,0.1,8640,101,CDU-protocol-fast-v1,0.1335514421906008
537_SMAP_id_7_Sensor_tr_2077_1st_5394.csv,SMAP,SubPCA,SMAP,0.2257407489654368,0.1726738543664138,0.1780300799409399,0.1523728407976212,0.053066894599023,0.0477106690244969,0.0733679081678155,0.0203010135687925,0.1,0.1,0.1,8310,281,CDU-protocol-fast-v1,0.9980377653307482
538_SMAP_id_8_Sensor_tr_2007_1st_3650.csv,SMAP,SubPCA,SMAP,0.2240464097040339,0.1881823626861062,0.180534445714738,0.1744694640826664,0.0358640470179277,0.0435119639892958,0.0495769456213674,0.0137128986034398,0.1,0.1,0.1,8029,268,CDU-protocol-fast-v1,0.723106004170373
539_SMAP_id_9_Sensor_tr_1857_1st_4270.csv,SMAP,SubPCA,SMAP,0.1261608779249332,0.1196230614268964,0.1357902608850232,0.1526804060519832,0.0065378164980367,-0.00962938296009,-0.0265195281270499,-0.0330573446250867,0.1,0.1,0.1,7431,61,CDU-protocol-fast-v1,0.008442218557289
540_SMAP_id_10_Sensor_tr_2051_1st_4575.csv,SMAP,SubPCA,SMAP,0.182396117271583,0.1848312881502736,0.1591138372881554,0.1663153073335007,-0.0024351708786906,0.0232822799834275,0.0160808099380822,0.0185159808167728,0.1,0.1,0.1,8205,186,CDU-protocol-fast-v1,0.5361218272618843
541_SMAP_id_11_Sensor_tr_1832_1st_5300.csv,SMAP,SubPCA,SMAP,0.3318923522564446,0.3198631523368086,0.2834841781630924,0.2966544524077842,0.0120291999196359,0.0484081740933521,0.0352378998486603,0.0232086999290243,0.1,0.1,0.1,7331,448,CDU-protocol-fast-v1,0.8205765887444045
542_SMAP_id_12_Sensor_tr_1908_1st_4690.csv,SMAP,SubPCA,SMAP,0.1100333486114171,0.1130300243989219,0.1055570646264686,0.1086381585482156,-0.0029966757875048,0.0044762839849484,0.0013951900632014,0.0043918658507062,0.1,0.1,0.1,7632,31,CDU-protocol-fast-v1,0.6320901579171319
544_SMAP_id_14_Sensor_tr_1978_1st_4450.csv,SMAP,SubPCA,SMAP,0.1487826190130445,0.1730303253664884,0.1778510733762975,0.1798646720114302,-0.0242477063534439,-0.029068454363253,-0.0310820529983857,-0.0068343466449418,0.1,0.1,0.1,7914,111,CDU-protocol-fast-v1,0.0094500302196607
545_SMAP_id_15_Sensor_tr_1173_1st_2750.csv,SMAP,SubPCA,SMAP,0.1364992500618687,0.1211535084048017,0.1305029948792907,0.1237649960659164,0.0153457416570669,0.0059962551825779,0.0127342539959522,-0.0026114876611147,0.1,0.1,0.1,4693,51,CDU-protocol-fast-v1,0.538437789649856
546_SMAP_id_16_Sensor_tr_2117_1st_4770.csv,SMAP,SubPCA,SMAP,0.1498000626397371,0.1614007173179638,0.1818011769611202,0.1961629857073741,-0.0116006546782266,-0.0320011143213831,-0.046362923067637,-0.0347622683894103,0.1,0.1,0.1,8469,121,CDU-protocol-fast-v1,0.0092756100862538
547_SMAP_id_17_Sensor_tr_2133_1st_5400.csv,SMAP,SubPCA,SMAP,0.3782053894169124,0.3274853848874426,0.3058210956093511,0.2736373426163243,0.0507200045294697,0.0723842938075612,0.1045680468005881,0.0538480422711183,0.1,0.1,0.1,8532,623,CDU-protocol-fast-v1,0.5924173413580548
548_SMAP_id_18_Sensor_tr_2094_1st_5600.csv,SMAP,SubPCA,SMAP,0.1132732088639916,0.1077337556223167,0.1193635864892991,0.1183160854514677,0.0055394532416749,-0.0060903776253075,-0.0050428765874761,-0.010582329829151,0.1,0.1,0.1,8376,41,CDU-protocol-fast-v1,0.0054985731535941
549_SMAP_id_19_Sensor_tr_1998_1st_2098.csv,SMAP,SubPCA,SMAP,0.1776462153288513,0.1683522664057888,0.1523100034029685,0.1613541231763587,0.0092939489230625,0.0253362119258828,0.0162920921524925,0.00699814322943,0.1,0.1,0.1,8579,184,CDU-protocol-fast-v1,0.9340785664581744
550_SWaT_id_1_Sensor_tr_43700_1st_43800.csv,SWaT,SubPCA,SWaT,0.5695013226659786,0.8095299149614791,0.479753968853546,0.6636497154916545,-0.2400285922955004,0.0897473538124326,-0.0941483928256758,0.1458801994698245,0.1,0.1,0.1,419919,50653,CDU-protocol-fast-v1,0.3929666699458893
551_YAHOO_id_1_Synthetic_tr_500_1st_893.csv,YAHOO,SubPCA,YAHOO,0.0983326645536459,0.0955986661182077,0.1007675617791162,0.0930791709982141,0.0027339984354381,-0.0024348972254703,0.0052534935554317,0.0025194951199935,0.1,0.1,0.1,1421,1,CDU-protocol-fast-v1,0.001663543010049
552_YAHOO_id_2_Synthetic_tr_500_1st_893.csv,YAHOO,SubPCA,YAHOO,0.0983326645536459,0.0955913527988841,0.1009883093558314,0.0984523000550738,0.0027413117547617,-0.0026556448021855,-0.0001196355014279,-0.0028609472561897,0.1,0.1,0.1,1421,1,CDU-protocol-fast-v1,0.0018201599475528
555_YAHOO_id_5_WebService_tr_500_1st_730.csv,YAHOO,SubPCA,YAHOO,0.1048191137585639,0.0979295190684634,0.108806503624193,0.1108573144416687,0.0068895946901005,-0.0039873898656291,-0.0060382006831048,-0.0129277953732053,0.1,0.1,0.1,1680,4,CDU-protocol-fast-v1,0.0143817756689641
558_YAHOO_id_8_WebService_tr_500_1st_1125.csv,YAHOO,SubPCA,YAHOO,0.3124225835287523,0.411183101721512,0.2396911530906559,0.3251956261213359,-0.0987605181927597,0.0727314304380963,-0.0127730425925836,0.085987475600176,0.1,0.1,0.1,1427,80,CDU-protocol-fast-v1,0.3984656685595367
562_YAHOO_id_12_Synthetic_tr_500_1st_893.csv,YAHOO,SubPCA,YAHOO,0.0983326645536459,0.0924456409963272,0.1008742730055033,0.0901843032201442,0.0058870235573186,-0.0025416084518574,0.0081483613335016,0.0022613377761829,0.1,0.1,0.1,1421,1,CDU-protocol-fast-v1,0.0018217923430199
570_YAHOO_id_20_Synthetic_tr_500_1st_658.csv,YAHOO,SubPCA,YAHOO,0.1064974257906056,0.1008862420452337,0.1135260537700034,0.1155795096396103,0.0056111837453718,-0.0070286279793978,-0.0090820838490047,-0.0146932675943766,0.1,0.1,0.1,1421,4,CDU-protocol-fast-v1,0.0124914727030492
571_YAHOO_id_21_Synthetic_tr_500_1st_623.csv,YAHOO,SubPCA,YAHOO,0.1201053611855383,0.1057482784774065,0.1255290260866603,0.1144225767044217,0.0143570827081317,-0.005423664901122,0.0056827844811165,-0.0086742982270152,0.1,0.1,0.1,1421,9,CDU-protocol-fast-v1,0.0180407408635086
579_YAHOO_id_29_WebService_tr_500_1st_1342.csv,YAHOO,SubPCA,YAHOO,0.0979130865456355,0.0914970985013801,0.0996109882274289,0.1028384628592808,0.0064159880442554,-0.0016979016817934,-0.0049253763136453,-0.0113413643579007,0.1,0.1,0.1,1680,1,CDU-protocol-fast-v1,0.0028024539799118
603_YAHOO_id_53_Synthetic_tr_500_1st_893.csv,YAHOO,SubPCA,YAHOO,0.0983326645536459,0.0976889505675179,0.1014073794162635,0.107066611228625,0.0006437139861279,-0.0030747148626176,-0.0087339466749791,-0.0093776606611071,0.1,0.1,0.1,1421,1,CDU-protocol-fast-v1,0.0015719069979295
644_YAHOO_id_94_WebService_tr_500_1st_1078.csv,YAHOO,SubPCA,YAHOO,0.2977387032189041,0.3796034061455574,0.2695227403912993,0.3143237566401982,-0.0818647029266532,0.0282159628276047,-0.016585053421294,0.0652796495053592,0.1,0.1,0.1,1435,75,CDU-protocol-fast-v1,0.1038871276121552
645_YAHOO_id_95_WebService_tr_500_1st_1047.csv,YAHOO,SubPCA,YAHOO,0.0979130865456355,0.0897913580715925,0.1002024150431792,0.0919512472748222,0.008121728474043,-0.0022893284975437,0.0059618392708132,-0.0021598892032297,0.1,0.1,0.1,1680,1,CDU-protocol-fast-v1,0.0019177142576425
649_YAHOO_id_99_WebService_tr_500_1st_1386.csv,YAHOO,SubPCA,YAHOO,0.0979130865456355,0.0937424040205588,0.0988806285598811,0.1101224278916689,0.0041706825250766,-0.0009675420142456,-0.0122093413460333,-0.01638002387111,0.1,0.1,0.1,1680,1,CDU-protocol-fast-v1,0.2046404020522009
657_YAHOO_id_107_WebService_tr_500_1st_1260.csv,YAHOO,SubPCA,YAHOO,0.0982967547241315,0.0967903479376156,0.0991570399713972,0.0957420985784371,0.0015064067865159,-0.0008602852472657,0.0025546561456943,0.0010482493591784,0.1,0.1,0.1,1440,1,CDU-protocol-fast-v1,0.509904761413885
658_YAHOO_id_108_Synthetic_tr_500_1st_893.csv,YAHOO,SubPCA,YAHOO,0.0983326645536459,0.0880665487412777,0.1009914002509495,0.0915612859555896,0.0102661158123681,-0.0026587356973036,0.0067713785980562,-0.0034947372143119,0.1,0.1,0.1,1421,1,CDU-protocol-fast-v1,0.0018076352357365
672_YAHOO_id_122_WebService_tr_500_1st_857.csv,YAHOO,SubPCA,YAHOO,0.0979130865456355,0.0983346713932742,0.1004107063674984,0.1016884376979329,-0.0004215848476386,-0.0024976198218629,-0.0037753511522973,-0.0033537663046586,0.1,0.1,0.1,1680,1,CDU-protocol-fast-v1,0.0012188103516869
680_YAHOO_id_130_Synthetic_tr_500_1st_893.csv,YAHOO,SubPCA,YAHOO,0.0983326645536459,0.1001830517148691,0.1005805015401591,0.0956812658425579,-0.0018503871612232,-0.0022478369865132,0.0026513987110879,0.0045017858723111,0.1,0.1,0.1,1421,1,CDU-protocol-fast-v1,0.0018845727246754
689_YAHOO_id_139_WebService_tr_500_1st_1073.csv,YAHOO,SubPCA,YAHOO,0.0979130865456355,0.0957656139326319,0.1006296537412038,0.0845199509559235,0.0021474726130036,-0.0027165671955683,0.0133931355897119,0.0112456629767083,0.1,0.1,0.1,1680,1,CDU-protocol-fast-v1,0.0012874682042396
693_YAHOO_id_143_WebService_tr_500_1st_1003.csv,YAHOO,SubPCA,YAHOO,0.1010313651260117,0.0918877607419639,0.1008517651024619,0.0915237834499412,0.0091436043840477,0.0001796000235497,0.0095075816760704,0.0003639772920226,0.1,0.1,0.1,1427,2,CDU-protocol-fast-v1,0.2836614967207252
701_YAHOO_id_151_Synthetic_tr_500_1st_893.csv,YAHOO,SubPCA,YAHOO,0.0983326645536459,0.0909503657521677,0.100813413147907,0.1032784088058716,0.0073822988014781,-0.0024807485942611,-0.0049457442522257,-0.0123280430537039,0.1,0.1,0.1,1421,1,CDU-protocol-fast-v1,0.0019470087563668
723_YAHOO_id_173_WebService_tr_500_1st_1214.csv,YAHOO,SubPCA,YAHOO,0.1010580848538705,0.1031989026030144,0.1007981739014285,0.1053714759458049,-0.0021408177491439,0.0002599109524419,-0.0043133910919344,-0.0021725733427905,0.1,0.1,0.1,1420,2,CDU-protocol-fast-v1,0.6968315897796076
724_YAHOO_id_174_WebService_tr_500_1st_1030.csv,YAHOO,SubPCA,YAHOO,0.10712112282954,0.0964034489434117,0.1053525208427045,0.1003767469873417,0.0107176738861283,0.0017686019868354,0.0067443758421982,-0.00397329804393,0.1,0.1,0.1,1680,5,CDU-protocol-fast-v1,0.3192205583150264
734_YAHOO_id_184_WebService_tr_500_1st_768.csv,YAHOO,SubPCA,YAHOO,0.7121097988984328,0.4845239900791141,0.5185684096873079,0.4012260827899603,0.2275858088193187,0.1935413892111249,0.3108837161084725,0.0832979072891538,0.1,0.1,0.1,1424,227,CDU-protocol-fast-v1,0.9871669831084944
741_YAHOO_id_191_WebService_tr_500_1st_1114.csv,YAHOO,SubPCA,YAHOO,0.1002150956166116,0.0898240997735813,0.1029832168850202,0.0998904098406375,0.0103909958430302,-0.0027681212684085,0.000324685775974,-0.0100663100670562,0.1,0.1,0.1,1680,2,CDU-protocol-fast-v1,0.0062989145982401
755_YAHOO_id_205_Synthetic_tr_500_1st_893.csv,YAHOO,SubPCA,YAHOO,0.0983326645536459,0.0962903378989297,0.1011317612017152,0.0975138212445161,0.0020423266547161,-0.0027990966480693,0.0008188433091297,-0.0012234833455864,0.1,0.1,0.1,1421,1,CDU-protocol-fast-v1,0.0015859914793164
762_YAHOO_id_212_WebService_tr_500_1st_1055.csv,YAHOO,SubPCA,YAHOO,0.1002150956166116,0.1099210290942436,0.1033357106866782,0.1225924544354142,-0.009705933477632,-0.0031206150700666,-0.0223773588188026,-0.0126714253411706,0.1,0.1,0.1,1680,2,CDU-protocol-fast-v1,0.0056322418270011
780_YAHOO_id_230_Synthetic_tr_500_1st_893.csv,YAHOO,SubPCA,YAHOO,0.0983326645536459,0.0934989980731053,0.1007285949842991,0.1064584073684186,0.0048336664805405,-0.0023959304306532,-0.0081257428147727,-0.0129594092953133,0.1,0.1,0.1,1421,1,CDU-protocol-fast-v1,0.003995587413519
788_YAHOO_id_238_WebService_tr_500_1st_973.csv,YAHOO,SubPCA,YAHOO,0.0979130865456355,0.0966041045957172,0.1006349926679448,0.0967062066804431,0.0013089819499183,-0.0027219061223093,0.0012068798651924,-0.0001021020847258,0.1,0.1,0.1,1680,1,CDU-protocol-fast-v1,0.0009916123229977
797_YAHOO_id_247_Synthetic_tr_500_1st_893.csv,YAHOO,SubPCA,YAHOO,0.0983326645536459,0.0948550639554532,0.1003560243037251,0.1175495728491563,0.0034776005981926,-0.0020233597500792,-0.0192169082955104,-0.0226945088937031,0.1,0.1,0.1,1421,1,CDU-protocol-fast-v1,0.0020798356952624
806_YAHOO_id_256_Synthetic_tr_500_1st_893.csv,YAHOO,SubPCA,YAHOO,0.0983326645536459,0.1071664767249786,0.1008492006002398,0.1143093828383528,-0.0088338121713327,-0.0025165360465939,-0.0159767182847069,-0.0071429061133742,0.1,0.1,0.1,1421,1,CDU-protocol-fast-v1,0.0037472571908519
807_YAHOO_id_257_WebService_tr_500_1st_1210.csv,YAHOO,SubPCA,YAHOO,0.1417805852464838,0.1301972019891372,0.1269573125544734,0.1253578122207075,0.0115833832573465,0.0148232726920103,0.0164227730257762,0.0048393897684296,0.1,0.1,0.1,1424,17,CDU-protocol-fast-v1,0.5039157655142794
810_Exathlon_id_1_Facility_tr_10766_1st_12590.csv,Exathlon,SubPCA,Exathlon,0.5910589381462512,0.6594060583860757,0.4470985451904405,0.4661471869104195,-0.0683471202398244,0.1439603929558107,0.1249117512358316,0.1932588714756561,0.1,0.1,0.1,43066,5437,CDU-protocol-fast-v1,0.9660828024065192
811_Exathlon_id_2_Facility_tr_10766_1st_12590.csv,Exathlon,SubPCA,Exathlon,0.5910589381462512,0.515289659163302,0.4497541989901258,0.4342797223271759,0.0757692789829491,0.1413047391561253,0.1567792158190752,0.0810099368361261,0.1,0.1,0.1,43066,5437,CDU-protocol-fast-v1,0.9808795998119186
812_Exathlon_id_3_Facility_tr_10766_1st_12590.csv,Exathlon,SubPCA,Exathlon,0.5910589381462512,0.3949622386184044,0.4442913933948978,0.3384332376052853,0.1960966995278468,0.1467675447513534,0.2526257005409659,0.056529001013119,0.1,0.1,0.1,43066,5437,CDU-protocol-fast-v1,0.9997493784686048
814_Exathlon_id_5_Facility_tr_10766_1st_12590.csv,Exathlon,SubPCA,Exathlon,0.5910589381462512,0.515289659163302,0.4497541989901258,0.4342797223271759,0.0757692789829491,0.1413047391561253,0.1567792158190752,0.0810099368361261,0.1,0.1,0.1,43066,5437,CDU-protocol-fast-v1,0.9808795998119186
815_Exathlon_id_6_Facility_tr_10766_1st_12590.csv,Exathlon,SubPCA,Exathlon,0.5910589381462512,0.3949622386184044,0.4442913933948978,0.3384332376052853,0.1960966995278468,0.1467675447513534,0.2526257005409659,0.056529001013119,0.1,0.1,0.1,43066,5437,CDU-protocol-fast-v1,0.9997493784686048
816_Exathlon_id_7_Facility_tr_10766_1st_12590.csv,Exathlon,SubPCA,Exathlon,0.5910589381462512,0.447824080505201,0.4512306169494006,0.3896357544973827,0.1432348576410502,0.1398283211968505,0.2014231836488685,0.0581883260078183,0.1,0.1,0.1,43066,5437,CDU-protocol-fast-v1,0.9141116655953332
817_Exathlon_id_8_Facility_tr_10766_1st_12590.csv,Exathlon,SubPCA,Exathlon,0.5910589381462512,0.5907887612902277,0.4606381118027032,0.5177519280259402,0.0002701768560234,0.130420826343548,0.073307010120311,0.0730368332642875,0.1,0.1,0.1,43066,5437,CDU-protocol-fast-v1,0.6459697929278996
818_Exathlon_id_9_Facility_tr_11665_1st_13484.csv,Exathlon,SubPCA,Exathlon,0.3383966554327336,0.2336089939081875,0.2594381929773275,0.1984677616379434,0.1047876615245461,0.0789584624554061,0.1399288937947902,0.0351412322702441,0.1,0.1,0.1,46660,2928,CDU-protocol-fast-v1,0.9996498017571092
819_Exathlon_id_10_Facility_tr_10766_1st_12590.csv,Exathlon,SubPCA,Exathlon,0.5910589381462512,0.4387458545297075,0.4443309305481777,0.3715267022010332,0.1523130836165437,0.1467280075980734,0.219532235945218,0.0672191523286743,0.1,0.1,0.1,43066,5437,CDU-protocol-fast-v1,0.9995980141914252
820_Exathlon_id_11_Facility_tr_11665_1st_13484.csv,Exathlon,SubPCA,Exathlon,0.3383966554327336,0.2856122646634518,0.2607303858566123,0.2462059324609937,0.0527843907692818,0.0776662695761213,0.0921907229717398,0.039406332202458,0.1,0.1,0.1,46660,2928,CDU-protocol-fast-v1,0.8842694380138172
821_Exathlon_id_12_Facility_tr_6985_1st_7085.csv,Exathlon,SubPCA,Exathlon,0.5029142696878764,0.4050369672810656,0.3867631663140904,0.3648367479141753,0.0978773024068108,0.1161511033737859,0.138077521773701,0.0402002193668902,0.1,0.1,0.1,46649,4856,CDU-protocol-fast-v1,0.9560704044791848
822_Exathlon_id_13_Facility_tr_10766_1st_12590.csv,Exathlon,SubPCA,Exathlon,0.5910589381462512,0.5907887612902277,0.4606381118027032,0.5177519280259402,0.0002701768560234,0.130420826343548,0.073307010120311,0.0730368332642875,0.1,0.1,0.1,43066,5437,CDU-protocol-fast-v1,0.6459697929278996
823_Exathlon_id_14_Facility_tr_10766_1st_12590.csv,Exathlon,SubPCA,Exathlon,0.5910589381462512,0.4417425956896094,0.444102112389703,0.3693253302408639,0.1493163424566418,0.1469568257565482,0.2217336079053872,0.0724172654487454,0.1,0.1,0.1,43066,5437,CDU-protocol-fast-v1,0.9999141390317828
824_Exathlon_id_15_Facility_tr_10766_1st_12590.csv,Exathlon,SubPCA,Exathlon,0.5910589381462512,0.4367697206179154,0.44852478411687,0.3836317198083465,0.1542892175283358,0.1425341540293812,0.2074272183379047,0.0531380008095689,0.1,0.1,0.1,43066,5437,CDU-protocol-fast-v1,0.9799342017528332
826_Exathlon_id_17_Facility_tr_11665_1st_13484.csv,Exathlon,SubPCA,Exathlon,0.3383966554327336,0.2856122646634518,0.2607303858566123,0.2462059324609937,0.0527843907692818,0.0776662695761213,0.0921907229717398,0.039406332202458,0.1,0.1,0.1,46660,2928,CDU-protocol-fast-v1,0.8842694380138172
827_Exathlon_id_18_Facility_tr_10766_1st_12590.csv,Exathlon,SubPCA,Exathlon,0.5910589381462512,0.4367697206179154,0.44852478411687,0.3836317198083465,0.1542892175283358,0.1425341540293812,0.2074272183379047,0.0531380008095689,0.1,0.1,0.1,43066,5437,CDU-protocol-fast-v1,0.9799342017528332
828_Exathlon_id_19_Facility_tr_11663_1st_13482.csv,Exathlon,SubPCA,Exathlon,0.3401291997647747,0.3021399170343675,0.2612707847957249,0.2641386420280338,0.0379892827304071,0.0788584149690497,0.0759905577367409,0.0380012750063337,0.1,0.1,0.1,46655,2948,CDU-protocol-fast-v1,0.9319084915356126
829_Exathlon_id_20_Facility_tr_10766_1st_12590.csv,Exathlon,SubPCA,Exathlon,0.5910589381462512,0.447824080505201,0.4512306169494006,0.3896357544973827,0.1432348576410502,0.1398283211968505,0.2014231836488685,0.0581883260078183,0.1,0.1,0.1,43066,5437,CDU-protocol-fast-v1,0.9141116655953332
830_Exathlon_id_21_Facility_tr_10766_1st_12590.csv,Exathlon,SubPCA,Exathlon,0.5910589381462512,0.5471087903381027,0.4446263053889099,0.4695473196001969,0.0439501478081485,0.1464326327573412,0.1215116185460543,0.0775614707379057,0.1,0.1,0.1,43066,5437,CDU-protocol-fast-v1,0.9873079929828624
831_Exathlon_id_22_Facility_tr_11665_1st_13484.csv,Exathlon,SubPCA,Exathlon,0.3383966554327336,0.2856122646634518,0.2607303858566123,0.2462059324609937,0.0527843907692818,0.0776662695761213,0.0921907229717398,0.039406332202458,0.1,0.1,0.1,46660,2928,CDU-protocol-fast-v1,0.8842694380138172
832_Exathlon_id_23_Facility_tr_10766_1st_12590.csv,Exathlon,SubPCA,Exathlon,0.5910589381462512,0.447824080505201,0.4512306169494006,0.3896357544973827,0.1432348576410502,0.1398283211968505,0.2014231836488685,0.0581883260078183,0.1,0.1,0.1,43066,5437,CDU-protocol-fast-v1,0.9141116655953332
833_Exathlon_id_24_Facility_tr_10766_1st_12590.csv,Exathlon,SubPCA,Exathlon,0.5910589381462512,0.3949622386184044,0.4442913933948978,0.3384332376052853,0.1960966995278468,0.1467675447513534,0.2526257005409659,0.056529001013119,0.1,0.1,0.1,43066,5437,CDU-protocol-fast-v1,0.9997493784686048
834_Exathlon_id_25_Facility_tr_11665_1st_13484.csv,Exathlon,SubPCA,Exathlon,0.3383966554327336,0.2856122646634518,0.2607303858566123,0.2462059324609937,0.0527843907692818,0.0776662695761213,0.0921907229717398,0.039406332202458,0.1,0.1,0.1,46660,2928,CDU-protocol-fast-v1,0.8842694380138172
835_Exathlon_id_26_Facility_tr_10766_1st_12590.csv,Exathlon,SubPCA,Exathlon,0.5910589381462512,0.6540245625665059,0.4496376407166966,0.5443672025641504,-0.0629656244202546,0.1414212974295546,0.0466917355821008,0.1096573600023554,0.1,0.1,0.1,43066,5437,CDU-protocol-fast-v1,0.9286579483585374
836_Exathlon_id_27_Facility_tr_10766_1st_12590.csv,Exathlon,SubPCA,Exathlon,0.5910589381462512,0.3949622386184044,0.4442913933948978,0.3384332376052853,0.1960966995278468,0.1467675447513534,0.2526257005409659,0.056529001013119,0.1,0.1,0.1,43066,5437,CDU-protocol-fast-v1,0.9997493784686048
837_Exathlon_id_28_Facility_tr_8898_1st_8998.csv,Exathlon,SubPCA,Exathlon,0.4205924877163967,0.4659297475088861,0.3180834568423015,0.3376006973156084,-0.0453372597924894,0.1025090308740951,0.0829917904007883,0.1283290501932777,0.1,0.1,0.1,46650,3891,CDU-protocol-fast-v1,0.9996720028794096
838_Exathlon_id_29_Facility_tr_10766_1st_12590.csv,Exathlon,SubPCA,Exathlon,0.5910589381462512,0.5907887612902277,0.4606381118027032,0.5177519280259402,0.0002701768560234,0.130420826343548,0.073307010120311,0.0730368332642875,0.1,0.1,0.1,43066,5437,CDU-protocol-fast-v1,0.6459697929278996
839_Exathlon_id_30_Facility_tr_10766_1st_12590.csv,Exathlon,SubPCA,Exathlon,0.5910589381462512,0.447824080505201,0.4512306169494006,0.3896357544973827,0.1432348576410502,0.1398283211968505,0.2014231836488685,0.0581883260078183,0.1,0.1,0.1,43066,5437,CDU-protocol-fast-v1,0.9141116655953332
840_Exathlon_id_31_Facility_tr_10766_1st_12590.csv,Exathlon,SubPCA,Exathlon,0.5910589381462512,0.4367697206179154,0.44852478411687,0.3836317198083465,0.1542892175283358,0.1425341540293812,0.2074272183379047,0.0531380008095689,0.1,0.1,0.1,43066,5437,CDU-protocol-fast-v1,0.9799342017528332
841_Exathlon_id_32_Facility_tr_11663_1st_13482.csv,Exathlon,SubPCA,Exathlon,0.3401291997647747,0.2352715670401938,0.2606789996752671,0.2014783978157596,0.1048576327245808,0.0794502000895076,0.138650801949015,0.0337931692244341,0.1,0.1,0.1,46655,2948,CDU-protocol-fast-v1,0.998625644771759
842_OPPORTUNITY_id_1_HumanActivity_tr_7295_1st_27516.csv,OPPORTUNITY,SubPCA,OPPORTUNITY,0.1361741528429222,0.1560156124175955,0.1214202750266541,0.1366425462678738,-0.0198414595746733,0.014753877816268,-0.0004683934249516,0.0193730661497217,0.1,0.1,0.1,29182,330,CDU-protocol-fast-v1,0.9849079479217672
843_OPPORTUNITY_id_2_HumanActivity_tr_808_1st_908.csv,OPPORTUNITY,SubPCA,OPPORTUNITY,0.5871383142152801,0.7917259023505411,0.4420566685901124,0.6228787340821811,-0.204587588135261,0.1450816456251676,-0.035740419866901,0.16884716826836,0.1,0.1,0.1,9057,1142,CDU-protocol-fast-v1,0.9698279559988572
844_OPPORTUNITY_id_3_HumanActivity_tr_500_1st_566.csv,OPPORTUNITY,SubPCA,OPPORTUNITY,0.3344604207133003,0.359826741030982,0.2528420824112655,0.2941743645198522,-0.0253663203176817,0.0816183383020347,0.040286056193448,0.0656523765111297,0.1,0.1,0.1,15653,967,CDU-protocol-fast-v1,0.9897391778564232
845_OPPORTUNITY_id_4_HumanActivity_tr_7295_1st_27516.csv,OPPORTUNITY,SubPCA,OPPORTUNITY,0.1361741528429222,0.1554119769111372,0.1214431703939848,0.1403053098673845,-0.019237824068215,0.0147309824489373,-0.0041311570244622,0.0151066670437527,0.1,0.1,0.1,29182,330,CDU-protocol-fast-v1,0.9034211848535024
846_OPPORTUNITY_id_5_HumanActivity_tr_2085_1st_2185.csv,OPPORTUNITY,SubPCA,OPPORTUNITY,0.2365509154601663,0.3009542656110027,0.1868717526634793,0.2505553209773102,-0.0644033501508364,0.0496791627966869,-0.0140044055171439,0.0503989446336924,0.1,0.1,0.1,22194,818,CDU-protocol-fast-v1,0.9639536861938108
847_OPPORTUNITY_id_6_HumanActivity_tr_808_1st_908.csv,OPPORTUNITY,SubPCA,OPPORTUNITY,0.5871383142152801,0.8632380219754142,0.43449533099423,0.654787897664955,-0.2760997077601341,0.15264298322105,-0.0676495834496749,0.2084501243104591,0.1,0.1,0.1,9057,1142,CDU-protocol-fast-v1,0.943751820707802
848_OPPORTUNITY_id_7_HumanActivity_tr_1477_1st_1577.csv,OPPORTUNITY,SubPCA,OPPORTUNITY,0.1781275678879195,0.1663103770423931,0.1487907556131473,0.1492634286533897,0.0118171908455264,0.0293368122747721,0.0288641392345297,0.0170469483890033,0.1,0.1,0.1,18011,396,CDU-protocol-fast-v1,0.7349067168990704
849_OPPORTUNITY_id_8_HumanActivity_tr_1100_1st_1200.csv,OPPORTUNITY,SubPCA,OPPORTUNITY,0.1877099177944515,0.2074945180166798,0.1546853947433887,0.1751582771452373,-0.0197846002222283,0.0330245230510628,0.0125516406492142,0.0323362408714425,0.1,0.1,0.1,24892,608,CDU-protocol-fast-v1,0.9964342134844224
850_OPPORTUNITY_id_9_HumanActivity_tr_895_1st_995.csv,OPPORTUNITY,SubPCA,OPPORTUNITY,0.2084048165942393,0.2201727948202856,0.1685775607977824,0.1849977214241174,-0.0117679782260463,0.0398272557964568,0.0234070951701218,0.0351750733961681,0.1,0.1,0.1,14751,438,CDU-protocol-fast-v1,0.9440056080123008
851_OPPORTUNITY_id_10_HumanActivity_tr_6213_1st_7311.csv,OPPORTUNITY,SubPCA,OPPORTUNITY,0.2296003845866163,0.3405770580164143,0.2921837980214458,0.3769920402343208,-0.110976673429798,-0.0625834134348295,-0.1473916556477045,-0.0364149822179065,0.1,0.1,0.1,24852,872,CDU-protocol-fast-v1,0.0203159977175822
853_OPPORTUNITY_id_12_HumanActivity_tr_808_1st_908.csv,OPPORTUNITY,SubPCA,OPPORTUNITY,0.5871383142152801,0.8985644465983316,0.4330689419816307,0.6706950634773776,-0.3114261323830515,0.1540693722336493,-0.0835567492620975,0.2278693831209539,0.1,0.1,0.1,9057,1142,CDU-protocol-fast-v1,0.997797379285436
854_OPPORTUNITY_id_13_HumanActivity_tr_1477_1st_1577.csv,OPPORTUNITY,SubPCA,OPPORTUNITY,0.1781275678879195,0.177713748489127,0.1484555096331484,0.1531800046795536,0.0004138193987925,0.029672058254771,0.0249475632083658,0.0245337438095733,0.1,0.1,0.1,18011,396,CDU-protocol-fast-v1,0.9937723835642
855_OPPORTUNITY_id_14_HumanActivity_tr_808_1st_908.csv,OPPORTUNITY,SubPCA,OPPORTUNITY,0.5871383142152801,0.850462249982976,0.4572918809232492,0.658441924115614,-0.2633239357676959,0.1298464332920308,-0.0713036099003339,0.192020325867362,0.1,0.1,0.1,9057,1142,CDU-protocol-fast-v1,0.5130635058185323
856_OPPORTUNITY_id_15_HumanActivity_tr_808_1st_908.csv,OPPORTUNITY,SubPCA,OPPORTUNITY,0.5871383142152801,0.8821147358487812,0.433717606768754,0.6666016651774264,-0.2949764216335011,0.153420707446526,-0.0794633509621463,0.2155130706713548,0.1,0.1,0.1,9057,1142,CDU-protocol-fast-v1,0.9777292155130944
857_OPPORTUNITY_id_16_HumanActivity_tr_500_1st_566.csv,OPPORTUNITY,SubPCA,OPPORTUNITY,0.3344604207133003,0.4337740256159521,0.2535289685975324,0.3428840551611528,-0.0993136049026517,0.0809314521157679,-0.0084236344478524,0.0908899704547993,0.1,0.1,0.1,15653,967,CDU-protocol-fast-v1,0.9388404830102266
858_OPPORTUNITY_id_17_HumanActivity_tr_808_1st_908.csv,OPPORTUNITY,SubPCA,OPPORTUNITY,0.5871383142152801,0.924768669751845,0.4334356469354328,0.6969663802808191,-0.3376303555365649,0.1537026672798472,-0.109828066065539,0.2278022894710258,0.1,0.1,0.1,9057,1142,CDU-protocol-fast-v1,0.9954557465306152
859_OPPORTUNITY_id_18_HumanActivity_tr_895_1st_995.csv,OPPORTUNITY,SubPCA,OPPORTUNITY,0.2084048165942393,0.231208047481942,0.168321800838023,0.197351124484867,-0.0228032308877026,0.0400830157562162,0.0110536921093722,0.0338569229970749,0.1,0.1,0.1,14751,438,CDU-protocol-fast-v1,0.9348060088071716
860_OPPORTUNITY_id_19_HumanActivity_tr_808_1st_908.csv,OPPORTUNITY,SubPCA,OPPORTUNITY,0.5871383142152801,0.8533380355622447,0.4330717565659726,0.6274919054395734,-0.2661997213469647,0.1540665576493075,-0.0403535912242933,0.2258461301226713,0.1,0.1,0.1,9057,1142,CDU-protocol-fast-v1,0.9978422715614986
861_OPPORTUNITY_id_20_HumanActivity_tr_2085_1st_2185.csv,OPPORTUNITY,SubPCA,OPPORTUNITY,0.2365509154601663,0.2669523683629944,0.1871982805190481,0.2192673007148768,-0.0304014529028281,0.0493526349411181,0.0172836147452894,0.0476850676481175,0.1,0.1,0.1,22194,818,CDU-protocol-fast-v1,0.9831952487983746
862_OPPORTUNITY_id_21_HumanActivity_tr_500_1st_566.csv,OPPORTUNITY,SubPCA,OPPORTUNITY,0.3344604207133003,0.4067945500712892,0.2528008539425518,0.3114434157927195,-0.0723341293579888,0.0816595667707484,0.0230170049205807,0.0953511342785696,0.1,0.1,0.1,15653,967,CDU-protocol-fast-v1,0.9942843304863896
863_OPPORTUNITY_id_22_HumanActivity_tr_808_1st_908.csv,OPPORTUNITY,SubPCA,OPPORTUNITY,0.5871383142152801,0.8387032793027022,0.4331083524799965,0.6415766186777407,-0.2515649650874221,0.1540299617352835,-0.0544383044624606,0.1971266606249614,0.1,0.1,0.1,9057,1142,CDU-protocol-fast-v1,0.9955035516843994
865_OPPORTUNITY_id_24_HumanActivity_tr_2085_1st_2185.csv,OPPORTUNITY,SubPCA,OPPORTUNITY,0.2365509154601663,0.2672391635365892,0.1867896749802201,0.2210609416914467,-0.0306882480764229,0.0497612404799461,0.0154899737687195,0.0461782218451424,0.1,0.1,0.1,22194,818,CDU-protocol-fast-v1,0.9954174578054474
866_OPPORTUNITY_id_25_HumanActivity_tr_6213_1st_7311.csv,OPPORTUNITY,SubPCA,OPPORTUNITY,0.2296003845866163,0.3173672055964974,0.1821718920652995,0.2532705965298176,-0.087766821009881,0.0474284925213168,-0.0236702119432013,0.0640966090666797,0.1,0.1,0.1,24852,872,CDU-protocol-fast-v1,0.9967320638121808
867_OPPORTUNITY_id_26_HumanActivity_tr_808_1st_908.csv,OPPORTUNITY,SubPCA,OPPORTUNITY,0.5871383142152801,0.9450234805858582,0.4335837660123768,0.6975574683957843,-0.3578851663705781,0.1535545482029032,-0.1104191541805041,0.2474660121900739,0.1,0.1,0.1,9057,1142,CDU-protocol-fast-v1,0.9973456819500912
868_OPPORTUNITY_id_27_HumanActivity_tr_2085_1st_2185.csv,OPPORTUNITY,SubPCA,OPPORTUNITY,0.2365509154601663,0.2875607068096743,0.1871225241479069,0.2362861519640849,-0.051009791349508,0.0494283913122593,0.0002647634960813,0.0512745548455894,0.1,0.1,0.1,22194,818,CDU-protocol-fast-v1,0.9307056684884928
869_OPPORTUNITY_id_28_HumanActivity_tr_500_1st_566.csv,OPPORTUNITY,SubPCA,OPPORTUNITY,0.3344604207133003,0.4593897499875343,0.2529314230905038,0.3633501206904888,-0.124929329274234,0.0815289976227964,-0.0288896999771885,0.0960396292970454,0.1,0.1,0.1,15653,967,CDU-protocol-fast-v1,0.9924368845704568
870_OPPORTUNITY_id_29_HumanActivity_tr_1477_1st_1577.csv,OPPORTUNITY,SubPCA,OPPORTUNITY,0.1781275678879195,0.1837525974478287,0.1484913255071353,0.1633561902919874,-0.0056250295599092,0.0296362423807841,0.014771377595932,0.0203964071558412,0.1,0.1,0.1,18011,396,CDU-protocol-fast-v1,0.9899096159762304
001_NAB_id_1_Facility_tr_1007_1st_2014.csv,NAB,POLY,NAB,0.4271930261014086,0.4049530644436562,0.4197818437960562,0.4222632131870747,0.0222399616577523,0.0074111823053523,0.0049298129143338,-0.0173101487434185,0.1,0.1,0.1,4031,343,CDU-protocol-fast-v1,0.2611759737858602
002_NAB_id_2_WebService_tr_1500_1st_4106.csv,NAB,POLY,NAB,0.5109811005857584,0.5019596616707005,0.4591609586668269,0.4837369916345659,0.0090214389150579,0.0518201419189315,0.0272441089511925,0.0182226700361345,0.1,0.1,0.1,6000,637,CDU-protocol-fast-v1,0.6259498149866337
005_NAB_id_5_Traffic_tr_594_1st_1645.csv,NAB,POLY,NAB,0.4866326352417378,0.4225410306074325,0.4912861798355069,0.4262648677811239,0.0640916046343053,-0.0046535445937691,0.0603677674606138,-0.0037238371736914,0.1,0.1,0.1,2379,238,CDU-protocol-fast-v1,0.1638654700915054
006_NAB_id_6_Traffic_tr_2579_1st_5839.csv,NAB,POLY,NAB,0.4857335332016683,0.5030185169729929,0.4871094752822776,0.4919179906997944,-0.0172849837713246,-0.0013759420806093,-0.0061844574981261,0.0111005262731985,0.1,0.1,0.1,10319,1030,CDU-protocol-fast-v1,0.2466582678127551
008_NAB_id_8_Synthetic_tr_1007_1st_2734.csv,NAB,POLY,NAB,0.4853806728505995,0.3491487638325485,0.4300755532330583,0.3471543529148562,0.136231909018051,0.0553051196175412,0.1382263199357433,0.0019944109176923,0.1,0.1,0.1,4031,402,CDU-protocol-fast-v1,0.7961198238540144
009_NAB_id_9_Traffic_tr_500_1st_438.csv,NAB,POLY,NAB,0.4862815616001811,0.4577284733710112,0.4198073193969661,0.4328222220710433,0.0285530882291699,0.066474242203215,0.0534593395291377,0.0249062512999678,0.1,0.1,0.1,2161,216,CDU-protocol-fast-v1,0.7511137903330025
010_NAB_id_10_WebService_tr_500_1st_271.csv,NAB,POLY,NAB,0.6772894492172364,0.6757135752540563,0.6194960002365517,0.6710436327101074,0.0015758739631801,0.0577934489806847,0.006245816507129,0.0046699425439489,0.1,0.1,0.1,1000,148,CDU-protocol-fast-v1,0.5682815766685084
011_NAB_id_11_Facility_tr_1007_1st_1526.csv,NAB,POLY,NAB,0.5563893265106291,0.4704058326094067,0.4671477515498438,0.4568904729528926,0.0859834939012224,0.0892415749607853,0.0994988535577364,0.013515359656514,0.1,0.1,0.1,4031,474,CDU-protocol-fast-v1,0.9300359177850358
013_NAB_id_13_Traffic_tr_623_1st_2084.csv,NAB,POLY,NAB,0.4842338922682348,0.3962528349165996,0.4133029292725874,0.3853308930854537,0.0879810573516352,0.0709309629956473,0.0989029991827811,0.0109219418311458,0.1,0.1,0.1,2494,248,CDU-protocol-fast-v1,0.7825581445153352
014_NAB_id_14_WebService_tr_500_1st_1045.csv,NAB,POLY,NAB,0.4820684243308183,0.4939130394542483,0.4803881750838784,0.5076188247978674,-0.0118446151234299,0.0016802492469399,-0.025550400467049,-0.013705785343619,0.1,0.1,0.1,1537,152,CDU-protocol-fast-v1,0.2570535107102393
015_NAB_id_15_Synthetic_tr_1007_1st_2787.csv,NAB,POLY,NAB,0.5948523472431452,0.7760293975346706,0.6154988383736633,0.7595967402596793,-0.1811770502915254,-0.020646491130518,-0.1647443930165341,0.0164326572749913,0.1,0.1,0.1,4031,513,CDU-protocol-fast-v1,0.2823858835466331
016_NAB_id_16_Environment_tr_1816_1st_3540.csv,NAB,POLY,NAB,0.4850429707481395,0.4376926895900296,0.4775748611050384,0.4406403865796811,0.0473502811581099,0.007468109643101,0.0444025841684584,-0.0029476969896514,0.1,0.1,0.1,7266,724,CDU-protocol-fast-v1,0.1563534846771423
017_NAB_id_17_Synthetic_tr_1007_1st_1805.csv,NAB,POLY,NAB,0.4853806728505994,0.5534003198707411,0.4068925897296785,0.5220653480108284,-0.0680196470201417,0.0784880831209208,-0.036684675160229,0.0313349718599127,0.1,0.1,0.1,4031,402,CDU-protocol-fast-v1,0.8784963455516465
018_NAB_id_18_Facility_tr_500_1st_669.csv,NAB,POLY,NAB,0.4862541770224173,0.5522336731389618,0.4916365379796844,0.5441108765125128,-0.0659794961165444,-0.005382360957267,-0.0578566994900954,0.0081227966264489,0.1,0.1,0.1,1881,188,CDU-protocol-fast-v1,0.1916060529780795
019_NAB_id_19_Facility_tr_1007_1st_1171.csv,NAB,POLY,NAB,0.483408210248932,0.4719329833680825,0.4613612593047293,0.4785928960553061,0.0114752268808495,0.0220469509442026,0.0048153141936259,-0.0066599126872236,0.1,0.1,0.1,4031,400,CDU-protocol-fast-v1,0.2212712849820449
020_NAB_id_20_Synthetic_tr_1007_1st_2679.csv,NAB,POLY,NAB,0.7013653277331897,0.8742667449843253,0.7057458171145348,0.8531577207485935,-0.1729014172511356,-0.004380489381345,-0.1517923930154038,0.0211090242357318,0.1,0.1,0.1,4031,621,CDU-protocol-fast-v1,0.3656605359883146
022_NAB_id_22_Facility_tr_1007_1st_2980.csv,NAB,POLY,NAB,0.6017559663489813,0.4471628834985517,0.5138747947112959,0.4378480617226031,0.1545930828504296,0.0878811716376853,0.1639079046263782,0.0093148217759486,0.1,0.1,0.1,4031,520,CDU-protocol-fast-v1,0.6736574311585174
023_NAB_id_23_Facility_tr_4512_1st_16551.csv,NAB,POLY,NAB,0.4188672974141275,0.4009310411488355,0.4208303593653738,0.4068794470925221,0.0179362562652919,-0.0019630619512463,0.0119878503216053,-0.0059484059436866,0.1,0.1,0.1,18049,1498,CDU-protocol-fast-v1,0.134198503220002
024_NAB_id_24_Synthetic_tr_1007_1st_2787.csv,NAB,POLY,NAB,0.5948523472431452,0.5576899651953611,0.5105817628960383,0.5301372172006028,0.0371623820477841,0.0842705843471068,0.0647151300425423,0.0275527479947582,0.1,0.1,0.1,4031,513,CDU-protocol-fast-v1,0.7925442324261402
025_NAB_id_25_WebService_tr_3958_1st_4614.csv,NAB,POLY,NAB,0.4856619904702664,0.5141484620284618,0.4867125056468012,0.5156622599257561,-0.0284864715581953,-0.0010505151765348,-0.0300002694554896,-0.0015137978972943,0.1,0.1,0.1,15832,1580,CDU-protocol-fast-v1,0.1614339465050992
026_NAB_id_26_Traffic_tr_624_1st_2261.csv,NAB,POLY,NAB,0.4675345826450365,0.3812191677117147,0.4481972605247003,0.3905322449680111,0.0863154149333217,0.0193373221203361,0.0770023376770253,-0.0093130772562964,0.1,0.1,0.1,2499,238,CDU-protocol-fast-v1,0.2663682620479007
027_NAB_id_27_Facility_tr_757_1st_2582.csv,NAB,POLY,NAB,0.3512382483885998,0.2900068948565441,0.3163865561485828,0.2879891349714216,0.0612313535320557,0.0348516922400169,0.0632491134171781,0.0020177598851224,0.1,0.1,0.1,3031,200,CDU-protocol-fast-v1,0.6784803541066893
028_NAB_id_28_Facility_tr_1007_1st_3447.csv,NAB,POLY,NAB,0.5129951492739443,0.4682624740937041,0.4311560911134161,0.4457771600694413,0.0447326751802402,0.0818390581605282,0.067217989204503,0.0224853140242627,0.1,0.1,0.1,4031,430,CDU-protocol-fast-v1,0.942373467962954
032_WSD_id_4_WebService_tr_4559_1st_11822.csv,WSD,POLY,WSD,0.1075299854438183,0.1116774515005216,0.1052576911322108,0.1033353007220286,-0.0041474660567032,0.0022722943116074,0.0041946847217897,0.0083421507784929,0.1,0.1,0.1,10686,32,CDU-protocol-fast-v1,0.7947125735469623
039_WSD_id_11_WebService_tr_1746_1st_1846.csv,WSD,POLY,WSD,0.123945251401589,0.117165915369355,0.1179725293430107,0.1166735405771275,0.006779336032234,0.0059727220585783,0.0072717108244614,0.0004923747922274,0.1,0.1,0.1,18219,132,CDU-protocol-fast-v1,0.4754723836109155
040_WSD_id_12_WebService_tr_4559_1st_9714.csv,WSD,POLY,WSD,0.1046479863466841,0.1124326024770673,0.1051452422983863,0.112056461348009,-0.0077846161303831,-0.0004972559517022,-0.0074084750013249,0.0003761411290582,0.1,0.1,0.1,18236,41,CDU-protocol-fast-v1,0.0120808434991451
043_WSD_id_15_WebService_tr_4521_1st_6828.csv,WSD,POLY,WSD,0.097246602480544,0.102515453101583,0.0977173368020514,0.1019095763526112,-0.005268850621039,-0.0004707343215074,-0.0046629738720672,0.0006058767489717,0.1,0.1,0.1,18085,6,CDU-protocol-fast-v1,0.0144720762948473
049_WSD_id_21_WebService_tr_4297_1st_7097.csv,WSD,POLY,WSD,0.1029301495095835,0.104141769354132,0.1018589847880559,0.1030636385066736,-0.0012116198445484,0.0010711647215275,-0.0001334889970901,0.0010781308474583,0.1,0.1,0.1,17189,31,CDU-protocol-fast-v1,0.3570837589439196
054_WSD_id_26_WebService_tr_2409_1st_2509.csv,WSD,POLY,WSD,0.1098244691869262,0.1131182814548376,0.110109821704539,0.1114821815391864,-0.0032938122679113,-0.0002853525176128,-0.0016577123522602,0.0016360999156511,0.1,0.1,0.1,18391,66,CDU-protocol-fast-v1,0.0206614322590723
058_WSD_id_30_WebService_tr_1136_1st_1236.csv,WSD,POLY,WSD,0.0976595358796754,0.1041579276002816,0.0978067545615632,0.1013110765220781,-0.0064983917206062,-0.0001472186818878,-0.0036515406424027,0.0028468510782034,0.1,0.1,0.1,18236,8,CDU-protocol-fast-v1,0.7365333116612451
060_WSD_id_32_WebService_tr_4576_1st_4766.csv,WSD,POLY,WSD,0.1174846082653973,0.1171885962943928,0.1131478262189163,0.1123756125711525,0.0002960119710045,0.0043367820464809,0.0051089956942447,0.0048129837232402,0.1,0.1,0.1,18305,102,CDU-protocol-fast-v1,0.7732967255839862
068_WSD_id_40_WebService_tr_4549_1st_13322.csv,WSD,POLY,WSD,0.1021198938700692,0.1071976929509372,0.1019590762602443,0.0988037541508805,-0.005077799080868,0.0001608176098248,0.0033161397191886,0.0083939388000566,0.1,0.1,0.1,18197,29,CDU-protocol-fast-v1,0.2158764402406787
074_WSD_id_46_WebService_tr_990_1st_1090.csv,WSD,POLY,WSD,0.1573790216886592,0.1352386893013269,0.1428776221765939,0.1328926045623066,0.0221403323873322,0.0145013995120652,0.0244864171263525,0.0023460847390202,0.1,0.1,0.1,18236,290,CDU-protocol-fast-v1,0.8018740809772842
089_WSD_id_61_WebService_tr_1010_1st_1110.csv,WSD,POLY,WSD,0.1493653476999775,0.128044486996481,0.1388010440336942,0.1271412980818328,0.0213208607034965,0.0105643036662833,0.0222240496181446,0.0009031889146481,0.1,0.1,0.1,17429,241,CDU-protocol-fast-v1,0.4670388208219537
094_WSD_id_66_WebService_tr_3309_1st_3914.csv,WSD,POLY,WSD,0.1061765244045372,0.1079952254932525,0.1066911207256451,0.1066984047630459,-0.0018187010887152,-0.0005145963211079,-0.0005218803585087,0.0012968207302065,0.1,0.1,0.1,13237,35,CDU-protocol-fast-v1,0.0181781477783653
099_WSD_id_71_WebService_tr_4559_1st_14411.csv,WSD,POLY,WSD,0.1046479863466841,0.111021903213316,0.1034090914648611,0.1034794538964321,-0.0063739168666318,0.0012388948818229,0.001168532450252,0.0075424493168839,0.1,0.1,0.1,18236,41,CDU-protocol-fast-v1,0.5943131271311933
106_WSD_id_78_WebService_tr_3363_1st_3463.csv,WSD,POLY,WSD,0.1427668070758227,0.1281631660111524,0.1327144068304019,0.1247961807217063,0.0146036410646702,0.0100524002454207,0.0179706263541163,0.003366985289446,0.1,0.1,0.1,18236,221,CDU-protocol-fast-v1,0.190366066766833
113_WSD_id_85_WebService_tr_500_1st_335.csv,WSD,POLY,WSD,0.1198876437419788,0.1188265995285171,0.1207563591542371,0.1194822194156132,0.0010610442134617,-0.0008687154122583,0.0004054243263656,-0.0006556198870961,0.1,0.1,0.1,18242,113,CDU-protocol-fast-v1,0.0323974014120708
117_WSD_id_89_WebService_tr_3251_1st_3351.csv,WSD,POLY,WSD,0.0966728392159828,0.1038122200571789,0.0971055066723343,0.1012123629493003,-0.0071393808411961,-0.0004326674563515,-0.0045395237333175,0.0025998571078785,0.1,0.1,0.1,16376,3,CDU-protocol-fast-v1,0.4112856434254
125_WSD_id_97_WebService_tr_2217_1st_2317.csv,WSD,POLY,WSD,0.1302459870741442,0.1302520570592606,0.1235443166467389,0.123469487714895,-6.069985116402554e-06,0.0067016704274052,0.0067764993592491,0.0067825693443655,0.1,0.1,0.1,18250,162,CDU-protocol-fast-v1,0.6785214374541638
130_WSD_id_102_WebService_tr_2362_1st_2462.csv,WSD,POLY,WSD,0.1372607551927249,0.1338780040566449,0.1296892572476579,0.1303253020180087,0.0033827511360799,0.0075714979450669,0.0069354531747161,0.0035527020386361,0.1,0.1,0.1,18236,195,CDU-protocol-fast-v1,0.722082901756069
137_WSD_id_109_WebService_tr_4559_1st_14404.csv,WSD,POLY,WSD,0.108459868419598,0.1147442587137088,0.1064289471146014,0.1072277610317398,-0.0062843902941108,0.0020309213049965,0.0012321073878581,0.0075164976819689,0.1,0.1,0.1,18236,59,CDU-protocol-fast-v1,0.5755462569992422
139_WSD_id_111_WebService_tr_1701_1st_1801.csv,WSD,POLY,WSD,0.1142441227835626,0.1124211147084028,0.1114914446739705,0.1130194627715006,0.0018230080751597,0.002752678109592,0.0012246600120619,-0.0005983480630978,0.1,0.1,0.1,18381,87,CDU-protocol-fast-v1,0.3201466419219861
140_MSL_id_1_Sensor_tr_530_1st_630.csv,MSL,POLY,MSL,0.2873686381761706,0.3059045243505106,0.2454261855712212,0.2885507299475849,-0.0185358861743399,0.0419424526049493,-0.0011820917714143,0.0173537944029256,0.1,0.1,0.1,2430,121,CDU-protocol-fast-v1,0.99647743347367
141_MSL_id_2_Sensor_tr_500_1st_550.csv,MSL,POLY,MSL,0.6332567791885708,0.6388590499559477,0.5386031936443979,0.6073920879309401,-0.0056022707673768,0.0946535855441729,0.0258646912576306,0.0314669620250075,0.1,0.1,0.1,2264,312,CDU-protocol-fast-v1,0.9275813823665444
143_MSL_id_4_Sensor_tr_980_1st_3550.csv,MSL,POLY,MSL,0.2429866472843507,0.1940817129302176,0.2137397016753935,0.1897841846141411,0.0489049343541331,0.0292469456089571,0.0532024626702096,0.0042975283160764,0.1,0.1,0.1,3922,151,CDU-protocol-fast-v1,0.5495115253203618
144_MSL_id_5_Sensor_tr_1525_1st_4590.csv,MSL,POLY,MSL,0.1760790536021126,0.169985411306579,0.1848688652914467,0.1717042140050017,0.0060936422955336,-0.0087898116893341,0.0043748395971108,-0.0017188026984227,0.1,0.1,0.1,6100,131,CDU-protocol-fast-v1,0.0513334435416188
145_MSL_id_6_Sensor_tr_530_1st_630.csv,MSL,POLY,MSL,0.2873686381761706,0.2761726888593286,0.2615707681080845,0.2755541758320241,0.0111959493168419,0.025797870068086,0.0118144623441464,0.0006185130273044,0.1,0.1,0.1,2430,121,CDU-protocol-fast-v1,0.2491090580922509
147_MSL_id_8_Sensor_tr_590_1st_690.csv,MSL,POLY,MSL,0.4992263389006856,0.3907201765619901,0.4451205349974093,0.3871185211378392,0.1085061623386954,0.0541058039032762,0.1121078177628464,0.0036016554241509,0.1,0.1,0.1,2430,252,CDU-protocol-fast-v1,0.4485237287755023
148_MSL_id_9_Sensor_tr_883_1st_1238.csv,MSL,POLY,MSL,0.3451521701195715,0.2882097530028368,0.3056937533669135,0.2876175898102711,0.0569424171167347,0.0394584167526579,0.0575345803093003,0.0005921631925656,0.1,0.1,0.1,3535,228,CDU-protocol-fast-v1,0.5692667861828992
149_Stock_id_1_Finance_tr_500_1st_7.csv,Stock,POLY,Stock,0.2842191306939363,0.2454306815710683,0.2828625577651876,0.2468092587058132,0.0387884491228679,0.0013565729287486,0.037409871988123,-0.0013785771347449,0.1,0.1,0.1,20000,981,CDU-protocol-fast-v1,0.8423915614897288
151_Stock_id_3_Finance_tr_500_1st_62.csv,Stock,POLY,Stock,0.2828372009833035,0.2527133972023364,0.2819474863796444,0.2535646038898899,0.0301238037809671,0.0008897146036591,0.0292725970934135,-0.0008512066875535,0.1,0.1,0.1,10000,487,CDU-protocol-fast-v1,0.8543396604998879
155_Stock_id_7_Finance_tr_500_1st_18.csv,Stock,POLY,Stock,0.2826397824532131,0.2421855532885009,0.2834820375081063,0.2445220290390011,0.0404542291647122,-0.0008422550548932,0.0381177534142119,-0.0023364757505002,0.1,0.1,0.1,20000,973,CDU-protocol-fast-v1,0.9226105878898024
156_Stock_id_8_Finance_tr_500_1st_24.csv,Stock,POLY,Stock,0.2820475268629419,0.2562301892201621,0.2527537937945096,0.2410656131562968,0.0258173376427797,0.0292937330684322,0.040981913706645,0.0151645760638653,0.1,0.1,0.1,10000,485,CDU-protocol-fast-v1,0.4460537435394177
160_Stock_id_12_Finance_tr_500_1st_14.csv,Stock,POLY,Stock,0.2842191306939363,0.2453936984954448,0.2756937671504113,0.2426980136486573,0.0388254321984914,0.008525363543525,0.0415211170452789,0.0026956848467874,0.1,0.1,0.1,20000,981,CDU-protocol-fast-v1,0.7263917459305532
162_Stock_id_14_Finance_tr_500_1st_4.csv,Stock,POLY,Stock,0.6354266957247445,0.5522324078821944,0.6376168317935339,0.5544076489744449,0.0831942878425501,-0.0021901360687893,0.0810190467502995,-0.0021752410922505,0.1,0.1,0.1,10000,1380,CDU-protocol-fast-v1,0.9474454672882384
165_Stock_id_17_Finance_tr_500_1st_7.csv,Stock,POLY,Stock,0.6429285998681795,0.5576391440709365,0.6512286097488648,0.5617660312470115,0.085289455797243,-0.0083000098806852,0.081162568621168,-0.004126887176075,0.1,0.1,0.1,20000,2798,CDU-protocol-fast-v1,0.972102244575713
166_Stock_id_18_Finance_tr_500_1st_18.csv,Stock,POLY,Stock,0.642731181338089,0.5600653335879421,0.6366417292711971,0.5574013177877214,0.0826658477501469,0.0060894520668919,0.0853298635503676,0.0026640158002206,0.1,0.1,0.1,20000,2797,CDU-protocol-fast-v1,0.8857173109962946
169_Daphnet_id_1_HumanActivity_tr_9693_1st_20732.csv,Daphnet,POLY,Daphnet,0.3254223915528967,0.2368700903937531,0.2828901138133141,0.2333912128024166,0.0885523011591436,0.0425322777395825,0.09203117875048,0.0034788775913364,0.1,0.1,0.1,38774,2306,CDU-protocol-fast-v1,0.5079959670962401
170_MITDB_id_1_Medical_tr_17675_1st_17775.csv,MITDB,POLY,MITDB,0.271582878822378,0.2887418738617924,0.2724045990710461,0.2884364299096887,-0.0171589950394143,-0.000821720248668,-0.0168535510873107,0.0003054439521036,0.1,0.1,0.1,500000,22845,CDU-protocol-fast-v1,0.0530493093388473
171_MITDB_id_2_Medical_tr_50000_1st_88864.csv,MITDB,POLY,MITDB,0.211197624167007,0.1696606055995633,0.1881392424139645,0.1666389923777178,0.0415370185674436,0.0230583817530424,0.0445586317892892,0.0030216132218455,0.1,0.1,0.1,650000,19657,CDU-protocol-fast-v1,0.8046787931630252
172_MITDB_id_3_Medical_tr_27274_1st_27374.csv,MITDB,POLY,MITDB,0.2018886191173119,0.2604056175074725,0.2299708983004369,0.2655380474882313,-0.0585169983901605,-0.028082279183125,-0.0636494283709194,-0.0051324299807588,0.1,0.1,0.1,650000,18109,CDU-protocol-fast-v1,0.0186705173902436
173_MITDB_id_4_Medical_tr_13620_1st_13720.csv,MITDB,POLY,MITDB,0.49398571361269,0.5355416748998293,0.5124198889671031,0.5293613174743178,-0.0415559612871392,-0.0184341753544131,-0.0353756038616278,0.0061803574255114,0.1,0.1,0.1,650000,66682,CDU-protocol-fast-v1,0.2270953019766265
175_MITDB_id_6_Medical_tr_27274_1st_27374.csv,MITDB,POLY,MITDB,0.2018886191173119,0.2007848397009577,0.1855967715484134,0.1912181597219527,0.0011037794163542,0.0162918475688985,0.0106704593953591,0.0095666799790049,0.1,0.1,0.1,650000,18109,CDU-protocol-fast-v1,0.2782160323183004
176_MITDB_id_7_Medical_tr_6232_1st_6332.csv,MITDB,POLY,MITDB,0.3231402139603378,0.2623315432049894,0.28589840978245,0.2539470091387897,0.0608086707553484,0.0372418041778877,0.0691932048215481,0.0083845340661997,0.1,0.1,0.1,650000,38272,CDU-protocol-fast-v1,0.7806056640750457
177_MITDB_id_8_Medical_tr_17675_1st_17775.csv,MITDB,POLY,MITDB,0.2561009450365638,0.2477174295812171,0.2532152681770494,0.2479085030828922,0.0083835154553466,0.0028856768595143,0.0081924419536715,-0.0001910735016751,0.1,0.1,0.1,650000,27124,CDU-protocol-fast-v1,0.0572544126574404
178_SMD_id_1_Facility_tr_6000_1st_10609.csv,SMD,POLY,SMD,0.1638312951952854,0.1537953957124617,0.1551937297295082,0.1524703567496262,0.0100358994828236,0.0086375654657771,0.0113609384456591,0.0013250389628355,0.1,0.1,0.1,24000,427,CDU-protocol-fast-v1,0.061671332044835
179_SMD_id_2_Facility_tr_5925_1st_17580.csv,SMD,POLY,SMD,0.1211528492406375,0.1171366726745031,0.1152788582931856,0.1158451480185289,0.0040161765661343,0.0058739909474518,0.0053077012221085,0.0012915246559741,0.1,0.1,0.1,23703,161,CDU-protocol-fast-v1,0.9383088802612828
180_SMD_id_3_Facility_tr_5925_1st_17580.csv,SMD,POLY,SMD,0.1211528492406375,0.1100294495002292,0.1152597279612804,0.1096834184131432,0.0111233997404082,0.005893121279357,0.0114694308274942,0.0003460310870859,0.1,0.1,0.1,23703,161,CDU-protocol-fast-v1,0.9360847054510056
181_SMD_id_4_Facility_tr_5000_1st_15144.csv,SMD,POLY,SMD,0.2709547640029155,0.2117561266938344,0.2378653201008783,0.2090089004311638,0.0591986373090811,0.0330894439020371,0.0619458635717517,0.0027472262626705,0.1,0.1,0.1,20000,908,CDU-protocol-fast-v1,0.4312621305817802
183_SMD_id_6_Facility_tr_5925_1st_17580.csv,SMD,POLY,SMD,0.1211528492406375,0.1188709987924464,0.1153427386294139,0.1178098861383938,0.002281850448191,0.0058101106112235,0.0033429631022436,0.0010611126540525,0.1,0.1,0.1,23703,161,CDU-protocol-fast-v1,0.821652755693584
184_SMD_id_7_Facility_tr_7119_1st_15849.csv,SMD,POLY,SMD,0.4618409014875731,0.3905077706318494,0.4071504869366951,0.388344198340468,0.0713331308557237,0.0546904145508779,0.0734967031471051,0.0021635722913813,0.1,0.1,0.1,28479,2694,CDU-protocol-fast-v1,0.5861367775698024
185_SMD_id_8_Facility_tr_5000_1st_15144.csv,SMD,POLY,SMD,0.2709547640029155,0.2062684251945096,0.2372166411390754,0.2043956455957206,0.0646863388084059,0.0337381228638401,0.0665591184071949,0.001872779598789,0.1,0.1,0.1,20000,908,CDU-protocol-fast-v1,0.4442108429144379
187_SMD_id_10_Facility_tr_5000_1st_15849.csv,SMD,POLY,SMD,0.5196700438303502,0.4536615152933103,0.460536337764536,0.4380039452098975,0.0660085285370399,0.0591337060658141,0.0816660986204527,0.0156575700834127,0.1,0.1,0.1,20000,2190,CDU-protocol-fast-v1,0.5031004764172533
188_SMD_id_11_Facility_tr_500_1st_392.csv,SMD,POLY,SMD,0.2285381802882731,0.1818046186838234,0.2036246556890318,0.177908984428833,0.0467335616044497,0.0249135245992413,0.05062919585944,0.0038956342549903,0.1,0.1,0.1,23703,817,CDU-protocol-fast-v1,0.3705611906160918
189_SMD_id_12_Facility_tr_5925_1st_17580.csv,SMD,POLY,SMD,0.1211528492406375,0.1190850138092801,0.1152764093655491,0.1188059516836993,0.0020678354313573,0.0058764398750883,0.0023468975569381,0.0002790621255807,0.1,0.1,0.1,23703,161,CDU-protocol-fast-v1,0.9263230457070544
190_SMD_id_13_Facility_tr_7119_1st_15849.csv,SMD,POLY,SMD,0.4618409014875731,0.3919164966075203,0.3991512788020208,0.3839175905848309,0.0699244048800528,0.0626896226855523,0.0779233109027422,0.0079989060226894,0.1,0.1,0.1,28479,2694,CDU-protocol-fast-v1,0.6011975486921892
191_SMD_id_14_Facility_tr_4596_1st_4696.csv,SMD,POLY,SMD,0.119753404460246,0.1130077511720168,0.1151421764619825,0.1122595382223714,0.0067456532882292,0.0046112279982634,0.0074938662378745,0.0007482129496453,0.1,0.1,0.1,22700,146,CDU-protocol-fast-v1,0.2810041095102525
192_SMD_id_15_Facility_tr_5925_1st_17580.csv,SMD,POLY,SMD,0.1211528492406375,0.1188449945822097,0.1152725673797615,0.1187249027007702,0.0023078546584277,0.0058802818608759,0.0024279465398672,0.0001200918814394,0.1,0.1,0.1,23703,161,CDU-protocol-fast-v1,0.8963255035593305
194_SMD_id_17_Facility_tr_5925_1st_17580.csv,SMD,POLY,SMD,0.1211528492406375,0.120780238185619,0.1152876276616861,0.1212692808222173,0.0003726110550184,0.0058652215789513,-0.0001164315815797,-0.0004890426365982,0.1,0.1,0.1,23703,161,CDU-protocol-fast-v1,0.897156115342193
195_SMD_id_18_Facility_tr_5925_1st_17580.csv,SMD,POLY,SMD,0.1211528492406375,0.1199466435746843,0.1152704187399551,0.1197344762792295,0.0012062056659531,0.0058824305006823,0.001418372961408,0.0002121672954548,0.1,0.1,0.1,23703,161,CDU-protocol-fast-v1,0.9231671298056756
196_SMD_id_19_Facility_tr_7174_1st_21230.csv,SMD,POLY,SMD,0.1207587804090861,0.1132244898334223,0.1173150214068608,0.1121611118924527,0.0075342905756637,0.0034437590022252,0.0085976685166333,0.0010633779409695,0.1,0.1,0.1,28696,192,CDU-protocol-fast-v1,0.3579034070710413
197_SMD_id_20_Facility_tr_5000_1st_15144.csv,SMD,POLY,SMD,0.2709547640029155,0.2110341991262148,0.2376174129677713,0.2085572904499032,0.0599205648767007,0.0333373510351441,0.0623974735530123,0.0024769086763115,0.1,0.1,0.1,20000,908,CDU-protocol-fast-v1,0.4602140052058925
198_SMD_id_21_Facility_tr_5925_1st_17580.csv,SMD,POLY,SMD,0.1211528492406375,0.1026275190672519,0.1152794756804471,0.1022770233439233,0.0185253301733856,0.0058733735601904,0.0188758258967142,0.0003504957233285,0.1,0.1,0.1,23703,161,CDU-protocol-fast-v1,0.9413658774452146
199_SMD_id_22_Facility_tr_5925_1st_17580.csv,SMD,POLY,SMD,0.1211528492406375,0.1183540435536104,0.1152718667501268,0.1168444458902682,0.0027988056870271,0.0058809824905106,0.0043084033503693,0.0015095976633422,0.1,0.1,0.1,23703,161,CDU-protocol-fast-v1,0.8826489644054142
201_SMD_id_24_Facility_tr_7174_1st_21230.csv,SMD,POLY,SMD,0.1215700670490047,0.1156505215331957,0.1179863195920685,0.1144253244540647,0.0059195455158089,0.0035837474569361,0.0071447425949399,0.001225197079131,0.1,0.1,0.1,28696,198,CDU-protocol-fast-v1,0.3635224847075321
202_SMD_id_25_Facility_tr_6250_1st_21230.csv,SMD,POLY,SMD,0.1050411077560964,0.1013703232409772,0.1044872068786683,0.1002585609993903,0.0036707845151192,0.000553900877428,0.004782546756706,0.0011117622415868,0.1,0.1,0.1,25000,66,CDU-protocol-fast-v1,0.0630925067177154
203_SMD_id_26_Facility_tr_7174_1st_21230.csv,SMD,POLY,SMD,0.1215700670490047,0.1200077187712047,0.1170802941175702,0.1183035354375666,0.0015623482777999,0.0044897729314344,0.003266531611438,0.0017041833336381,0.1,0.1,0.1,28696,198,CDU-protocol-fast-v1,0.5993196962797551
204_SMD_id_27_Facility_tr_5000_1st_15144.csv,SMD,POLY,SMD,0.2709547640029155,0.2069648302629172,0.2396014213788504,0.2061092829329981,0.0639899337399983,0.0313533426240651,0.0648454810699173,0.000855547329919,0.1,0.1,0.1,20000,908,CDU-protocol-fast-v1,0.5573279745309436
205_SMD_id_28_Facility_tr_5925_1st_17580.csv,SMD,POLY,SMD,0.1211528492406375,0.1193331199463451,0.1152788582621002,0.1182218731490648,0.0018197292942924,0.0058739909785372,0.0029309760915726,0.0011112467972802,0.1,0.1,0.1,23703,161,CDU-protocol-fast-v1,0.9383088802612828
206_SMD_id_29_Facility_tr_6250_1st_21230.csv,SMD,POLY,SMD,0.1050411077560964,0.0999328127973178,0.1046437403204608,0.0989798763376225,0.0051082949587785,0.0003973674356355,0.0060612314184738,0.0009529364596952,0.1,0.1,0.1,25000,66,CDU-protocol-fast-v1,0.0625772643606051
207_SMD_id_30_Facility_tr_7174_1st_21230.csv,SMD,POLY,SMD,0.1215700670490047,0.1169352311823476,0.1179382152311638,0.1163842172564076,0.004634835866657,0.0036318518178408,0.005185849792597,0.0005510139259399,0.1,0.1,0.1,28696,198,CDU-protocol-fast-v1,0.5449632706421387
208_SMD_id_31_Facility_tr_5000_1st_15144.csv,SMD,POLY,SMD,0.2709547640029155,0.206706762159856,0.23813383065635,0.2042561445235739,0.0642480018430595,0.0328209333465655,0.0666986194793415,0.002450617636282,0.1,0.1,0.1,20000,908,CDU-protocol-fast-v1,0.4241511670870528
209_SMD_id_32_Facility_tr_5925_1st_17580.csv,SMD,POLY,SMD,0.1211528492406375,0.1135918212557138,0.1154742773984164,0.1120133838462562,0.0075610279849236,0.005678571842221,0.0091394653943812,0.0015784374094575,0.1,0.1,0.1,23703,161,CDU-protocol-fast-v1,0.2842450844320895
211_SMD_id_34_Facility_tr_5925_1st_17580.csv,SMD,POLY,SMD,0.1211528492406375,0.1167572483688051,0.1152757238303347,0.1162865773034035,0.0043956008718323,0.0058771254103027,0.0048662719372339,0.0004706710654015,0.1,0.1,0.1,23703,161,CDU-protocol-fast-v1,0.8767147365054897
212_SMD_id_35_Facility_tr_5925_1st_17580.csv,SMD,POLY,SMD,0.1211528492406375,0.1120833026663713,0.1152746371634109,0.1115547740745681,0.0090695465742662,0.0058782120772265,0.0095980751660694,0.0005285285918032,0.1,0.1,0.1,23703,161,CDU-protocol-fast-v1,0.9157089477473
213_SMD_id_36_Facility_tr_5925_1st_17580.csv,SMD,POLY,SMD,0.1211528492406375,0.1163881516323721,0.1153124544743667,0.1142272590689464,0.0047646976082654,0.0058403947662707,0.006925590171691,0.0021608925634256,0.1,0.1,0.1,23703,161,CDU-protocol-fast-v1,0.7007299444483469
214_SMD_id_37_Facility_tr_5925_1st_17580.csv,SMD,POLY,SMD,0.1211528492406375,0.1171415301151051,0.1152788582931856,0.115851529710233,0.0040113191255324,0.0058739909474518,0.0053013195304044,0.001290000404872,0.1,0.1,0.1,23703,161,CDU-protocol-fast-v1,0.9383088802612828
215_SMD_id_38_Facility_tr_5925_1st_17580.csv,SMD,POLY,SMD,0.1211528492406375,0.112376640965352,0.11530374291268,0.1118956056714182,0.0087762082752854,0.0058491063279575,0.0092572435692192,0.0004810352939337,0.1,0.1,0.1,23703,161,CDU-protocol-fast-v1,0.6711002654162301
216_LTDB_id_1_Medical_tr_500_1st_266.csv,LTDB,POLY,LTDB,0.6891010258760193,0.8135599863558549,0.7992053908456941,0.839849091675558,-0.1244589604798356,-0.1101043649696748,-0.1507480657995387,-0.026289105319703,0.1,0.1,0.1,100000,14857,CDU-protocol-fast-v1,0.1216890804907431
218_LTDB_id_3_Medical_tr_500_1st_266.csv,LTDB,POLY,LTDB,0.6891010258760193,0.8116671806914406,0.8131477937938273,0.8414766909400564,-0.1225661548154213,-0.124046767917808,-0.1523756650640371,-0.0298095102486157,0.1,0.1,0.1,100000,14857,CDU-protocol-fast-v1,0.1128699323078259
219_LTDB_id_4_Medical_tr_3618_1st_3718.csv,LTDB,POLY,LTDB,0.6859997535145896,0.5360155259800385,0.5779080083084895,0.5151172354160991,0.1499842275345511,0.1080917452061001,0.1708825180984905,0.0208982905639394,0.1,0.1,0.1,100000,14781,CDU-protocol-fast-v1,0.8562084511108407
220_LTDB_id_5_Medical_tr_500_1st_26.csv,LTDB,POLY,LTDB,1.370891270807115,1.255518898174517,1.2766821042727483,1.2468665509740502,0.1153723726325981,0.0942091665343667,0.1240247198330648,0.0086523472004667,0.1,0.1,0.1,100000,31565,CDU-protocol-fast-v1,0.7637468866363971
221_LTDB_id_6_Medical_tr_500_1st_26.csv,LTDB,POLY,LTDB,1.370891270807115,1.3280117005197238,1.3853114444906722,1.3381878644549925,0.0428795702873912,-0.0144201736835571,0.0327034063521225,-0.0101761639352686,0.1,0.1,0.1,100000,31565,CDU-protocol-fast-v1,0.4329221982594923
222_LTDB_id_7_Medical_tr_3618_1st_3718.csv,LTDB,POLY,LTDB,0.6859997535145896,0.54009858408009,0.5845594280934557,0.5242632746002355,0.1459011694344996,0.1014403254211339,0.1617364789143541,0.0158353094798545,0.1,0.1,0.1,100000,14781,CDU-protocol-fast-v1,0.8880199896036878
223_LTDB_id_8_Medical_tr_4456_1st_4556.csv,LTDB,POLY,LTDB,0.7422307181731396,0.6884882427890551,0.7801554932324425,0.698139147449846,0.0537424753840845,-0.0379247750593029,0.0440915707232936,-0.0096509046607908,0.1,0.1,0.1,100000,16159,CDU-protocol-fast-v1,0.2573628366618262
224_LTDB_id_9_Medical_tr_4456_1st_4556.csv,LTDB,POLY,LTDB,0.7422307181731396,0.6489258264292193,0.6663215095514247,0.6356483115091145,0.0933048917439203,0.0759092086217149,0.106582406664025,0.0132775149201047,0.1,0.1,0.1,100000,16159,CDU-protocol-fast-v1,0.6595483989690155
225_MGAB_id_1_Synthetic_tr_25000_1st_38478.csv,MGAB,POLY,MGAB,0.1039169459995007,0.0979115798404858,0.1046163670076679,0.0962127578770729,0.0060053661590148,-0.0006994210081672,0.0077041881224278,0.0016988219634129,0.1,0.1,0.1,100000,200,CDU-protocol-fast-v1,0.0051111316897391
226_MGAB_id_2_Synthetic_tr_20000_1st_45134.csv,MGAB,POLY,MGAB,0.1029523934361121,0.0978226278592649,0.1036774015006155,0.0961897764567698,0.0051297655768471,-0.0007250080645034,0.0067626169793422,0.001632851402495,0.1,0.1,0.1,80000,140,CDU-protocol-fast-v1,0.0045148338056219
227_MGAB_id_3_Synthetic_tr_25000_1st_44340.csv,MGAB,POLY,MGAB,0.1039169459995007,0.0979524953332422,0.1044903224448407,0.0964753958145681,0.0059644506662585,-0.00057337644534,0.0074415501849325,0.001477099518674,0.1,0.1,0.1,100000,200,CDU-protocol-fast-v1,0.005818588566646
228_MGAB_id_4_Synthetic_tr_25000_1st_38948.csv,MGAB,POLY,MGAB,0.1039169459995007,0.0986708666196153,0.1037781188361879,0.096758362633018,0.0052460793798854,0.0001388271633128,0.0071585833664826,0.0019125039865972,0.1,0.1,0.1,100000,200,CDU-protocol-fast-v1,0.0122149423006988
229_MGAB_id_5_Synthetic_tr_25000_1st_33098.csv,MGAB,POLY,MGAB,0.1039169459995007,0.0981966680969096,0.1048248824540995,0.0966527603458626,0.005720277902591,-0.0009079364545988,0.007264185653638,0.0015439077510469,0.1,0.1,0.1,100000,200,CDU-protocol-fast-v1,0.004456331854373
231_MGAB_id_7_Synthetic_tr_25000_1st_35544.csv,MGAB,POLY,MGAB,0.1039169459995007,0.0978956366509571,0.1048074472713255,0.0964120759511558,0.0060213093485435,-0.0008905012718248,0.0075048700483448,0.0014835606998012,0.1,0.1,0.1,100000,200,CDU-protocol-fast-v1,0.0045566670279522
232_MGAB_id_8_Synthetic_tr_25000_1st_32708.csv,MGAB,POLY,MGAB,0.1039169459995007,0.098360244024226,0.1048351758090985,0.096727685821438,0.0055567019752747,-0.0009182298095978,0.0071892601780627,0.001632558202788,0.1,0.1,0.1,100000,200,CDU-protocol-fast-v1,0.004766868891902
233_MGAB_id_9_Synthetic_tr_25000_1st_41300.csv,MGAB,POLY,MGAB,0.1039169459995007,0.0983871495209075,0.1050143477057084,0.0974867836607109,0.0055297964785931,-0.0010974017062077,0.0064301623387897,0.0009003658601965,0.1,0.1,0.1,100000,200,CDU-protocol-fast-v1,0.0160372963746187
234_SED_id_1_Medical_tr_3740_1st_3840.csv,SED,POLY,SED,0.2807100157311135,0.3622889568139242,0.3305247179243963,0.3676556769870673,-0.0815789410828107,-0.0498147021932828,-0.0869456612559538,-0.0053667201731431,0.1,0.1,0.1,19999,960,CDU-protocol-fast-v1,0.0427888702520516
236_SED_id_3_Medical_tr_3740_1st_3840.csv,SED,POLY,SED,0.2369935222269394,0.3042156069040745,0.2761101050022491,0.3089441139460058,-0.0672220846771351,-0.0391165827753097,-0.0719505917190664,-0.0047285070419312,0.1,0.1,0.1,39999,1472,CDU-protocol-fast-v1,0.0320336929991838
237_SVDB_id_1_Medical_tr_11587_1st_11687.csv,SVDB,POLY,SVDB,0.388165207582728,0.285981930812124,0.3303746860305944,0.2773671078609642,0.102183276770604,0.0577905215521336,0.1107980997217638,0.0086148229511597,0.1,0.1,0.1,130400,9852,CDU-protocol-fast-v1,0.9193927882672456
238_SVDB_id_2_Medical_tr_25000_1st_71963.csv,SVDB,POLY,SVDB,0.1200336852038119,0.1106797733902398,0.1146040757676013,0.10928349123777,0.0093539118135721,0.0054296094362105,0.0107501939660418,0.0013962821524697,0.1,0.1,0.1,100000,676,CDU-protocol-fast-v1,0.6331002193132531
239_SVDB_id_3_Medical_tr_50000_1st_106634.csv,SVDB,POLY,SVDB,0.1529458823630081,0.1454441598335838,0.1455387623204053,0.1452952620461079,0.0075017225294242,0.0074071200426027,0.0076506203169001,0.0001488977874758,0.1,0.1,0.1,230400,3503,CDU-protocol-fast-v1,0.3373411712374996
240_SVDB_id_4_Medical_tr_18462_1st_18562.csv,SVDB,POLY,SVDB,0.273147030425738,0.2512344580954489,0.2541521814224301,0.2486009666840848,0.021912572330289,0.0189948490033078,0.0245460637416532,0.0026334914113641,0.1,0.1,0.1,130400,6004,CDU-protocol-fast-v1,0.4150422009538856
241_SVDB_id_5_Medical_tr_11587_1st_11687.csv,SVDB,POLY,SVDB,0.388165207582728,0.3260048650495591,0.3421584633144248,0.3175276636867122,0.0621603425331688,0.0460067442683031,0.0706375438960157,0.0084772013628469,0.1,0.1,0.1,130400,9852,CDU-protocol-fast-v1,0.6789015501768999
243_SVDB_id_7_Medical_tr_11393_1st_11493.csv,SVDB,POLY,SVDB,0.213533155492278,0.210862519827718,0.2084218614201588,0.2106058611321796,0.0026706356645599,0.0051112940721191,0.0029272943600983,0.0002566586955383,0.1,0.1,0.1,180400,5547,CDU-protocol-fast-v1,0.2223084160158036
244_SVDB_id_8_Medical_tr_17803_1st_17903.csv,SVDB,POLY,SVDB,0.211483179210855,0.1833569314321821,0.2039012082661264,0.1847105578268771,0.0281262477786728,0.0075819709447285,0.0267726213839778,-0.001353626394695,0.1,0.1,0.1,130400,3941,CDU-protocol-fast-v1,0.3616724254412518
245_SVDB_id_9_Medical_tr_12607_1st_12707.csv,SVDB,POLY,SVDB,0.4154187379111702,0.3297470153080774,0.3643434891368853,0.3236418569630257,0.0856717226030928,0.0510752487742848,0.0917768809481444,0.0061051583450516,0.1,0.1,0.1,180400,14891,CDU-protocol-fast-v1,0.7259493227617184
246_SVDB_id_10_Medical_tr_20100_1st_68460.csv,SVDB,POLY,SVDB,0.119621420445735,0.114088665285106,0.1184258291756251,0.1143535177093875,0.0055327551606289,0.0011955912701098,0.0052679027363474,-0.0002648524242815,0.1,0.1,0.1,80400,535,CDU-protocol-fast-v1,0.08079545772661
247_SVDB_id_11_Medical_tr_20100_1st_23611.csv,SVDB,POLY,SVDB,0.139497778725546,0.1302767391436085,0.135023466442103,0.1305500550138151,0.0092210395819375,0.0044743122834429,0.0089477237117308,-0.0002733158702066,0.1,0.1,0.1,80400,945,CDU-protocol-fast-v1,0.3171623027399946
248_SVDB_id_12_Medical_tr_18462_1st_18562.csv,SVDB,POLY,SVDB,0.273147030425738,0.2433546891235372,0.2551366779235275,0.2435212417743794,0.0297923413022008,0.0180103525022105,0.0296257886513585,-0.0001665526508422,0.1,0.1,0.1,130400,6004,CDU-protocol-fast-v1,0.5461054220818029
249_SVDB_id_13_Medical_tr_50000_1st_54982.csv,SVDB,POLY,SVDB,0.2388002868865439,0.216361872411146,0.2236905369336859,0.2151645037699746,0.0224384144753979,0.0151097499528579,0.0236357831165692,0.0011973686411713,0.1,0.1,0.1,230400,8578,CDU-protocol-fast-v1,0.3584997457581866
250_SVDB_id_14_Medical_tr_50000_1st_107354.csv,SVDB,POLY,SVDB,0.2031220722776498,0.1857485190772914,0.1820546620970821,0.1819248371223193,0.0173735532003584,0.0210674101805676,0.0211972351553305,0.003823681954972,0.1,0.1,0.1,230400,6469,CDU-protocol-fast-v1,0.3575660526185387
251_SVDB_id_15_Medical_tr_5421_1st_5521.csv,SVDB,POLY,SVDB,0.3103766387169045,0.247370481310884,0.2792329567380571,0.2438599047347569,0.0630061574060205,0.0311436819788474,0.0665167339821476,0.003510576576127,0.1,0.1,0.1,230400,12809,CDU-protocol-fast-v1,0.7910522520276001
253_SVDB_id_17_Medical_tr_17803_1st_17903.csv,SVDB,POLY,SVDB,0.211483179210855,0.1771340492479634,0.2010934790397248,0.1760411547259423,0.0343491299628916,0.0103897001711301,0.0354420244849126,0.001092894522021,0.1,0.1,0.1,130400,3941,CDU-protocol-fast-v1,0.4903885440270565
254_SVDB_id_18_Medical_tr_30824_1st_30924.csv,SVDB,POLY,SVDB,0.2264338692103459,0.2070460778166376,0.2133692931722417,0.205929056429212,0.0193877913937082,0.0130645760381041,0.0205048127811338,0.0011170213874255,0.1,0.1,0.1,230400,7847,CDU-protocol-fast-v1,0.2755043817581079
255_SVDB_id_19_Medical_tr_50000_1st_54982.csv,SVDB,POLY,SVDB,0.2388002868865439,0.2268156172329392,0.2301170166773987,0.2269570823703111,0.0119846696536047,0.0086832702091451,0.0118432045162327,-0.0001414651373719,0.1,0.1,0.1,230400,8578,CDU-protocol-fast-v1,0.2473115140169425
256_SVDB_id_20_Medical_tr_6264_1st_6364.csv,SVDB,POLY,SVDB,0.2199546107014761,0.2250920153077216,0.2186667105747281,0.2245004171062874,-0.0051374046062455,0.0012879001267479,-0.0045458064048113,0.0005915982014341,0.1,0.1,0.1,230400,7464,CDU-protocol-fast-v1,0.210164000981312
257_TAO_id_1_Environment_tr_500_1st_3.csv,TAO,POLY,TAO,0.468621312894117,0.430256857375221,0.466743842591879,0.429582260141517,0.038364455518896,0.001877470302238,0.0390390527525999,0.0006745972337039,0.1,0.1,0.1,10000,954,CDU-protocol-fast-v1,0.9020628509992842
258_TAO_id_2_Environment_tr_500_1st_4.csv,TAO,POLY,TAO,0.6385037656405279,0.5969515644455765,0.6405665880838152,0.5973597729882314,0.0415522011949514,-0.0020628224432872,0.0411439926522965,-0.0004082085426548,0.1,0.1,0.1,10000,1380,CDU-protocol-fast-v1,0.9466756982019237
260_IOPS_id_1_WebService_tr_5000_1st_11804.csv,IOPS,POLY,IOPS,0.0979723308130136,0.1037534639417617,0.097852052652737,0.100549544414322,-0.0057811331287481,0.0001202781602765,-0.0025772136013084,0.0032039195274396,0.1,0.1,0.1,20000,14,CDU-protocol-fast-v1,0.6537102304608683
261_IOPS_id_2_WebService_tr_2178_1st_2278.csv,IOPS,POLY,IOPS,0.097906725345047,0.0929611708911408,0.098766065301305,0.0938840164761155,0.0049455544539062,-0.000859339956258,0.0040227088689314,-0.0009228455849747,0.1,0.1,0.1,8784,6,CDU-protocol-fast-v1,0.0187222920916956
262_IOPS_id_3_WebService_tr_7028_1st_7128.csv,IOPS,POLY,IOPS,0.1789482131720608,0.156210492951902,0.1636795239917841,0.1543001947144978,0.0227377202201587,0.0152686891802766,0.0246480184575629,0.0019102982374041,0.1,0.1,0.1,125135,2704,CDU-protocol-fast-v1,0.2170760458086365
263_IOPS_id_4_WebService_tr_3482_1st_3582.csv,IOPS,POLY,IOPS,0.1157782507106415,0.1117566293448858,0.1114969339082758,0.1116569316466546,0.0040216213657557,0.0042813168023656,0.0041213190639868,9.969769823110763e-05,0.1,0.1,0.1,149123,790,CDU-protocol-fast-v1,0.4809164292152186
264_IOPS_id_5_WebService_tr_11665_1st_11765.csv,IOPS,POLY,IOPS,0.1534184746192168,0.1631623585719787,0.1501431463627584,0.1649354458939867,-0.0097438839527619,0.0032753282564583,-0.0115169712747699,-0.001773087322008,0.1,0.1,0.1,60000,901,CDU-protocol-fast-v1,0.1975066290117879
266_IOPS_id_7_WebService_tr_4010_1st_4110.csv,IOPS,POLY,IOPS,0.1585090970453211,0.1445908611305169,0.1584829293271042,0.14639402712002,0.0139182359148042,2.616771821689623e-05,0.012115069925301,-0.0018031659895031,0.1,0.1,0.1,89155,1456,CDU-protocol-fast-v1,0.1825598974537314
267_IOPS_id_8_WebService_tr_1534_1st_1882.csv,IOPS,POLY,IOPS,0.1287022791406064,0.1255397389426583,0.1276085159902819,0.1236309809393405,0.003162540197948,0.0010937631503244,0.0050712982012658,0.0019087580033177,0.1,0.1,0.1,6138,53,CDU-protocol-fast-v1,0.3740610211110094
268_IOPS_id_9_WebService_tr_6216_1st_6316.csv,IOPS,POLY,IOPS,0.2809736274044396,0.244889539856972,0.246021373204935,0.2390160018191431,0.0360840875474675,0.0349522541995045,0.0419576255852964,0.0058735380378288,0.1,0.1,0.1,29133,1397,CDU-protocol-fast-v1,0.3685563454464119
269_IOPS_id_10_WebService_tr_1216_1st_1728.csv,IOPS,POLY,IOPS,0.1342603379941231,0.1153162438858632,0.1254752877213458,0.1141748978201219,0.0189440941082598,0.0087850502727772,0.0200854401740011,0.0011413460657412,0.1,0.1,0.1,4866,49,CDU-protocol-fast-v1,0.5472022904221167
271_IOPS_id_12_WebService_tr_500_1st_341.csv,IOPS,POLY,IOPS,0.1464053911806096,0.1525055190611706,0.1502590396098315,0.156261765062852,-0.0061001278805609,-0.0038536484292219,-0.0098563738822423,-0.0037562460016813,0.1,0.1,0.1,8784,116,CDU-protocol-fast-v1,0.1366175471142241
272_IOPS_id_13_WebService_tr_3442_1st_3542.csv,IOPS,POLY,IOPS,0.1116972028972023,0.1090794746046213,0.1085411189832036,0.1090353086009208,0.002617728292581,0.0031560839139986,0.0026618942962814,4.416600370042712e-05,0.1,0.1,0.1,149156,633,CDU-protocol-fast-v1,0.4013933923477154
273_IOPS_id_14_WebService_tr_5569_1st_5669.csv,IOPS,POLY,IOPS,0.115025230957413,0.1161877990007938,0.1130510281218239,0.1159919374139221,-0.0011625680433808,0.001974202835589,-0.0009667064565091,0.0001958615868716,0.1,0.1,0.1,149122,761,CDU-protocol-fast-v1,0.0699422791853086
274_IOPS_id_15_WebService_tr_4591_1st_4691.csv,IOPS,POLY,IOPS,0.2712546201996806,0.2337061163941324,0.242150345662343,0.231520295001513,0.0375485038055481,0.0291042745373375,0.0397343251981675,0.0021858213926193,0.1,0.1,0.1,149132,6777,CDU-protocol-fast-v1,0.4422264665585634
275_IOPS_id_16_WebService_tr_1482_1st_1582.csv,IOPS,POLY,IOPS,0.1265650278842431,0.1315398594882176,0.1278561352347274,0.1343200860839416,-0.0049748316039744,-0.0012911073504843,-0.0077550581996985,-0.002780226595724,0.1,0.1,0.1,8784,71,CDU-protocol-fast-v1,0.1215143432775739
276_IOPS_id_17_WebService_tr_19197_1st_19297.csv,IOPS,POLY,IOPS,0.2044485280550822,0.2008358287702317,0.187960027048916,0.1944528682661345,0.0036126992848505,0.0164885010061661,0.0099956597889477,0.0063829605040972,0.1,0.1,0.1,91370,2576,CDU-protocol-fast-v1,0.4413734242500485
277_NEK_id_1_WebService_tr_500_1st_17.csv,NEK,POLY,NEK,0.4143751117544829,0.3169886044543096,0.4693390771955264,0.375701095557611,0.0973865073001732,-0.0549639654410435,0.0386740161968718,-0.0587124911033014,0.1,0.1,0.1,1073,88,CDU-protocol-fast-v1,0.230879374165395
278_NEK_id_2_WebService_tr_500_1st_64.csv,NEK,POLY,NEK,0.329735165526574,0.3158793864036325,0.2912312001374733,0.3073860716313407,0.0138557791229415,0.0385039653891006,0.0223490938952332,0.0084933147722917,0.1,0.1,0.1,1073,65,CDU-protocol-fast-v1,0.632717088279239
279_NEK_id_3_WebService_tr_500_1st_974.csv,NEK,POLY,NEK,0.4254151047407318,0.3412269868998816,0.3677997630966798,0.3348137953404892,0.0841881178408501,0.057615341644052,0.0906013094002425,0.0064131915593924,0.1,0.1,0.1,1073,91,CDU-protocol-fast-v1,0.6730520975156145
281_NEK_id_5_WebService_tr_500_1st_974.csv,NEK,POLY,NEK,0.4143751117544828,0.339140602898704,0.3533070501279776,0.3299306702350698,0.0752345088557788,0.0610680616265052,0.084444441519413,0.0092099326636341,0.1,0.1,0.1,1073,88,CDU-protocol-fast-v1,0.7401216460997186
282_NEK_id_6_WebService_tr_500_1st_64.csv,NEK,POLY,NEK,0.3223751702024081,0.3029530015469098,0.2940843938147484,0.2964639883383829,0.0194221686554982,0.0282907763876596,0.0259111818640251,0.0064890132085269,0.1,0.1,0.1,1073,63,CDU-protocol-fast-v1,0.4108882010019842
283_NEK_id_7_WebService_tr_500_1st_777.csv,NEK,POLY,NEK,0.5321350369411385,0.4443764273923862,0.454396738397673,0.4330790552309125,0.0877586095487523,0.0777382985434655,0.099055981710226,0.0112973721614736,0.1,0.1,0.1,1073,120,CDU-protocol-fast-v1,0.7944930670545511
284_NEK_id_8_WebService_tr_500_1st_976.csv,NEK,POLY,NEK,0.4180551094165658,0.3351338221072413,0.3572243406146363,0.3275360186278599,0.0829212873093245,0.0608307688019295,0.0905190907887058,0.0075978034793813,0.1,0.1,0.1,1073,89,CDU-protocol-fast-v1,0.7077892969694902
285_NEK_id_9_WebService_tr_500_1st_780.csv,NEK,POLY,NEK,0.4879750649961427,0.3957686584433449,0.4190365948714605,0.3867376409930097,0.0922064065527977,0.0689384701246821,0.1012374240031329,0.0090310174503351,0.1,0.1,0.1,1073,108,CDU-protocol-fast-v1,0.6905119642525321
286_CATSv2_id_1_Sensor_tr_17792_1st_17892.csv,CATSv2,POLY,CATSv2,0.2858020924202719,0.297887201276486,0.2728558962533673,0.2958612548084167,-0.0120851088562141,0.0129461961669045,-0.0100591623881448,0.0020259464680693,0.1,0.1,0.1,300000,14800,CDU-protocol-fast-v1,0.2314670997936085
287_TODS_id_1_Synthetic_tr_500_1st_11.csv,TODS,POLY,TODS,0.2968561285603248,0.2632115387714191,0.2938162601129397,0.2643814900204537,0.0336445897889056,0.003039868447385,0.032474638539871,-0.0011699512490346,0.1,0.1,0.1,5000,261,CDU-protocol-fast-v1,0.8309724143127766
288_TODS_id_2_Synthetic_tr_500_1st_65.csv,TODS,POLY,TODS,0.3573222301852886,0.3817251963674657,0.3230021029784649,0.3619371662005563,-0.0244029661821771,0.0343201272068236,-0.0046149360152677,0.0197880301669093,0.1,0.1,0.1,5000,338,CDU-protocol-fast-v1,0.6753571305285884
289_TODS_id_3_Synthetic_tr_500_1st_26.csv,TODS,POLY,TODS,0.2685862628655366,0.2766149033540605,0.270758566607771,0.2771917455203286,-0.0080286404885239,-0.0021723037422343,-0.0086054826547919,-0.000576842166268,0.1,0.1,0.1,5000,225,CDU-protocol-fast-v1,0.563860397191682
290_TODS_id_4_Synthetic_tr_500_1st_26.csv,TODS,POLY,TODS,0.4287821684693367,0.4898865076333286,0.3920301920815124,0.4656187309546469,-0.0611043391639918,0.0367519763878242,-0.0368365624853102,0.0242677766786816,0.1,0.1,0.1,5000,429,CDU-protocol-fast-v1,0.5084934635724966
292_TODS_id_6_Synthetic_tr_500_1st_11.csv,TODS,POLY,TODS,0.2968561285603248,0.2798892010110749,0.3012392967877844,0.2827248288411929,0.0169669275492498,-0.0043831682274595,0.0141312997191319,-0.0028356278301179,0.1,0.1,0.1,5000,261,CDU-protocol-fast-v1,0.8017109967157322
293_TODS_id_7_Synthetic_tr_500_1st_7.csv,TODS,POLY,TODS,0.2890033880895503,0.3003444009916962,0.2847327308698228,0.2985861744540241,-0.0113410129021458,0.0042706572197274,-0.0095827863644737,0.0017582265376721,0.1,0.1,0.1,5000,251,CDU-protocol-fast-v1,0.4495152774975179
294_TODS_id_8_Synthetic_tr_500_1st_200.csv,TODS,POLY,TODS,0.4923893662826101,0.5751491892771025,0.4595972341169996,0.5525941489628383,-0.0827598229944923,0.0327921321656105,-0.0602047826802282,0.0225550403142641,0.1,0.1,0.1,5000,510,CDU-protocol-fast-v1,0.4855849303391804
295_TODS_id_9_Synthetic_tr_1250_1st_2046.csv,TODS,POLY,TODS,0.3981564806333161,0.3837574069007844,0.367179369605411,0.3672853588470763,0.0143990737325316,0.030977111027905,0.0308711217862397,0.0164720480537081,0.1,0.1,0.1,5000,390,CDU-protocol-fast-v1,0.4073282126609606
296_TODS_id_10_Synthetic_tr_500_1st_26.csv,TODS,POLY,TODS,0.2520955078769101,0.2388564062663503,0.2518912786832477,0.2404821713233763,0.0132391016105598,0.0002042291936624,0.0116133365535337,-0.001625765057026,0.1,0.1,0.1,5000,204,CDU-protocol-fast-v1,0.6853189138198618
297_TODS_id_11_Synthetic_tr_500_1st_7.csv,TODS,POLY,TODS,0.2890033880895503,0.2366447118720453,0.2736000239329275,0.2370027823341576,0.0523586762175049,0.0154033641566227,0.0520006057553926,-0.0003580704621123,0.1,0.1,0.1,5000,251,CDU-protocol-fast-v1,0.4692298439958093
298_TODS_id_12_Synthetic_tr_500_1st_0.csv,TODS,POLY,TODS,0.3463283935262043,0.3565012412689944,0.3149505773983318,0.3421043097241237,-0.01017284774279,0.0313778161278724,0.0042240838020805,0.0143969315448706,0.1,0.1,0.1,5000,324,CDU-protocol-fast-v1,0.604117066453107
299_TODS_id_13_Synthetic_tr_500_1st_65.csv,TODS,POLY,TODS,0.302353046889867,0.2899726326073493,0.2930205180711189,0.2886775029117674,0.0123804142825177,0.009332528818748,0.0136755439780995,0.0012951296955818,0.1,0.1,0.1,5000,268,CDU-protocol-fast-v1,0.69496270456299
301_TODS_id_15_Synthetic_tr_500_1st_245.csv,TODS,POLY,TODS,0.4138619615748651,0.4705356245807724,0.4283552068413065,0.4689499462437145,-0.0566736630059073,-0.0144932452664414,-0.0550879846688494,0.0015856783370579,0.1,0.1,0.1,5000,410,CDU-protocol-fast-v1,0.2414572642540707
302_Power_id_1_Facility_tr_7685_1st_7785.csv,Power,POLY,Power,0.4286798769583611,0.5020106680322937,0.4625695892252695,0.5089641525023502,-0.0733307910739325,-0.0338897122669084,-0.080284275543989,-0.0069534844700565,0.1,0.1,0.1,35040,3000,CDU-protocol-fast-v1,0.0896995879161206
304_UCR_id_2_Medical_tr_2499_1st_7000.csv,UCR,POLY,UCR,0.1152252656406595,0.1110899096162959,0.1117020679020083,0.1106128547327829,0.0041353560243636,0.0035231977386511,0.0046124109078765,0.0004770548835129,0.1,0.1,0.1,9998,50,CDU-protocol-fast-v1,0.0613151134051959
307_UCR_id_5_Facility_tr_29895_1st_39240.csv,UCR,POLY,UCR,0.0990086732006021,0.0966392657136543,0.0992825654524715,0.0976983672080848,0.0023694074869477,-0.0002738922518694,0.0013103059925172,-0.0010591014944305,0.1,0.1,0.1,119580,96,CDU-protocol-fast-v1,0.0029691258970676
309_UCR_id_7_Medical_tr_3000_1st_5948.csv,UCR,POLY,UCR,0.1103929549020575,0.1109068424328983,0.1073521574504211,0.1123615224356109,-0.0005138875308408,0.0030407974516363,-0.0019685675335534,-0.0014546800027126,0.1,0.1,0.1,12000,45,CDU-protocol-fast-v1,0.599248983234654
310_UCR_id_8_HumanActivity_tr_2631_1st_8285.csv,UCR,POLY,UCR,0.1069188953942699,0.1127515648017287,0.1079092073560043,0.1127022266461494,-0.0058326694074588,-0.0009903119617344,-0.0057833312518795,4.933815557928156e-05,0.1,0.1,0.1,10524,30,CDU-protocol-fast-v1,0.0101378417174632
311_UCR_id_9_HumanActivity_tr_16000_1st_38400.csv,UCR,POLY,UCR,0.1441920853589638,0.1515141701194055,0.1482927041380541,0.1497573365945483,-0.0073220847604416,-0.0041006187790902,-0.0055652512355844,0.0017568335248571,0.1,0.1,0.1,64000,800,CDU-protocol-fast-v1,0.0137817215549451
313_UCR_id_11_Sensor_tr_2827_1st_4711.csv,UCR,POLY,UCR,0.1293839363336781,0.134219822392986,0.1267136873628151,0.1330394890944688,-0.0048358860593079,0.0026702489708629,-0.0036555527607907,0.0011803332985171,0.1,0.1,0.1,11308,98,CDU-protocol-fast-v1,0.0364966836186934
315_UCR_id_13_HumanActivity_tr_16000_1st_33070.csv,UCR,POLY,UCR,0.1025467281888471,0.0990009677212396,0.1035953761868446,0.0971081388032392,0.0035457604676074,-0.0010486479979975,0.0054385893856078,0.0018928289180003,0.1,0.1,0.1,64000,110,CDU-protocol-fast-v1,0.0030954879659562
316_UCR_id_14_Sensor_tr_2833_1st_5988.csv,UCR,POLY,UCR,0.1289663307076008,0.1296935736331781,0.125015708244719,0.1294429783799712,-0.0007272429255772,0.0039506224628818,-0.0004766476723704,0.0002505952532068,0.1,0.1,0.1,11334,97,CDU-protocol-fast-v1,0.0921457882347403
319_UCR_id_17_Environment_tr_6166_1st_19280.csv,UCR,POLY,UCR,0.1209630007443481,0.1116901804703351,0.1172419325285678,0.113478009581079,0.0092728202740129,0.0037210682157802,0.007484991163269,-0.0017878291107439,0.1,0.1,0.1,24667,160,CDU-protocol-fast-v1,0.5003450973581003
326_UCR_id_24_Medical_tr_1875_1st_4187.csv,UCR,POLY,UCR,0.1020872017589439,0.1001795176066661,0.1017372971800544,0.1024344387522097,0.0019076841522777,0.0003499045788894,-0.0003472369932658,-0.0022549211455436,0.1,0.1,0.1,7501,12,CDU-protocol-fast-v1,0.0410995553131339
331_UCR_id_29_Facility_tr_50000_1st_837400.csv,UCR,POLY,UCR,0.1032039335032869,0.1004711037257508,0.1042328574865255,0.1002696845162435,0.002732829777536,-0.0010289239832386,0.0029342489870433,0.0002014192095072,0.1,0.1,0.1,900000,1700,CDU-protocol-fast-v1,0.0017771448798895
332_UCR_id_30_Facility_tr_13750_1st_52600.csv,UCR,POLY,UCR,0.1099540051558639,0.1076224595435888,0.1127724753603286,0.1101160264967757,0.002331545612275,-0.0028184702044647,-0.0001620213409118,-0.0024935669531869,0.1,0.1,0.1,55000,200,CDU-protocol-fast-v1,0.0149935940615991
334_UCR_id_32_HumanActivity_tr_1671_1st_2764.csv,UCR,POLY,UCR,0.2294050764826851,0.2760111658598515,0.2624616366739235,0.2801794047731796,-0.0466060893771664,-0.0330565601912384,-0.0507743282904945,-0.004168238913328,0.1,0.1,0.1,6684,231,CDU-protocol-fast-v1,0.0313464188148345
339_UCR_id_37_Sensor_tr_2750_1st_5400.csv,UCR,POLY,UCR,0.1661395726686433,0.1666742000209456,0.1558303868755609,0.1632462697506404,-0.0005346273523023,0.0103091857930824,0.0028933029180028,0.0034279302703051,0.1,0.1,0.1,11000,200,CDU-protocol-fast-v1,0.2624904295894056
341_UCR_id_39_HumanActivity_tr_48812_1st_128430.csv,UCR,POLY,UCR,0.0959273969282017,0.1009726138436852,0.0965184672255148,0.0975298431096575,-0.0050452169154835,-0.0005910702973131,-0.0016024461814558,0.0034427707340276,0.1,0.1,0.1,195250,1,CDU-protocol-fast-v1,0.0003618067660022
344_UCR_id_42_Sensor_tr_2851_1st_5365.csv,UCR,POLY,UCR,0.100987515653397,0.0994930978175845,0.1023014157121163,0.100690108956459,0.0014944178358125,-0.0013139000587193,0.0002974066969379,-0.0011970111388745,0.1,0.1,0.1,11406,15,CDU-protocol-fast-v1,0.0163295417785809
346_UCR_id_44_Medical_tr_7456_1st_17390.csv,UCR,POLY,UCR,0.1127438806164159,0.1171284058470091,0.1122110978178601,0.1156292927165836,-0.0043845252305932,0.0005327827985557,-0.0028854121001677,0.0014991131304254,0.1,0.1,0.1,29826,130,CDU-protocol-fast-v1,0.0838063757974072
349_UCR_id_47_Facility_tr_29954_1st_74900.csv,UCR,POLY,UCR,0.0990024875929641,0.0976882223381206,0.0994610334421687,0.0981319292518465,0.0013142652548434,-0.0004585458492046,0.0008705583411175,-0.0004437069137259,0.1,0.1,0.1,119819,96,CDU-protocol-fast-v1,0.0021799602570157
355_UCR_id_53_HumanActivity_tr_48750_1st_143411.csv,UCR,POLY,UCR,0.0978885146963888,0.1027793260202971,0.0982940449565797,0.0995530469190577,-0.0048908113239082,-0.0004055302601909,-0.0016645322226689,0.0032262791012393,0.1,0.1,0.1,195000,100,CDU-protocol-fast-v1,0.0023018593720813
358_UCR_id_56_Facility_tr_10500_1st_29080.csv,UCR,POLY,UCR,0.1014258386583884,0.0986108272087863,0.1012692994677663,0.0980678958064885,0.002815011449602,0.000156539190622,0.0033579428518999,0.0005429314022978,0.1,0.1,0.1,42000,60,CDU-protocol-fast-v1,0.0336263205106946
361_UCR_id_59_Medical_tr_3000_1st_7175.csv,UCR,POLY,UCR,0.1644715636331076,0.1970000379943486,0.1831149291333955,0.2059125044767991,-0.0325284743612409,-0.0186433655002878,-0.0414409408436914,-0.0089124664824505,0.1,0.1,0.1,12000,213,CDU-protocol-fast-v1,0.0206273297678143
364_UCR_id_62_Sensor_tr_2833_1st_5988.csv,UCR,POLY,UCR,0.1289663307076008,0.13297061898198,0.125928779843252,0.1319464041817719,-0.0040042882743792,0.0030375508643488,-0.0029800734741711,0.001024214800208,0.1,0.1,0.1,11334,97,CDU-protocol-fast-v1,0.0599531642236775
369_UCR_id_67_Sensor_tr_2750_1st_5400.csv,UCR,POLY,UCR,0.1661395726686433,0.166349141931808,0.1574487571934696,0.1634403319789776,-0.0002095692631647,0.0086908154751736,0.0026992406896656,0.0029088099528303,0.1,0.1,0.1,11000,200,CDU-protocol-fast-v1,0.1490172333804867
371_UCR_id_69_Medical_tr_1853_1st_6200.csv,UCR,POLY,UCR,0.1844671305137593,0.2065679232548847,0.2014936429496,0.2161090601750087,-0.0221007927411254,-0.0170265124358407,-0.0316419296612494,-0.0095411369201239,0.1,0.1,0.1,7415,170,CDU-protocol-fast-v1,0.1610524091832713
373_UCR_id_71_Sensor_tr_2827_1st_5988.csv,UCR,POLY,UCR,0.1290423412004535,0.1230449017027189,0.122993369520691,0.1218178692711259,0.0059974394977345,0.0060489716797624,0.0072244719293275,0.0012270324315929,0.1,0.1,0.1,11308,97,CDU-protocol-fast-v1,0.1746333496092237
381_UCR_id_79_HumanActivity_tr_16000_1st_31200.csv,UCR,POLY,UCR,0.1351387468437211,0.1361784592362256,0.1368505167203827,0.137284881498047,-0.0010397123925044,-0.0017117698766616,-0.0021461346543258,-0.0011064222618213,0.1,0.1,0.1,64000,650,CDU-protocol-fast-v1,0.0124260025303393
382_UCR_id_80_Medical_tr_7500_1st_11800.csv,UCR,POLY,UCR,0.1345351909427048,0.1248570381131004,0.1269778842128971,0.1238796142729142,0.0096781528296044,0.0075573067298076,0.0106555766697905,0.0009774238401861,0.1,0.1,0.1,30000,300,CDU-protocol-fast-v1,0.7424078895856209
385_UCR_id_83_Environment_tr_2046_1st_6006.csv,UCR,POLY,UCR,0.1185630840489511,0.1210456169044645,0.1164396690814738,0.1197279306585648,-0.0024825328555133,0.0021234149674772,-0.0011648466096136,0.0013176862458997,0.1,0.1,0.1,8184,48,CDU-protocol-fast-v1,0.0782014905654521
387_UCR_id_85_Environment_tr_2046_1st_5549.csv,UCR,POLY,UCR,0.118563084048951,0.1143698838539108,0.1155654493901234,0.1136343313947226,0.0041932001950402,0.0029976346588275,0.0049287526542283,0.0007355524591881,0.1,0.1,0.1,8184,48,CDU-protocol-fast-v1,0.0291430818550374
391_UCR_id_89_Medical_tr_1875_1st_5759.csv,UCR,POLY,UCR,0.1783131122964121,0.1816617179863321,0.1785359583477968,0.1833556929506351,-0.0033486056899199,-0.0002228460513847,-0.005042580654223,-0.001693974964303,0.1,0.1,0.1,7500,160,CDU-protocol-fast-v1,0.0499066146543418
393_UCR_id_91_Environment_tr_2046_1st_4852.csv,UCR,POLY,UCR,0.1185630840489511,0.1237082154513768,0.1202890933067327,0.1242050456292514,-0.0051451314024256,-0.0017260092577816,-0.0056419615803003,-0.0004968301778746,0.1,0.1,0.1,8184,48,CDU-protocol-fast-v1,0.0082626167105572
396_UCR_id_94_Medical_tr_1875_1st_5607.csv,UCR,POLY,UCR,0.1098116873605375,0.1064036109495425,0.107858163851975,0.107365028177604,0.0034080764109949,0.0019535235085624,0.0024466591829334,-0.0009614172280615,0.1,0.1,0.1,7501,27,CDU-protocol-fast-v1,0.0881088648740024
400_UCR_id_98_Environment_tr_2046_1st_5391.csv,UCR,POLY,UCR,0.0963796022520707,0.0955401527676991,0.0970030848322954,0.0954644298488827,0.0008394494843716,-0.0006234825802247,0.0009151724031879,7.572291881638438e-05,0.1,0.1,0.1,8184,1,CDU-protocol-fast-v1,0.001572624506267
401_UCR_id_99_HumanActivity_tr_1671_1st_5920.csv,UCR,POLY,UCR,0.1300043679490801,0.1193934825873274,0.1220448211231426,0.1185320049470467,0.0106108853617526,0.0079595468259374,0.0114723630020333,0.0008614776402806,0.1,0.1,0.1,6684,59,CDU-protocol-fast-v1,0.7337955857029093
405_UCR_id_103_Sensor_tr_2827_1st_5988.csv,UCR,POLY,UCR,0.1290423412004535,0.1247824993521574,0.1220253533753748,0.1234739175517103,0.004259841848296,0.0070169878250786,0.0055684236487431,0.001308581800447,0.1,0.1,0.1,11308,97,CDU-protocol-fast-v1,0.393170129479363
406_UCR_id_104_Facility_tr_20000_1st_67950.csv,UCR,POLY,UCR,0.1079787312979927,0.1094411026475816,0.1061335074195118,0.109092192426697,-0.0014623713495889,0.0018452238784808,-0.0011134611287043,0.0003489102208845,0.1,0.1,0.1,80000,250,CDU-protocol-fast-v1,0.917508366998484
411_UCR_id_109_Environment_tr_2046_1st_4852.csv,UCR,POLY,UCR,0.1185630840489511,0.1240104231602162,0.1205400047713344,0.1245731959475859,-0.005447339111265,-0.0019769207223833,-0.0060101118986348,-0.0005627727873697,0.1,0.1,0.1,8184,48,CDU-protocol-fast-v1,0.0081291607672917
415_UCR_id_113_Medical_tr_3000_1st_8612.csv,UCR,POLY,UCR,0.1293848472540334,0.1267073059284675,0.1215914069818735,0.1260067838168345,0.0026775413255659,0.0077934402721598,0.0033780634371988,0.0007005221116329,0.1,0.1,0.1,12000,104,CDU-protocol-fast-v1,0.7085919967726119
417_UCR_id_115_Sensor_tr_2750_1st_5400.csv,UCR,POLY,UCR,0.1661395726686433,0.1608358609505415,0.1562709519486851,0.1577924759184571,0.0053037117181017,0.0098686207199581,0.0083470967501861,0.0030433850320843,0.1,0.1,0.1,11000,200,CDU-protocol-fast-v1,0.2624419613108884
419_UCR_id_117_Facility_tr_3000_1st_6168.csv,UCR,POLY,UCR,0.1100710584215155,0.1124714480144066,0.1084392555806448,0.1139709358634269,-0.0024003895928911,0.0016318028408706,-0.0038998774419113,-0.0014994878490202,0.1,0.1,0.1,12000,44,CDU-protocol-fast-v1,0.0597699729781514
420_UCR_id_118_Facility_tr_13750_1st_52600.csv,UCR,POLY,UCR,0.1099540051558639,0.0972937176125173,0.1069943776947514,0.0977282314201782,0.0126602875433465,0.0029596274611124,0.0122257737356856,-0.0004345138076609,0.1,0.1,0.1,55000,200,CDU-protocol-fast-v1,0.5562951415592445
421_UCR_id_119_HumanActivity_tr_48750_1st_130700.csv,UCR,POLY,UCR,0.1192822500185625,0.1254996965721977,0.1212878820936035,0.1228772323870409,-0.0062174465536351,-0.002005632075041,-0.0035949823684784,0.0026224641851567,0.1,0.1,0.1,195000,1180,CDU-protocol-fast-v1,0.0206891177759082
426_UCR_id_124_Sensor_tr_2827_1st_4711.csv,UCR,POLY,UCR,0.1293839363336781,0.1321180934816139,0.1270227729717326,0.13190101375253,-0.0027341571479358,0.0023611633619455,-0.0025170774188519,0.0002170797290839,0.1,0.1,0.1,11308,98,CDU-protocol-fast-v1,0.0339712303750693
430_UCR_id_128_HumanActivity_tr_12500_1st_46500.csv,UCR,POLY,UCR,0.1190841598766905,0.1121757640096573,0.121539913693037,0.1130750649551797,0.0069083958670332,-0.0024557538163465,0.0060090949215107,-0.0008993009455224,0.1,0.1,0.1,50000,300,CDU-protocol-fast-v1,0.0087800357680559
432_UCR_id_130_Facility_tr_23000_1st_26970.csv,UCR,POLY,UCR,0.1085035625162677,0.1028047953014382,0.1080041170954666,0.104101287415993,0.0056987672148294,0.000499445420801,0.0044022751002746,-0.0012964921145548,0.1,0.1,0.1,92000,300,CDU-protocol-fast-v1,0.0115142063859808
436_UCR_id_134_Medical_tr_1875_1st_4526.csv,UCR,POLY,UCR,0.1113565844808563,0.1104582342207061,0.1136701585104548,0.1123384449188451,0.0008983502601501,-0.0023135740295985,-0.0009818604379888,-0.001880210698139,0.1,0.1,0.1,7501,30,CDU-protocol-fast-v1,0.0183810038482949
437_UCR_id_135_Medical_tr_2499_1st_8000.csv,UCR,POLY,UCR,0.1055664394591643,0.1078479284693596,0.108926766461145,0.1079621748609889,-0.0022814890101953,-0.0033603270019807,-0.0023957354018246,-0.0001142463916293,0.1,0.1,0.1,9998,25,CDU-protocol-fast-v1,0.0026736338820189
439_UCR_id_137_HumanActivity_tr_48750_1st_110800.csv,UCR,POLY,UCR,0.0959274222918562,0.1013864875275362,0.0965109033945484,0.0980138043121561,-0.00545906523568,-0.0005834811026922,-0.0020863820202999,0.00337268321538,0.1,0.1,0.1,195000,1,CDU-protocol-fast-v1,0.0028251999685691
445_UCR_id_143_Environment_tr_6166_1st_19280.csv,UCR,POLY,UCR,0.1209630007443481,0.1093531037103283,0.1165682228847079,0.1105644713631343,0.0116098970340197,0.0043947778596401,0.0103985293812137,-0.001211367652806,0.1,0.1,0.1,24667,160,CDU-protocol-fast-v1,0.2125784229212454
449_UCR_id_147_Sensor_tr_2847_1st_9330.csv,UCR,POLY,UCR,0.0992995677617782,0.0966774425345316,0.099315827112135,0.0977433601704357,0.0026221252272465,-1.625935035688697e-05,0.0015562075913424,-0.0010659176359041,0.1,0.1,0.1,11388,10,CDU-protocol-fast-v1,0.0251976105540069
452_UCR_id_150_Facility_tr_10000_1st_35774.csv,UCR,POLY,UCR,0.105564507693928,0.101140679958303,0.1036951605845452,0.1009596253024751,0.0044238277356249,0.0018693471093827,0.0046048823914528,0.0001810546558278,0.1,0.1,0.1,40000,100,CDU-protocol-fast-v1,0.8960027289657913
459_UCR_id_157_HumanActivity_tr_50000_1st_110260.csv,UCR,POLY,UCR,0.0988433091802118,0.1179875297797118,0.0998297231518919,0.1127471494489802,-0.0191442205995,-0.0009864139716801,-0.0139038402687684,0.0052403803307315,0.1,0.1,0.1,200000,152,CDU-protocol-fast-v1,0.0010070321577435
463_UCR_id_161_Environment_tr_2046_1st_6006.csv,UCR,POLY,UCR,0.1185630840489511,0.1196583708489805,0.1167731588753048,0.1188244686177509,-0.0010952868000293,0.0017899251736462,-0.0002613845687998,0.0008339022312295,0.1,0.1,0.1,8184,48,CDU-protocol-fast-v1,0.0254900583455518
467_UCR_id_165_Environment_tr_6166_1st_19280.csv,UCR,POLY,UCR,0.1209630007443481,0.1116393572166555,0.1172315459491002,0.1128378058004659,0.0093236435276926,0.0037314547952478,0.0081251949438821,-0.0011984485838104,0.1,0.1,0.1,24667,160,CDU-protocol-fast-v1,0.2391227701410152
471_UCR_id_169_Facility_tr_10000_1st_35774.csv,UCR,POLY,UCR,0.105564507693928,0.1043751544922921,0.1049942188824925,0.103975592850394,0.0011893532016359,0.0005702888114354,0.0015889148435339,0.000399561641898,0.1,0.1,0.1,40000,100,CDU-protocol-fast-v1,0.0310817493239219
473_UCR_id_171_HumanActivity_tr_2617_1st_7290.csv,UCR,POLY,UCR,0.0981216509734105,0.1009039544452113,0.0984764555507551,0.1012079471273087,-0.0027823034718008,-0.0003548045773446,-0.0030862961538982,-0.0003039926820974,0.1,0.1,0.1,10468,6,CDU-protocol-fast-v1,0.0035606613297293
474_UCR_id_172_Environment_tr_2046_1st_6520.csv,UCR,POLY,UCR,0.10723534866331,0.1103791402818818,0.1077388871661937,0.1096298631082183,-0.0031437916185717,-0.0005035385028837,-0.0023945144449083,0.0007492771736634,0.1,0.1,0.1,8184,24,CDU-protocol-fast-v1,0.0064869410743854
493_UCR_id_191_Sensor_tr_2847_1st_9330.csv,UCR,POLY,UCR,0.0992995677617782,0.0951077209347968,0.0990479075825688,0.0962976163937243,0.0041918468269813,0.0002516601792093,0.0030019513680538,-0.0011898954589275,0.1,0.1,0.1,11388,10,CDU-protocol-fast-v1,0.2081135982793907
494_UCR_id_192_Facility_tr_22500_1st_72150.csv,UCR,POLY,UCR,0.1107148513825994,0.1176258723324208,0.1124158277119378,0.1147634918454749,-0.0069110209498214,-0.0017009763293384,-0.0040486404628755,0.0028623804869458,0.1,0.1,0.1,90000,345,CDU-protocol-fast-v1,0.0070911866084002
495_UCR_id_193_Environment_tr_2046_1st_6520.csv,UCR,POLY,UCR,0.10723534866331,0.109465303789644,0.1073514038494051,0.1084162423321702,-0.002229955126334,-0.0001160551860951,-0.0011808936688602,0.0010490614574737,0.1,0.1,0.1,8184,24,CDU-protocol-fast-v1,0.0075916528694332
496_UCR_id_194_Environment_tr_2046_1st_5391.csv,UCR,POLY,UCR,0.0963796022520707,0.0954090603423968,0.0970149951763113,0.0952404393003757,0.0009705419096739,-0.0006353929242405,0.0011391629516949,0.000168621042021,0.1,0.1,0.1,8184,1,CDU-protocol-fast-v1,0.0014851772568957
499_UCR_id_197_Environment_tr_2046_1st_5703.csv,UCR,POLY,UCR,0.10723534866331,0.1103768919333269,0.1077936748083798,0.1099907238342281,-0.0031415432700169,-0.0005583261450698,-0.0027553751709181,0.0003861680990987,0.1,0.1,0.1,8184,24,CDU-protocol-fast-v1,0.0063241054989744
500_UCR_id_198_Facility_tr_7482_1st_23357.csv,UCR,POLY,UCR,0.1423675643632088,0.1708549424138867,0.1551471834938748,0.1739273780938333,-0.0284873780506779,-0.0127796191306659,-0.0315598137306245,-0.0030724356799466,0.1,0.1,0.1,29931,360,CDU-protocol-fast-v1,0.0099036930769366
504_UCR_id_202_Environment_tr_2046_1st_5549.csv,UCR,POLY,UCR,0.118563084048951,0.1144266189270847,0.1162117846214194,0.1137085585453955,0.0041364651218663,0.0023512994275315,0.0048545255035555,0.0007180603816892,0.1,0.1,0.1,8184,48,CDU-protocol-fast-v1,0.0197947619094883
506_UCR_id_204_Environment_tr_2046_1st_5549.csv,UCR,POLY,UCR,0.118563084048951,0.1137205390491078,0.1155019278243499,0.1127877404402698,0.0048425449998431,0.003061156224601,0.0057753436086811,0.0009327986088379,0.1,0.1,0.1,8184,48,CDU-protocol-fast-v1,0.0353820951294893
516_UCR_id_214_HumanActivity_tr_2108_1st_4702.csv,UCR,POLY,UCR,0.0981981480063832,0.1015336485251135,0.0987018288866629,0.1019749387991304,-0.0033355005187303,-0.0005036808802797,-0.0037767907927472,-0.0004412902740169,0.1,0.1,0.1,8432,5,CDU-protocol-fast-v1,0.0040510297800491
517_UCR_id_215_Facility_tr_7482_1st_24005.csv,UCR,POLY,UCR,0.105199603494777,0.1094371610742333,0.1071993754197597,0.11155365099079,-0.0042375575794563,-0.0019997719249827,-0.006354047496013,-0.0021164899165567,0.1,0.1,0.1,29931,72,CDU-protocol-fast-v1,0.0041535589279352
525_UCR_id_223_Facility_tr_50000_1st_250720.csv,UCR,POLY,UCR,0.1042827843915398,0.1054694677639835,0.1043207235253022,0.1063135033495402,-0.0011866833724436,-3.793913376247404e-05,-0.0020307189580004,-0.0008440355855567,0.1,0.1,0.1,299790,650,CDU-protocol-fast-v1,0.0043518946426796
526_UCR_id_224_Sensor_tr_2827_1st_4711.csv,UCR,POLY,UCR,0.1293839363336781,0.1379882863957977,0.1321226887075459,0.138125847821914,-0.0086043500621195,-0.0027387523738678,-0.0087419114882359,-0.0001375614261163,0.1,0.1,0.1,11308,98,CDU-protocol-fast-v1,0.0159895970827167
530_UCR_id_228_HumanActivity_tr_16250_1st_38500.csv,UCR,POLY,UCR,0.1137357260461471,0.1075878731359734,0.1156364405220725,0.1065171356195138,0.0061478529101736,-0.0019007144759254,0.0072185904266332,0.0010707375164595,0.1,0.1,0.1,65000,300,CDU-protocol-fast-v1,0.0080220018182745
531_SMAP_id_1_Sensor_tr_1811_1st_4510.csv,SMAP,POLY,SMAP,0.1377220089982345,0.135305076146723,0.1279480245366856,0.1278790382936701,0.0024169328515115,0.0097739844615488,0.0098429707045643,0.0074260378530528,0.1,0.1,0.1,7244,81,CDU-protocol-fast-v1,0.8902706480840846
532_SMAP_id_2_Sensor_tr_2075_1st_5550.csv,SMAP,POLY,SMAP,0.2586579717482491,0.2427579628868421,0.2379080048994689,0.2363041362758542,0.015900008861407,0.0207499668487801,0.0223538354723948,0.0064538266109878,0.1,0.1,0.1,8302,351,CDU-protocol-fast-v1,0.6506561590598718
533_SMAP_id_3_Sensor_tr_2052_1st_5300.csv,SMAP,POLY,SMAP,0.6253025617499648,0.4043252835730163,0.5176445100876554,0.3922911733750383,0.2209772781769485,0.1076580516623093,0.2330113883749264,0.0120341101979779,0.1,0.1,0.1,8209,1121,CDU-protocol-fast-v1,0.9997505648308426
534_SMAP_id_4_Sensor_tr_1968_1st_4370.csv,SMAP,POLY,SMAP,0.1194258253104484,0.1202021127281363,0.114194298777679,0.1144205432146713,-0.0007762874176878,0.0052315265327693,0.005005282095777,0.0057815695134649,0.1,0.1,0.1,7874,51,CDU-protocol-fast-v1,0.2911928930310853
536_SMAP_id_6_Sensor_tr_2160_1st_5600.csv,SMAP,POLY,SMAP,0.1396981700018532,0.12668589887794,0.129539761174577,0.1243970156174329,0.0130122711239132,0.0101584088272761,0.0153011543844202,0.002288883260507,0.1,0.1,0.1,8640,101,CDU-protocol-fast-v1,0.7897640254567017
537_SMAP_id_7_Sensor_tr_2077_1st_5394.csv,SMAP,POLY,SMAP,0.2257407489654368,0.1726738543664138,0.1959384229934021,0.1687171962304841,0.053066894599023,0.0298023259720346,0.0570235527349526,0.0039566581359296,0.1,0.1,0.1,8310,281,CDU-protocol-fast-v1,0.9811596489610536
538_SMAP_id_8_Sensor_tr_2007_1st_3650.csv,SMAP,POLY,SMAP,0.2240464097040339,0.1881823626861062,0.1958104809139083,0.1841524965516656,0.0358640470179277,0.0282359287901255,0.0398939131523682,0.0040298661344405,0.1,0.1,0.1,8029,268,CDU-protocol-fast-v1,0.8572928942059185
539_SMAP_id_9_Sensor_tr_1857_1st_4270.csv,SMAP,POLY,SMAP,0.1261608779249332,0.1196230614268964,0.1191348375983979,0.1188053887270297,0.0065378164980367,0.0070260403265352,0.0073554891979034,0.0008176726998666,0.1,0.1,0.1,7431,61,CDU-protocol-fast-v1,0.8063886252859727
540_SMAP_id_10_Sensor_tr_2051_1st_4575.csv,SMAP,POLY,SMAP,0.182396117271583,0.1848312881502736,0.1659729850486087,0.1798344338226224,-0.0024351708786906,0.0164231322229742,0.0025616834489605,0.0049968543276511,0.1,0.1,0.1,8205,186,CDU-protocol-fast-v1,0.6275268192509897
541_SMAP_id_11_Sensor_tr_1832_1st_5300.csv,SMAP,POLY,SMAP,0.3318923522564446,0.3198631523368086,0.279494799515246,0.3011811879792127,0.0120291999196359,0.0523975527411985,0.0307111642772319,0.0186819643575959,0.1,0.1,0.1,7331,448,CDU-protocol-fast-v1,0.9753846778952224
542_SMAP_id_12_Sensor_tr_1908_1st_4690.csv,SMAP,POLY,SMAP,0.1100333486114171,0.1130300243989219,0.1068128872398292,0.1148608475375509,-0.0029966757875048,0.0032204613715878,-0.0048274989261338,-0.001830823138629,0.1,0.1,0.1,7632,31,CDU-protocol-fast-v1,0.4715248569890437
544_SMAP_id_14_Sensor_tr_1978_1st_4450.csv,SMAP,POLY,SMAP,0.1487826190130445,0.1730303253664884,0.1625029720297929,0.1758173616157808,-0.0242477063534439,-0.0137203530167484,-0.0270347426027363,-0.0027870362492923,0.1,0.1,0.1,7914,111,CDU-protocol-fast-v1,0.0145611959581499
545_SMAP_id_15_Sensor_tr_1173_1st_2750.csv,SMAP,POLY,SMAP,0.1364992500618687,0.1211535084048017,0.1271403418667298,0.1190076343204026,0.0153457416570669,0.0093589081951388,0.017491615741466,0.002145874084399,0.1,0.1,0.1,4693,51,CDU-protocol-fast-v1,0.6209167995900389
546_SMAP_id_16_Sensor_tr_2117_1st_4770.csv,SMAP,POLY,SMAP,0.1498000626397371,0.1614007173179638,0.1516039895401383,0.1625355833972354,-0.0116006546782266,-0.0018039269004012,-0.0127355207574982,-0.0011348660792716,0.1,0.1,0.1,8469,121,CDU-protocol-fast-v1,0.0358343134276179
547_SMAP_id_17_Sensor_tr_2133_1st_5400.csv,SMAP,POLY,SMAP,0.3782053894169124,0.3274853848874426,0.3195148470366473,0.3016654592251402,0.0507200045294697,0.0586905423802651,0.0765399301917721,0.0258199256623023,0.1,0.1,0.1,8532,623,CDU-protocol-fast-v1,0.8160689406156819
548_SMAP_id_18_Sensor_tr_2094_1st_5600.csv,SMAP,POLY,SMAP,0.1132732088639916,0.1077337556223167,0.1093697862358108,0.1063952218770964,0.0055394532416749,0.0039034226281807,0.0068779869868951,0.0013385337452202,0.1,0.1,0.1,8376,41,CDU-protocol-fast-v1,0.3496486994655581
549_SMAP_id_19_Sensor_tr_1998_1st_2098.csv,SMAP,POLY,SMAP,0.1776462153288513,0.1683522664057888,0.159223939066296,0.1675567571676979,0.0092939489230625,0.0184222762625552,0.0100894581611533,0.0007955092380908,0.1,0.1,0.1,8579,184,CDU-protocol-fast-v1,0.7757599026704044
550_SWaT_id_1_Sensor_tr_43700_1st_43800.csv,SWaT,POLY,SWaT,0.5695013226659786,0.8095299149614791,0.6960771281663453,0.833065332691187,-0.2400285922955004,-0.1265758055003666,-0.2635640100252083,-0.0235354177297079,0.1,0.1,0.1,419919,50653,CDU-protocol-fast-v1,0.0964499897300144
551_YAHOO_id_1_Synthetic_tr_500_1st_893.csv,YAHOO,POLY,YAHOO,0.0983326645536459,0.0955986661182077,0.0983978408371289,0.0949700254946308,0.0027339984354381,-6.517628348302884e-05,0.003362639059015,0.0006286406235768,0.1,0.1,0.1,1421,1,CDU-protocol-fast-v1,0.1714188432655705
552_YAHOO_id_2_Synthetic_tr_500_1st_893.csv,YAHOO,POLY,YAHOO,0.0983326645536459,0.0955913527988841,0.0982228276880736,0.0975438160192517,0.0027413117547617,0.0001098368655722,0.0007888485343941,-0.0019524632203676,0.1,0.1,0.1,1421,1,CDU-protocol-fast-v1,0.275274915206055
555_YAHOO_id_5_WebService_tr_500_1st_730.csv,YAHOO,POLY,YAHOO,0.1048191137585639,0.0979295190684634,0.1046263778732344,0.098682120692419,0.0068895946901005,0.0001927358853294,0.0061369930661449,-0.0007526016239556,0.1,0.1,0.1,1680,4,CDU-protocol-fast-v1,0.0955670406725898
558_YAHOO_id_8_WebService_tr_500_1st_1125.csv,YAHOO,POLY,YAHOO,0.3124225835287523,0.411183101721512,0.3516471942224375,0.4189663905340058,-0.0987605181927597,-0.0392246106936852,-0.1065438070052535,-0.0077832888124938,0.1,0.1,0.1,1427,80,CDU-protocol-fast-v1,0.0666585395614819
562_YAHOO_id_12_Synthetic_tr_500_1st_893.csv,YAHOO,POLY,YAHOO,0.0983326645536459,0.0924456409963272,0.0982037977815838,0.0951801589537827,0.0058870235573186,0.000128866772062,0.0031525055998631,-0.0027345179574555,0.1,0.1,0.1,1421,1,CDU-protocol-fast-v1,0.295027816581176
570_YAHOO_id_20_Synthetic_tr_500_1st_658.csv,YAHOO,POLY,YAHOO,0.1064974257906056,0.1008862420452337,0.1083621382054379,0.1026088952660228,0.0056111837453718,-0.0018647124148323,0.0038885305245827,-0.0017226532207891,0.1,0.1,0.1,1421,4,CDU-protocol-fast-v1,0.0528063189651315
571_YAHOO_id_21_Synthetic_tr_500_1st_623.csv,YAHOO,POLY,YAHOO,0.1201053611855383,0.1057482784774065,0.1149562195157413,0.1055720137878454,0.0143570827081317,0.0051491416697969,0.0145333473976928,0.000176264689561,0.1,0.1,0.1,1421,9,CDU-protocol-fast-v1,0.4255956762308766
579_YAHOO_id_29_WebService_tr_500_1st_1342.csv,YAHOO,POLY,YAHOO,0.0979130865456355,0.0914970985013801,0.0979089629932277,0.0921839020212691,0.0064159880442554,4.123552407725439e-06,0.0057291845243663,-0.000686803519889,0.1,0.1,0.1,1680,1,CDU-protocol-fast-v1,0.2803009855135294
603_YAHOO_id_53_Synthetic_tr_500_1st_893.csv,YAHOO,POLY,YAHOO,0.0983326645536459,0.0976889505675179,0.0991620431889742,0.0994750436939633,0.0006437139861279,-0.0008293786353283,-0.0011423791403174,-0.0017860931264454,0.1,0.1,0.1,1421,1,CDU-protocol-fast-v1,0.0388358277804355
644_YAHOO_id_94_WebService_tr_500_1st_1078.csv,YAHOO,POLY,YAHOO,0.2977387032189041,0.3796034061455574,0.3441403956821178,0.3841282954442981,-0.0818647029266532,-0.0464016924632136,-0.086389592225394,-0.0045248892987407,0.1,0.1,0.1,1435,75,CDU-protocol-fast-v1,0.0421285195104833
645_YAHOO_id_95_WebService_tr_500_1st_1047.csv,YAHOO,POLY,YAHOO,0.0979130865456355,0.0897913580715925,0.0979089629932277,0.0897439881369824,0.008121728474043,4.123552407725439e-06,0.008169098408653,4.7369934610075326e-05,0.1,0.1,0.1,1680,1,CDU-protocol-fast-v1,0.4274930953226686
649_YAHOO_id_99_WebService_tr_500_1st_1386.csv,YAHOO,POLY,YAHOO,0.0979130865456355,0.0937424040205588,0.0980190066113991,0.0920080306355545,0.0041706825250766,-0.0001059200657636,0.0059050559100809,0.0017343733850042,0.1,0.1,0.1,1680,1,CDU-protocol-fast-v1,0.1926345333356681
657_YAHOO_id_107_WebService_tr_500_1st_1260.csv,YAHOO,POLY,YAHOO,0.0982967547241315,0.0967903479376156,0.0981789746316743,0.0979614915705142,0.0015064067865159,0.0001177800924571,0.0003352631536172,-0.0011711436328986,0.1,0.1,0.1,1440,1,CDU-protocol-fast-v1,0.28962196049778
658_YAHOO_id_108_Synthetic_tr_500_1st_893.csv,YAHOO,POLY,YAHOO,0.0983326645536459,0.0880665487412777,0.0982066628711947,0.0889672150875862,0.0102661158123681,0.0001260016824511,0.0093654494660596,-0.0009006663463085,0.1,0.1,0.1,1421,1,CDU-protocol-fast-v1,0.3330463340130213
672_YAHOO_id_122_WebService_tr_500_1st_857.csv,YAHOO,POLY,YAHOO,0.0979130865456355,0.0983346713932742,0.0982470303970392,0.095003343470979,-0.0004215848476386,-0.0003339438514037,0.0029097430746564,0.0033313279222951,0.1,0.1,0.1,1680,1,CDU-protocol-fast-v1,0.0211330494358478
680_YAHOO_id_130_Synthetic_tr_500_1st_893.csv,YAHOO,POLY,YAHOO,0.0983326645536459,0.1001830517148691,0.0982101380204965,0.1004728816271395,-0.0018503871612232,0.0001225265331493,-0.0021402170734936,-0.0002898299122704,0.1,0.1,0.1,1421,1,CDU-protocol-fast-v1,0.4298561077633531
689_YAHOO_id_139_WebService_tr_500_1st_1073.csv,YAHOO,POLY,YAHOO,0.0979130865456355,0.0957656139326319,0.0979089629932277,0.0967114347235625,0.0021474726130036,4.123552407725439e-06,0.0012016518220729,-0.0009458207909306,0.1,0.1,0.1,1680,1,CDU-protocol-fast-v1,0.4015279392811086
693_YAHOO_id_143_WebService_tr_500_1st_1003.csv,YAHOO,POLY,YAHOO,0.1010313651260117,0.0918877607419639,0.1003138796029474,0.0900396198781103,0.0091436043840477,0.0007174855230642,0.0109917452479013,0.0018481408638535,0.1,0.1,0.1,1427,2,CDU-protocol-fast-v1,0.2977262957901675
701_YAHOO_id_151_Synthetic_tr_500_1st_893.csv,YAHOO,POLY,YAHOO,0.0983326645536459,0.0909503657521677,0.0983741072807848,0.0939146113498856,0.0073822988014781,-4.144272713897668e-05,0.0044180532037602,-0.0029642455977179,0.1,0.1,0.1,1421,1,CDU-protocol-fast-v1,0.1964117348757192
723_YAHOO_id_173_WebService_tr_500_1st_1214.csv,YAHOO,POLY,YAHOO,0.1010580848538705,0.1031989026030144,0.1002896332644131,0.1040081026693952,-0.0021408177491439,0.0007684515894573,-0.0029500178155247,-0.0008092000663808,0.1,0.1,0.1,1420,2,CDU-protocol-fast-v1,0.4926096819655337
724_YAHOO_id_174_WebService_tr_500_1st_1030.csv,YAHOO,POLY,YAHOO,0.10712112282954,0.0964034489434117,0.1055445491990024,0.0956880564619779,0.0107176738861283,0.0015765736305376,0.011433066367562,0.0007153924814337,0.1,0.1,0.1,1680,5,CDU-protocol-fast-v1,0.2441978765191579
734_YAHOO_id_184_WebService_tr_500_1st_768.csv,YAHOO,POLY,YAHOO,0.7121097988984328,0.4845239900791141,0.5938655025353337,0.468374253131439,0.2275858088193187,0.1182442963630991,0.2437355457669938,0.016149736947675,0.1,0.1,0.1,1424,227,CDU-protocol-fast-v1,0.8954726375205482
741_YAHOO_id_191_WebService_tr_500_1st_1114.csv,YAHOO,POLY,YAHOO,0.1002150956166116,0.0898240997735813,0.0996723027501616,0.0893707091189796,0.0103909958430302,0.0005427928664499,0.0108443864976319,0.0004533906546016,0.1,0.1,0.1,1680,2,CDU-protocol-fast-v1,0.3585598026695193
755_YAHOO_id_205_Synthetic_tr_500_1st_893.csv,YAHOO,POLY,YAHOO,0.0983326645536459,0.0962903378989297,0.0982049418225963,0.0943725795578946,0.0020423266547161,0.0001277227310495,0.0039600849957512,0.001917758341035,0.1,0.1,0.1,1421,1,CDU-protocol-fast-v1,0.3330463340130213
762_YAHOO_id_212_WebService_tr_500_1st_1055.csv,YAHOO,POLY,YAHOO,0.1002150956166116,0.1099210290942436,0.101174824353326,0.1124788218439948,-0.009705933477632,-0.0009597287367144,-0.0122637262273832,-0.0025577927497512,0.1,0.1,0.1,1680,2,CDU-protocol-fast-v1,0.0134595240515813
780_YAHOO_id_230_Synthetic_tr_500_1st_893.csv,YAHOO,POLY,YAHOO,0.0983326645536459,0.0934989980731053,0.0985424565457498,0.0955134678173334,0.0048336664805405,-0.0002097919921039,0.0028191967363124,-0.0020144697442281,0.1,0.1,0.1,1421,1,CDU-protocol-fast-v1,0.120186846697016
788_YAHOO_id_238_WebService_tr_500_1st_973.csv,YAHOO,POLY,YAHOO,0.0979130865456355,0.0966041045957172,0.0981719042463546,0.0938143155077968,0.0013089819499183,-0.0002588177007191,0.0040987710378387,0.0027897890879203,0.1,0.1,0.1,1680,1,CDU-protocol-fast-v1,0.0294944920739955
797_YAHOO_id_247_Synthetic_tr_500_1st_893.csv,YAHOO,POLY,YAHOO,0.0983326645536459,0.0948550639554532,0.098718931193708,0.0984854505082054,0.0034776005981926,-0.0003862666400621,-0.0001527859545595,-0.0036303865527522,0.1,0.1,0.1,1421,1,CDU-protocol-fast-v1,0.1038417894991688
806_YAHOO_id_256_Synthetic_tr_500_1st_893.csv,YAHOO,POLY,YAHOO,0.0983326645536459,0.1071664767249786,0.0989845697629744,0.1074635575119755,-0.0088338121713327,-0.0006519052093285,-0.0091308929583296,-0.0002970807869969,0.1,0.1,0.1,1421,1,CDU-protocol-fast-v1,0.0614080153947647
807_YAHOO_id_257_WebService_tr_500_1st_1210.csv,YAHOO,POLY,YAHOO,0.1417805852464838,0.1301972019891372,0.1319964253006459,0.130325411101544,0.0115833832573465,0.0097841599458378,0.0114551741449397,-0.0001282091124068,0.1,0.1,0.1,1424,17,CDU-protocol-fast-v1,0.4156389280799848
810_Exathlon_id_1_Facility_tr_10766_1st_12590.csv,Exathlon,POLY,Exathlon,0.5910589381462512,0.6594060583860757,0.6062232050104865,0.6617499455202648,-0.0683471202398244,-0.0151642668642353,-0.0706910073740135,-0.002343887134189,0.1,0.1,0.1,43066,5437,CDU-protocol-fast-v1,0.1177288356340372
811_Exathlon_id_2_Facility_tr_10766_1st_12590.csv,Exathlon,POLY,Exathlon,0.5910589381462512,0.515289659163302,0.5055505097600086,0.5048583400625332,0.0757692789829491,0.0855084283862426,0.086200598083718,0.0104313191007688,0.1,0.1,0.1,43066,5437,CDU-protocol-fast-v1,0.9856886445952812
812_Exathlon_id_3_Facility_tr_10766_1st_12590.csv,Exathlon,POLY,Exathlon,0.5910589381462512,0.3949622386184044,0.503771524270885,0.3845519555679359,0.1960966995278468,0.0872874138753662,0.2065069825783153,0.0104102830504684,0.1,0.1,0.1,43066,5437,CDU-protocol-fast-v1,0.9988678425769828
814_Exathlon_id_5_Facility_tr_10766_1st_12590.csv,Exathlon,POLY,Exathlon,0.5910589381462512,0.515289659163302,0.5055505097600086,0.5048583400625332,0.0757692789829491,0.0855084283862426,0.086200598083718,0.0104313191007688,0.1,0.1,0.1,43066,5437,CDU-protocol-fast-v1,0.9856886445952812
815_Exathlon_id_6_Facility_tr_10766_1st_12590.csv,Exathlon,POLY,Exathlon,0.5910589381462512,0.3949622386184044,0.503771524270885,0.3845519555679359,0.1960966995278468,0.0872874138753662,0.2065069825783153,0.0104102830504684,0.1,0.1,0.1,43066,5437,CDU-protocol-fast-v1,0.9988678425769828
816_Exathlon_id_7_Facility_tr_10766_1st_12590.csv,Exathlon,POLY,Exathlon,0.5910589381462512,0.447824080505201,0.5137674469711491,0.4414834136219738,0.1432348576410502,0.0772914911751021,0.1495755245242773,0.0063406668832271,0.1,0.1,0.1,43066,5437,CDU-protocol-fast-v1,0.7028617687045311
817_Exathlon_id_8_Facility_tr_10766_1st_12590.csv,Exathlon,POLY,Exathlon,0.5910589381462512,0.5907887612902277,0.5318277348355278,0.5865296316569931,0.0002701768560234,0.0592312033107234,0.004529306489258,0.0042591296332346,0.1,0.1,0.1,43066,5437,CDU-protocol-fast-v1,0.4217654222789477
818_Exathlon_id_9_Facility_tr_11665_1st_13484.csv,Exathlon,POLY,Exathlon,0.3383966554327336,0.2336089939081875,0.2933174282645058,0.2292100359112041,0.1047876615245461,0.0450792271682278,0.1091866195215294,0.0043989579969833,0.1,0.1,0.1,46660,2928,CDU-protocol-fast-v1,0.7942109665803608
819_Exathlon_id_10_Facility_tr_10766_1st_12590.csv,Exathlon,POLY,Exathlon,0.5910589381462512,0.4387458545297075,0.5056306929612093,0.4281005580995439,0.1523130836165437,0.0854282451850418,0.1629583800467073,0.0106452964301635,0.1,0.1,0.1,43066,5437,CDU-protocol-fast-v1,0.9240194071387128
820_Exathlon_id_11_Facility_tr_11665_1st_13484.csv,Exathlon,POLY,Exathlon,0.3383966554327336,0.2856122646634518,0.2948609524649662,0.2800862115077278,0.0527843907692818,0.0435357029677674,0.0583104439250058,0.005526053155724,0.1,0.1,0.1,46660,2928,CDU-protocol-fast-v1,0.8030991473332476
821_Exathlon_id_12_Facility_tr_6985_1st_7085.csv,Exathlon,POLY,Exathlon,0.5029142696878764,0.4050369672810656,0.4707352571865344,0.4127679090274157,0.0978773024068108,0.032179012501342,0.0901463606604607,-0.0077309417463501,0.1,0.1,0.1,46649,4856,CDU-protocol-fast-v1,0.4189666671313763
822_Exathlon_id_13_Facility_tr_10766_1st_12590.csv,Exathlon,POLY,Exathlon,0.5910589381462512,0.5907887612902277,0.5318277348355278,0.5865296316569931,0.0002701768560234,0.0592312033107234,0.004529306489258,0.0042591296332346,0.1,0.1,0.1,43066,5437,CDU-protocol-fast-v1,0.4217654222789477
823_Exathlon_id_14_Facility_tr_10766_1st_12590.csv,Exathlon,POLY,Exathlon,0.5910589381462512,0.4417425956896094,0.512390249221801,0.4349962637057466,0.1493163424566418,0.0786686889244502,0.1560626744405046,0.0067463319838627,0.1,0.1,0.1,43066,5437,CDU-protocol-fast-v1,0.6745544554450603
824_Exathlon_id_15_Facility_tr_10766_1st_12590.csv,Exathlon,POLY,Exathlon,0.5910589381462512,0.4367697206179154,0.5062053864920321,0.4279499278093826,0.1542892175283358,0.0848535516542191,0.1631090103368686,0.0088197928085327,0.1,0.1,0.1,43066,5437,CDU-protocol-fast-v1,0.9654072684369012
826_Exathlon_id_17_Facility_tr_11665_1st_13484.csv,Exathlon,POLY,Exathlon,0.3383966554327336,0.2856122646634518,0.2948609524649662,0.2800862115077278,0.0527843907692818,0.0435357029677674,0.0583104439250058,0.005526053155724,0.1,0.1,0.1,46660,2928,CDU-protocol-fast-v1,0.8030991473332476
827_Exathlon_id_18_Facility_tr_10766_1st_12590.csv,Exathlon,POLY,Exathlon,0.5910589381462512,0.4367697206179154,0.5062053864920321,0.4279499278093826,0.1542892175283358,0.0848535516542191,0.1631090103368686,0.0088197928085327,0.1,0.1,0.1,43066,5437,CDU-protocol-fast-v1,0.9654072684369012
828_Exathlon_id_19_Facility_tr_11663_1st_13482.csv,Exathlon,POLY,Exathlon,0.3401291997647747,0.3021399170343675,0.2972418071633837,0.297327039118869,0.0379892827304071,0.0428873926013909,0.0428021606459056,0.0048128779154984,0.1,0.1,0.1,46655,2948,CDU-protocol-fast-v1,0.7566734248709451
829_Exathlon_id_20_Facility_tr_10766_1st_12590.csv,Exathlon,POLY,Exathlon,0.5910589381462512,0.447824080505201,0.5137674469711491,0.4414834136219738,0.1432348576410502,0.0772914911751021,0.1495755245242773,0.0063406668832271,0.1,0.1,0.1,43066,5437,CDU-protocol-fast-v1,0.7028617687045311
830_Exathlon_id_21_Facility_tr_10766_1st_12590.csv,Exathlon,POLY,Exathlon,0.5910589381462512,0.5471087903381027,0.5182100045362046,0.5432871149975921,0.0439501478081485,0.0728489336100466,0.0477718231486591,0.0038216753405105,0.1,0.1,0.1,43066,5437,CDU-protocol-fast-v1,0.7764878229354976
831_Exathlon_id_22_Facility_tr_11665_1st_13484.csv,Exathlon,POLY,Exathlon,0.3383966554327336,0.2856122646634518,0.2948609524649662,0.2800862115077278,0.0527843907692818,0.0435357029677674,0.0583104439250058,0.005526053155724,0.1,0.1,0.1,46660,2928,CDU-protocol-fast-v1,0.8030991473332476
832_Exathlon_id_23_Facility_tr_10766_1st_12590.csv,Exathlon,POLY,Exathlon,0.5910589381462512,0.447824080505201,0.5137674469711491,0.4414834136219738,0.1432348576410502,0.0772914911751021,0.1495755245242773,0.0063406668832271,0.1,0.1,0.1,43066,5437,CDU-protocol-fast-v1,0.7028617687045311
833_Exathlon_id_24_Facility_tr_10766_1st_12590.csv,Exathlon,POLY,Exathlon,0.5910589381462512,0.3949622386184044,0.503771524270885,0.3845519555679359,0.1960966995278468,0.0872874138753662,0.2065069825783153,0.0104102830504684,0.1,0.1,0.1,43066,5437,CDU-protocol-fast-v1,0.9988678425769828
834_Exathlon_id_25_Facility_tr_11665_1st_13484.csv,Exathlon,POLY,Exathlon,0.3383966554327336,0.2856122646634518,0.2948609524649662,0.2800862115077278,0.0527843907692818,0.0435357029677674,0.0583104439250058,0.005526053155724,0.1,0.1,0.1,46660,2928,CDU-protocol-fast-v1,0.8030991473332476
835_Exathlon_id_26_Facility_tr_10766_1st_12590.csv,Exathlon,POLY,Exathlon,0.5910589381462512,0.6540245625665059,0.5647563768745861,0.6604017862768922,-0.0629656244202546,0.026302561271665,-0.0693428481306409,-0.0063772237103862,0.1,0.1,0.1,43066,5437,CDU-protocol-fast-v1,0.2447555980124622
836_Exathlon_id_27_Facility_tr_10766_1st_12590.csv,Exathlon,POLY,Exathlon,0.5910589381462512,0.3949622386184044,0.503771524270885,0.3845519555679359,0.1960966995278468,0.0872874138753662,0.2065069825783153,0.0104102830504684,0.1,0.1,0.1,43066,5437,CDU-protocol-fast-v1,0.9988678425769828
837_Exathlon_id_28_Facility_tr_8898_1st_8998.csv,Exathlon,POLY,Exathlon,0.4205924877163967,0.4659297475088861,0.3661933739074503,0.4192492984392282,-0.0453372597924894,0.0543991138089463,0.0013431892771684,0.0466804490696579,0.1,0.1,0.1,46650,3891,CDU-protocol-fast-v1,0.6015657671145508
838_Exathlon_id_29_Facility_tr_10766_1st_12590.csv,Exathlon,POLY,Exathlon,0.5910589381462512,0.5907887612902277,0.5318277348355278,0.5865296316569931,0.0002701768560234,0.0592312033107234,0.004529306489258,0.0042591296332346,0.1,0.1,0.1,43066,5437,CDU-protocol-fast-v1,0.4217654222789477
839_Exathlon_id_30_Facility_tr_10766_1st_12590.csv,Exathlon,POLY,Exathlon,0.5910589381462512,0.447824080505201,0.5137674469711491,0.4414834136219738,0.1432348576410502,0.0772914911751021,0.1495755245242773,0.0063406668832271,0.1,0.1,0.1,43066,5437,CDU-protocol-fast-v1,0.7028617687045311
840_Exathlon_id_31_Facility_tr_10766_1st_12590.csv,Exathlon,POLY,Exathlon,0.5910589381462512,0.4367697206179154,0.5062053864920321,0.4279499278093826,0.1542892175283358,0.0848535516542191,0.1631090103368686,0.0088197928085327,0.1,0.1,0.1,43066,5437,CDU-protocol-fast-v1,0.9654072684369012
841_Exathlon_id_32_Facility_tr_11663_1st_13482.csv,Exathlon,POLY,Exathlon,0.3401291997647747,0.2352715670401938,0.2947256529488871,0.2305162381027488,0.1048576327245808,0.0454035468158875,0.1096129616620258,0.0047553289374449,0.1,0.1,0.1,46655,2948,CDU-protocol-fast-v1,0.8119187675309304
842_OPPORTUNITY_id_1_HumanActivity_tr_7295_1st_27516.csv,OPPORTUNITY,POLY,OPPORTUNITY,0.1361741528429222,0.1560156124175955,0.1451768630520612,0.1579489290287457,-0.0198414595746733,-0.009002710209139,-0.0217747761858235,-0.0019333166111502,0.1,0.1,0.1,29182,330,CDU-protocol-fast-v1,0.0088374832081123
843_OPPORTUNITY_id_2_HumanActivity_tr_808_1st_908.csv,OPPORTUNITY,POLY,OPPORTUNITY,0.5871383142152801,0.7917259023505411,0.6646813085467792,0.8014018866674938,-0.204587588135261,-0.0775429943314991,-0.2142635724522137,-0.0096759843169527,0.1,0.1,0.1,9057,1142,CDU-protocol-fast-v1,0.1533874331939786
844_OPPORTUNITY_id_3_HumanActivity_tr_500_1st_566.csv,OPPORTUNITY,POLY,OPPORTUNITY,0.3344604207133003,0.359826741030982,0.3386436175761484,0.3596281951921146,-0.0253663203176817,-0.0041831968628481,-0.0251677744788143,0.0001985458388673,0.1,0.1,0.1,15653,967,CDU-protocol-fast-v1,0.0730831277685819
845_OPPORTUNITY_id_4_HumanActivity_tr_7295_1st_27516.csv,OPPORTUNITY,POLY,OPPORTUNITY,0.1361741528429222,0.1554119769111372,0.1474920109112662,0.1598006411632927,-0.019237824068215,-0.011317858068344,-0.0236264883203705,-0.0043886642521555,0.1,0.1,0.1,29182,330,CDU-protocol-fast-v1,0.007224741656609
846_OPPORTUNITY_id_5_HumanActivity_tr_2085_1st_2185.csv,OPPORTUNITY,POLY,OPPORTUNITY,0.2365509154601663,0.3009542656110027,0.2586673350708657,0.3063818394864002,-0.0644033501508364,-0.0221164196106994,-0.0698309240262338,-0.0054275738753974,0.1,0.1,0.1,22194,818,CDU-protocol-fast-v1,0.0320735295165128
847_OPPORTUNITY_id_6_HumanActivity_tr_808_1st_908.csv,OPPORTUNITY,POLY,OPPORTUNITY,0.5871383142152801,0.8632380219754142,0.6955527409310228,0.8757424861112625,-0.2760997077601341,-0.1084144267157427,-0.2886041718959824,-0.0125044641358482,0.1,0.1,0.1,9057,1142,CDU-protocol-fast-v1,0.075795181881748
848_OPPORTUNITY_id_7_HumanActivity_tr_1477_1st_1577.csv,OPPORTUNITY,POLY,OPPORTUNITY,0.1781275678879195,0.1663103770423931,0.1722198589305768,0.1678192987201167,0.0118171908455264,0.0059077089573426,0.0103082691678027,-0.0015089216777236,0.1,0.1,0.1,18011,396,CDU-protocol-fast-v1,0.0494569863317288
849_OPPORTUNITY_id_8_HumanActivity_tr_1100_1st_1200.csv,OPPORTUNITY,POLY,OPPORTUNITY,0.1877099177944515,0.2074945180166798,0.201053987273516,0.2130059138031274,-0.0197846002222283,-0.0133440694790645,-0.0252959960086759,-0.0055113957864476,0.1,0.1,0.1,24892,608,CDU-protocol-fast-v1,0.0735619823821727
850_OPPORTUNITY_id_9_HumanActivity_tr_895_1st_995.csv,OPPORTUNITY,POLY,OPPORTUNITY,0.2084048165942393,0.2201727948202856,0.2057146819452499,0.2198482635059346,-0.0117679782260463,0.0026901346489894,-0.0114434469116953,0.0003245313143509,0.1,0.1,0.1,14751,438,CDU-protocol-fast-v1,0.0639186800277585
851_OPPORTUNITY_id_10_HumanActivity_tr_6213_1st_7311.csv,OPPORTUNITY,POLY,OPPORTUNITY,0.2296003845866163,0.3405770580164143,0.2663676151272136,0.3468614932020365,-0.110976673429798,-0.0367672305405972,-0.1172611086154202,-0.0062844351856222,0.1,0.1,0.1,24852,872,CDU-protocol-fast-v1,0.0234507553374358
853_OPPORTUNITY_id_12_HumanActivity_tr_808_1st_908.csv,OPPORTUNITY,POLY,OPPORTUNITY,0.5871383142152801,0.8985644465983316,0.7103581620461086,0.91275785892948,-0.3114261323830515,-0.1232198478308285,-0.3256195447141998,-0.0141934123311483,0.1,0.1,0.1,9057,1142,CDU-protocol-fast-v1,0.0751990486281824
854_OPPORTUNITY_id_13_HumanActivity_tr_1477_1st_1577.csv,OPPORTUNITY,POLY,OPPORTUNITY,0.1781275678879195,0.177713748489127,0.1847872601954057,0.1811233825603111,0.0004138193987925,-0.0066596923074861,-0.0029958146723916,-0.0034096340711841,0.1,0.1,0.1,18011,396,CDU-protocol-fast-v1,0.0328918968045233
855_OPPORTUNITY_id_14_HumanActivity_tr_808_1st_908.csv,OPPORTUNITY,POLY,OPPORTUNITY,0.5871383142152801,0.850462249982976,0.68537340385476,0.8577513705588565,-0.2633239357676959,-0.0982350896394799,-0.2706130563435764,-0.0072891205758804,0.1,0.1,0.1,9057,1142,CDU-protocol-fast-v1,0.0891685415641425
856_OPPORTUNITY_id_15_HumanActivity_tr_808_1st_908.csv,OPPORTUNITY,POLY,OPPORTUNITY,0.5871383142152801,0.8821147358487812,0.6999595576533352,0.8954907528118141,-0.2949764216335011,-0.1128212434380551,-0.308352438596534,-0.0133760169630329,0.1,0.1,0.1,9057,1142,CDU-protocol-fast-v1,0.0774973377762331
857_OPPORTUNITY_id_16_HumanActivity_tr_500_1st_566.csv,OPPORTUNITY,POLY,OPPORTUNITY,0.3344604207133003,0.4337740256159521,0.2876001093109963,0.398064713833655,-0.0993136049026517,0.0468603114023039,-0.0636042931203547,0.035709311782297,0.1,0.1,0.1,15653,967,CDU-protocol-fast-v1,0.3992779396041294
858_OPPORTUNITY_id_17_HumanActivity_tr_808_1st_908.csv,OPPORTUNITY,POLY,OPPORTUNITY,0.5871383142152801,0.924768669751845,0.6961238628334687,0.9328391533004982,-0.3376303555365649,-0.1089855486181886,-0.3457008390852181,-0.0080704835486531,0.1,0.1,0.1,9057,1142,CDU-protocol-fast-v1,0.0873468558836255
859_OPPORTUNITY_id_18_HumanActivity_tr_895_1st_995.csv,OPPORTUNITY,POLY,OPPORTUNITY,0.2084048165942393,0.231208047481942,0.2239349109576613,0.2363324596397102,-0.0228032308877026,-0.015530094363422,-0.0279276430454709,-0.0051244121577682,0.1,0.1,0.1,14751,438,CDU-protocol-fast-v1,0.0276947748331634
860_OPPORTUNITY_id_19_HumanActivity_tr_808_1st_908.csv,OPPORTUNITY,POLY,OPPORTUNITY,0.5871383142152801,0.8533380355622447,0.7035424456527372,0.8661629652095254,-0.2661997213469647,-0.116404131437457,-0.2790246509942453,-0.0128249296472806,0.1,0.1,0.1,9057,1142,CDU-protocol-fast-v1,0.0779156666318349
861_OPPORTUNITY_id_20_HumanActivity_tr_2085_1st_2185.csv,OPPORTUNITY,POLY,OPPORTUNITY,0.2365509154601663,0.2669523683629944,0.258951980337955,0.2749806490991677,-0.0304014529028281,-0.0224010648777887,-0.0384297336390014,-0.0080282807361733,0.1,0.1,0.1,22194,818,CDU-protocol-fast-v1,0.0419203964735332
862_OPPORTUNITY_id_21_HumanActivity_tr_500_1st_566.csv,OPPORTUNITY,POLY,OPPORTUNITY,0.3344604207133003,0.4067945500712892,0.3383276763460625,0.3977889468106159,-0.0723341293579888,-0.0038672556327621,-0.0633285260973156,0.0090056032606732,0.1,0.1,0.1,15653,967,CDU-protocol-fast-v1,0.1601779596742846
863_OPPORTUNITY_id_22_HumanActivity_tr_808_1st_908.csv,OPPORTUNITY,POLY,OPPORTUNITY,0.5871383142152801,0.8387032793027022,0.7021456455849786,0.855146469318403,-0.2515649650874221,-0.1150073313696985,-0.2680081551031229,-0.0164431900157008,0.1,0.1,0.1,9057,1142,CDU-protocol-fast-v1,0.0767155326881451
865_OPPORTUNITY_id_24_HumanActivity_tr_2085_1st_2185.csv,OPPORTUNITY,POLY,OPPORTUNITY,0.2365509154601663,0.2672391635365892,0.2527606818271993,0.2716420123665899,-0.0306882480764229,-0.016209766367033,-0.0350910969064236,-0.0044028488300006,0.1,0.1,0.1,22194,818,CDU-protocol-fast-v1,0.0721978005347564
866_OPPORTUNITY_id_25_HumanActivity_tr_6213_1st_7311.csv,OPPORTUNITY,POLY,OPPORTUNITY,0.2296003845866163,0.3173672055964974,0.2463523784991928,0.3158667240884628,-0.087766821009881,-0.0167519939125765,-0.0862663395018464,0.0015004815080346,0.1,0.1,0.1,24852,872,CDU-protocol-fast-v1,0.04530046582786
867_OPPORTUNITY_id_26_HumanActivity_tr_808_1st_908.csv,OPPORTUNITY,POLY,OPPORTUNITY,0.5871383142152801,0.9450234805858582,0.6652619731091977,0.9362532875238528,-0.3578851663705781,-0.0781236588939175,-0.3491149733085728,0.0087701930620053,0.1,0.1,0.1,9057,1142,CDU-protocol-fast-v1,0.1052524748525184
868_OPPORTUNITY_id_27_HumanActivity_tr_2085_1st_2185.csv,OPPORTUNITY,POLY,OPPORTUNITY,0.2365509154601663,0.2875607068096743,0.262369848550908,0.2938300751402981,-0.051009791349508,-0.0258189330907417,-0.0572791596801318,-0.0062693683306238,0.1,0.1,0.1,22194,818,CDU-protocol-fast-v1,0.0275974004714475
869_OPPORTUNITY_id_28_HumanActivity_tr_500_1st_566.csv,OPPORTUNITY,POLY,OPPORTUNITY,0.3344604207133003,0.4593897499875343,0.2794410321861882,0.4171227293266321,-0.124929329274234,0.055019388527112,-0.0826623086133317,0.0422670206609022,0.1,0.1,0.1,15653,967,CDU-protocol-fast-v1,0.5779053191369881
870_OPPORTUNITY_id_29_HumanActivity_tr_1477_1st_1577.csv,OPPORTUNITY,POLY,OPPORTUNITY,0.1781275678879195,0.1837525974478287,0.1758145178301554,0.1854209183662567,-0.0056250295599092,0.002313050057764,-0.0072933504783372,-0.001668320918428,0.1,0.1,0.1,18011,396,CDU-protocol-fast-v1,0.1182113382276148
001_NAB_id_1_Facility_tr_1007_1st_2014.csv,NAB,MOMENT_FT,NAB,0.4271930261014086,0.4049530644436562,0.3965870109799516,0.4045400638362103,0.0222399616577523,0.0306060151214569,0.0226529622651983,0.0004130006074459,0.1,0.1,0.1,4031,343,CDU-protocol-fast-v1,0.5736447297466246
002_NAB_id_2_WebService_tr_1500_1st_4106.csv,NAB,MOMENT_FT,NAB,0.5109811005857584,0.5019596616707005,0.5271848521954678,0.5031157150803155,0.0090214389150579,-0.0162037516097094,0.0078653855054429,-0.0011560534096149,0.1,0.1,0.1,6000,637,CDU-protocol-fast-v1,0.3404999522369663
005_NAB_id_5_Traffic_tr_594_1st_1645.csv,NAB,MOMENT_FT,NAB,0.4866326352417378,0.4225410306074325,0.5041398004410048,0.4238541046788938,0.0640916046343053,-0.017507165199267,0.0627785305628439,-0.0013130740714613,0.1,0.1,0.1,2379,238,CDU-protocol-fast-v1,0.1271644395934373
006_NAB_id_6_Traffic_tr_2579_1st_5839.csv,NAB,MOMENT_FT,NAB,0.4857335332016683,0.5030185169729929,0.5163957184093471,0.5024977140301544,-0.0172849837713246,-0.0306621852076787,-0.0167641808284861,0.0005208029428385,0.1,0.1,0.1,10319,1030,CDU-protocol-fast-v1,0.0970689942411475
008_NAB_id_8_Synthetic_tr_1007_1st_2734.csv,NAB,MOMENT_FT,NAB,0.4853806728505995,0.3491487638325485,0.4490647377525075,0.3479236501609544,0.136231909018051,0.0363159350980919,0.137457022689645,0.001225113671594,0.1,0.1,0.1,4031,402,CDU-protocol-fast-v1,0.7932916166327708
009_NAB_id_9_Traffic_tr_500_1st_438.csv,NAB,MOMENT_FT,NAB,0.4862815616001811,0.4577284733710112,0.4724096858451919,0.4583564199932396,0.0285530882291699,0.0138718757549892,0.0279251416069414,-0.0006279466222284,0.1,0.1,0.1,2161,216,CDU-protocol-fast-v1,0.2519358860273319
010_NAB_id_10_WebService_tr_500_1st_271.csv,NAB,MOMENT_FT,NAB,0.6772894492172364,0.6757135752540563,0.592757138258692,0.6712729662438072,0.0015758739631801,0.0845323109585444,0.0060164829734292,0.0044406090102491,0.1,0.1,0.1,1000,148,CDU-protocol-fast-v1,0.980362643940546
011_NAB_id_11_Facility_tr_1007_1st_1526.csv,NAB,MOMENT_FT,NAB,0.5563893265106291,0.4704058326094067,0.5119046607519748,0.4700645507463488,0.0859834939012224,0.0444846657586542,0.0863247757642802,0.0003412818630578,0.1,0.1,0.1,4031,474,CDU-protocol-fast-v1,0.7140585386934104
013_NAB_id_13_Traffic_tr_623_1st_2084.csv,NAB,MOMENT_FT,NAB,0.4842338922682348,0.3962528349165996,0.4392334374279015,0.3939364166509653,0.0879810573516352,0.0450004548403332,0.0902974756172695,0.0023164182656342,0.1,0.1,0.1,2494,248,CDU-protocol-fast-v1,0.7534118135886859
014_NAB_id_14_WebService_tr_500_1st_1045.csv,NAB,MOMENT_FT,NAB,0.4820684243308183,0.4939130394542483,0.4768773956597193,0.4944157507593908,-0.0118446151234299,0.0051910286710989,-0.0123473264285725,-0.0005027113051425,0.1,0.1,0.1,1537,152,CDU-protocol-fast-v1,0.4736821124127869
015_NAB_id_15_Synthetic_tr_1007_1st_2787.csv,NAB,MOMENT_FT,NAB,0.5948523472431452,0.7760293975346706,0.6134245727390598,0.7763748247281738,-0.1811770502915254,-0.0185722254959146,-0.1815224774850286,-0.0003454271935031,0.1,0.1,0.1,4031,513,CDU-protocol-fast-v1,0.1392378884272252
016_NAB_id_16_Environment_tr_1816_1st_3540.csv,NAB,MOMENT_FT,NAB,0.4850429707481395,0.4376926895900296,0.4767153557563472,0.437771357711168,0.0473502811581099,0.0083276149917922,0.0472716130369714,-7.866812113843658e-05,0.1,0.1,0.1,7266,724,CDU-protocol-fast-v1,0.1646099749429124
017_NAB_id_17_Synthetic_tr_1007_1st_1805.csv,NAB,MOMENT_FT,NAB,0.4853806728505994,0.5534003198707411,0.4842518486392729,0.5503054974559971,-0.0680196470201417,0.0011288242113264,-0.0649248246053977,0.003094822414744,0.1,0.1,0.1,4031,402,CDU-protocol-fast-v1,0.2874951550534379
018_NAB_id_18_Facility_tr_500_1st_669.csv,NAB,MOMENT_FT,NAB,0.4862541770224173,0.5522336731389618,0.4963329446889938,0.5526030021737297,-0.0659794961165444,-0.0100787676665765,-0.0663488251513124,-0.0003693290347679,0.1,0.1,0.1,1881,188,CDU-protocol-fast-v1,0.1378074861036711
019_NAB_id_19_Facility_tr_1007_1st_1171.csv,NAB,MOMENT_FT,NAB,0.483408210248932,0.4719329833680825,0.4559281947261253,0.4719486273985254,0.0114752268808495,0.0274800155228067,0.0114595828504066,-1.5644030442907297e-05,0.1,0.1,0.1,4031,400,CDU-protocol-fast-v1,0.3654123833983951
020_NAB_id_20_Synthetic_tr_1007_1st_2679.csv,NAB,MOMENT_FT,NAB,0.7013653277331897,0.8742667449843253,0.7303919793471543,0.8732890399011158,-0.1729014172511356,-0.0290266516139645,-0.1719237121679261,0.0009777050832094,0.1,0.1,0.1,4031,621,CDU-protocol-fast-v1,0.1557752504904665
022_NAB_id_22_Facility_tr_1007_1st_2980.csv,NAB,MOMENT_FT,NAB,0.6017559663489813,0.4471628834985517,0.5401605735866944,0.4444669082695342,0.1545930828504296,0.0615953927622868,0.1572890580794471,0.0026959752290174,0.1,0.1,0.1,4031,520,CDU-protocol-fast-v1,0.725446962688529
023_NAB_id_23_Facility_tr_4512_1st_16551.csv,NAB,MOMENT_FT,NAB,0.4188672974141275,0.4009310411488355,0.4070668317955834,0.3960770828560043,0.0179362562652919,0.011800465618544,0.0227902145581231,0.0048539582928311,0.1,0.1,0.1,18049,1498,CDU-protocol-fast-v1,0.1711511758583738
024_NAB_id_24_Synthetic_tr_1007_1st_2787.csv,NAB,MOMENT_FT,NAB,0.5948523472431452,0.5576899651953611,0.5976633092055122,0.5572106537122319,0.0371623820477841,-0.002810961962367,0.0376416935309132,0.0004793114831291,0.1,0.1,0.1,4031,513,CDU-protocol-fast-v1,0.3935694743063985
025_NAB_id_25_WebService_tr_3958_1st_4614.csv,NAB,MOMENT_FT,NAB,0.4856619904702664,0.5141484620284618,0.4896291762315924,0.5147166339407383,-0.0284864715581953,-0.003967185761326,-0.0290546434704718,-0.0005681719122765,0.1,0.1,0.1,15832,1580,CDU-protocol-fast-v1,0.1863239147249406
026_NAB_id_26_Traffic_tr_624_1st_2261.csv,NAB,MOMENT_FT,NAB,0.4675345826450365,0.3812191677117147,0.4483694187785492,0.3781873548557217,0.0863154149333217,0.0191651638664872,0.0893472277893147,0.0030318128559929,0.1,0.1,0.1,2499,238,CDU-protocol-fast-v1,0.3884393502775917
027_NAB_id_27_Facility_tr_757_1st_2582.csv,NAB,MOMENT_FT,NAB,0.3512382483885998,0.2900068948565441,0.3314650275267479,0.289537795223557,0.0612313535320557,0.0197732208618518,0.0617004531650428,0.000469099632987,0.1,0.1,0.1,3031,200,CDU-protocol-fast-v1,0.4181884200350805
028_NAB_id_28_Facility_tr_1007_1st_3447.csv,NAB,MOMENT_FT,NAB,0.5129951492739443,0.4682624740937041,0.49035729960037,0.4686716287103019,0.0447326751802402,0.0226378496735742,0.0443235205636423,-0.0004091546165978,0.1,0.1,0.1,4031,430,CDU-protocol-fast-v1,0.398836049004482
032_WSD_id_4_WebService_tr_4559_1st_11822.csv,WSD,MOMENT_FT,WSD,0.1075299854438183,0.1116774515005216,0.1056608816261782,0.1108445244747506,-0.0041474660567032,0.00186910381764,-0.0033145390309323,0.0008329270257709,0.1,0.1,0.1,10686,32,CDU-protocol-fast-v1,0.5077566530696874
039_WSD_id_11_WebService_tr_1746_1st_1846.csv,WSD,MOMENT_FT,WSD,0.123945251401589,0.117165915369355,0.1190920632797964,0.1167682025367946,0.006779336032234,0.0048531881217925,0.0071770488647943,0.0003977128325603,0.1,0.1,0.1,18219,132,CDU-protocol-fast-v1,0.7994841977120353
040_WSD_id_12_WebService_tr_4559_1st_9714.csv,WSD,MOMENT_FT,WSD,0.1046479863466841,0.1124326024770673,0.103611319407636,0.1121982941289121,-0.0077846161303831,0.001036666939048,-0.007550307782228,0.0002343083481551,0.1,0.1,0.1,18236,41,CDU-protocol-fast-v1,0.0194506104496184
043_WSD_id_15_WebService_tr_4521_1st_6828.csv,WSD,MOMENT_FT,WSD,0.097246602480544,0.102515453101583,0.0973083966183113,0.1023917747540821,-0.005268850621039,-6.179413776731535e-05,-0.0051451722735381,0.0001236783475008,0.1,0.1,0.1,18085,6,CDU-protocol-fast-v1,0.5937396233519836
049_WSD_id_21_WebService_tr_4297_1st_7097.csv,WSD,MOMENT_FT,WSD,0.1029301495095835,0.104141769354132,0.1021228352927289,0.1042378758574356,-0.0012116198445484,0.0008073142168545,-0.0013077263478521,-9.61065033036751e-05,0.1,0.1,0.1,17189,31,CDU-protocol-fast-v1,0.1819413743224018
054_WSD_id_26_WebService_tr_2409_1st_2509.csv,WSD,MOMENT_FT,WSD,0.1098244691869262,0.1131182814548376,0.1075776272440523,0.1129392819257392,-0.0032938122679113,0.0022468419428738,-0.003114812738813,0.0001789995290983,0.1,0.1,0.1,18391,66,CDU-protocol-fast-v1,0.709548703897674
058_WSD_id_30_WebService_tr_1136_1st_1236.csv,WSD,MOMENT_FT,WSD,0.0976595358796754,0.1041579276002816,0.0976415596734647,0.1041591752918852,-0.0064983917206062,1.7976206210634782e-05,-0.0064996394122098,-1.247691603659118e-06,0.1,0.1,0.1,18236,8,CDU-protocol-fast-v1,0.1524725180122708
060_WSD_id_32_WebService_tr_4576_1st_4766.csv,WSD,MOMENT_FT,WSD,0.1174846082653973,0.1171885962943928,0.1138196922321984,0.1167508054072349,0.0002960119710045,0.0036649160331988,0.0007338028581623,0.0004377908871578,0.1,0.1,0.1,18305,102,CDU-protocol-fast-v1,0.3583711144560287
068_WSD_id_40_WebService_tr_4549_1st_13322.csv,WSD,MOMENT_FT,WSD,0.1021198938700692,0.1071976929509372,0.1022456742931329,0.1065668032567655,-0.005077799080868,-0.0001257804230637,-0.0044469093866963,0.0006308896941716,0.1,0.1,0.1,18197,29,CDU-protocol-fast-v1,0.1407317997745054
074_WSD_id_46_WebService_tr_990_1st_1090.csv,WSD,MOMENT_FT,WSD,0.1573790216886592,0.1352386893013269,0.1468593037140243,0.1346863079521419,0.0221403323873322,0.0105197179746348,0.0226927137365172,0.0005523813491849,0.1,0.1,0.1,18236,290,CDU-protocol-fast-v1,0.3513456102704925
089_WSD_id_61_WebService_tr_1010_1st_1110.csv,WSD,MOMENT_FT,WSD,0.1493653476999775,0.128044486996481,0.1402056211106585,0.1276768042403302,0.0213208607034965,0.0091597265893189,0.0216885434596472,0.0003676827561507,0.1,0.1,0.1,17429,241,CDU-protocol-fast-v1,0.8148194570061751
094_WSD_id_66_WebService_tr_3309_1st_3914.csv,WSD,MOMENT_FT,WSD,0.1061765244045372,0.1079952254932525,0.1045737190030023,0.107541852132366,-0.0018187010887152,0.0016028054015349,-0.0013653277278288,0.0004533733608864,0.1,0.1,0.1,13237,35,CDU-protocol-fast-v1,0.7429474164717638
099_WSD_id_71_WebService_tr_4559_1st_14411.csv,WSD,MOMENT_FT,WSD,0.1046479863466841,0.111021903213316,0.1033130647807964,0.1102106696392684,-0.0063739168666318,0.0013349215658876,-0.0055626832925843,0.0008112335740475,0.1,0.1,0.1,18236,41,CDU-protocol-fast-v1,0.5865456092323108
106_WSD_id_78_WebService_tr_3363_1st_3463.csv,WSD,MOMENT_FT,WSD,0.1427668070758227,0.1281631660111524,0.1343953377142153,0.127609374294513,0.0146036410646702,0.0083714693616073,0.0151574327813096,0.0005537917166393,0.1,0.1,0.1,18236,221,CDU-protocol-fast-v1,0.8871730534561648
113_WSD_id_85_WebService_tr_500_1st_335.csv,WSD,MOMENT_FT,WSD,0.1198876437419788,0.1188265995285171,0.1157796521533178,0.1185035088747709,0.0010610442134617,0.0041079915886609,0.0013841348672078,0.0003230906537461,0.1,0.1,0.1,18242,113,CDU-protocol-fast-v1,0.7914020601887954
117_WSD_id_89_WebService_tr_3251_1st_3351.csv,WSD,MOMENT_FT,WSD,0.0966728392159828,0.1038122200571789,0.0968408267140265,0.1037449391447328,-0.0071393808411961,-0.0001679874980437,-0.00707209992875,6.728091244602441e-05,0.1,0.1,0.1,16376,3,CDU-protocol-fast-v1,0.0823073371179383
125_WSD_id_97_WebService_tr_2217_1st_2317.csv,WSD,MOMENT_FT,WSD,0.1302459870741442,0.1302520570592606,0.1243417492806829,0.129681565241975,-6.069985116402554e-06,0.0059042377934612,0.0005644218321691,0.0005704918172855,0.1,0.1,0.1,18250,162,CDU-protocol-fast-v1,0.3939456174750209
130_WSD_id_102_WebService_tr_2362_1st_2462.csv,WSD,MOMENT_FT,WSD,0.1372607551927249,0.1338780040566449,0.1299782338361971,0.1333295197736819,0.0033827511360799,0.0072825213565277,0.0039312354190429,0.0005484842829629,0.1,0.1,0.1,18236,195,CDU-protocol-fast-v1,0.5644194789573025
137_WSD_id_109_WebService_tr_4559_1st_14404.csv,WSD,MOMENT_FT,WSD,0.108459868419598,0.1147442587137088,0.106407968090778,0.1139741479867406,-0.0062843902941108,0.0020519003288199,-0.0055142795671426,0.0007701107269681,0.1,0.1,0.1,18236,59,CDU-protocol-fast-v1,0.6413397244862362
139_WSD_id_111_WebService_tr_1701_1st_1801.csv,WSD,MOMENT_FT,WSD,0.1142441227835626,0.1124211147084028,0.1118193723409718,0.1121922612839707,0.0018230080751597,0.0024247504425907,0.0020518614995918,0.000228853424432,0.1,0.1,0.1,18381,87,CDU-protocol-fast-v1,0.7014454844419321
140_MSL_id_1_Sensor_tr_530_1st_630.csv,MSL,MOMENT_FT,MSL,0.2873686381761706,0.3059045243505106,0.2728672577412177,0.2954664282353144,-0.0185358861743399,0.0145013804349528,-0.0080977900591437,0.0104380961151961,0.1,0.1,0.1,2430,121,CDU-protocol-fast-v1,0.6085142898687331
141_MSL_id_2_Sensor_tr_500_1st_550.csv,MSL,MOMENT_FT,MSL,0.6332567791885708,0.6388590499559477,0.5891557938566114,0.6368278241627011,-0.0056022707673768,0.0441009853319593,-0.0035710449741302,0.0020312257932465,0.1,0.1,0.1,2264,312,CDU-protocol-fast-v1,0.511351530601938
143_MSL_id_4_Sensor_tr_980_1st_3550.csv,MSL,MOMENT_FT,MSL,0.2429866472843507,0.1940817129302176,0.2214275784266646,0.1935845659152021,0.0489049343541331,0.021559068857686,0.0494020813691485,0.0004971470150154,0.1,0.1,0.1,3922,151,CDU-protocol-fast-v1,0.8478272637181471
144_MSL_id_5_Sensor_tr_1525_1st_4590.csv,MSL,MOMENT_FT,MSL,0.1760790536021126,0.169985411306579,0.1835345720779606,0.1697831752126202,0.0060936422955336,-0.007455518475848,0.0062958783894923,0.0002022360939587,0.1,0.1,0.1,6100,131,CDU-protocol-fast-v1,0.0220120188570914
145_MSL_id_6_Sensor_tr_530_1st_630.csv,MSL,MOMENT_FT,MSL,0.2873686381761706,0.2761726888593286,0.263990634208401,0.2751421174249253,0.0111959493168419,0.0233780039677695,0.0122265207512453,0.0010305714344033,0.1,0.1,0.1,2430,121,CDU-protocol-fast-v1,0.3313600205793151
147_MSL_id_8_Sensor_tr_590_1st_690.csv,MSL,MOMENT_FT,MSL,0.4992263389006856,0.3907201765619901,0.4581796484486065,0.3899044551459162,0.1085061623386954,0.041046690452079,0.1093218837547693,0.0008157214160738,0.1,0.1,0.1,2430,252,CDU-protocol-fast-v1,0.5828662253204921
148_MSL_id_9_Sensor_tr_883_1st_1238.csv,MSL,MOMENT_FT,MSL,0.3451521701195715,0.2882097530028368,0.3083809615813563,0.2866851427195724,0.0569424171167347,0.0367712085382151,0.058467027399999,0.0015246102832643,0.1,0.1,0.1,3535,228,CDU-protocol-fast-v1,0.8192028899190354
149_Stock_id_1_Finance_tr_500_1st_7.csv,Stock,MOMENT_FT,Stock,0.2842191306939363,0.2454306815710683,0.2790373215626034,0.2454322165793499,0.0387884491228679,0.0051818091313328,0.0387869141145863,-1.535008281677852e-06,0.1,0.1,0.1,20000,981,CDU-protocol-fast-v1,0.8832091664220418
151_Stock_id_3_Finance_tr_500_1st_62.csv,Stock,MOMENT_FT,Stock,0.2828372009833035,0.2527133972023364,0.2784721452547096,0.2525533693027917,0.0301238037809671,0.0043650557285938,0.0302838316805117,0.0001600278995446,0.1,0.1,0.1,10000,487,CDU-protocol-fast-v1,0.8886410276958322
155_Stock_id_7_Finance_tr_500_1st_18.csv,Stock,MOMENT_FT,Stock,0.2826397824532131,0.2421855532885009,0.2771462458197473,0.2421099512643618,0.0404542291647122,0.0054935366334658,0.0405298311888512,7.56020241390043e-05,0.1,0.1,0.1,20000,973,CDU-protocol-fast-v1,0.9458034427319058
156_Stock_id_8_Finance_tr_500_1st_24.csv,Stock,MOMENT_FT,Stock,0.2820475268629419,0.2562301892201621,0.2762548520319196,0.2558066212745298,0.0258173376427797,0.0057926748310222,0.026240905588412,0.0004235679456322,0.1,0.1,0.1,10000,485,CDU-protocol-fast-v1,0.1959133258137459
160_Stock_id_12_Finance_tr_500_1st_14.csv,Stock,MOMENT_FT,Stock,0.2842191306939363,0.2453936984954448,0.2796096214394235,0.2453073129699832,0.0388254321984914,0.0046095092545127,0.038911817723953,8.638552546155753e-05,0.1,0.1,0.1,20000,981,CDU-protocol-fast-v1,0.7242108238544085
162_Stock_id_14_Finance_tr_500_1st_4.csv,Stock,MOMENT_FT,Stock,0.6354266957247445,0.5522324078821944,0.6292618876348022,0.5516692114954133,0.0831942878425501,0.0061648080899423,0.0837574842293312,0.0005631963867811,0.1,0.1,0.1,10000,1380,CDU-protocol-fast-v1,0.9543376057582172
165_Stock_id_17_Finance_tr_500_1st_7.csv,Stock,MOMENT_FT,Stock,0.6429285998681795,0.5576391440709365,0.6388593187540392,0.5578552751846262,0.085289455797243,0.0040692811141402,0.0850733246835533,-0.0002161311136896,0.1,0.1,0.1,20000,2798,CDU-protocol-fast-v1,0.9765469910782796
166_Stock_id_18_Finance_tr_500_1st_18.csv,Stock,MOMENT_FT,Stock,0.642731181338089,0.5600653335879421,0.6380113453143403,0.5600072426658202,0.0826658477501469,0.0047198360237487,0.0827239386722687,5.809092212183398e-05,0.1,0.1,0.1,20000,2797,CDU-protocol-fast-v1,0.8878715955523421
169_Daphnet_id_1_HumanActivity_tr_9693_1st_20732.csv,Daphnet,MOMENT_FT,Daphnet,0.3254223915528967,0.2368700903937531,0.2947030233530577,0.2357042200628276,0.0885523011591436,0.0307193681998389,0.089718171490069,0.0011658703309254,0.1,0.1,0.1,38774,2306,CDU-protocol-fast-v1,0.5135527372213281
170_MITDB_id_1_Medical_tr_17675_1st_17775.csv,MITDB,MOMENT_FT,MITDB,0.271582878822378,0.2887418738617924,0.2670700140111912,0.2879097148559516,-0.0171589950394143,0.0045128648111868,-0.0163268360335736,0.0008321590058407,0.1,0.1,0.1,500000,22845,CDU-protocol-fast-v1,0.0610640480837259
171_MITDB_id_2_Medical_tr_50000_1st_88864.csv,MITDB,MOMENT_FT,MITDB,0.211197624167007,0.1696606055995633,0.2024177746522284,0.1681204776780905,0.0415370185674436,0.0087798495147785,0.0430771464889164,0.0015401279214727,0.1,0.1,0.1,650000,19657,CDU-protocol-fast-v1,0.2546705788651064
172_MITDB_id_3_Medical_tr_27274_1st_27374.csv,MITDB,MOMENT_FT,MITDB,0.2018886191173119,0.2604056175074725,0.2086543536894264,0.2591059561255598,-0.0585169983901605,-0.0067657345721145,-0.0572173370082479,0.0012996613819126,0.1,0.1,0.1,650000,18109,CDU-protocol-fast-v1,0.024968799850559
173_MITDB_id_4_Medical_tr_13620_1st_13720.csv,MITDB,MOMENT_FT,MITDB,0.49398571361269,0.5355416748998293,0.5192646222234077,0.5371223823494677,-0.0415559612871392,-0.0252789086107177,-0.0431366687367777,-0.0015807074496384,0.1,0.1,0.1,650000,66682,CDU-protocol-fast-v1,0.1176205280662611
175_MITDB_id_6_Medical_tr_27274_1st_27374.csv,MITDB,MOMENT_FT,MITDB,0.2018886191173119,0.2007848397009577,0.2040657533929142,0.2011636161650365,0.0011037794163542,-0.0021771342756022,0.0007250029522753,-0.0003787764640788,0.1,0.1,0.1,650000,18109,CDU-protocol-fast-v1,0.0336478731846054
176_MITDB_id_7_Medical_tr_6232_1st_6332.csv,MITDB,MOMENT_FT,MITDB,0.3231402139603378,0.2623315432049894,0.3242492566526108,0.2623871435144721,0.0608086707553484,-0.001109042692273,0.0607530704458657,-5.560030948270622e-05,0.1,0.1,0.1,650000,38272,CDU-protocol-fast-v1,0.3676497149471096
177_MITDB_id_8_Medical_tr_17675_1st_17775.csv,MITDB,MOMENT_FT,MITDB,0.2561009450365638,0.2477174295812171,0.2508262101639788,0.2468833769563443,0.0083835154553466,0.0052747348725849,0.0092175680802194,0.0008340526248727,0.1,0.1,0.1,650000,27124,CDU-protocol-fast-v1,0.0610751775469366
178_SMD_id_1_Facility_tr_6000_1st_10609.csv,SMD,MOMENT_FT,SMD,0.1638312951952854,0.1537953957124617,0.1577444382710951,0.1535232065068471,0.0100358994828236,0.0060868569241902,0.0103080886884382,0.0002721892056145,0.1,0.1,0.1,24000,427,CDU-protocol-fast-v1,0.1341712180354387
179_SMD_id_2_Facility_tr_5925_1st_17580.csv,SMD,MOMENT_FT,SMD,0.1211528492406375,0.1171366726745031,0.1166632875235497,0.1168164967630342,0.0040161765661343,0.0044895617170877,0.0043363524776032,0.0003201759114688,0.1,0.1,0.1,23703,161,CDU-protocol-fast-v1,0.9737817258858424
180_SMD_id_3_Facility_tr_5925_1st_17580.csv,SMD,MOMENT_FT,SMD,0.1211528492406375,0.1100294495002292,0.1166612032967342,0.1088022868710071,0.0111233997404082,0.0044916459439032,0.0123505623696303,0.001227162629222,0.1,0.1,0.1,23703,161,CDU-protocol-fast-v1,0.9450778606949016
181_SMD_id_4_Facility_tr_5000_1st_15144.csv,SMD,MOMENT_FT,SMD,0.2709547640029155,0.2117561266938344,0.2432632130118568,0.2111727059085519,0.0591986373090811,0.0276915509910586,0.0597820580943636,0.0005834207852824,0.1,0.1,0.1,20000,908,CDU-protocol-fast-v1,0.6591631964029868
183_SMD_id_6_Facility_tr_5925_1st_17580.csv,SMD,MOMENT_FT,SMD,0.1211528492406375,0.1188709987924464,0.1166630967943329,0.1193315079204971,0.002281850448191,0.0044897524463045,0.0018213413201403,-0.0004605091280507,0.1,0.1,0.1,23703,161,CDU-protocol-fast-v1,0.97758516800432
184_SMD_id_7_Facility_tr_7119_1st_15849.csv,SMD,MOMENT_FT,SMD,0.4618409014875731,0.3905077706318494,0.4149913179741644,0.3885346826892635,0.0713331308557237,0.0468495835134086,0.0733062187983096,0.0019730879425858,0.1,0.1,0.1,28479,2694,CDU-protocol-fast-v1,0.6068046999874183
185_SMD_id_8_Facility_tr_5000_1st_15144.csv,SMD,MOMENT_FT,SMD,0.2709547640029155,0.2062684251945096,0.2435820625464316,0.2054074472963894,0.0646863388084059,0.0273727014564838,0.065547316706526,0.0008609778981201,0.1,0.1,0.1,20000,908,CDU-protocol-fast-v1,0.6869380626816003
187_SMD_id_10_Facility_tr_5000_1st_15849.csv,SMD,MOMENT_FT,SMD,0.5196700438303502,0.4536615152933103,0.501601270577565,0.4542565424443596,0.0660085285370399,0.0180687732527852,0.0654135013859905,-0.0005950271510493,0.1,0.1,0.1,20000,2190,CDU-protocol-fast-v1,0.405140385295424
188_SMD_id_11_Facility_tr_500_1st_392.csv,SMD,MOMENT_FT,SMD,0.2285381802882731,0.1818046186838234,0.2088926563757626,0.1793129349661878,0.0467335616044497,0.0196455239125104,0.0492252453220852,0.0024916837176355,0.1,0.1,0.1,23703,817,CDU-protocol-fast-v1,0.4650227413783587
189_SMD_id_12_Facility_tr_5925_1st_17580.csv,SMD,MOMENT_FT,SMD,0.1211528492406375,0.1190850138092801,0.1166645353079652,0.1187374875240724,0.0020678354313573,0.0044883139326723,0.0024153617165651,0.0003475262852077,0.1,0.1,0.1,23703,161,CDU-protocol-fast-v1,0.8972854840438024
190_SMD_id_13_Facility_tr_7119_1st_15849.csv,SMD,MOMENT_FT,SMD,0.4618409014875731,0.3919164966075203,0.4181697585372828,0.389927395990623,0.0699244048800528,0.0436711429502902,0.0719135054969501,0.0019891006168973,0.1,0.1,0.1,28479,2694,CDU-protocol-fast-v1,0.6807991718068968
191_SMD_id_14_Facility_tr_4596_1st_4696.csv,SMD,MOMENT_FT,SMD,0.119753404460246,0.1130077511720168,0.1155214144693692,0.1130322750048566,0.0067456532882292,0.0042319899908767,0.0067211294553893,-2.45238328398234e-05,0.1,0.1,0.1,22700,146,CDU-protocol-fast-v1,0.9410817995520686
192_SMD_id_15_Facility_tr_5925_1st_17580.csv,SMD,MOMENT_FT,SMD,0.1211528492406375,0.1188449945822097,0.1166645162287755,0.1191079266640871,0.0023078546584277,0.0044883330118619,0.0020449225765503,-0.0002629320818774,0.1,0.1,0.1,23703,161,CDU-protocol-fast-v1,0.8777136688238066
194_SMD_id_17_Facility_tr_5925_1st_17580.csv,SMD,MOMENT_FT,SMD,0.1211528492406375,0.120780238185619,0.1166747492919851,0.1206901964947749,0.0003726110550184,0.0044780999486523,0.0004626527458625,9.004169084401992e-05,0.1,0.1,0.1,23703,161,CDU-protocol-fast-v1,0.8685373606136807
195_SMD_id_18_Facility_tr_5925_1st_17580.csv,SMD,MOMENT_FT,SMD,0.1211528492406375,0.1199466435746843,0.1166623421268924,0.120474733071514,0.0012062056659531,0.004490507113745,0.0006781161691234,-0.0005280894968297,0.1,0.1,0.1,23703,161,CDU-protocol-fast-v1,0.9425887917382576
196_SMD_id_19_Facility_tr_7174_1st_21230.csv,SMD,MOMENT_FT,SMD,0.1207587804090861,0.1132244898334223,0.1167019860618715,0.1132741677565842,0.0075342905756637,0.0040567943472145,0.0074846126525018,-4.967792316194764e-05,0.1,0.1,0.1,28696,192,CDU-protocol-fast-v1,0.7768654029489445
197_SMD_id_20_Facility_tr_5000_1st_15144.csv,SMD,MOMENT_FT,SMD,0.2709547640029155,0.2110341991262148,0.2431021656377922,0.2103638458588778,0.0599205648767007,0.0278525983651232,0.0605909181440376,0.0006703532673369,0.1,0.1,0.1,20000,908,CDU-protocol-fast-v1,0.6548542655080225
198_SMD_id_21_Facility_tr_5925_1st_17580.csv,SMD,MOMENT_FT,SMD,0.1211528492406375,0.1026275190672519,0.1166854427628046,0.1025000238590299,0.0185253301733856,0.0044674064778328,0.0186528253816075,0.0001274952082219,0.1,0.1,0.1,23703,161,CDU-protocol-fast-v1,0.7861733890801883
199_SMD_id_22_Facility_tr_5925_1st_17580.csv,SMD,MOMENT_FT,SMD,0.1211528492406375,0.1183540435536104,0.116665412592203,0.1182769942022735,0.0027988056870271,0.0044874366484344,0.0028758550383639,7.704935133683033e-05,0.1,0.1,0.1,23703,161,CDU-protocol-fast-v1,0.8436829726451993
201_SMD_id_24_Facility_tr_7174_1st_21230.csv,SMD,MOMENT_FT,SMD,0.1215700670490047,0.1156505215331957,0.1174642116665041,0.1156669690809464,0.0059195455158089,0.0041058553825005,0.0059030979680582,-1.644754775070867e-05,0.1,0.1,0.1,28696,198,CDU-protocol-fast-v1,0.7082721339638114
202_SMD_id_25_Facility_tr_6250_1st_21230.csv,SMD,MOMENT_FT,SMD,0.1050411077560964,0.1013703232409772,0.1035363776608204,0.1016115982994995,0.0036707845151192,0.0015047300952759,0.0034295094565968,-0.0002412750585223,0.1,0.1,0.1,25000,66,CDU-protocol-fast-v1,0.5731714068276205
203_SMD_id_26_Facility_tr_7174_1st_21230.csv,SMD,MOMENT_FT,SMD,0.1215700670490047,0.1200077187712047,0.1179021074606252,0.1199481336552992,0.0015623482777999,0.0036679595883794,0.0016219333937054,5.958511590545279e-05,0.1,0.1,0.1,28696,198,CDU-protocol-fast-v1,0.7479817233871245
204_SMD_id_27_Facility_tr_5000_1st_15144.csv,SMD,MOMENT_FT,SMD,0.2709547640029155,0.2069648302629172,0.2435994052098871,0.2059157369002779,0.0639899337399983,0.0273553587930283,0.0650390271026375,0.0010490933626392,0.1,0.1,0.1,20000,908,CDU-protocol-fast-v1,0.7352353952534428
205_SMD_id_28_Facility_tr_5925_1st_17580.csv,SMD,MOMENT_FT,SMD,0.1211528492406375,0.1193331199463451,0.1166640122064211,0.119822514125432,0.0018197292942924,0.0044888370342163,0.0013303351152054,-0.0004893941790869,0.1,0.1,0.1,23703,161,CDU-protocol-fast-v1,0.9740515448992624
206_SMD_id_29_Facility_tr_6250_1st_21230.csv,SMD,MOMENT_FT,SMD,0.1050411077560964,0.0999328127973178,0.1034860952356261,0.1001969886454018,0.0051082949587785,0.0015550125204702,0.0048441191106946,-0.0002641758480839,0.1,0.1,0.1,25000,66,CDU-protocol-fast-v1,0.5700255106305496
207_SMD_id_30_Facility_tr_7174_1st_21230.csv,SMD,MOMENT_FT,SMD,0.1215700670490047,0.1169352311823476,0.1178588613931544,0.1171018621435608,0.004634835866657,0.0037112056558502,0.0044682049054438,-0.0001666309612132,0.1,0.1,0.1,28696,198,CDU-protocol-fast-v1,0.8043312890957226
208_SMD_id_31_Facility_tr_5000_1st_15144.csv,SMD,MOMENT_FT,SMD,0.2709547640029155,0.206706762159856,0.2438850465805054,0.2060070654227437,0.0642480018430595,0.0270697174224101,0.0649476985801717,0.0006996967371122,0.1,0.1,0.1,20000,908,CDU-protocol-fast-v1,0.6760058803877461
209_SMD_id_32_Facility_tr_5925_1st_17580.csv,SMD,MOMENT_FT,SMD,0.1211528492406375,0.1135918212557138,0.1167381827510316,0.1131957856620887,0.0075610279849236,0.0044146664896058,0.0079570635785487,0.000396035593625,0.1,0.1,0.1,23703,161,CDU-protocol-fast-v1,0.3630925464486419
211_SMD_id_34_Facility_tr_5925_1st_17580.csv,SMD,MOMENT_FT,SMD,0.1211528492406375,0.1167572483688051,0.1166662735073059,0.1169130694237635,0.0043956008718323,0.0044865757333315,0.0042397798168739,-0.0001558210549584,0.1,0.1,0.1,23703,161,CDU-protocol-fast-v1,0.8299477076577675
212_SMD_id_35_Facility_tr_5925_1st_17580.csv,SMD,MOMENT_FT,SMD,0.1211528492406375,0.1120833026663713,0.1166656169109217,0.1120837386924172,0.0090695465742662,0.0044872323297157,0.0090691105482202,-4.36026045963489e-07,0.1,0.1,0.1,23703,161,CDU-protocol-fast-v1,0.8920156446851609
213_SMD_id_36_Facility_tr_5925_1st_17580.csv,SMD,MOMENT_FT,SMD,0.1211528492406375,0.1163881516323721,0.1166663906555761,0.1166839395302596,0.0047646976082654,0.0044864585850613,0.0044689097103779,-0.0002957878978875,0.1,0.1,0.1,23703,161,CDU-protocol-fast-v1,0.963461181778883
214_SMD_id_37_Facility_tr_5925_1st_17580.csv,SMD,MOMENT_FT,SMD,0.1211528492406375,0.1171415301151051,0.1166632875197897,0.1168213205495163,0.0040113191255324,0.0044895617208477,0.0043315286911211,0.0003202095655887,0.1,0.1,0.1,23703,161,CDU-protocol-fast-v1,0.9737817258858424
215_SMD_id_38_Facility_tr_5925_1st_17580.csv,SMD,MOMENT_FT,SMD,0.1211528492406375,0.112376640965352,0.1166711475657762,0.1126316859392901,0.0087762082752854,0.0044817016748612,0.0085211633013473,-0.0002550449739381,0.1,0.1,0.1,23703,161,CDU-protocol-fast-v1,0.7830524558124002
216_LTDB_id_1_Medical_tr_500_1st_266.csv,LTDB,MOMENT_FT,LTDB,0.6891010258760193,0.8135599863558549,0.769812557530602,0.819272686515171,-0.1244589604798356,-0.0807115316545826,-0.1301716606391517,-0.0057127001593161,0.1,0.1,0.1,100000,14857,CDU-protocol-fast-v1,0.1239835426660346
218_LTDB_id_3_Medical_tr_500_1st_266.csv,LTDB,MOMENT_FT,LTDB,0.6891010258760193,0.8116671806914406,0.7832568836507289,0.818138509748244,-0.1225661548154213,-0.0941558577747095,-0.1290374838722247,-0.0064713290568033,0.1,0.1,0.1,100000,14857,CDU-protocol-fast-v1,0.112675419144102
219_LTDB_id_4_Medical_tr_3618_1st_3718.csv,LTDB,MOMENT_FT,LTDB,0.6859997535145896,0.5360155259800385,0.6322581558643876,0.5310254649685073,0.1499842275345511,0.053741597650202,0.1549742885460823,0.0049900610115312,0.1,0.1,0.1,100000,14781,CDU-protocol-fast-v1,0.761410128366066
220_LTDB_id_5_Medical_tr_500_1st_26.csv,LTDB,MOMENT_FT,LTDB,1.370891270807115,1.255518898174517,1.3145042361821675,1.253808335886645,0.1153723726325981,0.0563870346249473,0.11708293492047,0.0017105622878719,0.1,0.1,0.1,100000,31565,CDU-protocol-fast-v1,0.68150523527294
221_LTDB_id_6_Medical_tr_500_1st_26.csv,LTDB,MOMENT_FT,LTDB,1.370891270807115,1.3280117005197238,1.3761294419120058,1.331661131446079,0.0428795702873912,-0.0052381711048907,0.0392301393610361,-0.003649430926355,0.1,0.1,0.1,100000,31565,CDU-protocol-fast-v1,0.3855711043912023
222_LTDB_id_7_Medical_tr_3618_1st_3718.csv,LTDB,MOMENT_FT,LTDB,0.6859997535145896,0.54009858408009,0.622051601849703,0.5371175037401701,0.1459011694344996,0.0639481516648866,0.1488822497744195,0.0029810803399199,0.1,0.1,0.1,100000,14781,CDU-protocol-fast-v1,0.8186830773301519
223_LTDB_id_8_Medical_tr_4456_1st_4556.csv,LTDB,MOMENT_FT,LTDB,0.7422307181731396,0.6884882427890551,0.77634024373754,0.6918190789238371,0.0537424753840845,-0.0341095255644003,0.0504116392493024,-0.003330836134782,0.1,0.1,0.1,100000,16159,CDU-protocol-fast-v1,0.1753219352896368
224_LTDB_id_9_Medical_tr_4456_1st_4556.csv,LTDB,MOMENT_FT,LTDB,0.7422307181731396,0.6489258264292193,0.7190644385726694,0.645114213817247,0.0933048917439203,0.0231662796004701,0.0971165043558925,0.0038116126119722,0.1,0.1,0.1,100000,16159,CDU-protocol-fast-v1,0.5407284105758331
225_MGAB_id_1_Synthetic_tr_25000_1st_38478.csv,MGAB,MOMENT_FT,MGAB,0.1039169459995007,0.0979115798404858,0.1047526813970077,0.1025984185801684,0.0060053661590148,-0.000835735397507,0.0013185274193322,-0.0046868387396826,0.1,0.1,0.1,100000,200,CDU-protocol-fast-v1,0.0032854345876862
226_MGAB_id_2_Synthetic_tr_20000_1st_45134.csv,MGAB,MOMENT_FT,MGAB,0.1029523934361121,0.0978226278592649,0.1035491027043289,0.1017755243646786,0.0051297655768471,-0.0005967092682168,0.0011768690714334,-0.0039528965054137,0.1,0.1,0.1,80000,140,CDU-protocol-fast-v1,0.0034186931849447
227_MGAB_id_3_Synthetic_tr_25000_1st_44340.csv,MGAB,MOMENT_FT,MGAB,0.1039169459995007,0.0979524953332422,0.1042226008851496,0.1020554885135211,0.0059644506662585,-0.0003056548856489,0.0018614574859795,-0.0041029931802789,0.1,0.1,0.1,100000,200,CDU-protocol-fast-v1,0.0053763586850299
228_MGAB_id_4_Synthetic_tr_25000_1st_38948.csv,MGAB,MOMENT_FT,MGAB,0.1039169459995007,0.0986708666196153,0.1044487738229154,0.1031060216340415,0.0052460793798854,-0.0005318278234147,0.0008109243654591,-0.0044351550144262,0.1,0.1,0.1,100000,200,CDU-protocol-fast-v1,0.0039410163029022
229_MGAB_id_5_Synthetic_tr_25000_1st_33098.csv,MGAB,MOMENT_FT,MGAB,0.1039169459995007,0.0981966680969096,0.1044178480474417,0.102219154988753,0.005720277902591,-0.000500902047941,0.0016977910107476,-0.0040224868918434,0.1,0.1,0.1,100000,200,CDU-protocol-fast-v1,0.0048314139719011
231_MGAB_id_7_Synthetic_tr_25000_1st_35544.csv,MGAB,MOMENT_FT,MGAB,0.1039169459995007,0.0978956366509571,0.1045678871642268,0.1023845612278767,0.0060213093485435,-0.0006509411647261,0.0015323847716239,-0.0044889245769196,0.1,0.1,0.1,100000,200,CDU-protocol-fast-v1,0.0040167819104293
232_MGAB_id_8_Synthetic_tr_25000_1st_32708.csv,MGAB,MOMENT_FT,MGAB,0.1039169459995007,0.098360244024226,0.1046910514431913,0.1026224686378802,0.0055567019752747,-0.0007741054436906,0.0012944773616204,-0.0042622246136542,0.1,0.1,0.1,100000,200,CDU-protocol-fast-v1,0.003088168042804
233_MGAB_id_9_Synthetic_tr_25000_1st_41300.csv,MGAB,MOMENT_FT,MGAB,0.1039169459995007,0.0983871495209075,0.1047765071439457,0.102466846890255,0.0055297964785931,-0.0008595611444449,0.0014500991092456,-0.0040796973693475,0.1,0.1,0.1,100000,200,CDU-protocol-fast-v1,0.0054333839331838
234_SED_id_1_Medical_tr_3740_1st_3840.csv,SED,MOMENT_FT,SED,0.2807100157311135,0.3622889568139242,0.3284343940449489,0.3710538889632193,-0.0815789410828107,-0.0477243783138354,-0.0903438732321058,-0.0087649321492951,0.1,0.1,0.1,19999,960,CDU-protocol-fast-v1,0.0399081432213669
236_SED_id_3_Medical_tr_3740_1st_3840.csv,SED,MOMENT_FT,SED,0.2369935222269394,0.3042156069040745,0.2737888881747033,0.3116982215210945,-0.0672220846771351,-0.0367953659477639,-0.0747046992941551,-0.0074826146170199,0.1,0.1,0.1,39999,1472,CDU-protocol-fast-v1,0.0307649584916216
237_SVDB_id_1_Medical_tr_11587_1st_11687.csv,SVDB,MOMENT_FT,SVDB,0.388165207582728,0.285981930812124,0.3573399543207669,0.2832974937565964,0.102183276770604,0.0308252532619611,0.1048677138261315,0.0026844370555275,0.1,0.1,0.1,130400,9852,CDU-protocol-fast-v1,0.6634379622482194
238_SVDB_id_2_Medical_tr_25000_1st_71963.csv,SVDB,MOMENT_FT,SVDB,0.1200336852038119,0.1106797733902398,0.118123553165888,0.1101114750450693,0.0093539118135721,0.0019101320379238,0.0099222101587425,0.0005682983451704,0.1,0.1,0.1,100000,676,CDU-protocol-fast-v1,0.1084566594640339
239_SVDB_id_3_Medical_tr_50000_1st_106634.csv,SVDB,MOMENT_FT,SVDB,0.1529458823630081,0.1454441598335838,0.148645878773745,0.1444282681193401,0.0075017225294242,0.004300003589263,0.0085176142436679,0.0010158917142436,0.1,0.1,0.1,230400,3503,CDU-protocol-fast-v1,0.1606948000071175
240_SVDB_id_4_Medical_tr_18462_1st_18562.csv,SVDB,MOMENT_FT,SVDB,0.273147030425738,0.2512344580954489,0.262912508409247,0.247437427195469,0.021912572330289,0.0102345220164909,0.0257096032302689,0.0037970308999798,0.1,0.1,0.1,130400,6004,CDU-protocol-fast-v1,0.1948548686349379
241_SVDB_id_5_Medical_tr_11587_1st_11687.csv,SVDB,MOMENT_FT,SVDB,0.388165207582728,0.3260048650495591,0.3698544285155914,0.3237720091880853,0.0621603425331688,0.0183107790671365,0.0643931983946426,0.0022328558614738,0.1,0.1,0.1,130400,9852,CDU-protocol-fast-v1,0.2908649847802398
243_SVDB_id_7_Medical_tr_11393_1st_11493.csv,SVDB,MOMENT_FT,SVDB,0.213533155492278,0.210862519827718,0.2153221340957336,0.2105501061774947,0.0026706356645599,-0.0017889786034556,0.0029830493147832,0.0003124136502232,0.1,0.1,0.1,180400,5547,CDU-protocol-fast-v1,0.0511104048687433
244_SVDB_id_8_Medical_tr_17803_1st_17903.csv,SVDB,MOMENT_FT,SVDB,0.211483179210855,0.1833569314321821,0.2078702402962121,0.1813585598645018,0.0281262477786728,0.0036129389146428,0.0301246193463531,0.0019983715676802,0.1,0.1,0.1,130400,3941,CDU-protocol-fast-v1,0.0950219462827866
245_SVDB_id_9_Medical_tr_12607_1st_12707.csv,SVDB,MOMENT_FT,SVDB,0.4154187379111702,0.3297470153080774,0.3738875859435597,0.3247844345261972,0.0856717226030928,0.0415311519676104,0.0906343033849729,0.0049625807818801,0.1,0.1,0.1,180400,14891,CDU-protocol-fast-v1,0.8282042445473389
246_SVDB_id_10_Medical_tr_20100_1st_68460.csv,SVDB,MOMENT_FT,SVDB,0.119621420445735,0.114088665285106,0.1181395634445516,0.1124284122096216,0.0055327551606289,0.0014818570011833,0.0071930082361133,0.0016602530754843,0.1,0.1,0.1,80400,535,CDU-protocol-fast-v1,0.0288157379437847
247_SVDB_id_11_Medical_tr_20100_1st_23611.csv,SVDB,MOMENT_FT,SVDB,0.139497778725546,0.1302767391436085,0.1362206092561857,0.132525886230058,0.0092210395819375,0.0032771694693602,0.0069718924954879,-0.0022491470864495,0.1,0.1,0.1,80400,945,CDU-protocol-fast-v1,0.2767236019259291
248_SVDB_id_12_Medical_tr_18462_1st_18562.csv,SVDB,MOMENT_FT,SVDB,0.273147030425738,0.2433546891235372,0.262747875923518,0.2411795661996346,0.0297923413022008,0.0103991545022199,0.0319674642261033,0.0021751229239025,0.1,0.1,0.1,130400,6004,CDU-protocol-fast-v1,0.4032354324006671
249_SVDB_id_13_Medical_tr_50000_1st_54982.csv,SVDB,MOMENT_FT,SVDB,0.2388002868865439,0.216361872411146,0.2381178305946573,0.216043846837294,0.0224384144753979,0.0006824562918865,0.0227564400492498,0.0003180255738519,0.1,0.1,0.1,230400,8578,CDU-protocol-fast-v1,0.0828644241146235
250_SVDB_id_14_Medical_tr_50000_1st_107354.csv,SVDB,MOMENT_FT,SVDB,0.2031220722776498,0.1857485190772914,0.1911560627002849,0.1848365720480642,0.0173735532003584,0.0119660095773648,0.0182855002295856,0.0009119470292272,0.1,0.1,0.1,230400,6469,CDU-protocol-fast-v1,0.196650902281614
251_SVDB_id_15_Medical_tr_5421_1st_5521.csv,SVDB,MOMENT_FT,SVDB,0.3103766387169045,0.247370481310884,0.2980745434444177,0.2463654488847881,0.0630061574060205,0.0123020952724868,0.0640111898321163,0.0010050324260958,0.1,0.1,0.1,230400,12809,CDU-protocol-fast-v1,0.5380705183137638
253_SVDB_id_17_Medical_tr_17803_1st_17903.csv,SVDB,MOMENT_FT,SVDB,0.211483179210855,0.1771340492479634,0.2117108352693299,0.1767395371181027,0.0343491299628916,-0.0002276560584749,0.0347436420927522,0.0003945121298606,0.1,0.1,0.1,130400,3941,CDU-protocol-fast-v1,0.0560865561986919
254_SVDB_id_18_Medical_tr_30824_1st_30924.csv,SVDB,MOMENT_FT,SVDB,0.2264338692103459,0.2070460778166376,0.2215060657864447,0.2069884420961852,0.0193877913937082,0.0049278034239011,0.0194454271141606,5.763572045236476e-05,0.1,0.1,0.1,230400,7847,CDU-protocol-fast-v1,0.0635998694421458
255_SVDB_id_19_Medical_tr_50000_1st_54982.csv,SVDB,MOMENT_FT,SVDB,0.2388002868865439,0.2268156172329392,0.2369041402669464,0.2253174925179292,0.0119846696536047,0.0018961466195974,0.0134827943686146,0.0014981247150099,0.1,0.1,0.1,230400,8578,CDU-protocol-fast-v1,0.0979634835496186
256_SVDB_id_20_Medical_tr_6264_1st_6364.csv,SVDB,MOMENT_FT,SVDB,0.2199546107014761,0.2250920153077216,0.2215359963794617,0.2249135923719677,-0.0051374046062455,-0.0015813856779856,-0.0049589816704916,0.0001784229357539,0.1,0.1,0.1,230400,7464,CDU-protocol-fast-v1,0.0589421668223269
257_TAO_id_1_Environment_tr_500_1st_3.csv,TAO,MOMENT_FT,TAO,0.468621312894117,0.430256857375221,0.4561907828715419,0.4269908315826812,0.038364455518896,0.012430530022575,0.0416304813114358,0.0032660257925398,0.1,0.1,0.1,10000,954,CDU-protocol-fast-v1,0.920164349140062
258_TAO_id_2_Environment_tr_500_1st_4.csv,TAO,MOMENT_FT,TAO,0.6385037656405279,0.5969515644455765,0.6263599947783591,0.5940989367315577,0.0415522011949514,0.0121437708621687,0.0444048289089702,0.0028526277140188,0.1,0.1,0.1,10000,1380,CDU-protocol-fast-v1,0.9552910978157382
260_IOPS_id_1_WebService_tr_5000_1st_11804.csv,IOPS,MOMENT_FT,IOPS,0.0979723308130136,0.1037534639417617,0.0977567541902631,0.1033680045661781,-0.0057811331287481,0.0002155766227504,-0.0053956737531645,0.0003854593755835,0.1,0.1,0.1,20000,14,CDU-protocol-fast-v1,0.2651121474222908
261_IOPS_id_2_WebService_tr_2178_1st_2278.csv,IOPS,MOMENT_FT,IOPS,0.097906725345047,0.0929611708911408,0.0979388732749733,0.0928127474260142,0.0049455544539062,-3.2147929926340524e-05,0.0050939779190327,0.0001484234651265,0.1,0.1,0.1,8784,6,CDU-protocol-fast-v1,0.0273695050439736
262_IOPS_id_3_WebService_tr_7028_1st_7128.csv,IOPS,MOMENT_FT,IOPS,0.1789482131720608,0.156210492951902,0.1667351628157095,0.1557530065398871,0.0227377202201587,0.0122130503563512,0.0231952066321736,0.0004574864120148,0.1,0.1,0.1,125135,2704,CDU-protocol-fast-v1,0.1775419772683544
263_IOPS_id_4_WebService_tr_3482_1st_3582.csv,IOPS,MOMENT_FT,IOPS,0.1157782507106415,0.1117566293448858,0.1123192740785772,0.1114551578438218,0.0040216213657557,0.0034589766320642,0.0043230928668196,0.0003014715010639,0.1,0.1,0.1,149123,790,CDU-protocol-fast-v1,0.8027617363573055
264_IOPS_id_5_WebService_tr_11665_1st_11765.csv,IOPS,MOMENT_FT,IOPS,0.1534184746192168,0.1631623585719787,0.1459020121050997,0.1624261749631249,-0.0097438839527619,0.007516462514117,-0.0090077003439081,0.0007361836088537,0.1,0.1,0.1,60000,901,CDU-protocol-fast-v1,0.4043769961535646
266_IOPS_id_7_WebService_tr_4010_1st_4110.csv,IOPS,MOMENT_FT,IOPS,0.1585090970453211,0.1445908611305169,0.1562896524739547,0.1448661810029591,0.0139182359148042,0.0022194445713663,0.0136429160423619,-0.0002753198724422,0.1,0.1,0.1,89155,1456,CDU-protocol-fast-v1,0.0679070597312653
267_IOPS_id_8_WebService_tr_1534_1st_1882.csv,IOPS,MOMENT_FT,IOPS,0.1287022791406064,0.1255397389426583,0.1311100179448955,0.1259271215963733,0.003162540197948,-0.0024077388042891,0.002775157544233,-0.000387382653715,0.1,0.1,0.1,6138,53,CDU-protocol-fast-v1,0.1716297774167933
268_IOPS_id_9_WebService_tr_6216_1st_6316.csv,IOPS,MOMENT_FT,IOPS,0.2809736274044396,0.244889539856972,0.2530915087162359,0.2432404782705508,0.0360840875474675,0.0278821186882036,0.0377331491338887,0.0016490615864211,0.1,0.1,0.1,29133,1397,CDU-protocol-fast-v1,0.3541511524042089
269_IOPS_id_10_WebService_tr_1216_1st_1728.csv,IOPS,MOMENT_FT,IOPS,0.1342603379941231,0.1153162438858632,0.1274113863044603,0.114991886166458,0.0189440941082598,0.0068489516896627,0.019268451827665,0.0003243577194051,0.1,0.1,0.1,4866,49,CDU-protocol-fast-v1,0.6185582091559756
271_IOPS_id_12_WebService_tr_500_1st_341.csv,IOPS,MOMENT_FT,IOPS,0.1464053911806096,0.1525055190611706,0.1452070247095019,0.1522024252340766,-0.0061001278805609,0.0011983664711076,-0.005797034053467,0.0003030938270939,0.1,0.1,0.1,8784,116,CDU-protocol-fast-v1,0.1749703763310352
272_IOPS_id_13_WebService_tr_3442_1st_3542.csv,IOPS,MOMENT_FT,IOPS,0.1116972028972023,0.1090794746046213,0.1089931821444095,0.1088180970084123,0.002617728292581,0.0027040207527927,0.0028791058887899,0.0002613775962089,0.1,0.1,0.1,149156,633,CDU-protocol-fast-v1,0.7555509333033957
273_IOPS_id_14_WebService_tr_5569_1st_5669.csv,IOPS,MOMENT_FT,IOPS,0.115025230957413,0.1161877990007938,0.1133050698843751,0.115895880861211,-0.0011625680433808,0.0017201610730378,-0.000870649903798,0.0002919181395827,0.1,0.1,0.1,149122,761,CDU-protocol-fast-v1,0.6402320346773382
274_IOPS_id_15_WebService_tr_4591_1st_4691.csv,IOPS,MOMENT_FT,IOPS,0.2712546201996806,0.2337061163941324,0.2460472862950479,0.2321601466582541,0.0375485038055481,0.0252073339046326,0.0390944735414264,0.0015459697358782,0.1,0.1,0.1,149132,6777,CDU-protocol-fast-v1,0.6724176364335883
275_IOPS_id_16_WebService_tr_1482_1st_1582.csv,IOPS,MOMENT_FT,IOPS,0.1265650278842431,0.1315398594882176,0.1268181153499408,0.131369480032644,-0.0049748316039744,-0.0002530874656977,-0.0048044521484009,0.0001703794555735,0.1,0.1,0.1,8784,71,CDU-protocol-fast-v1,0.1368939994770605
276_IOPS_id_17_WebService_tr_19197_1st_19297.csv,IOPS,MOMENT_FT,IOPS,0.2044485280550822,0.2008358287702317,0.1935673519337733,0.1997220934539826,0.0036126992848505,0.0108811761213088,0.0047264346010995,0.001113735316249,0.1,0.1,0.1,91370,2576,CDU-protocol-fast-v1,0.419666666578783
277_NEK_id_1_WebService_tr_500_1st_17.csv,NEK,MOMENT_FT,NEK,0.4143751117544829,0.3169886044543096,0.3728268531694512,0.3141170536490255,0.0973865073001732,0.0415482585850316,0.1002580581054573,0.002871550805284,0.1,0.1,0.1,1073,88,CDU-protocol-fast-v1,0.9561507700758678
278_NEK_id_2_WebService_tr_500_1st_64.csv,NEK,MOMENT_FT,NEK,0.329735165526574,0.3158793864036325,0.3020580725119123,0.314512696742954,0.0138557791229415,0.0276770930146617,0.0152224687836199,0.0013666896606784,0.1,0.1,0.1,1073,65,CDU-protocol-fast-v1,0.5316039065431154
279_NEK_id_3_WebService_tr_500_1st_974.csv,NEK,MOMENT_FT,NEK,0.4254151047407318,0.3412269868998816,0.3852474150166241,0.3399924542787841,0.0841881178408501,0.0401676897241076,0.0854226504619476,0.0012345326210974,0.1,0.1,0.1,1073,91,CDU-protocol-fast-v1,0.837768521448124
281_NEK_id_5_WebService_tr_500_1st_974.csv,NEK,MOMENT_FT,NEK,0.4143751117544828,0.339140602898704,0.3744466495533226,0.3370956113386337,0.0752345088557788,0.0399284622011602,0.0772795004158491,0.0020449915600703,0.1,0.1,0.1,1073,88,CDU-protocol-fast-v1,0.8471359577311369
282_NEK_id_6_WebService_tr_500_1st_64.csv,NEK,MOMENT_FT,NEK,0.3223751702024081,0.3029530015469098,0.3014335849963204,0.3016367584069253,0.0194221686554982,0.0209415852060876,0.0207384117954828,0.0013162431399845,0.1,0.1,0.1,1073,63,CDU-protocol-fast-v1,0.3269323107726498
283_NEK_id_7_WebService_tr_500_1st_777.csv,NEK,MOMENT_FT,NEK,0.5321350369411385,0.4443764273923862,0.4798167320439195,0.4416685235219374,0.0877586095487523,0.052318304897219,0.090466513419201,0.0027079038704487,0.1,0.1,0.1,1073,120,CDU-protocol-fast-v1,0.815901583067978
284_NEK_id_8_WebService_tr_500_1st_976.csv,NEK,MOMENT_FT,NEK,0.4180551094165658,0.3351338221072413,0.3775337179766579,0.3333418805615947,0.0829212873093245,0.0405213914399078,0.0847132288549711,0.0017919415456466,0.1,0.1,0.1,1073,89,CDU-protocol-fast-v1,0.7832016042897897
285_NEK_id_9_WebService_tr_500_1st_780.csv,NEK,MOMENT_FT,NEK,0.4879750649961427,0.3957686584433449,0.4413122801537356,0.3933538328194687,0.0922064065527977,0.0466627848424071,0.094621232176674,0.0024148256238762,0.1,0.1,0.1,1073,108,CDU-protocol-fast-v1,0.7356507289143971
286_CATSv2_id_1_Sensor_tr_17792_1st_17892.csv,CATSv2,MOMENT_FT,CATSv2,0.2858020924202719,0.297887201276486,0.2771258142203899,0.2966934851329632,-0.0120851088562141,0.0086762781998819,-0.0108913927126912,0.0011937161435228,0.1,0.1,0.1,300000,14800,CDU-protocol-fast-v1,0.3643867119805548
287_TODS_id_1_Synthetic_tr_500_1st_11.csv,TODS,MOMENT_FT,TODS,0.2968561285603248,0.2632115387714191,0.2994222207356887,0.2637046860385862,0.0336445897889056,-0.0025660921753639,0.0331514425217385,-0.0004931472671671,0.1,0.1,0.1,5000,261,CDU-protocol-fast-v1,0.8580983339425543
288_TODS_id_2_Synthetic_tr_500_1st_65.csv,TODS,MOMENT_FT,TODS,0.3573222301852886,0.3817251963674657,0.3865258005875187,0.3852279486245434,-0.0244029661821771,-0.02920357040223,-0.0279057184392548,-0.0035027522570776,0.1,0.1,0.1,5000,338,CDU-protocol-fast-v1,0.6129489156171044
289_TODS_id_3_Synthetic_tr_500_1st_26.csv,TODS,MOMENT_FT,TODS,0.2685862628655366,0.2766149033540605,0.2684798829786136,0.2769656515931517,-0.0080286404885239,0.0001063798869229,-0.008379388727615,-0.0003507482390911,0.1,0.1,0.1,5000,225,CDU-protocol-fast-v1,0.6331047610814183
290_TODS_id_4_Synthetic_tr_500_1st_26.csv,TODS,MOMENT_FT,TODS,0.4287821684693367,0.4898865076333286,0.4534648722543224,0.4911928447512649,-0.0611043391639918,-0.0246827037849857,-0.0624106762819282,-0.0013063371179363,0.1,0.1,0.1,5000,429,CDU-protocol-fast-v1,0.519652853217836
292_TODS_id_6_Synthetic_tr_500_1st_11.csv,TODS,MOMENT_FT,TODS,0.2968561285603248,0.2798892010110749,0.3005141264961277,0.2798074640796279,0.0169669275492498,-0.0036579979358029,0.0170486644806968,8.173693144697403e-05,0.1,0.1,0.1,5000,261,CDU-protocol-fast-v1,0.8197078124321797
293_TODS_id_7_Synthetic_tr_500_1st_7.csv,TODS,MOMENT_FT,TODS,0.2890033880895503,0.3003444009916962,0.2897281809874356,0.3013779912486727,-0.0113410129021458,-0.0007247928978852,-0.0123746031591224,-0.0010335902569765,0.1,0.1,0.1,5000,251,CDU-protocol-fast-v1,0.4223039944440037
294_TODS_id_8_Synthetic_tr_500_1st_200.csv,TODS,MOMENT_FT,TODS,0.4923893662826101,0.5751491892771025,0.5125272795312965,0.5755192879024448,-0.0827598229944923,-0.0201379132486864,-0.0831299216198346,-0.0003700986253423,0.1,0.1,0.1,5000,510,CDU-protocol-fast-v1,0.2271727091266319
295_TODS_id_9_Synthetic_tr_1250_1st_2046.csv,TODS,MOMENT_FT,TODS,0.3981564806333161,0.3837574069007844,0.4276469137019208,0.3859019750964387,0.0143990737325316,-0.0294904330686047,0.0122545055368773,-0.0021445681956543,0.1,0.1,0.1,5000,390,CDU-protocol-fast-v1,0.2461218384001681
296_TODS_id_10_Synthetic_tr_500_1st_26.csv,TODS,MOMENT_FT,TODS,0.2520955078769101,0.2388564062663503,0.2508794756990745,0.2387066306615988,0.0132391016105598,0.0012160321778355,0.0133888772153112,0.0001497756047514,0.1,0.1,0.1,5000,204,CDU-protocol-fast-v1,0.7406231126621304
297_TODS_id_11_Synthetic_tr_500_1st_7.csv,TODS,MOMENT_FT,TODS,0.2890033880895503,0.2366447118720453,0.283096736905509,0.2370357985483085,0.0523586762175049,0.0059066511840412,0.0519675895412417,-0.0003910866762632,0.1,0.1,0.1,5000,251,CDU-protocol-fast-v1,0.6741778345845342
298_TODS_id_12_Synthetic_tr_500_1st_0.csv,TODS,MOMENT_FT,TODS,0.3463283935262043,0.3565012412689944,0.3600838368352372,0.3598016060174185,-0.01017284774279,-0.0137554433090328,-0.0134732124912142,-0.0033003647484241,0.1,0.1,0.1,5000,324,CDU-protocol-fast-v1,0.7240682131406054
299_TODS_id_13_Synthetic_tr_500_1st_65.csv,TODS,MOMENT_FT,TODS,0.302353046889867,0.2899726326073493,0.2933535617580842,0.2886637622904247,0.0123804142825177,0.0089994851317828,0.0136892845994422,0.0013088703169245,0.1,0.1,0.1,5000,268,CDU-protocol-fast-v1,0.7766027706621758
301_TODS_id_15_Synthetic_tr_500_1st_245.csv,TODS,MOMENT_FT,TODS,0.4138619615748651,0.4705356245807724,0.4390191336834783,0.4721616144501683,-0.0566736630059073,-0.0251571721086132,-0.0582996528753032,-0.0016259898693959,0.1,0.1,0.1,5000,410,CDU-protocol-fast-v1,0.2782869006862692
302_Power_id_1_Facility_tr_7685_1st_7785.csv,Power,MOMENT_FT,Power,0.4286798769583611,0.5020106680322937,0.4485228632701031,0.5041285038262711,-0.0733307910739325,-0.019842986311742,-0.0754486268679099,-0.0021178357939773,0.1,0.1,0.1,35040,3000,CDU-protocol-fast-v1,0.073828836779355
304_UCR_id_2_Medical_tr_2499_1st_7000.csv,UCR,MOMENT_FT,UCR,0.1152252656406595,0.1110899096162959,0.1133279811229795,0.1117734527825041,0.0041353560243636,0.0018972845176799,0.0034518128581553,-0.0006835431662082,0.1,0.1,0.1,9998,50,CDU-protocol-fast-v1,0.0320280373967212
307_UCR_id_5_Facility_tr_29895_1st_39240.csv,UCR,MOMENT_FT,UCR,0.0990086732006021,0.0966392657136543,0.0990311149268566,0.0970798502203308,0.0023694074869477,-2.244172625454066e-05,0.0019288229802712,-0.0004405845066765,0.1,0.1,0.1,119580,96,CDU-protocol-fast-v1,0.0027873448075454
309_UCR_id_7_Medical_tr_3000_1st_5948.csv,UCR,MOMENT_FT,UCR,0.1103929549020575,0.1109068424328983,0.1092140829368309,0.1111289528946176,-0.0005138875308408,0.0011788719652266,-0.0007359979925601,-0.0002221104617193,0.1,0.1,0.1,12000,45,CDU-protocol-fast-v1,0.0154813696676465
310_UCR_id_8_HumanActivity_tr_2631_1st_8285.csv,UCR,MOMENT_FT,UCR,0.1069188953942699,0.1127515648017287,0.1078968834424449,0.1130383370718077,-0.0058326694074588,-0.000977988048175,-0.0061194416775378,-0.000286772270079,0.1,0.1,0.1,10524,30,CDU-protocol-fast-v1,0.0025708990863459
311_UCR_id_9_HumanActivity_tr_16000_1st_38400.csv,UCR,MOMENT_FT,UCR,0.1441920853589638,0.1515141701194055,0.1446760677826118,0.1509797229443339,-0.0073220847604416,-0.000483982423648,-0.0067876375853701,0.0005344471750715,0.1,0.1,0.1,64000,800,CDU-protocol-fast-v1,0.0134910151961204
313_UCR_id_11_Sensor_tr_2827_1st_4711.csv,UCR,MOMENT_FT,UCR,0.1293839363336781,0.134219822392986,0.1307762922843439,0.1344977205031872,-0.0048358860593079,-0.0013923559506658,-0.0051137841695091,-0.0002778981102012,0.1,0.1,0.1,11308,98,CDU-protocol-fast-v1,0.0453031302515943
315_UCR_id_13_HumanActivity_tr_16000_1st_33070.csv,UCR,MOMENT_FT,UCR,0.1025467281888471,0.0990009677212396,0.1024343937126891,0.0984234003591199,0.0035457604676074,0.0001123344761579,0.0041233278297271,0.0005775673621196,0.1,0.1,0.1,64000,110,CDU-protocol-fast-v1,0.0031967044768567
316_UCR_id_14_Sensor_tr_2833_1st_5988.csv,UCR,MOMENT_FT,UCR,0.1289663307076008,0.1296935736331781,0.1307576137264105,0.1301666470970179,-0.0007272429255772,-0.0017912830188097,-0.0012003163894171,-0.0004730734638398,0.1,0.1,0.1,11334,97,CDU-protocol-fast-v1,0.037373616044328
319_UCR_id_17_Environment_tr_6166_1st_19280.csv,UCR,MOMENT_FT,UCR,0.1209630007443481,0.1116901804703351,0.1171735060955554,0.111728781463242,0.0092728202740129,0.0037894946487926,0.009234219281106,-3.860099290695085e-05,0.1,0.1,0.1,24667,160,CDU-protocol-fast-v1,0.620956048120798
326_UCR_id_24_Medical_tr_1875_1st_4187.csv,UCR,MOMENT_FT,UCR,0.1020872017589439,0.1001795176066661,0.1016336252924508,0.1003957860472475,0.0019076841522777,0.000453576466493,0.0016914157116963,-0.0002162684405814,0.1,0.1,0.1,7501,12,CDU-protocol-fast-v1,0.0230931070990953
331_UCR_id_29_Facility_tr_50000_1st_837400.csv,UCR,MOMENT_FT,UCR,0.1032039335032869,0.1004711037257508,0.1036522491990756,0.0990549711671438,0.002732829777536,-0.0004483156957887,0.004148962336143,0.0014161325586069,0.1,0.1,0.1,900000,1700,CDU-protocol-fast-v1,0.0018796207217276
332_UCR_id_30_Facility_tr_13750_1st_52600.csv,UCR,MOMENT_FT,UCR,0.1099540051558639,0.1076224595435888,0.1106153249387921,0.1069911815188064,0.002331545612275,-0.0006613197829282,0.0029628236370574,0.0006312780247823,0.1,0.1,0.1,55000,200,CDU-protocol-fast-v1,0.0043801836240987
334_UCR_id_32_HumanActivity_tr_1671_1st_2764.csv,UCR,MOMENT_FT,UCR,0.2294050764826851,0.2760111658598515,0.2519713924823112,0.2762074753091413,-0.0466060893771664,-0.0225663159996261,-0.0468023988264562,-0.0001963094492897,0.1,0.1,0.1,6684,231,CDU-protocol-fast-v1,0.023154391506187
339_UCR_id_37_Sensor_tr_2750_1st_5400.csv,UCR,MOMENT_FT,UCR,0.1661395726686433,0.1666742000209456,0.1696508856465731,0.1667429151176316,-0.0005346273523023,-0.0035113129779298,-0.0006033424489883,-6.871509668607279e-05,0.1,0.1,0.1,11000,200,CDU-protocol-fast-v1,0.1485994915683459
341_UCR_id_39_HumanActivity_tr_48812_1st_128430.csv,UCR,MOMENT_FT,UCR,0.0959273969282017,0.1009726138436852,0.0962444008854592,0.1010038739029877,-0.0050452169154835,-0.0003170039572575,-0.005076476974786,-3.126005930258191e-05,0.1,0.1,0.1,195250,1,CDU-protocol-fast-v1,9.236720367822706e-06
344_UCR_id_42_Sensor_tr_2851_1st_5365.csv,UCR,MOMENT_FT,UCR,0.100987515653397,0.0994930978175845,0.1011027566453481,0.0994986897985991,0.0014944178358125,-0.0001152409919511,0.0014888258547978,-5.591981014657632e-06,0.1,0.1,0.1,11406,15,CDU-protocol-fast-v1,0.0057149227008719
346_UCR_id_44_Medical_tr_7456_1st_17390.csv,UCR,MOMENT_FT,UCR,0.1127438806164159,0.1171284058470091,0.1125084319832801,0.1196598355704006,-0.0043845252305932,0.0002354486331357,-0.0069159549539847,-0.0025314297233915,0.1,0.1,0.1,29826,130,CDU-protocol-fast-v1,0.0464746203357733
349_UCR_id_47_Facility_tr_29954_1st_74900.csv,UCR,MOMENT_FT,UCR,0.0990024875929641,0.0976882223381206,0.0990240468042101,0.0981034749273096,0.0013142652548434,-2.1559211246025e-05,0.0008990126656544,-0.000415252589189,0.1,0.1,0.1,119819,96,CDU-protocol-fast-v1,0.0027353780999393
355_UCR_id_53_HumanActivity_tr_48750_1st_143411.csv,UCR,MOMENT_FT,UCR,0.0978885146963888,0.1027793260202971,0.097822438750257,0.1027136267524451,-0.0048908113239082,6.607594613175505e-05,-0.0048251120560563,6.56992678519791e-05,0.1,0.1,0.1,195000,100,CDU-protocol-fast-v1,0.0847206748323488
358_UCR_id_56_Facility_tr_10500_1st_29080.csv,UCR,MOMENT_FT,UCR,0.1014258386583884,0.0986108272087863,0.1014484791730436,0.1009579548523834,0.002815011449602,-2.2640514655197785e-05,0.000467883806005,-0.002347127643597,0.1,0.1,0.1,42000,60,CDU-protocol-fast-v1,0.0030037096257623
361_UCR_id_59_Medical_tr_3000_1st_7175.csv,UCR,MOMENT_FT,UCR,0.1644715636331076,0.1970000379943486,0.1670713116853895,0.1972496116730754,-0.0325284743612409,-0.0025997480522818,-0.0327780480399678,-0.0002495736787268,0.1,0.1,0.1,12000,213,CDU-protocol-fast-v1,0.022853218987673
364_UCR_id_62_Sensor_tr_2833_1st_5988.csv,UCR,MOMENT_FT,UCR,0.1289663307076008,0.13297061898198,0.1311252343712647,0.1331540257225562,-0.0040042882743792,-0.0021589036636638,-0.0041876950149553,-0.0001834067405761,0.1,0.1,0.1,11334,97,CDU-protocol-fast-v1,0.0186619022618213
369_UCR_id_67_Sensor_tr_2750_1st_5400.csv,UCR,MOMENT_FT,UCR,0.1661395726686433,0.166349141931808,0.1700292998646633,0.1664715310138837,-0.0002095692631647,-0.00388972719602,-0.0003319583452404,-0.0001223890820757,0.1,0.1,0.1,11000,200,CDU-protocol-fast-v1,0.1468410723113898
371_UCR_id_69_Medical_tr_1853_1st_6200.csv,UCR,MOMENT_FT,UCR,0.1844671305137593,0.2065679232548847,0.1784511157599699,0.2056901939377637,-0.0221007927411254,0.0060160147537893,-0.0212230634240044,0.000877729317121,0.1,0.1,0.1,7415,170,CDU-protocol-fast-v1,0.0411501102807044
373_UCR_id_71_Sensor_tr_2827_1st_5988.csv,UCR,MOMENT_FT,UCR,0.1290423412004535,0.1230449017027189,0.1284977647760609,0.1232617936871899,0.0059974394977345,0.0005445764243925,0.0057805475132635,-0.000216891984471,0.1,0.1,0.1,11308,97,CDU-protocol-fast-v1,0.0215918336655881
381_UCR_id_79_HumanActivity_tr_16000_1st_31200.csv,UCR,MOMENT_FT,UCR,0.1351387468437211,0.1361784592362256,0.1359283840636024,0.1365433464459555,-0.0010397123925044,-0.0007896372198813,-0.0014045996022344,-0.0003648872097299,0.1,0.1,0.1,64000,650,CDU-protocol-fast-v1,0.0102555151956251
382_UCR_id_80_Medical_tr_7500_1st_11800.csv,UCR,MOMENT_FT,UCR,0.1345351909427048,0.1248570381131004,0.1314854997081975,0.1242698661808797,0.0096781528296044,0.0030496912345072,0.010265324761825,0.0005871719322206,0.1,0.1,0.1,30000,300,CDU-protocol-fast-v1,0.2573581064965359
385_UCR_id_83_Environment_tr_2046_1st_6006.csv,UCR,MOMENT_FT,UCR,0.1185630840489511,0.1210456169044645,0.1177879662727481,0.1208934273980629,-0.0024825328555133,0.0007751177762029,-0.0023303433491118,0.0001521895064015,0.1,0.1,0.1,8184,48,CDU-protocol-fast-v1,0.0094636505705204
387_UCR_id_85_Environment_tr_2046_1st_5549.csv,UCR,MOMENT_FT,UCR,0.118563084048951,0.1143698838539108,0.1157064123660585,0.1145292378301784,0.0041932001950402,0.0028566716828924,0.0040338462187725,-0.0001593539762676,0.1,0.1,0.1,8184,48,CDU-protocol-fast-v1,0.0245379250727693
391_UCR_id_89_Medical_tr_1875_1st_5759.csv,UCR,MOMENT_FT,UCR,0.1783131122964121,0.1816617179863321,0.1783681512928648,0.182042140732094,-0.0033486056899199,-5.503899645276089e-05,-0.0037290284356819,-0.0003804227457619,0.1,0.1,0.1,7500,160,CDU-protocol-fast-v1,0.0275574641513752
393_UCR_id_91_Environment_tr_2046_1st_4852.csv,UCR,MOMENT_FT,UCR,0.1185630840489511,0.1237082154513768,0.1189447435691424,0.1238110476995883,-0.0051451314024256,-0.0003816595201913,-0.0052479636506372,-0.0001028322482115,0.1,0.1,0.1,8184,48,CDU-protocol-fast-v1,0.0065394107256586
396_UCR_id_94_Medical_tr_1875_1st_5607.csv,UCR,MOMENT_FT,UCR,0.1098116873605375,0.1064036109495425,0.1089746803949946,0.1057646893585544,0.0034080764109949,0.0008370069655428,0.004046998001983,0.000638921590988,0.1,0.1,0.1,7501,27,CDU-protocol-fast-v1,0.0134399111869527
400_UCR_id_98_Environment_tr_2046_1st_5391.csv,UCR,MOMENT_FT,UCR,0.0963796022520707,0.0955401527676991,0.0966694995978992,0.0959245993683067,0.0008394494843716,-0.0002898973458285,0.000455002883764,-0.0003844466006076,0.1,0.1,0.1,8184,1,CDU-protocol-fast-v1,0.0006320000938807
401_UCR_id_99_HumanActivity_tr_1671_1st_5920.csv,UCR,MOMENT_FT,UCR,0.1300043679490801,0.1193934825873274,0.1277223838176464,0.1193151431789712,0.0106108853617526,0.0022819841314337,0.0106892247701088,7.833940835615116e-05,0.1,0.1,0.1,6684,59,CDU-protocol-fast-v1,0.5597410418452555
405_UCR_id_103_Sensor_tr_2827_1st_5988.csv,UCR,MOMENT_FT,UCR,0.1290423412004535,0.1247824993521574,0.1283202807377922,0.1252608724251426,0.004259841848296,0.0007220604626612,0.0037814687753108,-0.0004783730729852,0.1,0.1,0.1,11308,97,CDU-protocol-fast-v1,0.0317015560750473
406_UCR_id_104_Facility_tr_20000_1st_67950.csv,UCR,MOMENT_FT,UCR,0.1079787312979927,0.1094411026475816,0.1072079033008521,0.1089970495833983,-0.0014623713495889,0.0007708279971405,-0.0010183182854056,0.0004440530641832,0.1,0.1,0.1,80000,250,CDU-protocol-fast-v1,0.0136796006757047
411_UCR_id_109_Environment_tr_2046_1st_4852.csv,UCR,MOMENT_FT,UCR,0.1185630840489511,0.1240104231602162,0.1194149064995569,0.1242183468533057,-0.005447339111265,-0.0008518224506058,-0.0056552628043546,-0.0002079236930895,0.1,0.1,0.1,8184,48,CDU-protocol-fast-v1,0.0059552796953341
415_UCR_id_113_Medical_tr_3000_1st_8612.csv,UCR,MOMENT_FT,UCR,0.1293848472540334,0.1267073059284675,0.1263981240164479,0.1267190441130238,0.0026775413255659,0.0029867232375854,0.0026658031410095,-1.173818455635356e-05,0.1,0.1,0.1,12000,104,CDU-protocol-fast-v1,0.0335530705240482
417_UCR_id_115_Sensor_tr_2750_1st_5400.csv,UCR,MOMENT_FT,UCR,0.1661395726686433,0.1608358609505415,0.1696204857749758,0.1606472661743742,0.0053037117181017,-0.0034809131063325,0.005492306494269,0.0001885947761672,0.1,0.1,0.1,11000,200,CDU-protocol-fast-v1,0.1507718314032286
419_UCR_id_117_Facility_tr_3000_1st_6168.csv,UCR,MOMENT_FT,UCR,0.1100710584215155,0.1124714480144066,0.1117002471108639,0.1128036464997793,-0.0024003895928911,-0.0016291886893484,-0.0027325880782638,-0.0003321984853727,0.1,0.1,0.1,12000,44,CDU-protocol-fast-v1,0.0209771137310016
420_UCR_id_118_Facility_tr_13750_1st_52600.csv,UCR,MOMENT_FT,UCR,0.1099540051558639,0.0972937176125173,0.1086794108933717,0.0967127708870665,0.0126602875433465,0.0012745942624921,0.0132412342687973,0.0005809467254507,0.1,0.1,0.1,55000,200,CDU-protocol-fast-v1,0.3701710127059656
421_UCR_id_119_HumanActivity_tr_48750_1st_130700.csv,UCR,MOMENT_FT,UCR,0.1192822500185625,0.1254996965721977,0.1193637295599623,0.1253995173209055,-0.0062174465536351,-8.147954139982316e-05,-0.006117267302343,0.0001001792512921,0.1,0.1,0.1,195000,1180,CDU-protocol-fast-v1,0.0160987211805497
426_UCR_id_124_Sensor_tr_2827_1st_4711.csv,UCR,MOMENT_FT,UCR,0.1293839363336781,0.1321180934816139,0.1308182094689693,0.1317298929098249,-0.0027341571479358,-0.0014342731352912,-0.0023459565761468,0.0003882005717889,0.1,0.1,0.1,11308,98,CDU-protocol-fast-v1,0.045625687425055
430_UCR_id_128_HumanActivity_tr_12500_1st_46500.csv,UCR,MOMENT_FT,UCR,0.1190841598766905,0.1121757640096573,0.1193935317231045,0.1120028302814756,0.0069083958670332,-0.000309371846414,0.0070813295952148,0.0001729337281816,0.1,0.1,0.1,50000,300,CDU-protocol-fast-v1,0.0070322892179838
432_UCR_id_130_Facility_tr_23000_1st_26970.csv,UCR,MOMENT_FT,UCR,0.1085035625162677,0.1028047953014382,0.1082467210013917,0.1027918920965022,0.0056987672148294,0.0002568415148759,0.0057116704197654,1.2903204935951762e-05,0.1,0.1,0.1,92000,300,CDU-protocol-fast-v1,0.0077736245077069
436_UCR_id_134_Medical_tr_1875_1st_4526.csv,UCR,MOMENT_FT,UCR,0.1113565844808563,0.1104582342207061,0.1122627498132649,0.1099061532010065,0.0008983502601501,-0.0009061653324086,0.0014504312798497,0.0005520810196995,0.1,0.1,0.1,7501,30,CDU-protocol-fast-v1,0.006553309234054
437_UCR_id_135_Medical_tr_2499_1st_8000.csv,UCR,MOMENT_FT,UCR,0.1055664394591643,0.1078479284693596,0.107899995170675,0.108360068500752,-0.0022814890101953,-0.0023335557115107,-0.0027936290415877,-0.0005121400313924,0.1,0.1,0.1,9998,25,CDU-protocol-fast-v1,0.00155833924624
439_UCR_id_137_HumanActivity_tr_48750_1st_110800.csv,UCR,MOMENT_FT,UCR,0.0959274222918562,0.1013864875275362,0.0962377562705254,0.1014347526706179,-0.00545906523568,-0.0003103339786692,-0.0055073303787617,-4.826514308176044e-05,0.1,0.1,0.1,195000,1,CDU-protocol-fast-v1,0.526570721007281
445_UCR_id_143_Environment_tr_6166_1st_19280.csv,UCR,MOMENT_FT,UCR,0.1209630007443481,0.1093531037103283,0.1172005554825664,0.1092906811360236,0.0116098970340197,0.0037624452617816,0.0116723196083244,6.242257430469356e-05,0.1,0.1,0.1,24667,160,CDU-protocol-fast-v1,0.6186494383353897
449_UCR_id_147_Sensor_tr_2847_1st_9330.csv,UCR,MOMENT_FT,UCR,0.0992995677617782,0.0966774425345316,0.0993541962686069,0.0967478379494172,0.0026221252272465,-5.462850682873277e-05,0.0025517298123609,-7.039541488562673e-05,0.1,0.1,0.1,11388,10,CDU-protocol-fast-v1,0.0076650222112694
452_UCR_id_150_Facility_tr_10000_1st_35774.csv,UCR,MOMENT_FT,UCR,0.105564507693928,0.101140679958303,0.1044342293606334,0.0998261848232783,0.0044238277356249,0.0011302783332945,0.0057383228706496,0.0013144951350246,0.1,0.1,0.1,40000,100,CDU-protocol-fast-v1,0.5658022106679502
459_UCR_id_157_HumanActivity_tr_50000_1st_110260.csv,UCR,MOMENT_FT,UCR,0.0988433091802118,0.1179875297797118,0.0996690379024004,0.117841388240159,-0.0191442205995,-0.0008257287221886,-0.0189980790599472,0.0001461415395527,0.1,0.1,0.1,200000,152,CDU-protocol-fast-v1,0.0006820377901331
463_UCR_id_161_Environment_tr_2046_1st_6006.csv,UCR,MOMENT_FT,UCR,0.1185630840489511,0.1196583708489805,0.1184028506116268,0.1196951589135856,-0.0010952868000293,0.0001602334373242,-0.0011320748646345,-3.678806460516437e-05,0.1,0.1,0.1,8184,48,CDU-protocol-fast-v1,0.00820313288059
467_UCR_id_165_Environment_tr_6166_1st_19280.csv,UCR,MOMENT_FT,UCR,0.1209630007443481,0.1116393572166555,0.1171892310619217,0.1116311802510873,0.0093236435276926,0.0037737696824263,0.0093318204932607,8.176965568137962e-06,0.1,0.1,0.1,24667,160,CDU-protocol-fast-v1,0.609867661608313
471_UCR_id_169_Facility_tr_10000_1st_35774.csv,UCR,MOMENT_FT,UCR,0.105564507693928,0.1043751544922921,0.1055958366405908,0.104072427412845,0.0011893532016359,-3.132894666284247e-05,0.0014920802810829,0.000302727079447,0.1,0.1,0.1,40000,100,CDU-protocol-fast-v1,0.0059766796271233
473_UCR_id_171_HumanActivity_tr_2617_1st_7290.csv,UCR,MOMENT_FT,UCR,0.0981216509734105,0.1009039544452113,0.0982251650269935,0.1012274418025931,-0.0027823034718008,-0.0001035140535829,-0.0031057908291826,-0.0003234873573818,0.1,0.1,0.1,10468,6,CDU-protocol-fast-v1,0.0025788560470115
474_UCR_id_172_Environment_tr_2046_1st_6520.csv,UCR,MOMENT_FT,UCR,0.10723534866331,0.1103791402818818,0.107818559090096,0.1105219759579338,-0.0031437916185717,-0.000583210426786,-0.0032866272946238,-0.000142835676052,0.1,0.1,0.1,8184,24,CDU-protocol-fast-v1,0.003102677411052
493_UCR_id_191_Sensor_tr_2847_1st_9330.csv,UCR,MOMENT_FT,UCR,0.0992995677617782,0.0951077209347968,0.0993691423195463,0.0953354295269915,0.0041918468269813,-6.95745577680984e-05,0.0039641382347866,-0.0002277085921947,0.1,0.1,0.1,11388,10,CDU-protocol-fast-v1,0.0146007736642549
494_UCR_id_192_Facility_tr_22500_1st_72150.csv,UCR,MOMENT_FT,UCR,0.1107148513825994,0.1176258723324208,0.1108181281188827,0.1168197259170558,-0.0069110209498214,-0.0001032767362833,-0.0061048745344564,0.0008061464153649,0.1,0.1,0.1,90000,345,CDU-protocol-fast-v1,0.0060370002111334
495_UCR_id_193_Environment_tr_2046_1st_6520.csv,UCR,MOMENT_FT,UCR,0.10723534866331,0.109465303789644,0.1077014186636016,0.1096005045550558,-0.002229955126334,-0.0004660700002916,-0.0023651558917458,-0.0001352007654118,0.1,0.1,0.1,8184,24,CDU-protocol-fast-v1,0.0033143044030204
496_UCR_id_194_Environment_tr_2046_1st_5391.csv,UCR,MOMENT_FT,UCR,0.0963796022520707,0.0954090603423968,0.096682428931476,0.095811362809899,0.0009705419096739,-0.0003028266794053,0.0005682394421717,-0.0004023024675022,0.1,0.1,0.1,8184,1,CDU-protocol-fast-v1,0.0005180535068141
499_UCR_id_197_Environment_tr_2046_1st_5703.csv,UCR,MOMENT_FT,UCR,0.10723534866331,0.1103768919333269,0.1071675065088735,0.1104503149554855,-0.0031415432700169,6.784215443648989e-05,-0.0032149662921755,-7.342302215862517e-05,0.1,0.1,0.1,8184,24,CDU-protocol-fast-v1,0.0040592609566212
500_UCR_id_198_Facility_tr_7482_1st_23357.csv,UCR,MOMENT_FT,UCR,0.1423675643632088,0.1708549424138867,0.1506145161512468,0.170868715258237,-0.0284873780506779,-0.0082469517880379,-0.0285011508950282,-1.377284435033488e-05,0.1,0.1,0.1,29931,360,CDU-protocol-fast-v1,0.0072553215886028
504_UCR_id_202_Environment_tr_2046_1st_5549.csv,UCR,MOMENT_FT,UCR,0.118563084048951,0.1144266189270847,0.1160098520019397,0.1145782407714367,0.0041364651218663,0.0025532320470112,0.0039848432775142,-0.000151621844352,0.1,0.1,0.1,8184,48,CDU-protocol-fast-v1,0.0192698674838855
506_UCR_id_204_Environment_tr_2046_1st_5549.csv,UCR,MOMENT_FT,UCR,0.118563084048951,0.1137205390491078,0.1155491739316196,0.1138990753317424,0.0048425449998431,0.0030139101173313,0.0046640087172085,-0.0001785362826346,0.1,0.1,0.1,8184,48,CDU-protocol-fast-v1,0.0286329099768945
516_UCR_id_214_HumanActivity_tr_2108_1st_4702.csv,UCR,MOMENT_FT,UCR,0.0981981480063832,0.1015336485251135,0.0982932481836086,0.1017720742161628,-0.0033355005187303,-9.510017722547116e-05,-0.0035739262097796,-0.0002384256910493,0.1,0.1,0.1,8432,5,CDU-protocol-fast-v1,0.0017429847701096
517_UCR_id_215_Facility_tr_7482_1st_24005.csv,UCR,MOMENT_FT,UCR,0.105199603494777,0.1094371610742333,0.1044390984427073,0.1089193573027873,-0.0042375575794563,0.0007605050520696,-0.0037197538080103,0.0005178037714459,0.1,0.1,0.1,29931,72,CDU-protocol-fast-v1,0.0070746945034262
525_UCR_id_223_Facility_tr_50000_1st_250720.csv,UCR,MOMENT_FT,UCR,0.1042827843915398,0.1054694677639835,0.1040199753259685,0.1057418893350539,-0.0011866833724436,0.0002628090655712,-0.0014591049435141,-0.0002724215710704,0.1,0.1,0.1,299790,650,CDU-protocol-fast-v1,0.0044727736379959
526_UCR_id_224_Sensor_tr_2827_1st_4711.csv,UCR,MOMENT_FT,UCR,0.1293839363336781,0.1379882863957977,0.1311328866159686,0.1380889790510838,-0.0086043500621195,-0.0017489502822905,-0.0087050427174057,-0.0001006926552861,0.1,0.1,0.1,11308,98,CDU-protocol-fast-v1,0.0133775523188001
530_UCR_id_228_HumanActivity_tr_16250_1st_38500.csv,UCR,MOMENT_FT,UCR,0.1137357260461471,0.1075878731359734,0.1144574497208402,0.1066469530380302,0.0061478529101736,-0.0007217236746931,0.0070887730081168,0.0009409200979431,0.1,0.1,0.1,65000,300,CDU-protocol-fast-v1,0.0045335250456438
531_SMAP_id_1_Sensor_tr_1811_1st_4510.csv,SMAP,MOMENT_FT,SMAP,0.1377220089982345,0.135305076146723,0.1317374839212444,0.1263793662157647,0.0024169328515115,0.00598452507699,0.0113426427824697,0.0089257099309582,0.1,0.1,0.1,7244,81,CDU-protocol-fast-v1,0.7855824977560513
532_SMAP_id_2_Sensor_tr_2075_1st_5550.csv,SMAP,MOMENT_FT,SMAP,0.2586579717482491,0.2427579628868421,0.2582659249119922,0.2431976304226608,0.015900008861407,0.0003920468362568,0.0154603413255882,-0.0004396675358187,0.1,0.1,0.1,8302,351,CDU-protocol-fast-v1,0.3199711650230346
533_SMAP_id_3_Sensor_tr_2052_1st_5300.csv,SMAP,MOMENT_FT,SMAP,0.6253025617499648,0.4043252835730163,0.5431530784217342,0.400910567136838,0.2209772781769485,0.0821494833282305,0.2243919946131267,0.0034147164361782,0.1,0.1,0.1,8209,1121,CDU-protocol-fast-v1,0.9856443457313367
534_SMAP_id_4_Sensor_tr_1968_1st_4370.csv,SMAP,MOMENT_FT,SMAP,0.1194258253104484,0.1202021127281363,0.1151705293729447,0.1112491598966391,-0.0007762874176878,0.0042552959375036,0.0081766654138092,0.0089529528314971,0.1,0.1,0.1,7874,51,CDU-protocol-fast-v1,0.951627561477272
536_SMAP_id_6_Sensor_tr_2160_1st_5600.csv,SMAP,MOMENT_FT,SMAP,0.1396981700018532,0.12668589887794,0.13477464710935,0.1265580111572322,0.0130122711239132,0.0049235228925031,0.0131401588446209,0.0001278877207077,0.1,0.1,0.1,8640,101,CDU-protocol-fast-v1,0.6192142307056737
537_SMAP_id_7_Sensor_tr_2077_1st_5394.csv,SMAP,MOMENT_FT,SMAP,0.2257407489654368,0.1726738543664138,0.2086638417228562,0.1718518226481588,0.053066894599023,0.0170769072425805,0.0538889263172779,0.0008220317182549,0.1,0.1,0.1,8310,281,CDU-protocol-fast-v1,0.8111515221793716
538_SMAP_id_8_Sensor_tr_2007_1st_3650.csv,SMAP,MOMENT_FT,SMAP,0.2240464097040339,0.1881823626861062,0.2015790235555099,0.1834496815096679,0.0358640470179277,0.0224673861485239,0.0405967281943659,0.0047326811764382,0.1,0.1,0.1,8029,268,CDU-protocol-fast-v1,0.933003670681251
539_SMAP_id_9_Sensor_tr_1857_1st_4270.csv,SMAP,MOMENT_FT,SMAP,0.1261608779249332,0.1196230614268964,0.1206772604034362,0.1186711541262454,0.0065378164980367,0.0054836175214969,0.0074897237986877,0.0009519073006509,0.1,0.1,0.1,7431,61,CDU-protocol-fast-v1,0.9919616635763407
540_SMAP_id_10_Sensor_tr_2051_1st_4575.csv,SMAP,MOMENT_FT,SMAP,0.182396117271583,0.1848312881502736,0.1856044948770825,0.1842411576742268,-0.0024351708786906,-0.0032083776054995,-0.0018450404026438,0.0005901304760467,0.1,0.1,0.1,8205,186,CDU-protocol-fast-v1,0.1643528036343412
541_SMAP_id_11_Sensor_tr_1832_1st_5300.csv,SMAP,MOMENT_FT,SMAP,0.3318923522564446,0.3198631523368086,0.3355166698161917,0.3183434807295268,0.0120291999196359,-0.0036243175597471,0.0135488715269178,0.0015196716072818,0.1,0.1,0.1,7331,448,CDU-protocol-fast-v1,0.4057409296083316
542_SMAP_id_12_Sensor_tr_1908_1st_4690.csv,SMAP,MOMENT_FT,SMAP,0.1100333486114171,0.1130300243989219,0.1074088649404317,0.111697312157605,-0.0029966757875048,0.0026244836709853,-0.0016639635461879,0.0013327122413168,0.1,0.1,0.1,7632,31,CDU-protocol-fast-v1,0.8803826085431098
544_SMAP_id_14_Sensor_tr_1978_1st_4450.csv,SMAP,MOMENT_FT,SMAP,0.1487826190130445,0.1730303253664884,0.1556485901820313,0.170916402035514,-0.0242477063534439,-0.0068659711689868,-0.0221337830224695,0.0021139233309744,0.1,0.1,0.1,7914,111,CDU-protocol-fast-v1,0.0116296038227821
545_SMAP_id_15_Sensor_tr_1173_1st_2750.csv,SMAP,MOMENT_FT,SMAP,0.1364992500618687,0.1211535084048017,0.1290566067275946,0.1207079585176962,0.0153457416570669,0.007442643334274,0.0157912915441724,0.0004455498871054,0.1,0.1,0.1,4693,51,CDU-protocol-fast-v1,0.9598154754698736
546_SMAP_id_16_Sensor_tr_2117_1st_4770.csv,SMAP,MOMENT_FT,SMAP,0.1498000626397371,0.1614007173179638,0.1563110894958856,0.1606936549377675,-0.0116006546782266,-0.0065110268561485,-0.0108935922980304,0.0007070623801962,0.1,0.1,0.1,8469,121,CDU-protocol-fast-v1,0.017919218323672
547_SMAP_id_17_Sensor_tr_2133_1st_5400.csv,SMAP,MOMENT_FT,SMAP,0.3782053894169124,0.3274853848874426,0.3928517482508766,0.3288699006773198,0.0507200045294697,-0.0146463588339642,0.0493354887395925,-0.0013845157898771,0.1,0.1,0.1,8532,623,CDU-protocol-fast-v1,0.162722488118229
548_SMAP_id_18_Sensor_tr_2094_1st_5600.csv,SMAP,MOMENT_FT,SMAP,0.1132732088639916,0.1077337556223167,0.1100396353749183,0.1085821344013003,0.0055394532416749,0.0032335734890732,0.0046910744626912,-0.0008483787789836,0.1,0.1,0.1,8376,41,CDU-protocol-fast-v1,0.9824745241921324
549_SMAP_id_19_Sensor_tr_1998_1st_2098.csv,SMAP,MOMENT_FT,SMAP,0.1776462153288513,0.1683522664057888,0.1690663938725106,0.1674195239292076,0.0092939489230625,0.0085798214563407,0.0102266913996436,0.0009327424765811,0.1,0.1,0.1,8579,184,CDU-protocol-fast-v1,0.6759855726739326
550_SWaT_id_1_Sensor_tr_43700_1st_43800.csv,SWaT,MOMENT_FT,SWaT,0.5695013226659786,0.8095299149614791,0.6522480894607134,0.8098619621067227,-0.2400285922955004,-0.0827467667947348,-0.240360639440744,-0.0003320471452435,0.1,0.1,0.1,419919,50653,CDU-protocol-fast-v1,0.0750012657797685
551_YAHOO_id_1_Synthetic_tr_500_1st_893.csv,YAHOO,MOMENT_FT,YAHOO,0.0983326645536459,0.0955986661182077,0.0982694795337355,0.0951701552766441,0.0027339984354381,6.318501991035841e-05,0.0031625092770017,0.0004285108415635,0.1,0.1,0.1,1421,1,CDU-protocol-fast-v1,0.021002425508777
552_YAHOO_id_2_Synthetic_tr_500_1st_893.csv,YAHOO,MOMENT_FT,YAHOO,0.0983326645536459,0.0955913527988841,0.0981351755145697,0.0948502359337107,0.0027413117547617,0.0001974890390761,0.0034824286199351,0.0007411168651733,0.1,0.1,0.1,1421,1,CDU-protocol-fast-v1,0.3852543676685553
555_YAHOO_id_5_WebService_tr_500_1st_730.csv,YAHOO,MOMENT_FT,YAHOO,0.1048191137585639,0.0979295190684634,0.1047357819168262,0.0988337884979621,0.0068895946901005,8.333184173762997e-05,0.0059853252606018,-0.0009042694294986,0.1,0.1,0.1,1680,4,CDU-protocol-fast-v1,0.0839061833192706
558_YAHOO_id_8_WebService_tr_500_1st_1125.csv,YAHOO,MOMENT_FT,YAHOO,0.3124225835287523,0.411183101721512,0.3385157048243649,0.4125585044420748,-0.0987605181927597,-0.0260931212956125,-0.1001359209133225,-0.0013754027205628,0.1,0.1,0.1,1427,80,CDU-protocol-fast-v1,0.0497330104472364
562_YAHOO_id_12_Synthetic_tr_500_1st_893.csv,YAHOO,MOMENT_FT,YAHOO,0.0983326645536459,0.0924456409963272,0.0981335570007241,0.0922086680306578,0.0058870235573186,0.0001991075529217,0.006123996522988,0.0002369729656693,0.1,0.1,0.1,1421,1,CDU-protocol-fast-v1,0.6386790195353117
570_YAHOO_id_20_Synthetic_tr_500_1st_658.csv,YAHOO,MOMENT_FT,YAHOO,0.1064974257906056,0.1008862420452337,0.1064650653408783,0.100773267516574,0.0056111837453718,3.236044972727836e-05,0.0057241582740315,0.0001129745286596,0.1,0.1,0.1,1421,4,CDU-protocol-fast-v1,0.1329317399471776
571_YAHOO_id_21_Synthetic_tr_500_1st_623.csv,YAHOO,MOMENT_FT,YAHOO,0.1201053611855383,0.1057482784774065,0.1162738955949429,0.1052950322256928,0.0143570827081317,0.0038314655905953,0.0148103289598454,0.0004532462517136,0.1,0.1,0.1,1421,9,CDU-protocol-fast-v1,0.403819783230055
579_YAHOO_id_29_WebService_tr_500_1st_1342.csv,YAHOO,MOMENT_FT,YAHOO,0.0979130865456355,0.0914970985013801,0.0978255734287571,0.0924399348666131,0.0064159880442554,8.751311687840713e-05,0.0054731516790223,-0.000942836365233,0.1,0.1,0.1,1680,1,CDU-protocol-fast-v1,0.4879821791540912
603_YAHOO_id_53_Synthetic_tr_500_1st_893.csv,YAHOO,MOMENT_FT,YAHOO,0.0983326645536459,0.0976889505675179,0.0981455341824662,0.0970701995143919,0.0006437139861279,0.0001871303711796,0.0012624650392539,0.0006187510531259,0.1,0.1,0.1,1421,1,CDU-protocol-fast-v1,0.52936624122601
644_YAHOO_id_94_WebService_tr_500_1st_1078.csv,YAHOO,MOMENT_FT,YAHOO,0.2977387032189041,0.3796034061455574,0.3357634995193586,0.3821753727959559,-0.0818647029266532,-0.0380247963004545,-0.0844366695770518,-0.0025719666503985,0.1,0.1,0.1,1435,75,CDU-protocol-fast-v1,0.0313091700001658
645_YAHOO_id_95_WebService_tr_500_1st_1047.csv,YAHOO,MOMENT_FT,YAHOO,0.0979130865456355,0.0897913580715925,0.0978976294023569,0.0910052901822995,0.008121728474043,1.545714327859382e-05,0.0069077963633359,-0.001213932110707,0.1,0.1,0.1,1680,1,CDU-protocol-fast-v1,0.0232484856268947
649_YAHOO_id_99_WebService_tr_500_1st_1386.csv,YAHOO,MOMENT_FT,YAHOO,0.0979130865456355,0.0937424040205588,0.0980875325086121,0.0942554878919262,0.0041706825250766,-0.0001744459629766,0.0036575986537092,-0.0005130838713674,0.1,0.1,0.1,1680,1,CDU-protocol-fast-v1,0.2852001662762795
657_YAHOO_id_107_WebService_tr_500_1st_1260.csv,YAHOO,MOMENT_FT,YAHOO,0.0982967547241315,0.0967903479376156,0.0981088042498489,0.0975659856212435,0.0015064067865159,0.0001879504742825,0.0007307691028879,-0.0007756376836279,0.1,0.1,0.1,1440,1,CDU-protocol-fast-v1,0.7061849299571897
658_YAHOO_id_108_Synthetic_tr_500_1st_893.csv,YAHOO,MOMENT_FT,YAHOO,0.0983326645536459,0.0880665487412777,0.098134371340503,0.0879156784557381,0.0102661158123681,0.0001982932131428,0.0104169860979077,0.0001508702855395,0.1,0.1,0.1,1421,1,CDU-protocol-fast-v1,0.6023882008873073
672_YAHOO_id_122_WebService_tr_500_1st_857.csv,YAHOO,MOMENT_FT,YAHOO,0.0979130865456355,0.0983346713932742,0.0984764405515338,0.0990338819104989,-0.0004215848476386,-0.0005633540058983,-0.0011207953648634,-0.0006992105172247,0.1,0.1,0.1,1680,1,CDU-protocol-fast-v1,0.0021502360177412
680_YAHOO_id_130_Synthetic_tr_500_1st_893.csv,YAHOO,MOMENT_FT,YAHOO,0.0983326645536459,0.1001830517148691,0.0981743551008867,0.0992851950868164,-0.0018503871612232,0.0001583094527591,-0.0009525305331705,0.0008978566280526,0.1,0.1,0.1,1421,1,CDU-protocol-fast-v1,0.1433892445191348
689_YAHOO_id_139_WebService_tr_500_1st_1073.csv,YAHOO,MOMENT_FT,YAHOO,0.0979130865456355,0.0957656139326319,0.0978061256810479,0.0962622260473066,0.0021474726130036,0.0001069608645875,0.0016508604983288,-0.0004966121146747,0.1,0.1,0.1,1680,1,CDU-protocol-fast-v1,0.0776451384707765
693_YAHOO_id_143_WebService_tr_500_1st_1003.csv,YAHOO,MOMENT_FT,YAHOO,0.1010313651260117,0.0918877607419639,0.100381972778512,0.092299593208188,0.0091436043840477,0.0006493923474996,0.0087317719178236,-0.0004118324662241,0.1,0.1,0.1,1427,2,CDU-protocol-fast-v1,0.3215690326655591
701_YAHOO_id_151_Synthetic_tr_500_1st_893.csv,YAHOO,MOMENT_FT,YAHOO,0.0983326645536459,0.0909503657521677,0.0984821317191999,0.0905594131506314,0.0073822988014781,-0.000149467165554,0.0077732514030144,0.0003909526015362,0.1,0.1,0.1,1421,1,CDU-protocol-fast-v1,0.1087336541242399
723_YAHOO_id_173_WebService_tr_500_1st_1214.csv,YAHOO,MOMENT_FT,YAHOO,0.1010580848538705,0.1031989026030144,0.1003531405543272,0.1032385876678275,-0.0021408177491439,0.0007049442995432,-0.002180502813957,-3.968506481315248e-05,0.1,0.1,0.1,1420,2,CDU-protocol-fast-v1,0.4799158844650615
724_YAHOO_id_174_WebService_tr_500_1st_1030.csv,YAHOO,MOMENT_FT,YAHOO,0.10712112282954,0.0964034489434117,0.1062496836740461,0.0967335368937413,0.0107176738861283,0.0008714391554939,0.0103875859357986,-0.0003300879503296,0.1,0.1,0.1,1680,5,CDU-protocol-fast-v1,0.1399702287638749
734_YAHOO_id_184_WebService_tr_500_1st_768.csv,YAHOO,MOMENT_FT,YAHOO,0.7121097988984328,0.4845239900791141,0.6248888973847394,0.481094432856563,0.2275858088193187,0.0872209015136934,0.2310153660418697,0.003429557222551,0.1,0.1,0.1,1424,227,CDU-protocol-fast-v1,0.7747961046537358
741_YAHOO_id_191_WebService_tr_500_1st_1114.csv,YAHOO,MOMENT_FT,YAHOO,0.1002150956166116,0.0898240997735813,0.09994861522783,0.0908804595476173,0.0103909958430302,0.0002664803887815,0.0093346360689942,-0.001056359774036,0.1,0.1,0.1,1680,2,CDU-protocol-fast-v1,0.0309524646113773
755_YAHOO_id_205_Synthetic_tr_500_1st_893.csv,YAHOO,MOMENT_FT,YAHOO,0.0983326645536459,0.0962903378989297,0.0981287489940371,0.0962267920139074,0.0020423266547161,0.0002039155596087,0.0021058725397384,6.3545885022262e-05,0.1,0.1,0.1,1421,1,CDU-protocol-fast-v1,0.6949877915458884
762_YAHOO_id_212_WebService_tr_500_1st_1055.csv,YAHOO,MOMENT_FT,YAHOO,0.1002150956166116,0.1099210290942436,0.1008557419151206,0.1106755940760292,-0.009705933477632,-0.000640646298509,-0.0104604984594176,-0.0007545649817856,0.1,0.1,0.1,1680,2,CDU-protocol-fast-v1,0.0061664272862707
780_YAHOO_id_230_Synthetic_tr_500_1st_893.csv,YAHOO,MOMENT_FT,YAHOO,0.0983326645536459,0.0934989980731053,0.0985484911392454,0.0932766673558339,0.0048336664805405,-0.0002158265855995,0.0050559971978119,0.0002223307172713,0.1,0.1,0.1,1421,1,CDU-protocol-fast-v1,0.0226326757468305
788_YAHOO_id_238_WebService_tr_500_1st_973.csv,YAHOO,MOMENT_FT,YAHOO,0.0979130865456355,0.0966041045957172,0.0982076162559194,0.0970533557067891,0.0013089819499183,-0.0002945297102839,0.0008597308388464,-0.0004492511110718,0.1,0.1,0.1,1680,1,CDU-protocol-fast-v1,0.0016395627226424
797_YAHOO_id_247_Synthetic_tr_500_1st_893.csv,YAHOO,MOMENT_FT,YAHOO,0.0983326645536459,0.0948550639554532,0.098780329201358,0.0943704919049337,0.0034776005981926,-0.0004476646477121,0.0039621726487121,0.0004845720505194,0.1,0.1,0.1,1421,1,CDU-protocol-fast-v1,0.0129167955793055
806_YAHOO_id_256_Synthetic_tr_500_1st_893.csv,YAHOO,MOMENT_FT,YAHOO,0.0983326645536459,0.1071664767249786,0.0982814812120213,0.1060076073137924,-0.0088338121713327,5.118334162458604e-05,-0.0076749427601465,0.0011588694111861,0.1,0.1,0.1,1421,1,CDU-protocol-fast-v1,0.0437707712762195
807_YAHOO_id_257_WebService_tr_500_1st_1210.csv,YAHOO,MOMENT_FT,YAHOO,0.1417805852464838,0.1301972019891372,0.1344418188280488,0.130560515244211,0.0115833832573465,0.0073387664184349,0.0112200700022727,-0.0003633132550738,0.1,0.1,0.1,1424,17,CDU-protocol-fast-v1,0.3993136695952854
810_Exathlon_id_1_Facility_tr_10766_1st_12590.csv,Exathlon,MOMENT_FT,Exathlon,0.5910589381462512,0.6594060583860757,0.5451023054443591,0.617783950189435,-0.0683471202398244,0.0459566327018921,-0.0267250120431837,0.0416221081966406,0.1,0.1,0.1,43066,5437,CDU-protocol-fast-v1,0.4620330352127817
811_Exathlon_id_2_Facility_tr_10766_1st_12590.csv,Exathlon,MOMENT_FT,Exathlon,0.5910589381462512,0.515289659163302,0.5340783246405693,0.5133454593588936,0.0757692789829491,0.0569806135056819,0.0777134787873575,0.0019441998044084,0.1,0.1,0.1,43066,5437,CDU-protocol-fast-v1,0.9899113091073336
812_Exathlon_id_3_Facility_tr_10766_1st_12590.csv,Exathlon,MOMENT_FT,Exathlon,0.5910589381462512,0.3949622386184044,0.5335211585461199,0.3922670505309613,0.1960966995278468,0.0575377796001312,0.1987918876152899,0.0026951880874431,0.1,0.1,0.1,43066,5437,CDU-protocol-fast-v1,0.9980343060162136
814_Exathlon_id_5_Facility_tr_10766_1st_12590.csv,Exathlon,MOMENT_FT,Exathlon,0.5910589381462512,0.515289659163302,0.5340783246405693,0.5133454593588936,0.0757692789829491,0.0569806135056819,0.0777134787873575,0.0019441998044084,0.1,0.1,0.1,43066,5437,CDU-protocol-fast-v1,0.9899113091073336
815_Exathlon_id_6_Facility_tr_10766_1st_12590.csv,Exathlon,MOMENT_FT,Exathlon,0.5910589381462512,0.3949622386184044,0.5335211585461199,0.3922670505309613,0.1960966995278468,0.0575377796001312,0.1987918876152899,0.0026951880874431,0.1,0.1,0.1,43066,5437,CDU-protocol-fast-v1,0.9980343060162136
816_Exathlon_id_7_Facility_tr_10766_1st_12590.csv,Exathlon,MOMENT_FT,Exathlon,0.5910589381462512,0.447824080505201,0.5344265702682907,0.4456157178430353,0.1432348576410502,0.0566323678779605,0.1454432203032159,0.0022083626621657,0.1,0.1,0.1,43066,5437,CDU-protocol-fast-v1,0.8911519988369677
817_Exathlon_id_8_Facility_tr_10766_1st_12590.csv,Exathlon,MOMENT_FT,Exathlon,0.5910589381462512,0.5907887612902277,0.5502456292897079,0.5890134295914129,0.0002701768560234,0.0408133088565433,0.0020455085548383,0.0017753316988148,0.1,0.1,0.1,43066,5437,CDU-protocol-fast-v1,0.4513052658389556
818_Exathlon_id_9_Facility_tr_11665_1st_13484.csv,Exathlon,MOMENT_FT,Exathlon,0.3383966554327336,0.2336089939081875,0.3074957670737062,0.2325440747204769,0.1047876615245461,0.0309008883590273,0.1058525807122567,0.0010649191877106,0.1,0.1,0.1,46660,2928,CDU-protocol-fast-v1,0.9935768042970138
819_Exathlon_id_10_Facility_tr_10766_1st_12590.csv,Exathlon,MOMENT_FT,Exathlon,0.5910589381462512,0.4387458545297075,0.5343536575565921,0.436892243051324,0.1523130836165437,0.056705280589659,0.1541666950949272,0.0018536114783834,0.1,0.1,0.1,43066,5437,CDU-protocol-fast-v1,0.9692241672593452
820_Exathlon_id_11_Facility_tr_11665_1st_13484.csv,Exathlon,MOMENT_FT,Exathlon,0.3383966554327336,0.2856122646634518,0.3080638911582531,0.2848032700844092,0.0527843907692818,0.0303327642744805,0.0535933853483243,0.0008089945790425,0.1,0.1,0.1,46660,2928,CDU-protocol-fast-v1,0.9236896513006962
821_Exathlon_id_12_Facility_tr_6985_1st_7085.csv,Exathlon,MOMENT_FT,Exathlon,0.5029142696878764,0.4050369672810656,0.4666402364401838,0.4034418975152643,0.0978773024068108,0.0362740332476926,0.0994723721726121,0.0015950697658012,0.1,0.1,0.1,46649,4856,CDU-protocol-fast-v1,0.6123337442172467
822_Exathlon_id_13_Facility_tr_10766_1st_12590.csv,Exathlon,MOMENT_FT,Exathlon,0.5910589381462512,0.5907887612902277,0.5502456292897079,0.5890134295914129,0.0002701768560234,0.0408133088565433,0.0020455085548383,0.0017753316988148,0.1,0.1,0.1,43066,5437,CDU-protocol-fast-v1,0.4513052658389556
823_Exathlon_id_14_Facility_tr_10766_1st_12590.csv,Exathlon,MOMENT_FT,Exathlon,0.5910589381462512,0.4417425956896094,0.5334069576989479,0.4401674559605746,0.1493163424566418,0.0576519804473033,0.1508914821856766,0.0015751397290347,0.1,0.1,0.1,43066,5437,CDU-protocol-fast-v1,0.9860806887888696
824_Exathlon_id_15_Facility_tr_10766_1st_12590.csv,Exathlon,MOMENT_FT,Exathlon,0.5910589381462512,0.4367697206179154,0.533986740832943,0.43451317482119,0.1542892175283358,0.0570721973133082,0.1565457633250612,0.0022565457967254,0.1,0.1,0.1,43066,5437,CDU-protocol-fast-v1,0.9777372013654048
826_Exathlon_id_17_Facility_tr_11665_1st_13484.csv,Exathlon,MOMENT_FT,Exathlon,0.3383966554327336,0.2856122646634518,0.3080638911582531,0.2848032700844092,0.0527843907692818,0.0303327642744805,0.0535933853483243,0.0008089945790425,0.1,0.1,0.1,46660,2928,CDU-protocol-fast-v1,0.9236896513006962
827_Exathlon_id_18_Facility_tr_10766_1st_12590.csv,Exathlon,MOMENT_FT,Exathlon,0.5910589381462512,0.4367697206179154,0.533986740832943,0.43451317482119,0.1542892175283358,0.0570721973133082,0.1565457633250612,0.0022565457967254,0.1,0.1,0.1,43066,5437,CDU-protocol-fast-v1,0.9777372013654048
828_Exathlon_id_19_Facility_tr_11663_1st_13482.csv,Exathlon,MOMENT_FT,Exathlon,0.3401291997647747,0.3021399170343675,0.3094978447349951,0.3012662043731582,0.0379892827304071,0.0306313550297795,0.0388629953916164,0.0008737126612092,0.1,0.1,0.1,46655,2948,CDU-protocol-fast-v1,0.9056382245530128
829_Exathlon_id_20_Facility_tr_10766_1st_12590.csv,Exathlon,MOMENT_FT,Exathlon,0.5910589381462512,0.447824080505201,0.5344265702682907,0.4456157178430353,0.1432348576410502,0.0566323678779605,0.1454432203032159,0.0022083626621657,0.1,0.1,0.1,43066,5437,CDU-protocol-fast-v1,0.8911519988369677
830_Exathlon_id_21_Facility_tr_10766_1st_12590.csv,Exathlon,MOMENT_FT,Exathlon,0.5910589381462512,0.5471087903381027,0.5336665393852001,0.5454528757763297,0.0439501478081485,0.057392398761051,0.0456060623699214,0.0016559145617729,0.1,0.1,0.1,43066,5437,CDU-protocol-fast-v1,0.961634445140364
831_Exathlon_id_22_Facility_tr_11665_1st_13484.csv,Exathlon,MOMENT_FT,Exathlon,0.3383966554327336,0.2856122646634518,0.3080638911582531,0.2848032700844092,0.0527843907692818,0.0303327642744805,0.0535933853483243,0.0008089945790425,0.1,0.1,0.1,46660,2928,CDU-protocol-fast-v1,0.9236896513006962
832_Exathlon_id_23_Facility_tr_10766_1st_12590.csv,Exathlon,MOMENT_FT,Exathlon,0.5910589381462512,0.447824080505201,0.5344265702682907,0.4456157178430353,0.1432348576410502,0.0566323678779605,0.1454432203032159,0.0022083626621657,0.1,0.1,0.1,43066,5437,CDU-protocol-fast-v1,0.8911519988369677
833_Exathlon_id_24_Facility_tr_10766_1st_12590.csv,Exathlon,MOMENT_FT,Exathlon,0.5910589381462512,0.3949622386184044,0.5335211585461199,0.3922670505309613,0.1960966995278468,0.0575377796001312,0.1987918876152899,0.0026951880874431,0.1,0.1,0.1,43066,5437,CDU-protocol-fast-v1,0.9980343060162136
834_Exathlon_id_25_Facility_tr_11665_1st_13484.csv,Exathlon,MOMENT_FT,Exathlon,0.3383966554327336,0.2856122646634518,0.3080638911582531,0.2848032700844092,0.0527843907692818,0.0303327642744805,0.0535933853483243,0.0008089945790425,0.1,0.1,0.1,46660,2928,CDU-protocol-fast-v1,0.9236896513006962
835_Exathlon_id_26_Facility_tr_10766_1st_12590.csv,Exathlon,MOMENT_FT,Exathlon,0.5910589381462512,0.6540245625665059,0.5577466039614304,0.6479464974993687,-0.0629656244202546,0.0333123341848208,-0.0568875593531175,0.0060780650671371,0.1,0.1,0.1,43066,5437,CDU-protocol-fast-v1,0.3676547138026124
836_Exathlon_id_27_Facility_tr_10766_1st_12590.csv,Exathlon,MOMENT_FT,Exathlon,0.5910589381462512,0.3949622386184044,0.5335211585461199,0.3922670505309613,0.1960966995278468,0.0575377796001312,0.1987918876152899,0.0026951880874431,0.1,0.1,0.1,43066,5437,CDU-protocol-fast-v1,0.9980343060162136
837_Exathlon_id_28_Facility_tr_8898_1st_8998.csv,Exathlon,MOMENT_FT,Exathlon,0.4205924877163967,0.4659297475088861,0.4542636760687368,0.4677220162591938,-0.0453372597924894,-0.0336711883523401,-0.0471295285427971,-0.0017922687503077,0.1,0.1,0.1,46650,3891,CDU-protocol-fast-v1,0.1579754775051839
838_Exathlon_id_29_Facility_tr_10766_1st_12590.csv,Exathlon,MOMENT_FT,Exathlon,0.5910589381462512,0.5907887612902277,0.5502456292897079,0.5890134295914129,0.0002701768560234,0.0408133088565433,0.0020455085548383,0.0017753316988148,0.1,0.1,0.1,43066,5437,CDU-protocol-fast-v1,0.4513052658389556
839_Exathlon_id_30_Facility_tr_10766_1st_12590.csv,Exathlon,MOMENT_FT,Exathlon,0.5910589381462512,0.447824080505201,0.5344265702682907,0.4456157178430353,0.1432348576410502,0.0566323678779605,0.1454432203032159,0.0022083626621657,0.1,0.1,0.1,43066,5437,CDU-protocol-fast-v1,0.8911519988369677
840_Exathlon_id_31_Facility_tr_10766_1st_12590.csv,Exathlon,MOMENT_FT,Exathlon,0.5910589381462512,0.4367697206179154,0.533986740832943,0.43451317482119,0.1542892175283358,0.0570721973133082,0.1565457633250612,0.0022565457967254,0.1,0.1,0.1,43066,5437,CDU-protocol-fast-v1,0.9777372013654048
841_Exathlon_id_32_Facility_tr_11663_1st_13482.csv,Exathlon,MOMENT_FT,Exathlon,0.3401291997647747,0.2352715670401938,0.3096118803834213,0.2341855498734786,0.1048576327245808,0.0305173193813533,0.1059436498912961,0.0010860171667152,0.1,0.1,0.1,46655,2948,CDU-protocol-fast-v1,0.9821825094156554
842_OPPORTUNITY_id_1_HumanActivity_tr_7295_1st_27516.csv,OPPORTUNITY,MOMENT_FT,OPPORTUNITY,0.1361741528429222,0.1560156124175955,0.1449542507661058,0.1569865702551737,-0.0198414595746733,-0.0087800979231836,-0.0208124174122515,-0.0009709578375782,0.1,0.1,0.1,29182,330,CDU-protocol-fast-v1,0.007838265220876
843_OPPORTUNITY_id_2_HumanActivity_tr_808_1st_908.csv,OPPORTUNITY,MOMENT_FT,OPPORTUNITY,0.5871383142152801,0.7917259023505411,0.6605155597345135,0.8010164000048341,-0.204587588135261,-0.0733772455192334,-0.213878085789554,-0.009290497654293,0.1,0.1,0.1,9057,1142,CDU-protocol-fast-v1,0.1068597539336999
844_OPPORTUNITY_id_3_HumanActivity_tr_500_1st_566.csv,OPPORTUNITY,MOMENT_FT,OPPORTUNITY,0.3344604207133003,0.359826741030982,0.3586181286236386,0.3614421233977307,-0.0253663203176817,-0.0241577079103383,-0.0269817026844303,-0.0016153823667486,0.1,0.1,0.1,15653,967,CDU-protocol-fast-v1,0.0511865169130505
845_OPPORTUNITY_id_4_HumanActivity_tr_7295_1st_27516.csv,OPPORTUNITY,MOMENT_FT,OPPORTUNITY,0.1361741528429222,0.1554119769111372,0.1455870873766725,0.1566973934006547,-0.019237824068215,-0.0094129345337503,-0.0205232405577325,-0.0012854164895175,0.1,0.1,0.1,29182,330,CDU-protocol-fast-v1,0.0245722412696033
846_OPPORTUNITY_id_5_HumanActivity_tr_2085_1st_2185.csv,OPPORTUNITY,MOMENT_FT,OPPORTUNITY,0.2365509154601663,0.3009542656110027,0.2623724541500931,0.3035098623069404,-0.0644033501508364,-0.0258215386899268,-0.0669589468467741,-0.0025555966959377,0.1,0.1,0.1,22194,818,CDU-protocol-fast-v1,0.0325354243710695
847_OPPORTUNITY_id_6_HumanActivity_tr_808_1st_908.csv,OPPORTUNITY,MOMENT_FT,OPPORTUNITY,0.5871383142152801,0.8632380219754142,0.6810617779939282,0.8694670372980386,-0.2760997077601341,-0.0939234637786481,-0.2823287230827586,-0.0062290153226244,0.1,0.1,0.1,9057,1142,CDU-protocol-fast-v1,0.0735827202586147
848_OPPORTUNITY_id_7_HumanActivity_tr_1477_1st_1577.csv,OPPORTUNITY,MOMENT_FT,OPPORTUNITY,0.1781275678879195,0.1663103770423931,0.1744602986849449,0.167062292876361,0.0118171908455264,0.0036672692029745,0.0110652750115584,-0.0007519158339679,0.1,0.1,0.1,18011,396,CDU-protocol-fast-v1,0.0752406520213167
849_OPPORTUNITY_id_8_HumanActivity_tr_1100_1st_1200.csv,OPPORTUNITY,MOMENT_FT,OPPORTUNITY,0.1877099177944515,0.2074945180166798,0.2004384808669542,0.2093005543169869,-0.0197846002222283,-0.0127285630725027,-0.0215906365225354,-0.001806036300307,0.1,0.1,0.1,24892,608,CDU-protocol-fast-v1,0.1447046116045259
850_OPPORTUNITY_id_9_HumanActivity_tr_895_1st_995.csv,OPPORTUNITY,MOMENT_FT,OPPORTUNITY,0.2084048165942393,0.2201727948202856,0.2132194299235906,0.2209586082934552,-0.0117679782260463,-0.0048146133293513,-0.0125537916992159,-0.0007858134731696,0.1,0.1,0.1,14751,438,CDU-protocol-fast-v1,0.0429485826091077
851_OPPORTUNITY_id_10_HumanActivity_tr_6213_1st_7311.csv,OPPORTUNITY,MOMENT_FT,OPPORTUNITY,0.2296003845866163,0.3405770580164143,0.2630554235791424,0.3432613148392672,-0.110976673429798,-0.0334550389925261,-0.1136609302526509,-0.0026842568228529,0.1,0.1,0.1,24852,872,CDU-protocol-fast-v1,0.0200931704028057
853_OPPORTUNITY_id_12_HumanActivity_tr_808_1st_908.csv,OPPORTUNITY,MOMENT_FT,OPPORTUNITY,0.5871383142152801,0.8985644465983316,0.6913753067837052,0.9054400921637126,-0.3114261323830515,-0.1042369925684251,-0.3183017779484325,-0.006875645565381,0.1,0.1,0.1,9057,1142,CDU-protocol-fast-v1,0.0728851655944503
854_OPPORTUNITY_id_13_HumanActivity_tr_1477_1st_1577.csv,OPPORTUNITY,MOMENT_FT,OPPORTUNITY,0.1781275678879195,0.177713748489127,0.1840356879642823,0.1788126905640342,0.0004138193987925,-0.0059081200763628,-0.0006851226761147,-0.0010989420749072,0.1,0.1,0.1,18011,396,CDU-protocol-fast-v1,0.0409763880732741
855_OPPORTUNITY_id_14_HumanActivity_tr_808_1st_908.csv,OPPORTUNITY,MOMENT_FT,OPPORTUNITY,0.5871383142152801,0.850462249982976,0.6815953678611674,0.8562938089533038,-0.2633239357676959,-0.0944570536458873,-0.2691554947380237,-0.0058315589703277,0.1,0.1,0.1,9057,1142,CDU-protocol-fast-v1,0.0751681171524625
856_OPPORTUNITY_id_15_HumanActivity_tr_808_1st_908.csv,OPPORTUNITY,MOMENT_FT,OPPORTUNITY,0.5871383142152801,0.8821147358487812,0.6834623274539778,0.8875573357532811,-0.2949764216335011,-0.0963240132386977,-0.300419021538001,-0.0054425999044999,0.1,0.1,0.1,9057,1142,CDU-protocol-fast-v1,0.0714797214456467
857_OPPORTUNITY_id_16_HumanActivity_tr_500_1st_566.csv,OPPORTUNITY,MOMENT_FT,OPPORTUNITY,0.3344604207133003,0.4337740256159521,0.379545842120312,0.4372150348520735,-0.0993136049026517,-0.0450854214070117,-0.1027546141387732,-0.0034410092361214,0.1,0.1,0.1,15653,967,CDU-protocol-fast-v1,0.1303406806294789
858_OPPORTUNITY_id_17_HumanActivity_tr_808_1st_908.csv,OPPORTUNITY,MOMENT_FT,OPPORTUNITY,0.5871383142152801,0.924768669751845,0.6958396213867812,0.9316949256130148,-0.3376303555365649,-0.1087013071715011,-0.3445566113977348,-0.0069262558611699,0.1,0.1,0.1,9057,1142,CDU-protocol-fast-v1,0.0903570527589386
859_OPPORTUNITY_id_18_HumanActivity_tr_895_1st_995.csv,OPPORTUNITY,MOMENT_FT,OPPORTUNITY,0.2084048165942393,0.231208047481942,0.2204648361016359,0.232955515677298,-0.0228032308877026,-0.0120600195073966,-0.0245506990830587,-0.001747468195356,0.1,0.1,0.1,14751,438,CDU-protocol-fast-v1,0.048678819308135
860_OPPORTUNITY_id_19_HumanActivity_tr_808_1st_908.csv,OPPORTUNITY,MOMENT_FT,OPPORTUNITY,0.5871383142152801,0.8533380355622447,0.6903604074492066,0.8601395169563669,-0.2661997213469647,-0.1032220932339265,-0.2730012027410868,-0.0068014813941221,0.1,0.1,0.1,9057,1142,CDU-protocol-fast-v1,0.071121030296799
861_OPPORTUNITY_id_20_HumanActivity_tr_2085_1st_2185.csv,OPPORTUNITY,MOMENT_FT,OPPORTUNITY,0.2365509154601663,0.2669523683629944,0.2542147779837972,0.2691235654810876,-0.0304014529028281,-0.0176638625236309,-0.0325726500209213,-0.0021711971180932,0.1,0.1,0.1,22194,818,CDU-protocol-fast-v1,0.0644069203117334
862_OPPORTUNITY_id_21_HumanActivity_tr_500_1st_566.csv,OPPORTUNITY,MOMENT_FT,OPPORTUNITY,0.3344604207133003,0.4067945500712892,0.3754541734183595,0.4103361412753127,-0.0723341293579888,-0.0409937527050592,-0.0758757205620124,-0.0035415912040235,0.1,0.1,0.1,15653,967,CDU-protocol-fast-v1,0.08436114903702
863_OPPORTUNITY_id_22_HumanActivity_tr_808_1st_908.csv,OPPORTUNITY,MOMENT_FT,OPPORTUNITY,0.5871383142152801,0.8387032793027022,0.6790628366787758,0.8469871910841271,-0.2515649650874221,-0.0919245224634957,-0.259848876868847,-0.0082839117814249,0.1,0.1,0.1,9057,1142,CDU-protocol-fast-v1,0.0725656693244505
865_OPPORTUNITY_id_24_HumanActivity_tr_2085_1st_2185.csv,OPPORTUNITY,MOMENT_FT,OPPORTUNITY,0.2365509154601663,0.2672391635365892,0.2561616831296247,0.2694537780620477,-0.0306882480764229,-0.0196107676694583,-0.0329028626018813,-0.0022146145254584,0.1,0.1,0.1,22194,818,CDU-protocol-fast-v1,0.0858961547465344
866_OPPORTUNITY_id_25_HumanActivity_tr_6213_1st_7311.csv,OPPORTUNITY,MOMENT_FT,OPPORTUNITY,0.2296003845866163,0.3173672055964974,0.2584875412919797,0.3197888301563271,-0.087766821009881,-0.0288871567053634,-0.0901884455697107,-0.0024216245598296,0.1,0.1,0.1,24852,872,CDU-protocol-fast-v1,0.033578603816788
867_OPPORTUNITY_id_26_HumanActivity_tr_808_1st_908.csv,OPPORTUNITY,MOMENT_FT,OPPORTUNITY,0.5871383142152801,0.9450234805858582,0.6924525989812955,0.949682728583926,-0.3578851663705781,-0.1053142847660154,-0.362544414368646,-0.0046592479980679,0.1,0.1,0.1,9057,1142,CDU-protocol-fast-v1,0.0729882514079679
868_OPPORTUNITY_id_27_HumanActivity_tr_2085_1st_2185.csv,OPPORTUNITY,MOMENT_FT,OPPORTUNITY,0.2365509154601663,0.2875607068096743,0.2598138042225397,0.2896913368005585,-0.051009791349508,-0.0232628887623733,-0.0531404213403921,-0.0021306299908841,0.1,0.1,0.1,22194,818,CDU-protocol-fast-v1,0.0267034761622463
869_OPPORTUNITY_id_28_HumanActivity_tr_500_1st_566.csv,OPPORTUNITY,MOMENT_FT,OPPORTUNITY,0.3344604207133003,0.4593897499875343,0.3829176175115643,0.4630112403745908,-0.124929329274234,-0.0484571967982639,-0.1285508196612905,-0.0036214903870565,0.1,0.1,0.1,15653,967,CDU-protocol-fast-v1,0.1629964569583415
870_OPPORTUNITY_id_29_HumanActivity_tr_1477_1st_1577.csv,OPPORTUNITY,MOMENT_FT,OPPORTUNITY,0.1781275678879195,0.1837525974478287,0.1822938405864748,0.185239610802874,-0.0056250295599092,-0.0041662726985553,-0.0071120429149545,-0.0014870133550453,0.1,0.1,0.1,18011,396,CDU-protocol-fast-v1,0.0536347160353643
001_NAB_id_1_Facility_tr_1007_1st_2014.csv,NAB,MOMENT_ZS,NAB,0.4271930261014086,0.4049530644436562,0.3970791711070583,0.4031640640806506,0.0222399616577523,0.0301138549943502,0.0240289620207579,0.0017890003630055,0.1,0.1,0.1,4031,343,CDU-protocol-fast-v1,0.5779393019707404
002_NAB_id_2_WebService_tr_1500_1st_4106.csv,NAB,MOMENT_ZS,NAB,0.5109811005857584,0.5019596616707005,0.5259499737721558,0.5024934114356012,0.0090214389150579,-0.0149688731863973,0.0084876891501571,-0.0005337497649007,0.1,0.1,0.1,6000,637,CDU-protocol-fast-v1,0.3403268133491335
005_NAB_id_5_Traffic_tr_594_1st_1645.csv,NAB,MOMENT_ZS,NAB,0.4866326352417378,0.4225410306074325,0.502505883210777,0.4234508113516438,0.0640916046343053,-0.0158732479690392,0.0631818238900939,-0.0009097807442113,0.1,0.1,0.1,2379,238,CDU-protocol-fast-v1,0.1269727415204781
006_NAB_id_6_Traffic_tr_2579_1st_5839.csv,NAB,MOMENT_ZS,NAB,0.4857335332016683,0.5030185169729929,0.5157733079915348,0.5037535495389001,-0.0172849837713246,-0.0300397747898664,-0.0180200163372317,-0.0007350325659071,0.1,0.1,0.1,10319,1030,CDU-protocol-fast-v1,0.0917398428362618
008_NAB_id_8_Synthetic_tr_1007_1st_2734.csv,NAB,MOMENT_ZS,NAB,0.4853806728505995,0.3491487638325485,0.4507165743978829,0.3494148939877203,0.136231909018051,0.0346640984527166,0.1359657788628792,-0.0002661301551717,0.1,0.1,0.1,4031,402,CDU-protocol-fast-v1,0.7951411931017283
009_NAB_id_9_Traffic_tr_500_1st_438.csv,NAB,MOMENT_ZS,NAB,0.4862815616001811,0.4577284733710112,0.4729118807449186,0.4578555727864374,0.0285530882291699,0.0133696808552624,0.0284259888137436,-0.0001270994154262,0.1,0.1,0.1,2161,216,CDU-protocol-fast-v1,0.2514051725654173
010_NAB_id_10_WebService_tr_500_1st_271.csv,NAB,MOMENT_ZS,NAB,0.6772894492172364,0.6757135752540563,0.5967804635683946,0.6719495739439219,0.0015758739631801,0.0805089856488417,0.0053398752733145,0.0037640013101344,0.1,0.1,0.1,1000,148,CDU-protocol-fast-v1,0.9813328600991952
011_NAB_id_11_Facility_tr_1007_1st_1526.csv,NAB,MOMENT_ZS,NAB,0.5563893265106291,0.4704058326094067,0.5141188722918446,0.4704742715520697,0.0859834939012224,0.0422704542187845,0.0859150549585593,-6.843894266300721e-05,0.1,0.1,0.1,4031,474,CDU-protocol-fast-v1,0.7123087085369371
013_NAB_id_13_Traffic_tr_623_1st_2084.csv,NAB,MOMENT_ZS,NAB,0.4842338922682348,0.3962528349165996,0.4413108614553854,0.3960124929290678,0.0879810573516352,0.0429230308128493,0.088221399339167,0.0002403419875317,0.1,0.1,0.1,2494,248,CDU-protocol-fast-v1,0.7571994424841554
014_NAB_id_14_WebService_tr_500_1st_1045.csv,NAB,MOMENT_ZS,NAB,0.4820684243308183,0.4939130394542483,0.4760100237388014,0.4929996445558913,-0.0118446151234299,0.0060584005920168,-0.010931220225073,0.0009133948983569,0.1,0.1,0.1,1537,152,CDU-protocol-fast-v1,0.4596472750553718
015_NAB_id_15_Synthetic_tr_1007_1st_2787.csv,NAB,MOMENT_ZS,NAB,0.5948523472431452,0.7760293975346706,0.6118727171107902,0.7763367109194427,-0.1811770502915254,-0.0170203698676449,-0.1814843636762975,-0.000307313384772,0.1,0.1,0.1,4031,513,CDU-protocol-fast-v1,0.139829090177877
016_NAB_id_16_Environment_tr_1816_1st_3540.csv,NAB,MOMENT_ZS,NAB,0.4850429707481395,0.4376926895900296,0.4771834998384104,0.4378880619385203,0.0473502811581099,0.007859470909729,0.0471549088096192,-0.0001953723484907,0.1,0.1,0.1,7266,724,CDU-protocol-fast-v1,0.1646038580394161
017_NAB_id_17_Synthetic_tr_1007_1st_1805.csv,NAB,MOMENT_ZS,NAB,0.4853806728505994,0.5534003198707411,0.4825062187573817,0.5498313815429192,-0.0680196470201417,0.0028744540932176,-0.0644507086923198,0.0035689383278219,0.1,0.1,0.1,4031,402,CDU-protocol-fast-v1,0.290718767933547
018_NAB_id_18_Facility_tr_500_1st_669.csv,NAB,MOMENT_ZS,NAB,0.4862541770224173,0.5522336731389618,0.4954826124204467,0.5530741815941603,-0.0659794961165444,-0.0092284353980294,-0.066820004571743,-0.0008405084551985,0.1,0.1,0.1,1881,188,CDU-protocol-fast-v1,0.1369886623830711
019_NAB_id_19_Facility_tr_1007_1st_1171.csv,NAB,MOMENT_ZS,NAB,0.483408210248932,0.4719329833680825,0.4586873965804293,0.4727924321605194,0.0114752268808495,0.0247208136685026,0.0106157780884125,-0.0008594487924369,0.1,0.1,0.1,4031,400,CDU-protocol-fast-v1,0.3223727375512694
020_NAB_id_20_Synthetic_tr_1007_1st_2679.csv,NAB,MOMENT_ZS,NAB,0.7013653277331897,0.8742667449843253,0.7279689285878519,0.8751140749193298,-0.1729014172511356,-0.0266036008546621,-0.17374874718614,-0.0008473299350044,0.1,0.1,0.1,4031,621,CDU-protocol-fast-v1,0.1571143990679824
022_NAB_id_22_Facility_tr_1007_1st_2980.csv,NAB,MOMENT_ZS,NAB,0.6017559663489813,0.4471628834985517,0.5430960815648757,0.446764319083317,0.1545930828504296,0.0586598847841056,0.1549916472656643,0.0003985644152347,0.1,0.1,0.1,4031,520,CDU-protocol-fast-v1,0.7313551680861319
023_NAB_id_23_Facility_tr_4512_1st_16551.csv,NAB,MOMENT_ZS,NAB,0.4188672974141275,0.4009310411488355,0.4194115607353742,0.4031561256224344,0.0179362562652919,-0.0005442633212467,0.015711171791693,-0.0022250844735989,0.1,0.1,0.1,18049,1498,CDU-protocol-fast-v1,0.1136566328595132
024_NAB_id_24_Synthetic_tr_1007_1st_2787.csv,NAB,MOMENT_ZS,NAB,0.5948523472431452,0.5576899651953611,0.5975295838223053,0.5571547727413754,0.0371623820477841,-0.00267723657916,0.0376975745017698,0.0005351924539857,0.1,0.1,0.1,4031,513,CDU-protocol-fast-v1,0.3895364776526084
025_NAB_id_25_WebService_tr_3958_1st_4614.csv,NAB,MOMENT_ZS,NAB,0.4856619904702664,0.5141484620284618,0.4888998606269282,0.5141148432518293,-0.0284864715581953,-0.0032378701566618,-0.0284528527815629,3.361877663243806e-05,0.1,0.1,0.1,15832,1580,CDU-protocol-fast-v1,0.1861237876185639
026_NAB_id_26_Traffic_tr_624_1st_2261.csv,NAB,MOMENT_ZS,NAB,0.4675345826450365,0.3812191677117147,0.4508132943571282,0.3808639981222004,0.0863154149333217,0.0167212882879083,0.0866705845228361,0.0003551695895143,0.1,0.1,0.1,2499,238,CDU-protocol-fast-v1,0.3855445938915843
027_NAB_id_27_Facility_tr_757_1st_2582.csv,NAB,MOMENT_ZS,NAB,0.3512382483885998,0.2900068948565441,0.3329997584794142,0.2901382515534949,0.0612313535320557,0.0182384899091855,0.0610999968351048,-0.0001313566969508,0.1,0.1,0.1,3031,200,CDU-protocol-fast-v1,0.4158045507045205
028_NAB_id_28_Facility_tr_1007_1st_3447.csv,NAB,MOMENT_ZS,NAB,0.5129951492739443,0.4682624740937041,0.4915897669987301,0.4689270625660981,0.0447326751802402,0.0214053822752141,0.0440680867078461,-0.000664588472394,0.1,0.1,0.1,4031,430,CDU-protocol-fast-v1,0.3957094485651388
032_WSD_id_4_WebService_tr_4559_1st_11822.csv,WSD,MOMENT_ZS,WSD,0.1075299854438183,0.1116774515005216,0.1057392353847785,0.1110939726837921,-0.0041474660567032,0.0017907500590397,-0.0035639872399738,0.0005834788167294,0.1,0.1,0.1,10686,32,CDU-protocol-fast-v1,0.5024464370687536
039_WSD_id_11_WebService_tr_1746_1st_1846.csv,WSD,MOMENT_ZS,WSD,0.123945251401589,0.117165915369355,0.1193101435366109,0.1171124685766018,0.006779336032234,0.004635107864978,0.0068327828249871,5.3446792753181205e-05,0.1,0.1,0.1,18219,132,CDU-protocol-fast-v1,0.8054838378285547
040_WSD_id_12_WebService_tr_4559_1st_9714.csv,WSD,MOMENT_ZS,WSD,0.1046479863466841,0.1124326024770673,0.1036691098914316,0.1125629580169188,-0.0077846161303831,0.0009788764552524,-0.0079149716702347,-0.0001303555398515,0.1,0.1,0.1,18236,41,CDU-protocol-fast-v1,0.017731419523897
043_WSD_id_15_WebService_tr_4521_1st_6828.csv,WSD,MOMENT_ZS,WSD,0.097246602480544,0.102515453101583,0.0972911669800113,0.1024980639924406,-0.005268850621039,-4.456449946736718e-05,-0.0052514615118966,1.738910914239611e-05,0.1,0.1,0.1,18085,6,CDU-protocol-fast-v1,0.44761748015489
049_WSD_id_21_WebService_tr_4297_1st_7097.csv,WSD,MOMENT_ZS,WSD,0.1029301495095835,0.104141769354132,0.1021403354142204,0.1042109260845965,-0.0012116198445484,0.000789814095363,-0.001280776575013,-6.915673046457849e-05,0.1,0.1,0.1,17189,31,CDU-protocol-fast-v1,0.1623143245934635
054_WSD_id_26_WebService_tr_2409_1st_2509.csv,WSD,MOMENT_ZS,WSD,0.1098244691869262,0.1131182814548376,0.1076990637956313,0.1129958722622017,-0.0032938122679113,0.0021254053912948,-0.0031714030752754,0.0001224091926358,0.1,0.1,0.1,18391,66,CDU-protocol-fast-v1,0.6900248331498329
058_WSD_id_30_WebService_tr_1136_1st_1236.csv,WSD,MOMENT_ZS,WSD,0.0976595358796754,0.1041579276002816,0.0976265771392714,0.10414272961846,-0.0064983917206062,3.295874040391833e-05,-0.0064831937387846,1.5197981821549187e-05,0.1,0.1,0.1,18236,8,CDU-protocol-fast-v1,0.1524725180122708
060_WSD_id_32_WebService_tr_4576_1st_4766.csv,WSD,MOMENT_ZS,WSD,0.1174846082653973,0.1171885962943928,0.1139807337764429,0.1169576121212175,0.0002960119710045,0.0035038744889544,0.0005269961441798,0.0002309841731752,0.1,0.1,0.1,18305,102,CDU-protocol-fast-v1,0.3413626799502419
068_WSD_id_40_WebService_tr_4549_1st_13322.csv,WSD,MOMENT_ZS,WSD,0.1021198938700692,0.1071976929509372,0.1022868289049293,0.1067315537049938,-0.005077799080868,-0.0001669350348601,-0.0046116598349246,0.0004661392459433,0.1,0.1,0.1,18197,29,CDU-protocol-fast-v1,0.1406376034748482
074_WSD_id_46_WebService_tr_990_1st_1090.csv,WSD,MOMENT_ZS,WSD,0.1573790216886592,0.1352386893013269,0.1473570933667294,0.1350029918886584,0.0221403323873322,0.0100219283219297,0.0223760298000007,0.0002356974126684,0.1,0.1,0.1,18236,290,CDU-protocol-fast-v1,0.3510644613671305
089_WSD_id_61_WebService_tr_1010_1st_1110.csv,WSD,MOMENT_ZS,WSD,0.1493653476999775,0.128044486996481,0.1406300132826878,0.1278179999023092,0.0213208607034965,0.0087353344172896,0.0215473477976682,0.0002264870941717,0.1,0.1,0.1,17429,241,CDU-protocol-fast-v1,0.8154309687442275
094_WSD_id_66_WebService_tr_3309_1st_3914.csv,WSD,MOMENT_ZS,WSD,0.1061765244045372,0.1079952254932525,0.1046352206365813,0.1078710347752017,-0.0018187010887152,0.0015413037679558,-0.0016945103706645,0.0001241907180507,0.1,0.1,0.1,13237,35,CDU-protocol-fast-v1,0.762269307576131
099_WSD_id_71_WebService_tr_4559_1st_14411.csv,WSD,MOMENT_ZS,WSD,0.1046479863466841,0.111021903213316,0.1033611096084088,0.1104811749994828,-0.0063739168666318,0.0012868767382752,-0.0058331886527987,0.0005407282138331,0.1,0.1,0.1,18236,41,CDU-protocol-fast-v1,0.575917480952056
106_WSD_id_78_WebService_tr_3363_1st_3463.csv,WSD,MOMENT_ZS,WSD,0.1427668070758227,0.1281631660111524,0.134782429464921,0.1279894637875538,0.0146036410646702,0.0079843776109017,0.0147773432882688,0.0001737022235985,0.1,0.1,0.1,18236,221,CDU-protocol-fast-v1,0.8955555020515394
113_WSD_id_85_WebService_tr_500_1st_335.csv,WSD,MOMENT_ZS,WSD,0.1198876437419788,0.1188265995285171,0.1159605775863032,0.1185201710000401,0.0010610442134617,0.0039270661556755,0.0013674727419386,0.0003064285284769,0.1,0.1,0.1,18242,113,CDU-protocol-fast-v1,0.7920368694658009
117_WSD_id_89_WebService_tr_3251_1st_3351.csv,WSD,MOMENT_ZS,WSD,0.0966728392159828,0.1038122200571789,0.0968181705625761,0.10376360288158,-0.0071393808411961,-0.0001453313465933,-0.0070907636655972,4.861717559886958e-05,0.1,0.1,0.1,16376,3,CDU-protocol-fast-v1,0.0302206831194051
125_WSD_id_97_WebService_tr_2217_1st_2317.csv,WSD,MOMENT_ZS,WSD,0.1302459870741442,0.1302520570592606,0.1246281847078655,0.1299255901578628,-6.069985116402554e-06,0.0056178023662786,0.0003203969162813,0.0003264669013977,0.1,0.1,0.1,18250,162,CDU-protocol-fast-v1,0.3883732323962194
130_WSD_id_102_WebService_tr_2362_1st_2462.csv,WSD,MOMENT_ZS,WSD,0.1372607551927249,0.1338780040566449,0.1303106228911614,0.1334491299435563,0.0033827511360799,0.0069501323015634,0.0038116252491686,0.0004288741130886,0.1,0.1,0.1,18236,195,CDU-protocol-fast-v1,0.5875860797443035
137_WSD_id_109_WebService_tr_4559_1st_14404.csv,WSD,MOMENT_ZS,WSD,0.108459868419598,0.1147442587137088,0.1064945727431335,0.1141672642907991,-0.0062843902941108,0.0019652956764644,-0.0057073958712011,0.0005769944229096,0.1,0.1,0.1,18236,59,CDU-protocol-fast-v1,0.5925086657519167
139_WSD_id_111_WebService_tr_1701_1st_1801.csv,WSD,MOMENT_ZS,WSD,0.1142441227835626,0.1124211147084028,0.1119093626113272,0.1123164283589313,0.0018230080751597,0.0023347601722353,0.0019276944246312,0.0001046863494714,0.1,0.1,0.1,18381,87,CDU-protocol-fast-v1,0.703102646134027
140_MSL_id_1_Sensor_tr_530_1st_630.csv,MSL,MOMENT_ZS,MSL,0.2873686381761706,0.3059045243505106,0.2732396719474186,0.2967785244782365,-0.0185358861743399,0.0141289662287519,-0.0094098863020659,0.009125999872274,0.1,0.1,0.1,2430,121,CDU-protocol-fast-v1,0.610354826428768
141_MSL_id_2_Sensor_tr_500_1st_550.csv,MSL,MOMENT_ZS,MSL,0.6332567791885708,0.6388590499559477,0.5913685660854678,0.637785112521682,-0.0056022707673768,0.0418882131031029,-0.0045283333331112,0.0010739374342656,0.1,0.1,0.1,2264,312,CDU-protocol-fast-v1,0.5181561530415414
143_MSL_id_4_Sensor_tr_980_1st_3550.csv,MSL,MOMENT_ZS,MSL,0.2429866472843507,0.1940817129302176,0.2225612783485012,0.1937444465011678,0.0489049343541331,0.0204253689358494,0.0492422007831828,0.0003372664290497,0.1,0.1,0.1,3922,151,CDU-protocol-fast-v1,0.8474532300411198
144_MSL_id_5_Sensor_tr_1525_1st_4590.csv,MSL,MOMENT_ZS,MSL,0.1760790536021126,0.169985411306579,0.1830905928693802,0.1699403034260924,0.0060936422955336,-0.0070115392672676,0.0061387501760201,4.5107880486561225e-05,0.1,0.1,0.1,6100,131,CDU-protocol-fast-v1,0.0222284824998928
145_MSL_id_6_Sensor_tr_530_1st_630.csv,MSL,MOMENT_ZS,MSL,0.2873686381761706,0.2761726888593286,0.2652730123981882,0.2754721095093795,0.0111959493168419,0.0220956257779823,0.011896528666791,0.000700579349949,0.1,0.1,0.1,2430,121,CDU-protocol-fast-v1,0.3151061333185127
147_MSL_id_8_Sensor_tr_590_1st_690.csv,MSL,MOMENT_ZS,MSL,0.4992263389006856,0.3907201765619901,0.4602524223167412,0.3902554692349989,0.1085061623386954,0.0389739165839443,0.1089708696656866,0.0004647073269911,0.1,0.1,0.1,2430,252,CDU-protocol-fast-v1,0.5813111480734585
148_MSL_id_9_Sensor_tr_883_1st_1238.csv,MSL,MOMENT_ZS,MSL,0.3451521701195715,0.2882097530028368,0.3106602693704071,0.2873401126500912,0.0569424171167347,0.0344919007491644,0.0578120574694802,0.0008696403527455,0.1,0.1,0.1,3535,228,CDU-protocol-fast-v1,0.8061773431499806
149_Stock_id_1_Finance_tr_500_1st_7.csv,Stock,MOMENT_ZS,Stock,0.2842191306939363,0.2454306815710683,0.2791933520305898,0.2460081018794376,0.0387884491228679,0.0050257786633464,0.0382110288144986,-0.0005774203083693,0.1,0.1,0.1,20000,981,CDU-protocol-fast-v1,0.8832564618684939
151_Stock_id_3_Finance_tr_500_1st_62.csv,Stock,MOMENT_ZS,Stock,0.2828372009833035,0.2527133972023364,0.278619143336279,0.2527274921936587,0.0301238037809671,0.0042180576470244,0.0301097087896447,-1.409499132237757e-05,0.1,0.1,0.1,10000,487,CDU-protocol-fast-v1,0.8885269134144115
155_Stock_id_7_Finance_tr_500_1st_18.csv,Stock,MOMENT_ZS,Stock,0.2826397824532131,0.2421855532885009,0.2773027569229606,0.2426357209775711,0.0404542291647122,0.0053370255302524,0.0400040614756419,-0.0004501676890702,0.1,0.1,0.1,20000,973,CDU-protocol-fast-v1,0.9455802727116984
156_Stock_id_8_Finance_tr_500_1st_24.csv,Stock,MOMENT_ZS,Stock,0.2820475268629419,0.2562301892201621,0.2764807255069735,0.2560869537453613,0.0258173376427797,0.0055668013559683,0.0259605731175805,0.0001432354748007,0.1,0.1,0.1,10000,485,CDU-protocol-fast-v1,0.1959815473215153
160_Stock_id_12_Finance_tr_500_1st_14.csv,Stock,MOMENT_ZS,Stock,0.2842191306939363,0.2453936984954448,0.2800164020193753,0.2460020386094349,0.0388254321984914,0.004202728674561,0.0382170920845013,-0.0006083401139901,0.1,0.1,0.1,20000,981,CDU-protocol-fast-v1,0.724922627991793
162_Stock_id_14_Finance_tr_500_1st_4.csv,Stock,MOMENT_ZS,Stock,0.6354266957247445,0.5522324078821944,0.6298828078787706,0.5528874251301304,0.0831942878425501,0.0055438878459739,0.082539270594614,-0.000655017247936,0.1,0.1,0.1,10000,1380,CDU-protocol-fast-v1,0.954304423299821
165_Stock_id_17_Finance_tr_500_1st_7.csv,Stock,MOMENT_ZS,Stock,0.6429285998681795,0.5576391440709365,0.6388456218221387,0.5590577343852806,0.085289455797243,0.0040829780460408,0.0838708654828989,-0.0014185903143441,0.1,0.1,0.1,20000,2798,CDU-protocol-fast-v1,0.9765863074964812
166_Stock_id_18_Finance_tr_500_1st_18.csv,Stock,MOMENT_ZS,Stock,0.642731181338089,0.5600653335879421,0.6378554146412228,0.560755791938815,0.0826658477501469,0.0048757666968662,0.081975389399274,-0.0006904583508728,0.1,0.1,0.1,20000,2797,CDU-protocol-fast-v1,0.888196712552043
169_Daphnet_id_1_HumanActivity_tr_9693_1st_20732.csv,Daphnet,MOMENT_ZS,Daphnet,0.3254223915528967,0.2368700903937531,0.2965239798380316,0.2364059175254548,0.0885523011591436,0.028898411714865,0.0890164740274419,0.0004641728682982,0.1,0.1,0.1,38774,2306,CDU-protocol-fast-v1,0.5194738105515135
170_MITDB_id_1_Medical_tr_17675_1st_17775.csv,MITDB,MOMENT_ZS,MITDB,0.271582878822378,0.2887418738617924,0.2673474272067473,0.2888291323807578,-0.0171589950394143,0.0042354516156306,-0.0172462535583797,-8.725851896540515e-05,0.1,0.1,0.1,500000,22845,CDU-protocol-fast-v1,0.0595379452159692
171_MITDB_id_2_Medical_tr_50000_1st_88864.csv,MITDB,MOMENT_ZS,MITDB,0.211197624167007,0.1696606055995633,0.204571213189067,0.1696061505253353,0.0415370185674436,0.0066264109779399,0.0415914736416717,5.445507422802143e-05,0.1,0.1,0.1,650000,19657,CDU-protocol-fast-v1,0.3184427207464256
172_MITDB_id_3_Medical_tr_27274_1st_27374.csv,MITDB,MOMENT_ZS,MITDB,0.2018886191173119,0.2604056175074725,0.2092432300936917,0.2606455302320546,-0.0585169983901605,-0.0073546109763798,-0.0587569111147427,-0.0002399127245821,0.1,0.1,0.1,650000,18109,CDU-protocol-fast-v1,0.0231225310693055
173_MITDB_id_4_Medical_tr_13620_1st_13720.csv,MITDB,MOMENT_ZS,MITDB,0.49398571361269,0.5355416748998293,0.5177083908340847,0.5367695629178647,-0.0415559612871392,-0.0237226772213947,-0.0427838493051747,-0.0012278880180354,0.1,0.1,0.1,650000,66682,CDU-protocol-fast-v1,0.1267180964342154
175_MITDB_id_6_Medical_tr_27274_1st_27374.csv,MITDB,MOMENT_ZS,MITDB,0.2018886191173119,0.2007848397009577,0.2037966614587753,0.201081904494299,0.0011037794163542,-0.0019080423414634,0.0008067146230128,-0.0002970647933413,0.1,0.1,0.1,650000,18109,CDU-protocol-fast-v1,0.0414311633227842
176_MITDB_id_7_Medical_tr_6232_1st_6332.csv,MITDB,MOMENT_ZS,MITDB,0.3231402139603378,0.2623315432049894,0.3247609496504743,0.2626327352221075,0.0608086707553484,-0.0016207356901365,0.0605074787382302,-0.0003011920171181,0.1,0.1,0.1,650000,38272,CDU-protocol-fast-v1,0.3514839883701744
177_MITDB_id_8_Medical_tr_17675_1st_17775.csv,MITDB,MOMENT_ZS,MITDB,0.2561009450365638,0.2477174295812171,0.2510355836646226,0.2475719911467348,0.0083835154553466,0.0050653613719411,0.0085289538898289,0.0001454384344822,0.1,0.1,0.1,650000,27124,CDU-protocol-fast-v1,0.0595735082949812
178_SMD_id_1_Facility_tr_6000_1st_10609.csv,SMD,MOMENT_ZS,SMD,0.1638312951952854,0.1537953957124617,0.1584323523603511,0.1537877456376378,0.0100358994828236,0.0053989428349342,0.0100435495576475,7.650074823867259e-06,0.1,0.1,0.1,24000,427,CDU-protocol-fast-v1,0.1229556702876948
179_SMD_id_2_Facility_tr_5925_1st_17580.csv,SMD,MOMENT_ZS,SMD,0.1211528492406375,0.1171366726745031,0.1168775982703147,0.1173887341376746,0.0040161765661343,0.0042752509703227,0.0037641151029629,-0.0002520614631714,0.1,0.1,0.1,23703,161,CDU-protocol-fast-v1,0.9694909226416384
180_SMD_id_3_Facility_tr_5925_1st_17580.csv,SMD,MOMENT_ZS,SMD,0.1211528492406375,0.1100294495002292,0.1168754156519162,0.109397773074797,0.0111233997404082,0.0042774335887212,0.0117550761658404,0.0006316764254321,0.1,0.1,0.1,23703,161,CDU-protocol-fast-v1,0.9453325072165842
181_SMD_id_4_Facility_tr_5000_1st_15144.csv,SMD,MOMENT_ZS,SMD,0.2709547640029155,0.2117561266938344,0.2448733903009091,0.2112074972986184,0.0591986373090811,0.0260813737020063,0.059747266704297,0.0005486293952159,0.1,0.1,0.1,20000,908,CDU-protocol-fast-v1,0.6389482078974021
183_SMD_id_6_Facility_tr_5925_1st_17580.csv,SMD,MOMENT_ZS,SMD,0.1211528492406375,0.1188709987924464,0.1168776240047934,0.1189419200782478,0.002281850448191,0.004275225235844,0.0022109291623896,-7.092128580142576e-05,0.1,0.1,0.1,23703,161,CDU-protocol-fast-v1,0.9743194460060924
184_SMD_id_7_Facility_tr_7119_1st_15849.csv,SMD,MOMENT_ZS,SMD,0.4618409014875731,0.3905077706318494,0.4176582520148157,0.3889138710072135,0.0713331308557237,0.0441826494727574,0.0729270304803596,0.0015938996246359,0.1,0.1,0.1,28479,2694,CDU-protocol-fast-v1,0.6083164797353124
185_SMD_id_8_Facility_tr_5000_1st_15144.csv,SMD,MOMENT_ZS,SMD,0.2709547640029155,0.2062684251945096,0.2450299652455996,0.2058772662751321,0.0646863388084059,0.0259247987573158,0.0650774977277834,0.0003911589193774,0.1,0.1,0.1,20000,908,CDU-protocol-fast-v1,0.6707050394626944
187_SMD_id_10_Facility_tr_5000_1st_15849.csv,SMD,MOMENT_ZS,SMD,0.5196700438303502,0.4536615152933103,0.5009865859595999,0.4535993479381891,0.0660085285370399,0.0186834578707503,0.066070695892161,6.216735512115656e-05,0.1,0.1,0.1,20000,2190,CDU-protocol-fast-v1,0.4001758622845141
188_SMD_id_11_Facility_tr_500_1st_392.csv,SMD,MOMENT_ZS,SMD,0.2285381802882731,0.1818046186838234,0.2099673677451139,0.1793516405335509,0.0467335616044497,0.0185708125431591,0.0491865397547222,0.0024529781502724,0.1,0.1,0.1,23703,817,CDU-protocol-fast-v1,0.4587657461805896
189_SMD_id_12_Facility_tr_5925_1st_17580.csv,SMD,MOMENT_ZS,SMD,0.1211528492406375,0.1190850138092801,0.1168783961513926,0.119331800598214,0.0020678354313573,0.0042744530892448,0.0018210486424234,-0.0002467867889339,0.1,0.1,0.1,23703,161,CDU-protocol-fast-v1,0.9042189840044124
190_SMD_id_13_Facility_tr_7119_1st_15849.csv,SMD,MOMENT_ZS,SMD,0.4618409014875731,0.3919164966075203,0.4207129926160677,0.3906891263783865,0.0699244048800528,0.0411279088715053,0.0711517751091866,0.0012273702291338,0.1,0.1,0.1,28479,2694,CDU-protocol-fast-v1,0.6854994367596571
191_SMD_id_14_Facility_tr_4596_1st_4696.csv,SMD,MOMENT_ZS,SMD,0.119753404460246,0.1130077511720168,0.1157260767579802,0.1129502069556429,0.0067456532882292,0.0040273277022657,0.006803197504603,5.7544216373842105e-05,0.1,0.1,0.1,22700,146,CDU-protocol-fast-v1,0.941189909534856
192_SMD_id_15_Facility_tr_5925_1st_17580.csv,SMD,MOMENT_ZS,SMD,0.1211528492406375,0.1188449945822097,0.1168800433919097,0.1187773898660377,0.0023078546584277,0.0042728058487277,0.0023754593745997,6.76047161719956e-05,0.1,0.1,0.1,23703,161,CDU-protocol-fast-v1,0.8659027353202411
194_SMD_id_17_Facility_tr_5925_1st_17580.csv,SMD,MOMENT_ZS,SMD,0.1211528492406375,0.120780238185619,0.1168868665739215,0.1209535629155554,0.0003726110550184,0.004265982666716,0.000199286325082,-0.0001733247299364,0.1,0.1,0.1,23703,161,CDU-protocol-fast-v1,0.8771866422905646
195_SMD_id_18_Facility_tr_5925_1st_17580.csv,SMD,MOMENT_ZS,SMD,0.1211528492406375,0.1199466435746843,0.1168773846353483,0.120039541375202,0.0012062056659531,0.0042754646052892,0.0011133078654354,-9.289780051777163e-05,0.1,0.1,0.1,23703,161,CDU-protocol-fast-v1,0.92525313962081
196_SMD_id_19_Facility_tr_7174_1st_21230.csv,SMD,MOMENT_ZS,SMD,0.1207587804090861,0.1132244898334223,0.1169108082833546,0.1132435616644877,0.0075342905756637,0.0038479721257314,0.0075152187445983,-1.9071831065489708e-05,0.1,0.1,0.1,28696,192,CDU-protocol-fast-v1,0.7623668720655536
197_SMD_id_20_Facility_tr_5000_1st_15144.csv,SMD,MOMENT_ZS,SMD,0.2709547640029155,0.2110341991262148,0.2447833012073032,0.2105302020688,0.0599205648767007,0.0261714627956122,0.0604245619341154,0.0005039970574147,0.1,0.1,0.1,20000,908,CDU-protocol-fast-v1,0.6202132475451108
198_SMD_id_21_Facility_tr_5925_1st_17580.csv,SMD,MOMENT_ZS,SMD,0.1211528492406375,0.1026275190672519,0.1168992878094541,0.1028062813663754,0.0185253301733856,0.0042535614311833,0.018346567874262,-0.0001787622991235,0.1,0.1,0.1,23703,161,CDU-protocol-fast-v1,0.7901603452482951
199_SMD_id_22_Facility_tr_5925_1st_17580.csv,SMD,MOMENT_ZS,SMD,0.1211528492406375,0.1183540435536104,0.1168794977438247,0.1185250783419318,0.0027988056870271,0.0042733514968127,0.0026277708987056,-0.0001710347883214,0.1,0.1,0.1,23703,161,CDU-protocol-fast-v1,0.8436829726451993
201_SMD_id_24_Facility_tr_7174_1st_21230.csv,SMD,MOMENT_ZS,SMD,0.1215700670490047,0.1156505215331957,0.1176727752099835,0.1157182963565966,0.0059195455158089,0.0038972918390211,0.005851770692408,-6.777482340089569e-05,0.1,0.1,0.1,28696,198,CDU-protocol-fast-v1,0.6861002842837707
202_SMD_id_25_Facility_tr_6250_1st_21230.csv,SMD,MOMENT_ZS,SMD,0.1050411077560964,0.1013703232409772,0.1035988755653714,0.1015282731067568,0.0036707845151192,0.0014422321907249,0.0035128346493395,-0.0001579498657796,0.1,0.1,0.1,25000,66,CDU-protocol-fast-v1,0.5484961344699882
203_SMD_id_26_Facility_tr_7174_1st_21230.csv,SMD,MOMENT_ZS,SMD,0.1215700670490047,0.1200077187712047,0.1180740333549681,0.1200687654275227,0.0015623482777999,0.0034960336940365,0.0015013016214819,-6.10466563180645e-05,0.1,0.1,0.1,28696,198,CDU-protocol-fast-v1,0.7217013800683877
204_SMD_id_27_Facility_tr_5000_1st_15144.csv,SMD,MOMENT_ZS,SMD,0.2709547640029155,0.2069648302629172,0.2451131856222252,0.206613005055416,0.0639899337399983,0.0258415783806902,0.0643417589474995,0.0003518252075011,0.1,0.1,0.1,20000,908,CDU-protocol-fast-v1,0.716590330933807
205_SMD_id_28_Facility_tr_5925_1st_17580.csv,SMD,MOMENT_ZS,SMD,0.1211528492406375,0.1193331199463451,0.1168786097771266,0.119405799545403,0.0018197292942924,0.0042742394635108,0.0017470496952344,-7.267959905796206e-05,0.1,0.1,0.1,23703,161,CDU-protocol-fast-v1,0.9733190197415708
206_SMD_id_29_Facility_tr_6250_1st_21230.csv,SMD,MOMENT_ZS,SMD,0.1050411077560964,0.0999328127973178,0.1035482058686133,0.1000388771865888,0.0051082949587785,0.001492901887483,0.0050022305695075,-0.000106064389271,0.1,0.1,0.1,25000,66,CDU-protocol-fast-v1,0.5467461181482873
207_SMD_id_30_Facility_tr_7174_1st_21230.csv,SMD,MOMENT_ZS,SMD,0.1215700670490047,0.1169352311823476,0.1180416865790302,0.1170483327269976,0.004634835866657,0.0035283804699744,0.004521734322007,-0.00011310154465,0.1,0.1,0.1,28696,198,CDU-protocol-fast-v1,0.7789609351678659
208_SMD_id_31_Facility_tr_5000_1st_15144.csv,SMD,MOMENT_ZS,SMD,0.2709547640029155,0.206706762159856,0.2453214461159487,0.2063252624727065,0.0642480018430595,0.0256333178869667,0.0646295015302089,0.0003814996871494,0.1,0.1,0.1,20000,908,CDU-protocol-fast-v1,0.6628265178848162
209_SMD_id_32_Facility_tr_5925_1st_17580.csv,SMD,MOMENT_ZS,SMD,0.1211528492406375,0.1135918212557138,0.1169429062834792,0.1135569635359765,0.0075610279849236,0.0042099429571582,0.0075958857046609,3.485771973729679e-05,0.1,0.1,0.1,23703,161,CDU-protocol-fast-v1,0.4052731078434999
211_SMD_id_34_Facility_tr_5925_1st_17580.csv,SMD,MOMENT_ZS,SMD,0.1211528492406375,0.1167572483688051,0.1168799532941539,0.1170303620959337,0.0043956008718323,0.0042728959464835,0.0041224871447037,-0.0002731137271286,0.1,0.1,0.1,23703,161,CDU-protocol-fast-v1,0.8347026749927559
212_SMD_id_35_Facility_tr_5925_1st_17580.csv,SMD,MOMENT_ZS,SMD,0.1211528492406375,0.1120833026663713,0.1168798323361743,0.1120978071400778,0.0090695465742662,0.0042730169044632,0.0090550421005596,-1.4504473706586364e-05,0.1,0.1,0.1,23703,161,CDU-protocol-fast-v1,0.8860058398184595
213_SMD_id_36_Facility_tr_5925_1st_17580.csv,SMD,MOMENT_ZS,SMD,0.1211528492406375,0.1163881516323721,0.1168796804811987,0.1166303232222768,0.0047646976082654,0.0042731687594387,0.0045225260183606,-0.0002421715899047,0.1,0.1,0.1,23703,161,CDU-protocol-fast-v1,0.9675930976637608
214_SMD_id_37_Facility_tr_5925_1st_17580.csv,SMD,MOMENT_ZS,SMD,0.1211528492406375,0.1171415301151051,0.1168775982708081,0.1173936293888573,0.0040113191255324,0.0042752509698293,0.0037592198517801,-0.0002520992737522,0.1,0.1,0.1,23703,161,CDU-protocol-fast-v1,0.9694909226416384
215_SMD_id_38_Facility_tr_5925_1st_17580.csv,SMD,MOMENT_ZS,SMD,0.1211528492406375,0.112376640965352,0.1168875923957036,0.1123518023748914,0.0087762082752854,0.0042652568449338,0.008801046865746,2.483859046058245e-05,0.1,0.1,0.1,23703,161,CDU-protocol-fast-v1,0.7636816908084323
216_LTDB_id_1_Medical_tr_500_1st_266.csv,LTDB,MOMENT_ZS,LTDB,0.6891010258760193,0.8135599863558549,0.7654286038328321,0.8156848726294599,-0.1244589604798356,-0.0763275779568127,-0.1265838467534406,-0.0021248862736049,0.1,0.1,0.1,100000,14857,CDU-protocol-fast-v1,0.1237493918204469
218_LTDB_id_3_Medical_tr_500_1st_266.csv,LTDB,MOMENT_ZS,LTDB,0.6891010258760193,0.8116671806914406,0.778153701505394,0.8143886155011528,-0.1225661548154213,-0.0890526756293746,-0.1252875896251335,-0.0027214348097122,0.1,0.1,0.1,100000,14857,CDU-protocol-fast-v1,0.1126973230305029
219_LTDB_id_4_Medical_tr_3618_1st_3718.csv,LTDB,MOMENT_ZS,LTDB,0.6859997535145896,0.5360155259800385,0.6403631549626958,0.5351521436576256,0.1499842275345511,0.0456365985518938,0.150847609856964,0.0008633823224128,0.1,0.1,0.1,100000,14781,CDU-protocol-fast-v1,0.7318167436686757
220_LTDB_id_5_Medical_tr_500_1st_26.csv,LTDB,MOMENT_ZS,LTDB,1.370891270807115,1.255518898174517,1.3158062419089216,1.2564754955442117,0.1153723726325981,0.0550850288981934,0.1144157752629035,-0.0009565973696945,0.1,0.1,0.1,100000,31565,CDU-protocol-fast-v1,0.6828954831288214
221_LTDB_id_6_Medical_tr_500_1st_26.csv,LTDB,MOMENT_ZS,LTDB,1.370891270807115,1.3280117005197238,1.3739583819843664,1.330620845698381,0.0428795702873912,-0.0030671111772513,0.040270425108734,-0.0026091451786571,0.1,0.1,0.1,100000,31565,CDU-protocol-fast-v1,0.3871734263833354
222_LTDB_id_7_Medical_tr_3618_1st_3718.csv,LTDB,MOMENT_ZS,LTDB,0.6859997535145896,0.54009858408009,0.6258861908586536,0.5406416147515876,0.1459011694344996,0.060113562655936,0.145358138763002,-0.0005430306714975,0.1,0.1,0.1,100000,14781,CDU-protocol-fast-v1,0.8118403903948247
223_LTDB_id_8_Medical_tr_4456_1st_4556.csv,LTDB,MOMENT_ZS,LTDB,0.7422307181731396,0.6884882427890551,0.7752123043829124,0.6916413716851999,0.0537424753840845,-0.0329815862097728,0.0505893464879396,-0.0031531288961448,0.1,0.1,0.1,100000,16159,CDU-protocol-fast-v1,0.1724175490738643
224_LTDB_id_9_Medical_tr_4456_1st_4556.csv,LTDB,MOMENT_ZS,LTDB,0.7422307181731396,0.6489258264292193,0.7235813820001736,0.6473686915344635,0.0933048917439203,0.0186493361729659,0.094862026638676,0.0015571348947557,0.1,0.1,0.1,100000,16159,CDU-protocol-fast-v1,0.4874161730340325
225_MGAB_id_1_Synthetic_tr_25000_1st_38478.csv,MGAB,MOMENT_ZS,MGAB,0.1039169459995007,0.0979115798404858,0.1042376037235724,0.0978742526045926,0.0060053661590148,-0.0003206577240717,0.006042693394908,3.732723589312814e-05,0.1,0.1,0.1,100000,200,CDU-protocol-fast-v1,0.004039321499423
226_MGAB_id_2_Synthetic_tr_20000_1st_45134.csv,MGAB,MOMENT_ZS,MGAB,0.1029523934361121,0.0978226278592649,0.1033370116649507,0.0977624589616569,0.0051297655768471,-0.0003846182288386,0.0051899344744551,6.016889760797339e-05,0.1,0.1,0.1,80000,140,CDU-protocol-fast-v1,0.0034973126819438
227_MGAB_id_3_Synthetic_tr_25000_1st_44340.csv,MGAB,MOMENT_ZS,MGAB,0.1039169459995007,0.0979524953332422,0.1042430809275174,0.0978744903560578,0.0059644506662585,-0.0003261349280167,0.0060424556434428,7.80049771843816e-05,0.1,0.1,0.1,100000,200,CDU-protocol-fast-v1,0.0047005054615436
228_MGAB_id_4_Synthetic_tr_25000_1st_38948.csv,MGAB,MOMENT_ZS,MGAB,0.1039169459995007,0.0986708666196153,0.1040906722152421,0.0986070626998463,0.0052460793798854,-0.0001737262157414,0.0053098832996543,6.380391976894273e-05,0.1,0.1,0.1,100000,200,CDU-protocol-fast-v1,0.0059426399462032
229_MGAB_id_5_Synthetic_tr_25000_1st_33098.csv,MGAB,MOMENT_ZS,MGAB,0.1039169459995007,0.0981966680969096,0.1045755762424385,0.0981304023430224,0.005720277902591,-0.0006586302429378,0.0057865436564782,6.626575388715694e-05,0.1,0.1,0.1,100000,200,CDU-protocol-fast-v1,0.0035708860722035
231_MGAB_id_7_Synthetic_tr_25000_1st_35544.csv,MGAB,MOMENT_ZS,MGAB,0.1039169459995007,0.0978956366509571,0.1042744355557454,0.0978381643673682,0.0060213093485435,-0.0003574895562447,0.0060787816321324,5.747228358886358e-05,0.1,0.1,0.1,100000,200,CDU-protocol-fast-v1,0.0040410549538935
232_MGAB_id_8_Synthetic_tr_25000_1st_32708.csv,MGAB,MOMENT_ZS,MGAB,0.1039169459995007,0.098360244024226,0.1044836366724139,0.0983014393171483,0.0055567019752747,-0.0005666906729132,0.0056155066823523,5.880470707766983e-05,0.1,0.1,0.1,100000,200,CDU-protocol-fast-v1,0.0040662858757353
233_MGAB_id_9_Synthetic_tr_25000_1st_41300.csv,MGAB,MOMENT_ZS,MGAB,0.1039169459995007,0.0983871495209075,0.1047484657670254,0.0983300223010143,0.0055297964785931,-0.0008315197675247,0.0055869236984863,5.712721989317715e-05,0.1,0.1,0.1,100000,200,CDU-protocol-fast-v1,0.0046057452339241
234_SED_id_1_Medical_tr_3740_1st_3840.csv,SED,MOMENT_ZS,SED,0.2807100157311135,0.3622889568139242,0.3264822326594803,0.3659472152005464,-0.0815789410828107,-0.0457722169283668,-0.0852371994694329,-0.0036582583866222,0.1,0.1,0.1,19999,960,CDU-protocol-fast-v1,0.040122393143101
236_SED_id_3_Medical_tr_3740_1st_3840.csv,SED,MOMENT_ZS,SED,0.2369935222269394,0.3042156069040745,0.2723584741586312,0.3074499916809882,-0.0672220846771351,-0.0353649519316917,-0.0704564694540488,-0.0032343847769137,0.1,0.1,0.1,39999,1472,CDU-protocol-fast-v1,0.0308186498736294
237_SVDB_id_1_Medical_tr_11587_1st_11687.csv,SVDB,MOMENT_ZS,SVDB,0.388165207582728,0.285981930812124,0.3605146199780155,0.2850865456785144,0.102183276770604,0.0276505876047124,0.1030786619042135,0.0008953851336095,0.1,0.1,0.1,130400,9852,CDU-protocol-fast-v1,0.645623039774279
238_SVDB_id_2_Medical_tr_25000_1st_71963.csv,SVDB,MOMENT_ZS,SVDB,0.1200336852038119,0.1106797733902398,0.1182537224467058,0.110586764121991,0.0093539118135721,0.001779962757106,0.0094469210818208,9.30092682487893e-05,0.1,0.1,0.1,100000,676,CDU-protocol-fast-v1,0.3021770249050379
239_SVDB_id_3_Medical_tr_50000_1st_106634.csv,SVDB,MOMENT_ZS,SVDB,0.1529458823630081,0.1454441598335838,0.1495520031917528,0.1454460578163467,0.0075017225294242,0.0033938791712552,0.0074998245466613,-1.8979827629272967e-06,0.1,0.1,0.1,230400,3503,CDU-protocol-fast-v1,0.1757282389882336
240_SVDB_id_4_Medical_tr_18462_1st_18562.csv,SVDB,MOMENT_ZS,SVDB,0.273147030425738,0.2512344580954489,0.2675910758958499,0.2506841714453353,0.021912572330289,0.005555954529888,0.0224628589804027,0.0005502866501136,0.1,0.1,0.1,130400,6004,CDU-protocol-fast-v1,0.1743648415864185
241_SVDB_id_5_Medical_tr_11587_1st_11687.csv,SVDB,MOMENT_ZS,SVDB,0.388165207582728,0.3260048650495591,0.3737059113903843,0.326301578776028,0.0621603425331688,0.0144592961923436,0.0618636288066999,-0.0002967137264689,0.1,0.1,0.1,130400,9852,CDU-protocol-fast-v1,0.2448841796514872
243_SVDB_id_7_Medical_tr_11393_1st_11493.csv,SVDB,MOMENT_ZS,SVDB,0.213533155492278,0.210862519827718,0.2138170833414112,0.210939237496393,0.0026706356645599,-0.0002839278491332,0.0025939179958849,-7.671766867506369e-05,0.1,0.1,0.1,180400,5547,CDU-protocol-fast-v1,0.0772696308284685
244_SVDB_id_8_Medical_tr_17803_1st_17903.csv,SVDB,MOMENT_ZS,SVDB,0.211483179210855,0.1833569314321821,0.2099455884969387,0.1829517989814532,0.0281262477786728,0.0015375907139162,0.0285313802294017,0.0004051324507289,0.1,0.1,0.1,130400,3941,CDU-protocol-fast-v1,0.1691739030031868
245_SVDB_id_9_Medical_tr_12607_1st_12707.csv,SVDB,MOMENT_ZS,SVDB,0.4154187379111702,0.3297470153080774,0.377627235896242,0.3280464546974618,0.0856717226030928,0.0377915020149282,0.0873722832137083,0.0017005606106155,0.1,0.1,0.1,180400,14891,CDU-protocol-fast-v1,0.8119808155591971
246_SVDB_id_10_Medical_tr_20100_1st_68460.csv,SVDB,MOMENT_ZS,SVDB,0.119621420445735,0.114088665285106,0.1190586933973442,0.113861493422171,0.0055327551606289,0.0005627270483907,0.0057599270235639,0.0002271718629349,0.1,0.1,0.1,80400,535,CDU-protocol-fast-v1,0.0339174113342402
247_SVDB_id_11_Medical_tr_20100_1st_23611.csv,SVDB,MOMENT_ZS,SVDB,0.139497778725546,0.1302767391436085,0.1348999886889963,0.1300181005911309,0.0092210395819375,0.0045977900365496,0.009479678134415,0.0002586385524775,0.1,0.1,0.1,80400,945,CDU-protocol-fast-v1,0.3149822221976381
248_SVDB_id_12_Medical_tr_18462_1st_18562.csv,SVDB,MOMENT_ZS,SVDB,0.273147030425738,0.2433546891235372,0.26549623253014,0.2429842970889529,0.0297923413022008,0.0076507978955979,0.0301627333367851,0.0003703920345843,0.1,0.1,0.1,130400,6004,CDU-protocol-fast-v1,0.3294170387411489
249_SVDB_id_13_Medical_tr_50000_1st_54982.csv,SVDB,MOMENT_ZS,SVDB,0.2388002868865439,0.216361872411146,0.2376463484042008,0.2162644189908902,0.0224384144753979,0.001153938482343,0.0225358678956536,9.745342025577196e-05,0.1,0.1,0.1,230400,8578,CDU-protocol-fast-v1,0.262953892744565
250_SVDB_id_14_Medical_tr_50000_1st_107354.csv,SVDB,MOMENT_ZS,SVDB,0.2031220722776498,0.1857485190772914,0.1911957378645744,0.1861202788997248,0.0173735532003584,0.0119263344130753,0.0170017933779249,-0.0003717598224334,0.1,0.1,0.1,230400,6469,CDU-protocol-fast-v1,0.3900435763984347
251_SVDB_id_15_Medical_tr_5421_1st_5521.csv,SVDB,MOMENT_ZS,SVDB,0.3103766387169045,0.247370481310884,0.2990063986801071,0.2469236363815302,0.0630061574060205,0.0113702400367973,0.0634530023353743,0.0004468449293537,0.1,0.1,0.1,230400,12809,CDU-protocol-fast-v1,0.5288816256052699
253_SVDB_id_17_Medical_tr_17803_1st_17903.csv,SVDB,MOMENT_ZS,SVDB,0.211483179210855,0.1771340492479634,0.2124265458276918,0.1775379877815308,0.0343491299628916,-0.0009433666168368,0.0339451914293241,-0.0004039385335674,0.1,0.1,0.1,130400,3941,CDU-protocol-fast-v1,0.1065504650188672
254_SVDB_id_18_Medical_tr_30824_1st_30924.csv,SVDB,MOMENT_ZS,SVDB,0.2264338692103459,0.2070460778166376,0.2206244187747462,0.2069503148511397,0.0193877913937082,0.0058094504355996,0.0194835543592061,9.576296549787532e-05,0.1,0.1,0.1,230400,7847,CDU-protocol-fast-v1,0.1062309201197445
255_SVDB_id_19_Medical_tr_50000_1st_54982.csv,SVDB,MOMENT_ZS,SVDB,0.2388002868865439,0.2268156172329392,0.238756703361352,0.2267188267499534,0.0119846696536047,4.358352519187592e-05,0.0120814601365905,9.67904829858035e-05,0.1,0.1,0.1,230400,8578,CDU-protocol-fast-v1,0.1483608881129447
256_SVDB_id_20_Medical_tr_6264_1st_6364.csv,SVDB,MOMENT_ZS,SVDB,0.2199546107014761,0.2250920153077216,0.2211953638747174,0.2250767223110824,-0.0051374046062455,-0.0012407531732413,-0.0051221116096063,1.5292996639160172e-05,0.1,0.1,0.1,230400,7464,CDU-protocol-fast-v1,0.0559982951284232
257_TAO_id_1_Environment_tr_500_1st_3.csv,TAO,MOMENT_ZS,TAO,0.468621312894117,0.430256857375221,0.456689403516024,0.4281382481731252,0.038364455518896,0.0119319093780929,0.0404830647209917,0.0021186092020957,0.1,0.1,0.1,10000,954,CDU-protocol-fast-v1,0.9205114634738346
258_TAO_id_2_Environment_tr_500_1st_4.csv,TAO,MOMENT_ZS,TAO,0.6385037656405279,0.5969515644455765,0.626781664889111,0.5949867000118954,0.0415522011949514,0.0117221007514168,0.0435170656286325,0.0019648644336811,0.1,0.1,0.1,10000,1380,CDU-protocol-fast-v1,0.9549187530038108
260_IOPS_id_1_WebService_tr_5000_1st_11804.csv,IOPS,MOMENT_ZS,IOPS,0.0979723308130136,0.1037534639417617,0.0977523231361051,0.1036114743136162,-0.0057811331287481,0.0002200076769084,-0.0056391435006026,0.0001419896281454,0.1,0.1,0.1,20000,14,CDU-protocol-fast-v1,0.2651121474222908
261_IOPS_id_2_WebService_tr_2178_1st_2278.csv,IOPS,MOMENT_ZS,IOPS,0.097906725345047,0.0929611708911408,0.0979365292253266,0.0929916834082142,0.0049455544539062,-2.980388027962189e-05,0.0049150419368327,-3.051251707342217e-05,0.1,0.1,0.1,8784,6,CDU-protocol-fast-v1,0.0263746055437388
262_IOPS_id_3_WebService_tr_7028_1st_7128.csv,IOPS,MOMENT_ZS,IOPS,0.1789482131720608,0.156210492951902,0.1673380881322278,0.1558880547702628,0.0227377202201587,0.0116101250398329,0.0230601584017979,0.0003224381816391,0.1,0.1,0.1,125135,2704,CDU-protocol-fast-v1,0.1695092870384502
263_IOPS_id_4_WebService_tr_3482_1st_3582.csv,IOPS,MOMENT_ZS,IOPS,0.1157782507106415,0.1117566293448858,0.1124723974892892,0.111651348923703,0.0040216213657557,0.0033058532213522,0.0041269017869385,0.0001052804211827,0.1,0.1,0.1,149123,790,CDU-protocol-fast-v1,0.808546041609772
264_IOPS_id_5_WebService_tr_11665_1st_11765.csv,IOPS,MOMENT_ZS,IOPS,0.1534184746192168,0.1631623585719787,0.1463043043203272,0.1629837248972664,-0.0097438839527619,0.0071141702988895,-0.0095652502780496,0.0001786336747122,0.1,0.1,0.1,60000,901,CDU-protocol-fast-v1,0.385558621915321
266_IOPS_id_7_WebService_tr_4010_1st_4110.csv,IOPS,MOMENT_ZS,IOPS,0.1585090970453211,0.1445908611305169,0.1560949595850386,0.1447190628529023,0.0139182359148042,0.0024141374602824,0.0137900341924187,-0.0001282017223854,0.1,0.1,0.1,89155,1456,CDU-protocol-fast-v1,0.0674490118093207
267_IOPS_id_8_WebService_tr_1534_1st_1882.csv,IOPS,MOMENT_ZS,IOPS,0.1287022791406064,0.1255397389426583,0.1309388947006377,0.125771389856466,0.003162540197948,-0.0022366155600312,0.0029308892841403,-0.0002316509138076,0.1,0.1,0.1,6138,53,CDU-protocol-fast-v1,0.1643361843024157
268_IOPS_id_9_WebService_tr_6216_1st_6316.csv,IOPS,MOMENT_ZS,IOPS,0.2809736274044396,0.244889539856972,0.2550565816032837,0.2440255986011571,0.0360840875474675,0.0259170458011558,0.0369480288032824,0.0008639412558148,0.1,0.1,0.1,29133,1397,CDU-protocol-fast-v1,0.3475477865749825
269_IOPS_id_10_WebService_tr_1216_1st_1728.csv,IOPS,MOMENT_ZS,IOPS,0.1342603379941231,0.1153162438858632,0.127735313946249,0.1153517209582254,0.0189440941082598,0.006525024047874,0.0189086170358976,-3.547707236220554e-05,0.1,0.1,0.1,4866,49,CDU-protocol-fast-v1,0.6435070276325116
271_IOPS_id_12_WebService_tr_500_1st_341.csv,IOPS,MOMENT_ZS,IOPS,0.1464053911806096,0.1525055190611706,0.1452190927742927,0.1522608961462944,-0.0061001278805609,0.0011862984063168,-0.0058555049656848,0.0002446229148761,0.1,0.1,0.1,8784,116,CDU-protocol-fast-v1,0.1733521496027116
272_IOPS_id_13_WebService_tr_3442_1st_3542.csv,IOPS,MOMENT_ZS,IOPS,0.1116972028972023,0.1090794746046213,0.1091093519643532,0.1089851835143965,0.002617728292581,0.002587850932849,0.0027120193828057,9.42910902247268e-05,0.1,0.1,0.1,149156,633,CDU-protocol-fast-v1,0.7622036610231352
273_IOPS_id_14_WebService_tr_5569_1st_5669.csv,IOPS,MOMENT_ZS,IOPS,0.115025230957413,0.1161877990007938,0.1133587975089751,0.1160873733611539,-0.0011625680433808,0.0016664334484378,-0.0010621424037409,0.0001004256396398,0.1,0.1,0.1,149122,761,CDU-protocol-fast-v1,0.554391982305773
274_IOPS_id_15_WebService_tr_4591_1st_4691.csv,IOPS,MOMENT_ZS,IOPS,0.2712546201996806,0.2337061163941324,0.2476293193835833,0.2330042779918963,0.0375485038055481,0.0236253008160973,0.0382503422077842,0.000701838402236,0.1,0.1,0.1,149132,6777,CDU-protocol-fast-v1,0.6634777940384101
275_IOPS_id_16_WebService_tr_1482_1st_1582.csv,IOPS,MOMENT_ZS,IOPS,0.1265650278842431,0.1315398594882176,0.1268435725703454,0.1315245695917506,-0.0049748316039744,-0.0002785446861023,-0.0049595417075075,1.5289896466957886e-05,0.1,0.1,0.1,8784,71,CDU-protocol-fast-v1,0.1344598014286107
276_IOPS_id_17_WebService_tr_19197_1st_19297.csv,IOPS,MOMENT_ZS,IOPS,0.2044485280550822,0.2008358287702317,0.1943577591929957,0.2004102363810603,0.0036126992848505,0.0100907688620864,0.0040382916740218,0.0004255923891713,0.1,0.1,0.1,91370,2576,CDU-protocol-fast-v1,0.3998160772941855
277_NEK_id_1_WebService_tr_500_1st_17.csv,NEK,MOMENT_ZS,NEK,0.4143751117544829,0.3169886044543096,0.3755675325349326,0.3164116320720789,0.0973865073001732,0.0388075792195502,0.0979634796824039,0.0005769723822307,0.1,0.1,0.1,1073,88,CDU-protocol-fast-v1,0.957197171252452
278_NEK_id_2_WebService_tr_500_1st_64.csv,NEK,MOMENT_ZS,NEK,0.329735165526574,0.3158793864036325,0.3037694882252011,0.3149089349747908,0.0138557791229415,0.0259656773013728,0.0148262305517832,0.0009704514288417,0.1,0.1,0.1,1073,65,CDU-protocol-fast-v1,0.5437590116248076
279_NEK_id_3_WebService_tr_500_1st_974.csv,NEK,MOMENT_ZS,NEK,0.4254151047407318,0.3412269868998816,0.388190109400905,0.3402713196313299,0.0841881178408501,0.0372249953398268,0.0851437851094018,0.0009556672685516,0.1,0.1,0.1,1073,91,CDU-protocol-fast-v1,0.8367021978727606
281_NEK_id_5_WebService_tr_500_1st_974.csv,NEK,MOMENT_ZS,NEK,0.4143751117544828,0.339140602898704,0.376873955051631,0.3386745885341614,0.0752345088557788,0.0375011567028517,0.0757005232203214,0.0004660143645426,0.1,0.1,0.1,1073,88,CDU-protocol-fast-v1,0.8454315711674291
282_NEK_id_6_WebService_tr_500_1st_64.csv,NEK,MOMENT_ZS,NEK,0.3223751702024081,0.3029530015469098,0.3030526719383739,0.3023842092581614,0.0194221686554982,0.0193224982640342,0.0199909609442466,0.0005687922887483,0.1,0.1,0.1,1073,63,CDU-protocol-fast-v1,0.331322310377854
283_NEK_id_7_WebService_tr_500_1st_777.csv,NEK,MOMENT_ZS,NEK,0.5321350369411385,0.4443764273923862,0.4832442874874282,0.443065326540838,0.0877586095487523,0.0488907494537103,0.0890697104003004,0.0013111008515481,0.1,0.1,0.1,1073,120,CDU-protocol-fast-v1,0.8184817942333146
284_NEK_id_8_WebService_tr_500_1st_976.csv,NEK,MOMENT_ZS,NEK,0.4180551094165658,0.3351338221072413,0.3802827741886654,0.33442322141759,0.0829212873093245,0.0377723352279003,0.0836318879989757,0.0007106006896512,0.1,0.1,0.1,1073,89,CDU-protocol-fast-v1,0.7734897078183949
285_NEK_id_9_WebService_tr_500_1st_780.csv,NEK,MOMENT_ZS,NEK,0.4879750649961427,0.3957686584433449,0.4443731785612073,0.3945768793980055,0.0922064065527977,0.0436018864349353,0.0933981855981371,0.0011917790453393,0.1,0.1,0.1,1073,108,CDU-protocol-fast-v1,0.7392315778754661
286_CATSv2_id_1_Sensor_tr_17792_1st_17892.csv,CATSv2,MOMENT_ZS,CATSv2,0.2858020924202719,0.297887201276486,0.2787812579760432,0.297517994950801,-0.0120851088562141,0.0070208344442286,-0.0117159025305291,0.0003692063256849,0.1,0.1,0.1,300000,14800,CDU-protocol-fast-v1,0.2961038981537174
287_TODS_id_1_Synthetic_tr_500_1st_11.csv,TODS,MOMENT_ZS,TODS,0.2968561285603248,0.2632115387714191,0.2996034528027718,0.2633437326395803,0.0336445897889056,-0.002747324242447,0.0335123959207445,-0.0001321938681611,0.1,0.1,0.1,5000,261,CDU-protocol-fast-v1,0.8517451975929217
288_TODS_id_2_Synthetic_tr_500_1st_65.csv,TODS,MOMENT_ZS,TODS,0.3573222301852886,0.3817251963674657,0.3852499800004841,0.3824534490969559,-0.0244029661821771,-0.0279277498151955,-0.0251312189116673,-0.0007282527294902,0.1,0.1,0.1,5000,338,CDU-protocol-fast-v1,0.6056393779265353
289_TODS_id_3_Synthetic_tr_500_1st_26.csv,TODS,MOMENT_ZS,TODS,0.2685862628655366,0.2766149033540605,0.2686479911932228,0.2762188686432594,-0.0080286404885239,-6.172832768625014e-05,-0.0076326057777228,0.000396034710801,0.1,0.1,0.1,5000,225,CDU-protocol-fast-v1,0.6532766320318352
290_TODS_id_4_Synthetic_tr_500_1st_26.csv,TODS,MOMENT_ZS,TODS,0.4287821684693367,0.4898865076333286,0.4514052283228698,0.4894666417675809,-0.0611043391639918,-0.022623059853533,-0.0606844732982442,0.0004198658657476,0.1,0.1,0.1,5000,429,CDU-protocol-fast-v1,0.5303263560444381
292_TODS_id_6_Synthetic_tr_500_1st_11.csv,TODS,MOMENT_ZS,TODS,0.2968561285603248,0.2798892010110749,0.3006491827575003,0.2798092917462926,0.0169669275492498,-0.0037930541971755,0.0170468368140321,7.990926478224081e-05,0.1,0.1,0.1,5000,261,CDU-protocol-fast-v1,0.8118786827231602
293_TODS_id_7_Synthetic_tr_500_1st_7.csv,TODS,MOMENT_ZS,TODS,0.2890033880895503,0.3003444009916962,0.2896578910489554,0.3001241575157268,-0.0113410129021458,-0.0006545029594051,-0.0111207694261765,0.0002202434759693,0.1,0.1,0.1,5000,251,CDU-protocol-fast-v1,0.430274280136424
294_TODS_id_8_Synthetic_tr_500_1st_200.csv,TODS,MOMENT_ZS,TODS,0.4923893662826101,0.5751491892771025,0.51128662356112,0.5740187642433869,-0.0827598229944923,-0.0188972572785098,-0.0816293979607768,0.0011304250337155,0.1,0.1,0.1,5000,510,CDU-protocol-fast-v1,0.2294828339767325
295_TODS_id_9_Synthetic_tr_1250_1st_2046.csv,TODS,MOMENT_ZS,TODS,0.3981564806333161,0.3837574069007844,0.4254120211985229,0.3837747662529706,0.0143990737325316,-0.0272555405652068,0.0143817143803454,-1.73593521862192e-05,0.1,0.1,0.1,5000,390,CDU-protocol-fast-v1,0.2572474677925376
296_TODS_id_10_Synthetic_tr_500_1st_26.csv,TODS,MOMENT_ZS,TODS,0.2520955078769101,0.2388564062663503,0.2514605560561486,0.2389725746282233,0.0132391016105598,0.0006349518207615,0.0131229332486867,-0.000116168361873,0.1,0.1,0.1,5000,204,CDU-protocol-fast-v1,0.7660256064574631
297_TODS_id_11_Synthetic_tr_500_1st_7.csv,TODS,MOMENT_ZS,TODS,0.2890033880895503,0.2366447118720453,0.2834880977091178,0.2365331420950937,0.0523586762175049,0.0055152903804324,0.0524702459944565,0.0001115697769515,0.1,0.1,0.1,5000,251,CDU-protocol-fast-v1,0.6780428683938775
298_TODS_id_12_Synthetic_tr_500_1st_0.csv,TODS,MOMENT_ZS,TODS,0.3463283935262043,0.3565012412689944,0.3596836238055058,0.3569892674427751,-0.01017284774279,-0.0133552302793015,-0.0106608739165708,-0.0004880261737807,0.1,0.1,0.1,5000,324,CDU-protocol-fast-v1,0.723938820250332
299_TODS_id_13_Synthetic_tr_500_1st_65.csv,TODS,MOMENT_ZS,TODS,0.302353046889867,0.2899726326073493,0.2936674848629994,0.2889770768332126,0.0123804142825177,0.0086855620268676,0.0133759700566543,0.0009955557741366,0.1,0.1,0.1,5000,268,CDU-protocol-fast-v1,0.7761593864145586
301_TODS_id_15_Synthetic_tr_500_1st_245.csv,TODS,MOMENT_ZS,TODS,0.4138619615748651,0.4705356245807724,0.4368736556090262,0.4700001126705967,-0.0566736630059073,-0.0230116940341611,-0.0561381510957316,0.0005355119101757,0.1,0.1,0.1,5000,410,CDU-protocol-fast-v1,0.284453052268706
302_Power_id_1_Facility_tr_7685_1st_7785.csv,Power,MOMENT_ZS,Power,0.4286798769583611,0.5020106680322937,0.4470919106451482,0.5023441803060864,-0.0733307910739325,-0.0184120336867871,-0.0736643033477253,-0.0003335122737927,0.1,0.1,0.1,35040,3000,CDU-protocol-fast-v1,0.0753797184511857
304_UCR_id_2_Medical_tr_2499_1st_7000.csv,UCR,MOMENT_ZS,UCR,0.1152252656406595,0.1110899096162959,0.112821870778023,0.1113105419615771,0.0041353560243636,0.0024033948626364,0.0039147236790823,-0.0002206323452812,0.1,0.1,0.1,9998,50,CDU-protocol-fast-v1,0.036450390247063
307_UCR_id_5_Facility_tr_29895_1st_39240.csv,UCR,MOMENT_ZS,UCR,0.0990086732006021,0.0966392657136543,0.099037173907825,0.0967065629293711,0.0023694074869477,-2.850070722293374e-05,0.0023021102712309,-6.729721571681335e-05,0.1,0.1,0.1,119580,96,CDU-protocol-fast-v1,0.0029764741139269
309_UCR_id_7_Medical_tr_3000_1st_5948.csv,UCR,MOMENT_ZS,UCR,0.1103929549020575,0.1109068424328983,0.1092153627374166,0.1109455740489925,-0.0005138875308408,0.0011775921646408,-0.000552619146935,-3.873161609424525e-05,0.1,0.1,0.1,12000,45,CDU-protocol-fast-v1,0.0159752426194426
310_UCR_id_8_HumanActivity_tr_2631_1st_8285.csv,UCR,MOMENT_ZS,UCR,0.1069188953942699,0.1127515648017287,0.1078303382339633,0.112577652439362,-0.0058326694074588,-0.0009114428396934,-0.0056587570450921,0.0001739123623666,0.1,0.1,0.1,10524,30,CDU-protocol-fast-v1,0.0026269159602799
311_UCR_id_9_HumanActivity_tr_16000_1st_38400.csv,UCR,MOMENT_ZS,UCR,0.1441920853589638,0.1515141701194055,0.1446198323502793,0.1516338070707601,-0.0073220847604416,-0.0004277469913155,-0.0074417217117963,-0.0001196369513546,0.1,0.1,0.1,64000,800,CDU-protocol-fast-v1,0.0134336166962382
313_UCR_id_11_Sensor_tr_2827_1st_4711.csv,UCR,MOMENT_ZS,UCR,0.1293839363336781,0.134219822392986,0.130620654773148,0.1345576566653144,-0.0048358860593079,-0.0012367184394699,-0.0051737203316363,-0.0003378342723284,0.1,0.1,0.1,11308,98,CDU-protocol-fast-v1,0.0281656390577921
315_UCR_id_13_HumanActivity_tr_16000_1st_33070.csv,UCR,MOMENT_ZS,UCR,0.1025467281888471,0.0990009677212396,0.1023939877570779,0.099110199379021,0.0035457604676074,0.0001527404317691,0.003436528809826,-0.0001092316577814,0.1,0.1,0.1,64000,110,CDU-protocol-fast-v1,0.0030970748150912
316_UCR_id_14_Sensor_tr_2833_1st_5988.csv,UCR,MOMENT_ZS,UCR,0.1289663307076008,0.1296935736331781,0.1307510847075726,0.1302572037645361,-0.0007272429255772,-0.0017847539999717,-0.0012908730569353,-0.000563630131358,0.1,0.1,0.1,11334,97,CDU-protocol-fast-v1,0.0374662833290461
319_UCR_id_17_Environment_tr_6166_1st_19280.csv,UCR,MOMENT_ZS,UCR,0.1209630007443481,0.1116901804703351,0.117351972645922,0.11194490509716,0.0092728202740129,0.003611028098426,0.009018095647188,-0.0002547246268249,0.1,0.1,0.1,24667,160,CDU-protocol-fast-v1,0.5578979042789738
326_UCR_id_24_Medical_tr_1875_1st_4187.csv,UCR,MOMENT_ZS,UCR,0.1020872017589439,0.1001795176066661,0.1016642930190034,0.1003136406034044,0.0019076841522777,0.0004229087399404,0.0017735611555394,-0.0001341229967383,0.1,0.1,0.1,7501,12,CDU-protocol-fast-v1,0.0269269641797105
331_UCR_id_29_Facility_tr_50000_1st_837400.csv,UCR,MOMENT_ZS,UCR,0.1032039335032869,0.1004711037257508,0.1035894155030554,0.1000023907878439,0.002732829777536,-0.0003854819997685,0.0032015427154429,0.0004687129379068,0.1,0.1,0.1,900000,1700,CDU-protocol-fast-v1,0.0018915078271785
332_UCR_id_30_Facility_tr_13750_1st_52600.csv,UCR,MOMENT_ZS,UCR,0.1099540051558639,0.1076224595435888,0.1105563939918134,0.1075882809107866,0.002331545612275,-0.0006023888359495,0.0023657242450772,3.4178632802112086e-05,0.1,0.1,0.1,55000,200,CDU-protocol-fast-v1,0.0044865711974453
334_UCR_id_32_HumanActivity_tr_1671_1st_2764.csv,UCR,MOMENT_ZS,UCR,0.2294050764826851,0.2760111658598515,0.2508172484217256,0.2771339333140932,-0.0466060893771664,-0.0214121719390405,-0.0477288568314081,-0.0011227674542417,0.1,0.1,0.1,6684,231,CDU-protocol-fast-v1,0.0230325912008008
339_UCR_id_37_Sensor_tr_2750_1st_5400.csv,UCR,MOMENT_ZS,UCR,0.1661395726686433,0.1666742000209456,0.1695924103184779,0.1665640097207596,-0.0005346273523023,-0.0034528376498346,-0.0004244370521163,0.0001101903001859,0.1,0.1,0.1,11000,200,CDU-protocol-fast-v1,0.1507563203430096
341_UCR_id_39_HumanActivity_tr_48812_1st_128430.csv,UCR,MOMENT_ZS,UCR,0.0959273969282017,0.1009726138436852,0.0962149151163229,0.1012702007958641,-0.0050452169154835,-0.0002875181881212,-0.0053428038676624,-0.0002975869521789,0.1,0.1,0.1,195250,1,CDU-protocol-fast-v1,1.1828372751127744e-05
344_UCR_id_42_Sensor_tr_2851_1st_5365.csv,UCR,MOMENT_ZS,UCR,0.100987515653397,0.0994930978175845,0.1011309051417681,0.0995883223116517,0.0014944178358125,-0.0001433894883711,0.0013991933417452,-9.522449406723645e-05,0.1,0.1,0.1,11406,15,CDU-protocol-fast-v1,0.0055540921375126
346_UCR_id_44_Medical_tr_7456_1st_17390.csv,UCR,MOMENT_ZS,UCR,0.1127438806164159,0.1171284058470091,0.1136507435314051,0.1174724493465208,-0.0043845252305932,-0.0009068629149892,-0.0047285687301049,-0.0003440434995117,0.1,0.1,0.1,29826,130,CDU-protocol-fast-v1,0.0051607042445714
349_UCR_id_47_Facility_tr_29954_1st_74900.csv,UCR,MOMENT_ZS,UCR,0.0990024875929641,0.0976882223381206,0.0990505815185525,0.0977566647315473,0.0013142652548434,-4.809392558846604e-05,0.0012458228614167,-6.844239342669589e-05,0.1,0.1,0.1,119819,96,CDU-protocol-fast-v1,0.0028272472955578
355_UCR_id_53_HumanActivity_tr_48750_1st_143411.csv,UCR,MOMENT_ZS,UCR,0.0978885146963888,0.1027793260202971,0.0980152828826687,0.103066557552154,-0.0048908113239082,-0.0001267681862799,-0.0051780428557652,-0.0002872315318569,0.1,0.1,0.1,195000,100,CDU-protocol-fast-v1,0.0016266784255129
358_UCR_id_56_Facility_tr_10500_1st_29080.csv,UCR,MOMENT_ZS,UCR,0.1014258386583884,0.0986108272087863,0.1019988577829256,0.098476730638072,0.002815011449602,-0.0005730191245372,0.0029491080203163,0.0001340965707142,0.1,0.1,0.1,42000,60,CDU-protocol-fast-v1,0.00130277884302
361_UCR_id_59_Medical_tr_3000_1st_7175.csv,UCR,MOMENT_ZS,UCR,0.1644715636331076,0.1970000379943486,0.1669492471743451,0.1971298771796799,-0.0325284743612409,-0.0024776835412374,-0.0326583135465723,-0.0001298391853313,0.1,0.1,0.1,12000,213,CDU-protocol-fast-v1,0.0227886783205003
364_UCR_id_62_Sensor_tr_2833_1st_5988.csv,UCR,MOMENT_ZS,UCR,0.1289663307076008,0.13297061898198,0.1310721831914114,0.1331331599101662,-0.0040042882743792,-0.0021058524838106,-0.0041668292025654,-0.0001625409281862,0.1,0.1,0.1,11334,97,CDU-protocol-fast-v1,0.0184282152918549
369_UCR_id_67_Sensor_tr_2750_1st_5400.csv,UCR,MOMENT_ZS,UCR,0.1661395726686433,0.166349141931808,0.1699208007015488,0.1662337955724745,-0.0002095692631647,-0.0037812280329055,-9.422290383126476e-05,0.0001153463593334,0.1,0.1,0.1,11000,200,CDU-protocol-fast-v1,0.1500698734885852
371_UCR_id_69_Medical_tr_1853_1st_6200.csv,UCR,MOMENT_ZS,UCR,0.1844671305137593,0.2065679232548847,0.1786008320627703,0.2062162264750454,-0.0221007927411254,0.0058662984509889,-0.0217490959612861,0.0003516967798392,0.1,0.1,0.1,7415,170,CDU-protocol-fast-v1,0.0413018287680823
373_UCR_id_71_Sensor_tr_2827_1st_5988.csv,UCR,MOMENT_ZS,UCR,0.1290423412004535,0.1230449017027189,0.1282868935970332,0.1231526674098783,0.0059974394977345,0.0007554476034202,0.0058896737905751,-0.0001077657071594,0.1,0.1,0.1,11308,97,CDU-protocol-fast-v1,0.0237688202946302
381_UCR_id_79_HumanActivity_tr_16000_1st_31200.csv,UCR,MOMENT_ZS,UCR,0.1351387468437211,0.1361784592362256,0.1359171414451691,0.1360354382186686,-0.0010397123925044,-0.0007783946014479,-0.0008966913749475,0.0001430210175569,0.1,0.1,0.1,64000,650,CDU-protocol-fast-v1,0.0102013548813131
382_UCR_id_80_Medical_tr_7500_1st_11800.csv,UCR,MOMENT_ZS,UCR,0.1345351909427048,0.1248570381131004,0.1317799819718745,0.1245784864549129,0.0096781528296044,0.0027552089708303,0.0099567044877918,0.0002785516581874,0.1,0.1,0.1,30000,300,CDU-protocol-fast-v1,0.2902912934851776
385_UCR_id_83_Environment_tr_2046_1st_6006.csv,UCR,MOMENT_ZS,UCR,0.1185630840489511,0.1210456169044645,0.1185420461075291,0.1211262357374918,-0.0024825328555133,2.103794142191417e-05,-0.0025631516885406,-8.061883302730444e-05,0.1,0.1,0.1,8184,48,CDU-protocol-fast-v1,0.0072926692294065
387_UCR_id_85_Environment_tr_2046_1st_5549.csv,UCR,MOMENT_ZS,UCR,0.118563084048951,0.1143698838539108,0.1162251402691367,0.114406751325983,0.0041932001950402,0.0023379437798142,0.0041563327229679,-3.686747207221064e-05,0.1,0.1,0.1,8184,48,CDU-protocol-fast-v1,0.0178966223912136
391_UCR_id_89_Medical_tr_1875_1st_5759.csv,UCR,MOMENT_ZS,UCR,0.1783131122964121,0.1816617179863321,0.1783049474745647,0.1818045448736845,-0.0033486056899199,8.164821847400638e-06,-0.0034914325772723,-0.0001428268873523,0.1,0.1,0.1,7500,160,CDU-protocol-fast-v1,0.0275483730153943
393_UCR_id_91_Environment_tr_2046_1st_4852.csv,UCR,MOMENT_ZS,UCR,0.1185630840489511,0.1237082154513768,0.1194725781891317,0.1237723538125114,-0.0051451314024256,-0.0009094941401806,-0.0052092697635603,-6.413836113468296e-05,0.1,0.1,0.1,8184,48,CDU-protocol-fast-v1,0.0058483281525079
396_UCR_id_94_Medical_tr_1875_1st_5607.csv,UCR,MOMENT_ZS,UCR,0.1098116873605375,0.1064036109495425,0.1091044574696507,0.1061823700695649,0.0034080764109949,0.0007072298908867,0.0036293172909725,0.0002212408799775,0.1,0.1,0.1,7501,27,CDU-protocol-fast-v1,0.0129686431747126
400_UCR_id_98_Environment_tr_2046_1st_5391.csv,UCR,MOMENT_ZS,UCR,0.0963796022520707,0.0955401527676991,0.0966455945496444,0.0956426333693684,0.0008394494843716,-0.0002659922975736,0.0007369688827022,-0.0001024806016693,0.1,0.1,0.1,8184,1,CDU-protocol-fast-v1,0.0004755588275633
401_UCR_id_99_HumanActivity_tr_1671_1st_5920.csv,UCR,MOMENT_ZS,UCR,0.1300043679490801,0.1193934825873274,0.1280855806963087,0.1195248567244543,0.0106108853617526,0.0019187872527713,0.0104795112246257,-0.0001313741371269,0.1,0.1,0.1,6684,59,CDU-protocol-fast-v1,0.5657950641557397
405_UCR_id_103_Sensor_tr_2827_1st_5988.csv,UCR,MOMENT_ZS,UCR,0.1290423412004535,0.1247824993521574,0.1281394771121398,0.1252096163091765,0.004259841848296,0.0009028640883136,0.0038327248912769,-0.0004271169570191,0.1,0.1,0.1,11308,97,CDU-protocol-fast-v1,0.0466371971682627
406_UCR_id_104_Facility_tr_20000_1st_67950.csv,UCR,MOMENT_ZS,UCR,0.1079787312979927,0.1094411026475816,0.1071832086775509,0.10958038151255,-0.0014623713495889,0.0007955226204417,-0.0016016502145573,-0.0001392788649684,0.1,0.1,0.1,80000,250,CDU-protocol-fast-v1,0.0270864494803325
411_UCR_id_109_Environment_tr_2046_1st_4852.csv,UCR,MOMENT_ZS,UCR,0.1185630840489511,0.1240104231602162,0.1198414493653842,0.1241008742222179,-0.005447339111265,-0.0012783653164331,-0.0055377901732668,-9.045106200174236e-05,0.1,0.1,0.1,8184,48,CDU-protocol-fast-v1,0.005499643900099
415_UCR_id_113_Medical_tr_3000_1st_8612.csv,UCR,MOMENT_ZS,UCR,0.1293848472540334,0.1267073059284675,0.1265659766989043,0.1266109388063437,0.0026775413255659,0.002818870555129,0.0027739084476897,9.636712212379717e-05,0.1,0.1,0.1,12000,104,CDU-protocol-fast-v1,0.033239583594882
417_UCR_id_115_Sensor_tr_2750_1st_5400.csv,UCR,MOMENT_ZS,UCR,0.1661395726686433,0.1608358609505415,0.1695660784296173,0.1607205057199668,0.0053037117181017,-0.003426505760974,0.0054190669486764,0.0001153552305747,0.1,0.1,0.1,11000,200,CDU-protocol-fast-v1,0.1526328580397185
419_UCR_id_117_Facility_tr_3000_1st_6168.csv,UCR,MOMENT_ZS,UCR,0.1100710584215155,0.1124714480144066,0.1116215405072176,0.1125334848316525,-0.0024003895928911,-0.0015504820857021,-0.002462426410137,-6.203681724592514e-05,0.1,0.1,0.1,12000,44,CDU-protocol-fast-v1,0.0219713072743282
420_UCR_id_118_Facility_tr_13750_1st_52600.csv,UCR,MOMENT_ZS,UCR,0.1099540051558639,0.0972937176125173,0.1087285004248928,0.0973997697778943,0.0126602875433465,0.001225504730971,0.0125542353779695,-0.0001060521653769,0.1,0.1,0.1,55000,200,CDU-protocol-fast-v1,0.4610252684462572
421_UCR_id_119_HumanActivity_tr_48750_1st_130700.csv,UCR,MOMENT_ZS,UCR,0.1192822500185625,0.1254996965721977,0.1196514887850081,0.1258043654677028,-0.0062174465536351,-0.0003692387664455,-0.0065221154491403,-0.0003046688955051,0.1,0.1,0.1,195000,1180,CDU-protocol-fast-v1,0.012835814207711
426_UCR_id_124_Sensor_tr_2827_1st_4711.csv,UCR,MOMENT_ZS,UCR,0.1293839363336781,0.1321180934816139,0.1306569151965323,0.1322439583510543,-0.0027341571479358,-0.0012729788628542,-0.0028600220173762,-0.0001258648694404,0.1,0.1,0.1,11308,98,CDU-protocol-fast-v1,0.0300165582275193
430_UCR_id_128_HumanActivity_tr_12500_1st_46500.csv,UCR,MOMENT_ZS,UCR,0.1190841598766905,0.1121757640096573,0.1193340110727624,0.1121409965033867,0.0069083958670332,-0.0002498511960719,0.0069431633733037,3.476750627051661e-05,0.1,0.1,0.1,50000,300,CDU-protocol-fast-v1,0.0066698050740593
432_UCR_id_130_Facility_tr_23000_1st_26970.csv,UCR,MOMENT_ZS,UCR,0.1085035625162677,0.1028047953014382,0.1084327124722493,0.1026695655718183,0.0056987672148294,7.085004401831407e-05,0.0058339969444493,0.0001352297296198,0.1,0.1,0.1,92000,300,CDU-protocol-fast-v1,0.0090417994581973
436_UCR_id_134_Medical_tr_1875_1st_4526.csv,UCR,MOMENT_ZS,UCR,0.1113565844808563,0.1104582342207061,0.1123386173430285,0.1102936549378005,0.0008983502601501,-0.0009820328621722,0.0010629295430557,0.0001645792829055,0.1,0.1,0.1,7501,30,CDU-protocol-fast-v1,0.0066975973793489
437_UCR_id_135_Medical_tr_2499_1st_8000.csv,UCR,MOMENT_ZS,UCR,0.1055664394591643,0.1078479284693596,0.1079020809127895,0.1080911185452632,-0.0022814890101953,-0.0023356414536252,-0.0025246790860989,-0.0002431900759036,0.1,0.1,0.1,9998,25,CDU-protocol-fast-v1,0.0021977210016499
439_UCR_id_137_HumanActivity_tr_48750_1st_110800.csv,UCR,MOMENT_ZS,UCR,0.0959274222918562,0.1013864875275362,0.0962092022443354,0.1016881843970323,-0.00545906523568,-0.0002817799524792,-0.0057607621051761,-0.0003016968694961,0.1,0.1,0.1,195000,1,CDU-protocol-fast-v1,5.4181600104131984e-05
445_UCR_id_143_Environment_tr_6166_1st_19280.csv,UCR,MOMENT_ZS,UCR,0.1209630007443481,0.1093531037103283,0.117368649631011,0.109573580713178,0.0116098970340197,0.003594351113337,0.01138942003117,-0.0002204770028497,0.1,0.1,0.1,24667,160,CDU-protocol-fast-v1,0.6117681004717044
449_UCR_id_147_Sensor_tr_2847_1st_9330.csv,UCR,MOMENT_ZS,UCR,0.0992995677617782,0.0966774425345316,0.0992657823014225,0.0967465854701769,0.0026221252272465,3.378546035562313e-05,0.0025529822916012,-6.9142935645361e-05,0.1,0.1,0.1,11388,10,CDU-protocol-fast-v1,0.0045232213528956
452_UCR_id_150_Facility_tr_10000_1st_35774.csv,UCR,MOMENT_ZS,UCR,0.105564507693928,0.101140679958303,0.1044932191231943,0.1008497394747787,0.0044238277356249,0.0010712885707336,0.0047147682191492,0.0002909404835242,0.1,0.1,0.1,40000,100,CDU-protocol-fast-v1,0.5586257817546252
459_UCR_id_157_HumanActivity_tr_50000_1st_110260.csv,UCR,MOMENT_ZS,UCR,0.0988433091802118,0.1179875297797118,0.0996488881567273,0.1185842657648558,-0.0191442205995,-0.0008055789765155,-0.019740956584644,-0.000596735985144,0.1,0.1,0.1,200000,152,CDU-protocol-fast-v1,0.0006820301692633
463_UCR_id_161_Environment_tr_2046_1st_6006.csv,UCR,MOMENT_ZS,UCR,0.1185630840489511,0.1196583708489805,0.1190110059225765,0.1197773781150003,-0.0010952868000293,-0.0004479218736254,-0.0012142940660492,-0.0001190072660198,0.1,0.1,0.1,8184,48,CDU-protocol-fast-v1,0.0066880365478009
467_UCR_id_165_Environment_tr_6166_1st_19280.csv,UCR,MOMENT_ZS,UCR,0.1209630007443481,0.1116393572166555,0.1173747271227496,0.1116858055889948,0.0093236435276926,0.0035882736215984,0.0092771951553532,-4.6448372339316646e-05,0.1,0.1,0.1,24667,160,CDU-protocol-fast-v1,0.5072742914378008
471_UCR_id_169_Facility_tr_10000_1st_35774.csv,UCR,MOMENT_ZS,UCR,0.105564507693928,0.1043751544922921,0.1058804409429186,0.1041202110393237,0.0011893532016359,-0.0003159332489906,0.0014442966546042,0.0002549434529683,0.1,0.1,0.1,40000,100,CDU-protocol-fast-v1,0.0031541630261633
473_UCR_id_171_HumanActivity_tr_2617_1st_7290.csv,UCR,MOMENT_ZS,UCR,0.0981216509734105,0.1009039544452113,0.098212228327627,0.1009349530293247,-0.0027823034718008,-9.05773542165672e-05,-0.0028133020559142,-3.09985841134286e-05,0.1,0.1,0.1,10468,6,CDU-protocol-fast-v1,0.0027760920980566
474_UCR_id_172_Environment_tr_2046_1st_6520.csv,UCR,MOMENT_ZS,UCR,0.10723534866331,0.1103791402818818,0.1080534982295659,0.110421710327115,-0.0031437916185717,-0.0008181495662559,-0.003186361663805,-4.2570045233295e-05,0.1,0.1,0.1,8184,24,CDU-protocol-fast-v1,0.0028616884268265
493_UCR_id_191_Sensor_tr_2847_1st_9330.csv,UCR,MOMENT_ZS,UCR,0.0992995677617782,0.0951077209347968,0.0992619193926835,0.0954495894372455,0.0041918468269813,3.764836909468661e-05,0.0038499783245326,-0.0003418685024487,0.1,0.1,0.1,11388,10,CDU-protocol-fast-v1,0.005213690679692
494_UCR_id_192_Facility_tr_22500_1st_72150.csv,UCR,MOMENT_ZS,UCR,0.1107148513825994,0.1176258723324208,0.1108337196149834,0.1177924458748434,-0.0069110209498214,-0.000118868232384,-0.007077594492244,-0.0001665735424225,0.1,0.1,0.1,90000,345,CDU-protocol-fast-v1,0.005629227299906
495_UCR_id_193_Environment_tr_2046_1st_6520.csv,UCR,MOMENT_ZS,UCR,0.10723534866331,0.109465303789644,0.1079551356844828,0.1094911321019161,-0.002229955126334,-0.0007197870211728,-0.0022557834386061,-2.582831227217197e-05,0.1,0.1,0.1,8184,24,CDU-protocol-fast-v1,0.0029392033872015
496_UCR_id_194_Environment_tr_2046_1st_5391.csv,UCR,MOMENT_ZS,UCR,0.0963796022520707,0.0954090603423968,0.096654984317056,0.0955198845550358,0.0009705419096739,-0.0002753820649853,0.0008597176970348,-0.000110824212639,0.1,0.1,0.1,8184,1,CDU-protocol-fast-v1,0.0004146852364906
499_UCR_id_197_Environment_tr_2046_1st_5703.csv,UCR,MOMENT_ZS,UCR,0.10723534866331,0.1103768919333269,0.1075168767622079,0.1104347628570199,-0.0031415432700169,-0.0002815280988979,-0.0031994141937099,-5.787092369305413e-05,0.1,0.1,0.1,8184,24,CDU-protocol-fast-v1,0.0035099554578738
500_UCR_id_198_Facility_tr_7482_1st_23357.csv,UCR,MOMENT_ZS,UCR,0.1423675643632088,0.1708549424138867,0.150781513997795,0.1713168040707584,-0.0284873780506779,-0.0084139496345862,-0.0289492397075496,-0.0004618616568717,0.1,0.1,0.1,29931,360,CDU-protocol-fast-v1,0.0072588761835946
504_UCR_id_202_Environment_tr_2046_1st_5549.csv,UCR,MOMENT_ZS,UCR,0.118563084048951,0.1144266189270847,0.1165277306040332,0.1144709685003486,0.0041364651218663,0.0020353534449178,0.0040921155486023,-4.434957326390765e-05,0.1,0.1,0.1,8184,48,CDU-protocol-fast-v1,0.0145860573843269
506_UCR_id_204_Environment_tr_2046_1st_5549.csv,UCR,MOMENT_ZS,UCR,0.118563084048951,0.1137205390491078,0.1160464351985266,0.1137246278767293,0.0048425449998431,0.0025166488504243,0.0048384561722216,-4.088827621526181e-06,0.1,0.1,0.1,8184,48,CDU-protocol-fast-v1,0.0207662740973492
516_UCR_id_214_HumanActivity_tr_2108_1st_4702.csv,UCR,MOMENT_ZS,UCR,0.0981981480063832,0.1015336485251135,0.0983292154610619,0.1014582640018138,-0.0033355005187303,-0.0001310674546786,-0.0032601159954306,7.538452329967915e-05,0.1,0.1,0.1,8432,5,CDU-protocol-fast-v1,0.0013955240353326
517_UCR_id_215_Facility_tr_7482_1st_24005.csv,UCR,MOMENT_ZS,UCR,0.105199603494777,0.1094371610742333,0.1050640690857285,0.1097023124669965,-0.0042375575794563,0.0001355344090484,-0.0045027089722195,-0.0002651513927632,0.1,0.1,0.1,29931,72,CDU-protocol-fast-v1,0.0033321508207801
525_UCR_id_223_Facility_tr_50000_1st_250720.csv,UCR,MOMENT_ZS,UCR,0.1042827843915398,0.1054694677639835,0.1041836007932884,0.1055944461813687,-0.0011866833724436,9.918359825138168e-05,-0.0013116617898289,-0.0001249784173852,0.1,0.1,0.1,299790,650,CDU-protocol-fast-v1,0.0073956500829335
526_UCR_id_224_Sensor_tr_2827_1st_4711.csv,UCR,MOMENT_ZS,UCR,0.1293839363336781,0.1379882863957977,0.1309851274691432,0.1380183645564785,-0.0086043500621195,-0.0016011911354651,-0.0086344282228004,-3.007816068087421e-05,0.1,0.1,0.1,11308,98,CDU-protocol-fast-v1,0.0119442598643651
530_UCR_id_228_HumanActivity_tr_16250_1st_38500.csv,UCR,MOMENT_ZS,UCR,0.1137357260461471,0.1075878731359734,0.1143883648094585,0.1076550291946252,0.0061478529101736,-0.0006526387633114,0.0060806968515218,-6.715605865181828e-05,0.1,0.1,0.1,65000,300,CDU-protocol-fast-v1,0.0043478580820499
531_SMAP_id_1_Sensor_tr_1811_1st_4510.csv,SMAP,MOMENT_ZS,SMAP,0.1377220089982345,0.135305076146723,0.1321314490017212,0.126853919172113,0.0024169328515115,0.0055905599965132,0.0108680898261215,0.0084511569746099,0.1,0.1,0.1,7244,81,CDU-protocol-fast-v1,0.7851043392521948
532_SMAP_id_2_Sensor_tr_2075_1st_5550.csv,SMAP,MOMENT_ZS,SMAP,0.2586579717482491,0.2427579628868421,0.2580276448990352,0.2425027047578305,0.015900008861407,0.0006303268492138,0.0161552669904186,0.0002552581290115,0.1,0.1,0.1,8302,351,CDU-protocol-fast-v1,0.3153927360357009
533_SMAP_id_3_Sensor_tr_2052_1st_5300.csv,SMAP,MOMENT_ZS,SMAP,0.6253025617499648,0.4043252835730163,0.5471657689988337,0.4032941710274003,0.2209772781769485,0.078136792751131,0.2220083907225645,0.0010311125456159,0.1,0.1,0.1,8209,1121,CDU-protocol-fast-v1,0.9855459542488152
534_SMAP_id_4_Sensor_tr_1968_1st_4370.csv,SMAP,MOMENT_ZS,SMAP,0.1194258253104484,0.1202021127281363,0.1155585184727114,0.1117948169460312,-0.0007762874176878,0.0038673068377369,0.0076310083644171,0.008407295782105,0.1,0.1,0.1,7874,51,CDU-protocol-fast-v1,0.9465183629283962
536_SMAP_id_6_Sensor_tr_2160_1st_5600.csv,SMAP,MOMENT_ZS,SMAP,0.1396981700018532,0.12668589887794,0.1351629956429709,0.1277219502317111,0.0130122711239132,0.0045351743588822,0.011976219770142,-0.0010360513537711,0.1,0.1,0.1,8640,101,CDU-protocol-fast-v1,0.6230942753850401
537_SMAP_id_7_Sensor_tr_2077_1st_5394.csv,SMAP,MOMENT_ZS,SMAP,0.2257407489654368,0.1726738543664138,0.2092992194622436,0.1725665240647608,0.053066894599023,0.0164415295031931,0.053174224900676,0.0001073303016529,0.1,0.1,0.1,8310,281,CDU-protocol-fast-v1,0.8113478620949918
538_SMAP_id_8_Sensor_tr_2007_1st_3650.csv,SMAP,MOMENT_ZS,SMAP,0.2240464097040339,0.1881823626861062,0.2026586202742867,0.1839071912004068,0.0358640470179277,0.0213877894297471,0.040139218503627,0.0042751714856993,0.1,0.1,0.1,8029,268,CDU-protocol-fast-v1,0.9356658587105536
539_SMAP_id_9_Sensor_tr_1857_1st_4270.csv,SMAP,MOMENT_ZS,SMAP,0.1261608779249332,0.1196230614268964,0.1209976682082308,0.119277331511175,0.0065378164980367,0.0051632097167023,0.0068835464137581,0.0003457299157213,0.1,0.1,0.1,7431,61,CDU-protocol-fast-v1,0.988947784088048
540_SMAP_id_10_Sensor_tr_2051_1st_4575.csv,SMAP,MOMENT_ZS,SMAP,0.182396117271583,0.1848312881502736,0.1860225045091804,0.1850292720377681,-0.0024351708786906,-0.0036263872375974,-0.0026331547661851,-0.0001979838874945,0.1,0.1,0.1,8205,186,CDU-protocol-fast-v1,0.0937657058982956
541_SMAP_id_11_Sensor_tr_1832_1st_5300.csv,SMAP,MOMENT_ZS,SMAP,0.3318923522564446,0.3198631523368086,0.3350286237812753,0.3203154670653293,0.0120291999196359,-0.0031362715248307,0.0115768851911152,-0.0004523147285206,0.1,0.1,0.1,7331,448,CDU-protocol-fast-v1,0.387471911103195
542_SMAP_id_12_Sensor_tr_1908_1st_4690.csv,SMAP,MOMENT_ZS,SMAP,0.1100333486114171,0.1130300243989219,0.1075250338869786,0.112687100363387,-0.0029966757875048,0.0025083147244384,-0.0026537517519699,0.0003429240355348,0.1,0.1,0.1,7632,31,CDU-protocol-fast-v1,0.8538388162741456
544_SMAP_id_14_Sensor_tr_1978_1st_4450.csv,SMAP,MOMENT_ZS,SMAP,0.1487826190130445,0.1730303253664884,0.1554959885817069,0.1725509177084842,-0.0242477063534439,-0.0067133695686624,-0.0237682986954397,0.0004794076580041,0.1,0.1,0.1,7914,111,CDU-protocol-fast-v1,0.0112405533196231
545_SMAP_id_15_Sensor_tr_1173_1st_2750.csv,SMAP,MOMENT_ZS,SMAP,0.1364992500618687,0.1211535084048017,0.1294123619251893,0.1208162897864616,0.0153457416570669,0.0070868881366793,0.015682960275407,0.0003372186183401,0.1,0.1,0.1,4693,51,CDU-protocol-fast-v1,0.96216796687056
546_SMAP_id_16_Sensor_tr_2117_1st_4770.csv,SMAP,MOMENT_ZS,SMAP,0.1498000626397371,0.1614007173179638,0.1558946400584555,0.1614338878896778,-0.0116006546782266,-0.0060945774187184,-0.0116338252499407,-3.317057171409177e-05,0.1,0.1,0.1,8469,121,CDU-protocol-fast-v1,0.0173941423629097
547_SMAP_id_17_Sensor_tr_2133_1st_5400.csv,SMAP,MOMENT_ZS,SMAP,0.3782053894169124,0.3274853848874426,0.3915361090375859,0.3283091978574661,0.0507200045294697,-0.0133307196206735,0.0498961915594462,-0.0008238129700235,0.1,0.1,0.1,8532,623,CDU-protocol-fast-v1,0.1587272764138523
548_SMAP_id_18_Sensor_tr_2094_1st_5600.csv,SMAP,MOMENT_ZS,SMAP,0.1132732088639916,0.1077337556223167,0.1101857819877414,0.1095520716949787,0.0055394532416749,0.0030874268762502,0.0037211371690128,-0.001818316072662,0.1,0.1,0.1,8376,41,CDU-protocol-fast-v1,0.9841337678477964
549_SMAP_id_19_Sensor_tr_1998_1st_2098.csv,SMAP,MOMENT_ZS,SMAP,0.1776462153288513,0.1683522664057888,0.1695557137906329,0.1679346643586115,0.0092939489230625,0.0080905015382183,0.0097115509702397,0.0004176020471772,0.1,0.1,0.1,8579,184,CDU-protocol-fast-v1,0.6749463875558613
550_SWaT_id_1_Sensor_tr_43700_1st_43800.csv,SWaT,MOMENT_ZS,SWaT,0.5695013226659786,0.8095299149614791,0.6480314540006875,0.812025603288812,-0.2400285922955004,-0.0785301313347088,-0.2425242806228333,-0.0024956883273329,0.1,0.1,0.1,419919,50653,CDU-protocol-fast-v1,0.0747594636961824
551_YAHOO_id_1_Synthetic_tr_500_1st_893.csv,YAHOO,MOMENT_ZS,YAHOO,0.0983326645536459,0.0955986661182077,0.0982166139868591,0.0955245733740611,0.0027339984354381,0.0001160505667867,0.0028080911795847,7.409274414653388e-05,0.1,0.1,0.1,1421,1,CDU-protocol-fast-v1,0.0278196320831524
552_YAHOO_id_2_Synthetic_tr_500_1st_893.csv,YAHOO,MOMENT_ZS,YAHOO,0.0983326645536459,0.0955913527988841,0.098128731084562,0.095443912869528,0.0027413117547617,0.0002039334690838,0.0028887516841178,0.000147439929356,0.1,0.1,0.1,1421,1,CDU-protocol-fast-v1,0.2697364597215281
555_YAHOO_id_5_WebService_tr_500_1st_730.csv,YAHOO,MOMENT_ZS,YAHOO,0.1048191137585639,0.0979295190684634,0.1045120747280116,0.0978398583267025,0.0068895946901005,0.0003070390305522,0.0069792554318613,8.966074176081085e-05,0.1,0.1,0.1,1680,4,CDU-protocol-fast-v1,0.068424282235574
558_YAHOO_id_8_WebService_tr_500_1st_1125.csv,YAHOO,MOMENT_ZS,YAHOO,0.3124225835287523,0.411183101721512,0.3375537269018672,0.4132328851666417,-0.0987605181927597,-0.0251311433731149,-0.1008103016378894,-0.0020497834451296,0.1,0.1,0.1,1427,80,CDU-protocol-fast-v1,0.048470684962157
562_YAHOO_id_12_Synthetic_tr_500_1st_893.csv,YAHOO,MOMENT_ZS,YAHOO,0.0983326645536459,0.0924456409963272,0.0981128026673406,0.0925109467894884,0.0058870235573186,0.0002198618863052,0.0058217177641574,-6.530579316127438e-05,0.1,0.1,0.1,1421,1,CDU-protocol-fast-v1,1.0
570_YAHOO_id_20_Synthetic_tr_500_1st_658.csv,YAHOO,MOMENT_ZS,YAHOO,0.1064974257906056,0.1008862420452337,0.1065129850504511,0.1008540623682745,0.0056111837453718,-1.555925984556006e-05,0.005643363422331,3.2179676959148695e-05,0.1,0.1,0.1,1421,4,CDU-protocol-fast-v1,0.0674295911914655
571_YAHOO_id_21_Synthetic_tr_500_1st_623.csv,YAHOO,MOMENT_ZS,YAHOO,0.1201053611855383,0.1057482784774065,0.1164049006248597,0.1054733330404694,0.0143570827081317,0.0037004605606785,0.0146320281450688,0.000274945436937,0.1,0.1,0.1,1421,9,CDU-protocol-fast-v1,0.3839633431800305
579_YAHOO_id_29_WebService_tr_500_1st_1342.csv,YAHOO,MOMENT_ZS,YAHOO,0.0979130865456355,0.0914970985013801,0.0977914967421719,0.0915992524181834,0.0064159880442554,0.0001215898034635,0.006313834127452,-0.0001021539168033,0.1,0.1,0.1,1680,1,CDU-protocol-fast-v1,0.4318912434946946
603_YAHOO_id_53_Synthetic_tr_500_1st_893.csv,YAHOO,MOMENT_ZS,YAHOO,0.0983326645536459,0.0976889505675179,0.0981264274797406,0.0975105228792237,0.0006437139861279,0.0002062370739052,0.0008221416744221,0.0001784276882941,0.1,0.1,0.1,1421,1,CDU-protocol-fast-v1,0.5227791272962572
644_YAHOO_id_94_WebService_tr_500_1st_1078.csv,YAHOO,MOMENT_ZS,YAHOO,0.2977387032189041,0.3796034061455574,0.3335496205895386,0.3813819951500459,-0.0818647029266532,-0.0358109173706344,-0.0836432919311418,-0.0017785890044885,0.1,0.1,0.1,1435,75,CDU-protocol-fast-v1,0.0313273330203553
645_YAHOO_id_95_WebService_tr_500_1st_1047.csv,YAHOO,MOMENT_ZS,YAHOO,0.0979130865456355,0.0897913580715925,0.0978321446768529,0.0899588363841211,0.008121728474043,8.094186878258858e-05,0.0079542501615143,-0.0001674783125286,0.1,0.1,0.1,1680,1,CDU-protocol-fast-v1,0.0199157846609243
649_YAHOO_id_99_WebService_tr_500_1st_1386.csv,YAHOO,MOMENT_ZS,YAHOO,0.0979130865456355,0.0937424040205588,0.0983438239245722,0.0941992460370527,0.0041706825250766,-0.0004307373789367,0.0037138405085827,-0.0004568420164939,0.1,0.1,0.1,1680,1,CDU-protocol-fast-v1,0.0867345507250688
657_YAHOO_id_107_WebService_tr_500_1st_1260.csv,YAHOO,MOMENT_ZS,YAHOO,0.0982967547241315,0.0967903479376156,0.0980945110265519,0.0978154897325729,0.0015064067865159,0.0002022436975795,0.0004812649915585,-0.0010251417949573,0.1,0.1,0.1,1440,1,CDU-protocol-fast-v1,0.7404762359510204
658_YAHOO_id_108_Synthetic_tr_500_1st_893.csv,YAHOO,MOMENT_ZS,YAHOO,0.0983326645536459,0.0880665487412777,0.0981128157754313,0.0882715455898981,0.0102661158123681,0.0002198487782145,0.0100611189637477,-0.0002049968486204,0.1,0.1,0.1,1421,1,CDU-protocol-fast-v1,1.0
672_YAHOO_id_122_WebService_tr_500_1st_857.csv,YAHOO,MOMENT_ZS,YAHOO,0.0979130865456355,0.0983346713932742,0.0982511175899861,0.0986970594878684,-0.0004215848476386,-0.0003380310443506,-0.0007839729422329,-0.0003623880945942,0.1,0.1,0.1,1680,1,CDU-protocol-fast-v1,0.0018852421733092
680_YAHOO_id_130_Synthetic_tr_500_1st_893.csv,YAHOO,MOMENT_ZS,YAHOO,0.0983326645536459,0.1001830517148691,0.0981438886764095,0.0998606075661062,-0.0018503871612232,0.0001887758772363,-0.0015279430124603,0.0003224441487628,0.1,0.1,0.1,1421,1,CDU-protocol-fast-v1,0.1452123094848595
689_YAHOO_id_139_WebService_tr_500_1st_1073.csv,YAHOO,MOMENT_ZS,YAHOO,0.0979130865456355,0.0957656139326319,0.0977752331543629,0.09601207558657,0.0021474726130036,0.0001378533912725,0.0019010109590654,-0.0002464616539381,0.1,0.1,0.1,1680,1,CDU-protocol-fast-v1,0.1345778460887838
693_YAHOO_id_143_WebService_tr_500_1st_1003.csv,YAHOO,MOMENT_ZS,YAHOO,0.1010313651260117,0.0918877607419639,0.1004375404841102,0.0919633643407912,0.0091436043840477,0.0005938246419014,0.0090680007852204,-7.560359882730072e-05,0.1,0.1,0.1,1427,2,CDU-protocol-fast-v1,0.1809004667579276
701_YAHOO_id_151_Synthetic_tr_500_1st_893.csv,YAHOO,MOMENT_ZS,YAHOO,0.0983326645536459,0.0909503657521677,0.0984628363763918,0.0908322673465663,0.0073822988014781,-0.0001301718227459,0.0075003972070795,0.0001180984056013,0.1,0.1,0.1,1421,1,CDU-protocol-fast-v1,0.0694477697616453
723_YAHOO_id_173_WebService_tr_500_1st_1214.csv,YAHOO,MOMENT_ZS,YAHOO,0.1010580848538705,0.1031989026030144,0.1003672234819902,0.103295531715454,-0.0021408177491439,0.0006908613718802,-0.0022374468615835,-9.662911243965566e-05,0.1,0.1,0.1,1420,2,CDU-protocol-fast-v1,0.496723246394585
724_YAHOO_id_174_WebService_tr_500_1st_1030.csv,YAHOO,MOMENT_ZS,YAHOO,0.10712112282954,0.0964034489434117,0.1063759174242275,0.0965712698979565,0.0107176738861283,0.0007452054053124,0.0105498529315834,-0.0001678209545448,0.1,0.1,0.1,1680,5,CDU-protocol-fast-v1,0.0874264190380189
734_YAHOO_id_184_WebService_tr_500_1st_768.csv,YAHOO,MOMENT_ZS,YAHOO,0.7121097988984328,0.4845239900791141,0.6292701402810751,0.483048523474736,0.2275858088193187,0.0828396586173577,0.2290612754236968,0.001475466604378,0.1,0.1,0.1,1424,227,CDU-protocol-fast-v1,0.768053736180265
741_YAHOO_id_191_WebService_tr_500_1st_1114.csv,YAHOO,MOMENT_ZS,YAHOO,0.1002150956166116,0.0898240997735813,0.1000407227782434,0.0899445553424301,0.0103909958430302,0.0001743728383681,0.0102705402741814,-0.0001204555688488,0.1,0.1,0.1,1680,2,CDU-protocol-fast-v1,0.0300033962133701
755_YAHOO_id_205_Synthetic_tr_500_1st_893.csv,YAHOO,MOMENT_ZS,YAHOO,0.0983326645536459,0.0962903378989297,0.0981127932034029,0.0962316778762947,0.0020423266547161,0.0002198713502429,0.0021009866773511,5.866002263493764e-05,0.1,0.1,0.1,1421,1,CDU-protocol-fast-v1,1.0
762_YAHOO_id_212_WebService_tr_500_1st_1055.csv,YAHOO,MOMENT_ZS,YAHOO,0.1002150956166116,0.1099210290942436,0.1007773354443357,0.1102969551030915,-0.009705933477632,-0.0005622398277241,-0.0100818594864799,-0.0003759260088479,0.1,0.1,0.1,1680,2,CDU-protocol-fast-v1,0.005742475197228
780_YAHOO_id_230_Synthetic_tr_500_1st_893.csv,YAHOO,MOMENT_ZS,YAHOO,0.0983326645536459,0.0934989980731053,0.0985355716503339,0.0934739053315484,0.0048336664805405,-0.000202907096688,0.0048587592220974,2.509274155686192e-05,0.1,0.1,0.1,1421,1,CDU-protocol-fast-v1,0.02003350301566
788_YAHOO_id_238_WebService_tr_500_1st_973.csv,YAHOO,MOMENT_ZS,YAHOO,0.0979130865456355,0.0966041045957172,0.0981687254069756,0.0967029005988936,0.0013089819499183,-0.0002556388613401,0.0012101859467418,-9.879600317649896e-05,0.1,0.1,0.1,1680,1,CDU-protocol-fast-v1,0.0016164709750654
797_YAHOO_id_247_Synthetic_tr_500_1st_893.csv,YAHOO,MOMENT_ZS,YAHOO,0.0983326645536459,0.0948550639554532,0.0987454299992253,0.0947360733496245,0.0034776005981926,-0.0004127654455794,0.0035965912040213,0.0001189906058286,0.1,0.1,0.1,1421,1,CDU-protocol-fast-v1,0.0114832591317404
806_YAHOO_id_256_Synthetic_tr_500_1st_893.csv,YAHOO,MOMENT_ZS,YAHOO,0.0983326645536459,0.1071664767249786,0.0982605621479011,0.1067142341148863,-0.0088338121713327,7.210240574472004e-05,-0.0083815695612404,0.0004522426100922,0.1,0.1,0.1,1421,1,CDU-protocol-fast-v1,0.0401472486139875
807_YAHOO_id_257_WebService_tr_500_1st_1210.csv,YAHOO,MOMENT_ZS,YAHOO,0.1417805852464838,0.1301972019891372,0.1348005955356801,0.1302354084943253,0.0115833832573465,0.0069799897108036,0.0115451767521584,-3.820650518818192e-05,0.1,0.1,0.1,1424,17,CDU-protocol-fast-v1,0.428172113094392
810_Exathlon_id_1_Facility_tr_10766_1st_12590.csv,Exathlon,MOMENT_ZS,Exathlon,0.5910589381462512,0.6594060583860757,0.6082426144658357,0.6650252152946423,-0.0683471202398244,-0.0171836763195845,-0.0739662771483911,-0.0056191569085666,0.1,0.1,0.1,43066,5437,CDU-protocol-fast-v1,0.0964144649300198
811_Exathlon_id_2_Facility_tr_10766_1st_12590.csv,Exathlon,MOMENT_ZS,Exathlon,0.5910589381462512,0.515289659163302,0.5368718366280326,0.5122800497286367,0.0757692789829491,0.0541871015182185,0.0787788884176144,0.0030096094346653,0.1,0.1,0.1,43066,5437,CDU-protocol-fast-v1,0.9901852323780512
812_Exathlon_id_3_Facility_tr_10766_1st_12590.csv,Exathlon,MOMENT_ZS,Exathlon,0.5910589381462512,0.3949622386184044,0.5361746113192406,0.3938710582481605,0.1960966995278468,0.0548843268270106,0.1971878798980907,0.0010911803702439,0.1,0.1,0.1,43066,5437,CDU-protocol-fast-v1,0.9981299941696762
814_Exathlon_id_5_Facility_tr_10766_1st_12590.csv,Exathlon,MOMENT_ZS,Exathlon,0.5910589381462512,0.515289659163302,0.5368718366280326,0.5122800497286367,0.0757692789829491,0.0541871015182185,0.0787788884176144,0.0030096094346653,0.1,0.1,0.1,43066,5437,CDU-protocol-fast-v1,0.9901852323780512
815_Exathlon_id_6_Facility_tr_10766_1st_12590.csv,Exathlon,MOMENT_ZS,Exathlon,0.5910589381462512,0.3949622386184044,0.5361746113192406,0.3938710582481605,0.1960966995278468,0.0548843268270106,0.1971878798980907,0.0010911803702439,0.1,0.1,0.1,43066,5437,CDU-protocol-fast-v1,0.9981299941696762
816_Exathlon_id_7_Facility_tr_10766_1st_12590.csv,Exathlon,MOMENT_ZS,Exathlon,0.5910589381462512,0.447824080505201,0.5370829639073369,0.445861009503554,0.1432348576410502,0.0539759742389143,0.1451979286426971,0.0019630710016469,0.1,0.1,0.1,43066,5437,CDU-protocol-fast-v1,0.8890687192979319
817_Exathlon_id_8_Facility_tr_10766_1st_12590.csv,Exathlon,MOMENT_ZS,Exathlon,0.5910589381462512,0.5907887612902277,0.5532074084722536,0.5886378209607305,0.0002701768560234,0.0378515296739976,0.0024211171855207,0.0021509403294972,0.1,0.1,0.1,43066,5437,CDU-protocol-fast-v1,0.4330036084271457
818_Exathlon_id_9_Facility_tr_11665_1st_13484.csv,Exathlon,MOMENT_ZS,Exathlon,0.3383966554327336,0.2336089939081875,0.3089283415779236,0.2327305894543148,0.1047876615245461,0.02946831385481,0.1056660659784188,0.0008784044538727,0.1,0.1,0.1,46660,2928,CDU-protocol-fast-v1,0.9911478638169968
819_Exathlon_id_10_Facility_tr_10766_1st_12590.csv,Exathlon,MOMENT_ZS,Exathlon,0.5910589381462512,0.4387458545297075,0.5369992780936058,0.4366385094628036,0.1523130836165437,0.0540596600526454,0.1544204286834476,0.0021073450669039,0.1,0.1,0.1,43066,5437,CDU-protocol-fast-v1,0.9667912884699535
820_Exathlon_id_11_Facility_tr_11665_1st_13484.csv,Exathlon,MOMENT_ZS,Exathlon,0.3383966554327336,0.2856122646634518,0.3095270512081305,0.283902487021892,0.0527843907692818,0.0288696042246031,0.0544941684108415,0.0017097776415597,0.1,0.1,0.1,46660,2928,CDU-protocol-fast-v1,0.9062290796481632
821_Exathlon_id_12_Facility_tr_6985_1st_7085.csv,Exathlon,MOMENT_ZS,Exathlon,0.5029142696878764,0.4050369672810656,0.4673917538855996,0.4046950025553899,0.0978773024068108,0.0355225158022767,0.0982192671324865,0.0003419647256756,0.1,0.1,0.1,46649,4856,CDU-protocol-fast-v1,0.6423339941460431
822_Exathlon_id_13_Facility_tr_10766_1st_12590.csv,Exathlon,MOMENT_ZS,Exathlon,0.5910589381462512,0.5907887612902277,0.5532074084722536,0.5886378209607305,0.0002701768560234,0.0378515296739976,0.0024211171855207,0.0021509403294972,0.1,0.1,0.1,43066,5437,CDU-protocol-fast-v1,0.4330036084271457
823_Exathlon_id_14_Facility_tr_10766_1st_12590.csv,Exathlon,MOMENT_ZS,Exathlon,0.5910589381462512,0.4417425956896094,0.536157622810614,0.4392619385944458,0.1493163424566418,0.0549013153356372,0.1517969995518054,0.0024806570951635,0.1,0.1,0.1,43066,5437,CDU-protocol-fast-v1,0.9739873910733056
824_Exathlon_id_15_Facility_tr_10766_1st_12590.csv,Exathlon,MOMENT_ZS,Exathlon,0.5910589381462512,0.4367697206179154,0.5365344333072632,0.4354399705446775,0.1542892175283358,0.0545245048389879,0.1556189676015736,0.0013297500732378,0.1,0.1,0.1,43066,5437,CDU-protocol-fast-v1,0.9814791472741884
826_Exathlon_id_17_Facility_tr_11665_1st_13484.csv,Exathlon,MOMENT_ZS,Exathlon,0.3383966554327336,0.2856122646634518,0.3095270512081305,0.283902487021892,0.0527843907692818,0.0288696042246031,0.0544941684108415,0.0017097776415597,0.1,0.1,0.1,46660,2928,CDU-protocol-fast-v1,0.9062290796481632
827_Exathlon_id_18_Facility_tr_10766_1st_12590.csv,Exathlon,MOMENT_ZS,Exathlon,0.5910589381462512,0.4367697206179154,0.5365344333072632,0.4354399705446775,0.1542892175283358,0.0545245048389879,0.1556189676015736,0.0013297500732378,0.1,0.1,0.1,43066,5437,CDU-protocol-fast-v1,0.9814791472741884
828_Exathlon_id_19_Facility_tr_11663_1st_13482.csv,Exathlon,MOMENT_ZS,Exathlon,0.3401291997647747,0.3021399170343675,0.3109324631687791,0.3004269034811821,0.0379892827304071,0.0291967365959955,0.0397022962835925,0.0017130135531853,0.1,0.1,0.1,46655,2948,CDU-protocol-fast-v1,0.8786977371413549
829_Exathlon_id_20_Facility_tr_10766_1st_12590.csv,Exathlon,MOMENT_ZS,Exathlon,0.5910589381462512,0.447824080505201,0.5370829639073369,0.445861009503554,0.1432348576410502,0.0539759742389143,0.1451979286426971,0.0019630710016469,0.1,0.1,0.1,43066,5437,CDU-protocol-fast-v1,0.8890687192979319
830_Exathlon_id_21_Facility_tr_10766_1st_12590.csv,Exathlon,MOMENT_ZS,Exathlon,0.5910589381462512,0.5471087903381027,0.5364548609900123,0.5436089645659476,0.0439501478081485,0.0546040771562389,0.0474499735803035,0.003499825772155,0.1,0.1,0.1,43066,5437,CDU-protocol-fast-v1,0.9400917333666232
831_Exathlon_id_22_Facility_tr_11665_1st_13484.csv,Exathlon,MOMENT_ZS,Exathlon,0.3383966554327336,0.2856122646634518,0.3095270512081305,0.283902487021892,0.0527843907692818,0.0288696042246031,0.0544941684108415,0.0017097776415597,0.1,0.1,0.1,46660,2928,CDU-protocol-fast-v1,0.9062290796481632
832_Exathlon_id_23_Facility_tr_10766_1st_12590.csv,Exathlon,MOMENT_ZS,Exathlon,0.5910589381462512,0.447824080505201,0.5370829639073369,0.445861009503554,0.1432348576410502,0.0539759742389143,0.1451979286426971,0.0019630710016469,0.1,0.1,0.1,43066,5437,CDU-protocol-fast-v1,0.8890687192979319
833_Exathlon_id_24_Facility_tr_10766_1st_12590.csv,Exathlon,MOMENT_ZS,Exathlon,0.5910589381462512,0.3949622386184044,0.5361746113192406,0.3938710582481605,0.1960966995278468,0.0548843268270106,0.1971878798980907,0.0010911803702439,0.1,0.1,0.1,43066,5437,CDU-protocol-fast-v1,0.9981299941696762
834_Exathlon_id_25_Facility_tr_11665_1st_13484.csv,Exathlon,MOMENT_ZS,Exathlon,0.3383966554327336,0.2856122646634518,0.3095270512081305,0.283902487021892,0.0527843907692818,0.0288696042246031,0.0544941684108415,0.0017097776415597,0.1,0.1,0.1,46660,2928,CDU-protocol-fast-v1,0.9062290796481632
835_Exathlon_id_26_Facility_tr_10766_1st_12590.csv,Exathlon,MOMENT_ZS,Exathlon,0.5910589381462512,0.6540245625665059,0.567064600423295,0.6525539279324386,-0.0629656244202546,0.0239943377229562,-0.0614949897861873,0.0014706346340672,0.1,0.1,0.1,43066,5437,CDU-protocol-fast-v1,0.3042984816136413
836_Exathlon_id_27_Facility_tr_10766_1st_12590.csv,Exathlon,MOMENT_ZS,Exathlon,0.5910589381462512,0.3949622386184044,0.5361746113192406,0.3938710582481605,0.1960966995278468,0.0548843268270106,0.1971878798980907,0.0010911803702439,0.1,0.1,0.1,43066,5437,CDU-protocol-fast-v1,0.9981299941696762
837_Exathlon_id_28_Facility_tr_8898_1st_8998.csv,Exathlon,MOMENT_ZS,Exathlon,0.4205924877163967,0.4659297475088861,0.452732616126694,0.4671283224076751,-0.0453372597924894,-0.0321401284102973,-0.0465358346912784,-0.0011985748987889,0.1,0.1,0.1,46650,3891,CDU-protocol-fast-v1,0.1534580474917815
838_Exathlon_id_29_Facility_tr_10766_1st_12590.csv,Exathlon,MOMENT_ZS,Exathlon,0.5910589381462512,0.5907887612902277,0.5532074084722536,0.5886378209607305,0.0002701768560234,0.0378515296739976,0.0024211171855207,0.0021509403294972,0.1,0.1,0.1,43066,5437,CDU-protocol-fast-v1,0.4330036084271457
839_Exathlon_id_30_Facility_tr_10766_1st_12590.csv,Exathlon,MOMENT_ZS,Exathlon,0.5910589381462512,0.447824080505201,0.5370829639073369,0.445861009503554,0.1432348576410502,0.0539759742389143,0.1451979286426971,0.0019630710016469,0.1,0.1,0.1,43066,5437,CDU-protocol-fast-v1,0.8890687192979319
840_Exathlon_id_31_Facility_tr_10766_1st_12590.csv,Exathlon,MOMENT_ZS,Exathlon,0.5910589381462512,0.4367697206179154,0.5365344333072632,0.4354399705446775,0.1542892175283358,0.0545245048389879,0.1556189676015736,0.0013297500732378,0.1,0.1,0.1,43066,5437,CDU-protocol-fast-v1,0.9814791472741884
841_Exathlon_id_32_Facility_tr_11663_1st_13482.csv,Exathlon,MOMENT_ZS,Exathlon,0.3401291997647747,0.2352715670401938,0.311040598557067,0.2343780834318431,0.1048576327245808,0.0290886012077076,0.1057511163329315,0.0008934836083506,0.1,0.1,0.1,46655,2948,CDU-protocol-fast-v1,0.9578616294261448
842_OPPORTUNITY_id_1_HumanActivity_tr_7295_1st_27516.csv,OPPORTUNITY,MOMENT_ZS,OPPORTUNITY,0.1361741528429222,0.1560156124175955,0.1446584275788003,0.1565491611105522,-0.0198414595746733,-0.008484274735878,-0.02037500826763,-0.0005335486929567,0.1,0.1,0.1,29182,330,CDU-protocol-fast-v1,0.0079874843516968
843_OPPORTUNITY_id_2_HumanActivity_tr_808_1st_908.csv,OPPORTUNITY,MOMENT_ZS,OPPORTUNITY,0.5871383142152801,0.7917259023505411,0.6575202788117013,0.8061097093101852,-0.204587588135261,-0.0703819645964212,-0.2189713950949051,-0.0143838069596441,0.1,0.1,0.1,9057,1142,CDU-protocol-fast-v1,0.10795465426013
844_OPPORTUNITY_id_3_HumanActivity_tr_500_1st_566.csv,OPPORTUNITY,MOMENT_ZS,OPPORTUNITY,0.3344604207133003,0.359826741030982,0.3573484943197733,0.3618288234499932,-0.0253663203176817,-0.022888073606473,-0.0273684027366929,-0.0020020824190112,0.1,0.1,0.1,15653,967,CDU-protocol-fast-v1,0.0516274886314458
845_OPPORTUNITY_id_4_HumanActivity_tr_7295_1st_27516.csv,OPPORTUNITY,MOMENT_ZS,OPPORTUNITY,0.1361741528429222,0.1554119769111372,0.1452458478415553,0.1560618660848603,-0.019237824068215,-0.0090716949986331,-0.0198877132419381,-0.0006498891737231,0.1,0.1,0.1,29182,330,CDU-protocol-fast-v1,0.0188339158257075
846_OPPORTUNITY_id_5_HumanActivity_tr_2085_1st_2185.csv,OPPORTUNITY,MOMENT_ZS,OPPORTUNITY,0.2365509154601663,0.3009542656110027,0.2611426517773025,0.3021205511453601,-0.0644033501508364,-0.0245917363171362,-0.0655696356851937,-0.0011662855343573,0.1,0.1,0.1,22194,818,CDU-protocol-fast-v1,0.0329181129038693
847_OPPORTUNITY_id_6_HumanActivity_tr_808_1st_908.csv,OPPORTUNITY,MOMENT_ZS,OPPORTUNITY,0.5871383142152801,0.8632380219754142,0.6761249131554466,0.8667038265271626,-0.2760997077601341,-0.0889865989401665,-0.2795655123118825,-0.0034658045517483,0.1,0.1,0.1,9057,1142,CDU-protocol-fast-v1,0.0737711573224785
848_OPPORTUNITY_id_7_HumanActivity_tr_1477_1st_1577.csv,OPPORTUNITY,MOMENT_ZS,OPPORTUNITY,0.1781275678879195,0.1663103770423931,0.1743941932425426,0.1668140828770936,0.0118171908455264,0.0037333746453768,0.0113134850108258,-0.0005037058347005,0.1,0.1,0.1,18011,396,CDU-protocol-fast-v1,0.0762395769570935
849_OPPORTUNITY_id_8_HumanActivity_tr_1100_1st_1200.csv,OPPORTUNITY,MOMENT_ZS,OPPORTUNITY,0.1877099177944515,0.2074945180166798,0.1998022766066216,0.2084308961380874,-0.0197846002222283,-0.0120923588121701,-0.0207209783436359,-0.0009363781214076,0.1,0.1,0.1,24892,608,CDU-protocol-fast-v1,0.1420923769241147
850_OPPORTUNITY_id_9_HumanActivity_tr_895_1st_995.csv,OPPORTUNITY,MOMENT_ZS,OPPORTUNITY,0.2084048165942393,0.2201727948202856,0.2128575695011674,0.220714977538178,-0.0117679782260463,-0.0044527529069281,-0.0123101609439387,-0.0005421827178924,0.1,0.1,0.1,14751,438,CDU-protocol-fast-v1,0.0431488956273029
851_OPPORTUNITY_id_10_HumanActivity_tr_6213_1st_7311.csv,OPPORTUNITY,MOMENT_ZS,OPPORTUNITY,0.2296003845866163,0.3405770580164143,0.2615277252260988,0.3416456088813189,-0.110976673429798,-0.0319273406394825,-0.1120452242947026,-0.0010685508649045,0.1,0.1,0.1,24852,872,CDU-protocol-fast-v1,0.0201418801345729
853_OPPORTUNITY_id_12_HumanActivity_tr_808_1st_908.csv,OPPORTUNITY,MOMENT_ZS,OPPORTUNITY,0.5871383142152801,0.8985644465983316,0.6863193866394358,0.900948091702216,-0.3114261323830515,-0.0991810724241557,-0.3138097774869359,-0.0023836451038844,0.1,0.1,0.1,9057,1142,CDU-protocol-fast-v1,0.0726888062792929
854_OPPORTUNITY_id_13_HumanActivity_tr_1477_1st_1577.csv,OPPORTUNITY,MOMENT_ZS,OPPORTUNITY,0.1781275678879195,0.177713748489127,0.1839443392663337,0.1781569836173974,0.0004138193987925,-0.0058167713784142,-2.941572947795512e-05,-0.0004432351282704,0.1,0.1,0.1,18011,396,CDU-protocol-fast-v1,0.0407872872945563
855_OPPORTUNITY_id_14_HumanActivity_tr_808_1st_908.csv,OPPORTUNITY,MOMENT_ZS,OPPORTUNITY,0.5871383142152801,0.850462249982976,0.6768309631755688,0.8535793592018289,-0.2633239357676959,-0.0896926489602887,-0.2664410449865488,-0.0031171092188528,0.1,0.1,0.1,9057,1142,CDU-protocol-fast-v1,0.0752152288549308
856_OPPORTUNITY_id_15_HumanActivity_tr_808_1st_908.csv,OPPORTUNITY,MOMENT_ZS,OPPORTUNITY,0.5871383142152801,0.8821147358487812,0.6785739085026767,0.8854197165549118,-0.2949764216335011,-0.0914355942873966,-0.2982814023396317,-0.0033049807061306,0.1,0.1,0.1,9057,1142,CDU-protocol-fast-v1,0.0714901975197746
857_OPPORTUNITY_id_16_HumanActivity_tr_500_1st_566.csv,OPPORTUNITY,MOMENT_ZS,OPPORTUNITY,0.3344604207133003,0.4337740256159521,0.3772363447803186,0.4352607370138828,-0.0993136049026517,-0.0427759240670183,-0.1008003163005825,-0.0014867113979307,0.1,0.1,0.1,15653,967,CDU-protocol-fast-v1,0.1297176531141564
858_OPPORTUNITY_id_17_HumanActivity_tr_808_1st_908.csv,OPPORTUNITY,MOMENT_ZS,OPPORTUNITY,0.5871383142152801,0.924768669751845,0.6904828169345326,0.927411047035404,-0.3376303555365649,-0.1033445027192525,-0.3402727328201239,-0.0026423772835589,0.1,0.1,0.1,9057,1142,CDU-protocol-fast-v1,0.0903731254371663
859_OPPORTUNITY_id_18_HumanActivity_tr_895_1st_995.csv,OPPORTUNITY,MOMENT_ZS,OPPORTUNITY,0.2084048165942393,0.231208047481942,0.2197666829259327,0.2322384227170433,-0.0228032308877026,-0.0113618663316934,-0.023833606122804,-0.0010303752351013,0.1,0.1,0.1,14751,438,CDU-protocol-fast-v1,0.0462642957685014
860_OPPORTUNITY_id_19_HumanActivity_tr_808_1st_908.csv,OPPORTUNITY,MOMENT_ZS,OPPORTUNITY,0.5871383142152801,0.8533380355622447,0.685393967134863,0.8558831861291452,-0.2661997213469647,-0.0982556529195829,-0.2687448719138651,-0.0025451505669004,0.1,0.1,0.1,9057,1142,CDU-protocol-fast-v1,0.0713149011684565
861_OPPORTUNITY_id_20_HumanActivity_tr_2085_1st_2185.csv,OPPORTUNITY,MOMENT_ZS,OPPORTUNITY,0.2365509154601663,0.2669523683629944,0.2534544826951178,0.2680059956105702,-0.0304014529028281,-0.0169035672349514,-0.0314550801504039,-0.0010536272475758,0.1,0.1,0.1,22194,818,CDU-protocol-fast-v1,0.0655458284934784
862_OPPORTUNITY_id_21_HumanActivity_tr_500_1st_566.csv,OPPORTUNITY,MOMENT_ZS,OPPORTUNITY,0.3344604207133003,0.4067945500712892,0.3734330013626463,0.4080137111026992,-0.0723341293579888,-0.038972580649346,-0.0735532903893989,-0.00121916103141,0.1,0.1,0.1,15653,967,CDU-protocol-fast-v1,0.0854577057833348
863_OPPORTUNITY_id_22_HumanActivity_tr_808_1st_908.csv,OPPORTUNITY,MOMENT_ZS,OPPORTUNITY,0.5871383142152801,0.8387032793027022,0.675207903311282,0.8521453863193886,-0.2515649650874221,-0.0880695890960019,-0.2650070721041085,-0.0134421070166864,0.1,0.1,0.1,9057,1142,CDU-protocol-fast-v1,0.0722319510124213
865_OPPORTUNITY_id_24_HumanActivity_tr_2085_1st_2185.csv,OPPORTUNITY,MOMENT_ZS,OPPORTUNITY,0.2365509154601663,0.2672391635365892,0.2553301008897009,0.2683227188157236,-0.0306882480764229,-0.0187791854295346,-0.0317718033555573,-0.0010835552791344,0.1,0.1,0.1,22194,818,CDU-protocol-fast-v1,0.0846426563608677
866_OPPORTUNITY_id_25_HumanActivity_tr_6213_1st_7311.csv,OPPORTUNITY,MOMENT_ZS,OPPORTUNITY,0.2296003845866163,0.3173672055964974,0.2573097597884485,0.3181788235124325,-0.087766821009881,-0.0277093752018321,-0.0885784389258162,-0.0008116179159351,0.1,0.1,0.1,24852,872,CDU-protocol-fast-v1,0.0317893210220096
867_OPPORTUNITY_id_26_HumanActivity_tr_808_1st_908.csv,OPPORTUNITY,MOMENT_ZS,OPPORTUNITY,0.5871383142152801,0.9450234805858582,0.6871125839508773,0.9492631412620808,-0.3578851663705781,-0.0999742697355972,-0.3621248270468007,-0.0042396606762226,0.1,0.1,0.1,9057,1142,CDU-protocol-fast-v1,0.0730306563707807
868_OPPORTUNITY_id_27_HumanActivity_tr_2085_1st_2185.csv,OPPORTUNITY,MOMENT_ZS,OPPORTUNITY,0.2365509154601663,0.2875607068096743,0.2586639595835369,0.2886336107896901,-0.051009791349508,-0.0221130441233705,-0.0520826953295237,-0.0010729039800157,0.1,0.1,0.1,22194,818,CDU-protocol-fast-v1,0.0268837245083679
869_OPPORTUNITY_id_28_HumanActivity_tr_500_1st_566.csv,OPPORTUNITY,MOMENT_ZS,OPPORTUNITY,0.3344604207133003,0.4593897499875343,0.3804560887451307,0.4610241454086015,-0.124929329274234,-0.0459956680318304,-0.1265637246953012,-0.0016343954210672,0.1,0.1,0.1,15653,967,CDU-protocol-fast-v1,0.1623386330599179
870_OPPORTUNITY_id_29_HumanActivity_tr_1477_1st_1577.csv,OPPORTUNITY,MOMENT_ZS,OPPORTUNITY,0.1781275678879195,0.1837525974478287,0.1823536063600709,0.184164639870414,-0.0056250295599092,-0.0042260384721514,-0.0060370719824945,-0.0004120424225853,0.1,0.1,0.1,18011,396,CDU-protocol-fast-v1,0.0513244037270414
001_NAB_id_1_Facility_tr_1007_1st_2014.csv,NAB,M2N2,NAB,0.4271930261014086,0.4049530644436562,0.4602737077485485,0.4316763115784152,0.0222399616577523,-0.0330806816471399,-0.0044832854770066,-0.0267232471347589,0.1,0.1,0.1,4031,343,CDU-protocol-fast-v1,0.0995803436852765
002_NAB_id_2_WebService_tr_1500_1st_4106.csv,NAB,M2N2,NAB,0.5109811005857584,0.5019596616707005,0.5275251477543703,0.5062897289326123,0.0090214389150579,-0.0165440471686119,0.0046913716531461,-0.0043300672619117,0.1,0.1,0.1,6000,637,CDU-protocol-fast-v1,0.1762927237368072
005_NAB_id_5_Traffic_tr_594_1st_1645.csv,NAB,M2N2,NAB,0.4866326352417378,0.4225410306074325,0.5137131101125361,0.4403061335468268,0.0640916046343053,-0.0270804748707982,0.0463265016949109,-0.0177651029393943,0.1,0.1,0.1,2379,238,CDU-protocol-fast-v1,0.1216390864964832
006_NAB_id_6_Traffic_tr_2579_1st_5839.csv,NAB,M2N2,NAB,0.4857335332016683,0.5030185169729929,0.5108151941024578,0.5071318910100238,-0.0172849837713246,-0.0250816609007895,-0.0213983578083554,-0.0041133740370308,0.1,0.1,0.1,10319,1030,CDU-protocol-fast-v1,0.1382744975987882
008_NAB_id_8_Synthetic_tr_1007_1st_2734.csv,NAB,M2N2,NAB,0.4853806728505995,0.3491487638325485,0.4865093252071865,0.3765569295405801,0.136231909018051,-0.001128652356587,0.1088237433100193,-0.0274081657080316,0.1,0.1,0.1,4031,402,CDU-protocol-fast-v1,0.2702683501887222
009_NAB_id_9_Traffic_tr_500_1st_438.csv,NAB,M2N2,NAB,0.4862815616001811,0.4577284733710112,0.5143520311697026,0.479806233770265,0.0285530882291699,-0.0280704695695215,0.0064753278299161,-0.0220777603992538,0.1,0.1,0.1,2161,216,CDU-protocol-fast-v1,0.1752501397274481
010_NAB_id_10_WebService_tr_500_1st_271.csv,NAB,M2N2,NAB,0.6772894492172364,0.6757135752540563,0.7181108589182063,0.7112180431704657,0.0015758739631801,-0.0408214097009698,-0.0339285939532292,-0.0355044679164093,0.1,0.1,0.1,1000,148,CDU-protocol-fast-v1,0.3287876828523728
011_NAB_id_11_Facility_tr_1007_1st_1526.csv,NAB,M2N2,NAB,0.5563893265106291,0.4704058326094067,0.5608069687783948,0.47737129619412,0.0859834939012224,-0.0044176422677656,0.079018030316509,-0.0069654635847133,0.1,0.1,0.1,4031,474,CDU-protocol-fast-v1,0.4316992904682823
013_NAB_id_13_Traffic_tr_623_1st_2084.csv,NAB,M2N2,NAB,0.4842338922682348,0.3962528349165996,0.5122825766760509,0.4368224802810691,0.0879810573516352,-0.0280486844078161,0.0474114119871657,-0.0405696453644695,0.1,0.1,0.1,2494,248,CDU-protocol-fast-v1,0.2633338861918515
014_NAB_id_14_WebService_tr_500_1st_1045.csv,NAB,M2N2,NAB,0.4820684243308183,0.4939130394542483,0.5790243834501427,0.5582098969070147,-0.0118446151234299,-0.0969559591193244,-0.0761414725761964,-0.0642968574527664,0.1,0.1,0.1,1537,152,CDU-protocol-fast-v1,0.0790193519307101
015_NAB_id_15_Synthetic_tr_1007_1st_2787.csv,NAB,M2N2,NAB,0.5948523472431452,0.7760293975346706,0.6478488230327629,0.7801767377944318,-0.1811770502915254,-0.0529964757896177,-0.1853243905512865,-0.0041473402597611,0.1,0.1,0.1,4031,513,CDU-protocol-fast-v1,0.1431423754798168
016_NAB_id_16_Environment_tr_1816_1st_3540.csv,NAB,M2N2,NAB,0.4850429707481395,0.4376926895900296,0.4745662406779244,0.4301958552732138,0.0473502811581099,0.0104767300702151,0.0548471154749256,0.0074968343168157,0.1,0.1,0.1,7266,724,CDU-protocol-fast-v1,0.2168240864708382
017_NAB_id_17_Synthetic_tr_1007_1st_1805.csv,NAB,M2N2,NAB,0.4853806728505994,0.5534003198707411,0.520158970524845,0.5675382202418977,-0.0680196470201417,-0.0347782976742456,-0.0821575473912983,-0.0141379003711565,0.1,0.1,0.1,4031,402,CDU-protocol-fast-v1,0.1391711277694463
018_NAB_id_18_Facility_tr_500_1st_669.csv,NAB,M2N2,NAB,0.4862541770224173,0.5522336731389618,0.4849718240283171,0.5289274729425645,-0.0659794961165444,0.0012823529941001,-0.0426732959201471,0.0233062001963972,0.1,0.1,0.1,1881,188,CDU-protocol-fast-v1,0.2234751957137955
019_NAB_id_19_Facility_tr_1007_1st_1171.csv,NAB,M2N2,NAB,0.483408210248932,0.4719329833680825,0.5283961139223565,0.4955579991853464,0.0114752268808495,-0.0449879036734245,-0.0121497889364144,-0.0236250158172639,0.1,0.1,0.1,4031,400,CDU-protocol-fast-v1,0.1121469570274372
020_NAB_id_20_Synthetic_tr_1007_1st_2679.csv,NAB,M2N2,NAB,0.7013653277331897,0.8742667449843253,0.8510852893705079,0.9469719364228294,-0.1729014172511356,-0.1497199616373181,-0.2456066086896396,-0.072705191438504,0.1,0.1,0.1,4031,621,CDU-protocol-fast-v1,0.1397681190827435
022_NAB_id_22_Facility_tr_1007_1st_2980.csv,NAB,M2N2,NAB,0.6017559663489813,0.4471628834985517,0.5038070894601238,0.4039948173396042,0.1545930828504296,0.0979488768888575,0.1977611490093771,0.0431680661589475,0.1,0.1,0.1,4031,520,CDU-protocol-fast-v1,0.5226267513005823
023_NAB_id_23_Facility_tr_4512_1st_16551.csv,NAB,M2N2,NAB,0.4188672974141275,0.4009310411488355,0.3816595101114435,0.3627430967246245,0.0179362562652919,0.0372077873026839,0.0561242006895029,0.0381879444242109,0.1,0.1,0.1,18049,1498,CDU-protocol-fast-v1,0.2007273189101303
024_NAB_id_24_Synthetic_tr_1007_1st_2787.csv,NAB,M2N2,NAB,0.5948523472431452,0.5576899651953611,0.6004874937038324,0.542038239840833,0.0371623820477841,-0.0056351464606871,0.0528141074023121,0.015651725354528,0.1,0.1,0.1,4031,513,CDU-protocol-fast-v1,0.2197758260008894
025_NAB_id_25_WebService_tr_3958_1st_4614.csv,NAB,M2N2,NAB,0.4856619904702664,0.5141484620284618,0.5226418260218995,0.5343361009804494,-0.0284864715581953,-0.036979835551633,-0.0486741105101829,-0.0201876389519876,0.1,0.1,0.1,15832,1580,CDU-protocol-fast-v1,0.1027950175850939
026_NAB_id_26_Traffic_tr_624_1st_2261.csv,NAB,M2N2,NAB,0.4675345826450365,0.3812191677117147,0.4935537745334551,0.4064792868889817,0.0863154149333217,-0.0260191918884186,0.0610552957560547,-0.025260119177267,0.1,0.1,0.1,2499,238,CDU-protocol-fast-v1,0.1273636743041349
027_NAB_id_27_Facility_tr_757_1st_2582.csv,NAB,M2N2,NAB,0.3512382483885998,0.2900068948565441,0.3775533582073024,0.3162872339722086,0.0612313535320557,-0.0263151098187026,0.0349510144163912,-0.0262803391156645,0.1,0.1,0.1,3031,200,CDU-protocol-fast-v1,0.1020832671727429
028_NAB_id_28_Facility_tr_1007_1st_3447.csv,NAB,M2N2,NAB,0.5129951492739443,0.4682624740937041,0.5514935664544868,0.4945760144810818,0.0447326751802402,-0.0384984171805424,0.0184191347928624,-0.0263135403873777,0.1,0.1,0.1,4031,430,CDU-protocol-fast-v1,0.1508189362448414
032_WSD_id_4_WebService_tr_4559_1st_11822.csv,WSD,M2N2,WSD,0.1075299854438183,0.1116774515005216,0.1064232308103102,0.1088697007195542,-0.0041474660567032,0.001106754633508,-0.0013397152757359,0.0028077507809673,0.1,0.1,0.1,10686,32,CDU-protocol-fast-v1,0.1379192122213668
039_WSD_id_11_WebService_tr_1746_1st_1846.csv,WSD,M2N2,WSD,0.123945251401589,0.117165915369355,0.1220326690611914,0.1176547806490307,0.006779336032234,0.0019125823403975,0.0062904707525582,-0.0004888652796757,0.1,0.1,0.1,18219,132,CDU-protocol-fast-v1,0.1535992206830721
040_WSD_id_12_WebService_tr_4559_1st_9714.csv,WSD,M2N2,WSD,0.1046479863466841,0.1124326024770673,0.1050027508650082,0.1179868788824381,-0.0077846161303831,-0.0003547645183241,-0.013338892535754,-0.0055542764053708,0.1,0.1,0.1,18236,41,CDU-protocol-fast-v1,0.0291077076217392
043_WSD_id_15_WebService_tr_4521_1st_6828.csv,WSD,M2N2,WSD,0.097246602480544,0.102515453101583,0.0985483019785886,0.1065080543279413,-0.005268850621039,-0.0013016994980446,-0.0092614518473973,-0.0039926012263583,0.1,0.1,0.1,18085,6,CDU-protocol-fast-v1,0.1025027970709901
049_WSD_id_21_WebService_tr_4297_1st_7097.csv,WSD,M2N2,WSD,0.1029301495095835,0.104141769354132,0.1025976457532905,0.1100518632259535,-0.0012116198445484,0.0003325037562929,-0.00712171371637,-0.0059100938718215,0.1,0.1,0.1,17189,31,CDU-protocol-fast-v1,0.1039578749373909
054_WSD_id_26_WebService_tr_2409_1st_2509.csv,WSD,M2N2,WSD,0.1098244691869262,0.1131182814548376,0.1104586355082557,0.1135361335975847,-0.0032938122679113,-0.0006341663213294,-0.0037116644106585,-0.0004178521427471,0.1,0.1,0.1,18391,66,CDU-protocol-fast-v1,0.0314617744389634
058_WSD_id_30_WebService_tr_1136_1st_1236.csv,WSD,M2N2,WSD,0.0976595358796754,0.1041579276002816,0.0988437457326406,0.0947903662392584,-0.0064983917206062,-0.0011842098529652,0.0028691696404169,0.0093675613610231,0.1,0.1,0.1,18236,8,CDU-protocol-fast-v1,0.1480722214725296
060_WSD_id_32_WebService_tr_4576_1st_4766.csv,WSD,M2N2,WSD,0.1174846082653973,0.1171885962943928,0.1170497273483111,0.1130092619665507,0.0002960119710045,0.0004348809170861,0.0044753462988465,0.004179334327842,0.1,0.1,0.1,18305,102,CDU-protocol-fast-v1,0.0234158070224118
068_WSD_id_40_WebService_tr_4549_1st_13322.csv,WSD,M2N2,WSD,0.1021198938700692,0.1071976929509372,0.1029313661091087,0.1015749864041173,-0.005077799080868,-0.0008114722390395,0.0005449074659518,0.0056227065468198,0.1,0.1,0.1,18197,29,CDU-protocol-fast-v1,0.0569768627569158
074_WSD_id_46_WebService_tr_990_1st_1090.csv,WSD,M2N2,WSD,0.1573790216886592,0.1352386893013269,0.1431281326629221,0.1306684700468066,0.0221403323873322,0.014250889025737,0.0267105516418525,0.0045702192545202,0.1,0.1,0.1,18236,290,CDU-protocol-fast-v1,0.4786149121860562
089_WSD_id_61_WebService_tr_1010_1st_1110.csv,WSD,M2N2,WSD,0.1493653476999775,0.128044486996481,0.1423583113056716,0.1242544106118948,0.0213208607034965,0.0070070363943059,0.0251109370880826,0.0037900763845861,0.1,0.1,0.1,17429,241,CDU-protocol-fast-v1,0.3198891546039
094_WSD_id_66_WebService_tr_3309_1st_3914.csv,WSD,M2N2,WSD,0.1061765244045372,0.1079952254932525,0.1059425270600656,0.1080167058679497,-0.0018187010887152,0.0002339973444716,-0.0018401814634125,-2.1480374697263604e-05,0.1,0.1,0.1,13237,35,CDU-protocol-fast-v1,0.094614398743556
099_WSD_id_71_WebService_tr_4559_1st_14411.csv,WSD,M2N2,WSD,0.1046479863466841,0.111021903213316,0.105466938745552,0.1060112822319061,-0.0063739168666318,-0.0008189523988679,-0.001363295885222,0.0050106209814098,0.1,0.1,0.1,18236,41,CDU-protocol-fast-v1,0.0222763920198028
106_WSD_id_78_WebService_tr_3363_1st_3463.csv,WSD,M2N2,WSD,0.1427668070758227,0.1281631660111524,0.1371871570101911,0.1281400651124221,0.0146036410646702,0.0055796500656316,0.0146267419634005,2.310089873022725e-05,0.1,0.1,0.1,18236,221,CDU-protocol-fast-v1,0.0580520642189093
113_WSD_id_85_WebService_tr_500_1st_335.csv,WSD,M2N2,WSD,0.1198876437419788,0.1188265995285171,0.1250399038841583,0.1191531196734381,0.0010610442134617,-0.0051522601421795,0.0007345240685406,-0.000326520144921,0.1,0.1,0.1,18242,113,CDU-protocol-fast-v1,0.0156584650819328
117_WSD_id_89_WebService_tr_3251_1st_3351.csv,WSD,M2N2,WSD,0.0966728392159828,0.1038122200571789,0.0980349244768318,0.1045677629228882,-0.0071393808411961,-0.001362085260849,-0.0078949237069054,-0.0007555428657093,0.1,0.1,0.1,16376,3,CDU-protocol-fast-v1,0.3342594352364238
125_WSD_id_97_WebService_tr_2217_1st_2317.csv,WSD,M2N2,WSD,0.1302459870741442,0.1302520570592606,0.1309542094769988,0.1303401396852505,-6.069985116402554e-06,-0.0007082224028545,-9.41526111062907e-05,-8.808262598988814e-05,0.1,0.1,0.1,18250,162,CDU-protocol-fast-v1,0.0383300131355396
130_WSD_id_102_WebService_tr_2362_1st_2462.csv,WSD,M2N2,WSD,0.1372607551927249,0.1338780040566449,0.1358945090353103,0.1339722480973638,0.0033827511360799,0.0013662461574145,0.003288507095361,-9.424404071894932e-05,0.1,0.1,0.1,18236,195,CDU-protocol-fast-v1,0.0570542338513138
137_WSD_id_109_WebService_tr_4559_1st_14404.csv,WSD,M2N2,WSD,0.108459868419598,0.1147442587137088,0.1105066552052343,0.1111401599195767,-0.0062843902941108,-0.0020467867856363,-0.0026802914999787,0.003604098794132,0.1,0.1,0.1,18236,59,CDU-protocol-fast-v1,0.0228139653765752
139_WSD_id_111_WebService_tr_1701_1st_1801.csv,WSD,M2N2,WSD,0.1142441227835626,0.1124211147084028,0.1117578683836873,0.1119103480220673,0.0018230080751597,0.0024862543998752,0.0023337747614952,0.0005107666863354,0.1,0.1,0.1,18381,87,CDU-protocol-fast-v1,0.3640631423562749
140_MSL_id_1_Sensor_tr_530_1st_630.csv,MSL,M2N2,MSL,0.2873686381761706,0.3059045243505106,0.3039089566562328,0.3041926658606459,-0.0185358861743399,-0.0165403184800622,-0.0168240276844753,0.0017118584898646,0.1,0.1,0.1,2430,121,CDU-protocol-fast-v1,0.1028242287958696
141_MSL_id_2_Sensor_tr_500_1st_550.csv,MSL,M2N2,MSL,0.6332567791885708,0.6388590499559477,0.6526441379034756,0.6621926934269071,-0.0056022707673768,-0.0193873587149048,-0.0289359142383363,-0.0233336434709594,0.1,0.1,0.1,2264,312,CDU-protocol-fast-v1,0.2921059797594069
143_MSL_id_4_Sensor_tr_980_1st_3550.csv,MSL,M2N2,MSL,0.2429866472843507,0.1940817129302176,0.2258233090122486,0.1883989189777969,0.0489049343541331,0.017163338272102,0.0545877283065537,0.0056827939524206,0.1,0.1,0.1,3922,151,CDU-protocol-fast-v1,0.5179602992111186
144_MSL_id_5_Sensor_tr_1525_1st_4590.csv,MSL,M2N2,MSL,0.1760790536021126,0.169985411306579,0.1845677156730423,0.1722593727807579,0.0060936422955336,-0.0084886620709297,0.0038196808213546,-0.0022739614741789,0.1,0.1,0.1,6100,131,CDU-protocol-fast-v1,0.0388926628089811
145_MSL_id_6_Sensor_tr_530_1st_630.csv,MSL,M2N2,MSL,0.2873686381761706,0.2761726888593286,0.2798703328186146,0.2863392963924674,0.0111959493168419,0.0074983053575559,0.0010293417837031,-0.0101666075331388,0.1,0.1,0.1,2430,121,CDU-protocol-fast-v1,0.1175545792026716
147_MSL_id_8_Sensor_tr_590_1st_690.csv,MSL,M2N2,MSL,0.4992263389006856,0.3907201765619901,0.5463686828924493,0.445119343404573,0.1085061623386954,-0.0471423439917637,0.0541069954961125,-0.0543991668425828,0.1,0.1,0.1,2430,252,CDU-protocol-fast-v1,0.1161639571673622
148_MSL_id_9_Sensor_tr_883_1st_1238.csv,MSL,M2N2,MSL,0.3451521701195715,0.2882097530028368,0.3080258990116121,0.2683044841781297,0.0569424171167347,0.0371262711079593,0.0768476859414418,0.0199052688247071,0.1,0.1,0.1,3535,228,CDU-protocol-fast-v1,0.4701334938785706
149_Stock_id_1_Finance_tr_500_1st_7.csv,Stock,M2N2,Stock,0.2842191306939363,0.2454306815710683,0.2213152466008467,0.2160980873811036,0.0387884491228679,0.0629038840930895,0.0681210433128326,0.0293325941899646,0.1,0.1,0.1,20000,981,CDU-protocol-fast-v1,0.9986341692455888
151_Stock_id_3_Finance_tr_500_1st_62.csv,Stock,M2N2,Stock,0.2828372009833035,0.2527133972023364,0.2204521869194926,0.2258607631157603,0.0301238037809671,0.0623850140638109,0.0569764378675431,0.026852634086576,0.1,0.1,0.1,10000,487,CDU-protocol-fast-v1,0.9964870107401466
155_Stock_id_7_Finance_tr_500_1st_18.csv,Stock,M2N2,Stock,0.2826397824532131,0.2421855532885009,0.2202276235870018,0.2117652761238442,0.0404542291647122,0.0624121588662112,0.0708745063293688,0.0304202771646566,0.1,0.1,0.1,20000,973,CDU-protocol-fast-v1,0.9994241908377148
156_Stock_id_8_Finance_tr_500_1st_24.csv,Stock,M2N2,Stock,0.2820475268629419,0.2562301892201621,0.2198509222248003,0.2282429013899075,0.0258173376427797,0.0621966046381415,0.0538046254730343,0.0279872878302546,0.1,0.1,0.1,10000,485,CDU-protocol-fast-v1,0.9857174711068364
160_Stock_id_12_Finance_tr_500_1st_14.csv,Stock,M2N2,Stock,0.2842191306939363,0.2453936984954448,0.2213139899220263,0.2155551655135131,0.0388254321984914,0.0629051407719099,0.0686639651804231,0.0298385329819316,0.1,0.1,0.1,20000,981,CDU-protocol-fast-v1,0.9969687490815988
162_Stock_id_14_Finance_tr_500_1st_4.csv,Stock,M2N2,Stock,0.6354266957247445,0.5522324078821944,0.476897883431871,0.4672372290492159,0.0831942878425501,0.1585288122928735,0.1681894666755286,0.0849951788329784,0.1,0.1,0.1,10000,1380,CDU-protocol-fast-v1,0.9997570807514228
165_Stock_id_17_Finance_tr_500_1st_7.csv,Stock,M2N2,Stock,0.6429285998681795,0.5576391440709365,0.4827811347117751,0.4725702765468701,0.085289455797243,0.1601474651564043,0.1703583233213093,0.0850688675240663,0.1,0.1,0.1,20000,2798,CDU-protocol-fast-v1,0.9998584987855532
166_Stock_id_18_Finance_tr_500_1st_18.csv,Stock,M2N2,Stock,0.642731181338089,0.5600653335879421,0.4823567252468893,0.4745605915365525,0.0826658477501469,0.1603744560911997,0.1681705898015365,0.0855047420513895,0.1,0.1,0.1,20000,2797,CDU-protocol-fast-v1,0.9996926144057487
169_Daphnet_id_1_HumanActivity_tr_9693_1st_20732.csv,Daphnet,M2N2,Daphnet,0.3254223915528967,0.2368700903937531,0.283222068979571,0.2285813678116695,0.0885523011591436,0.0422003225733257,0.0968410237412271,0.0082887225820835,0.1,0.1,0.1,38774,2306,CDU-protocol-fast-v1,0.3453406228159693
170_MITDB_id_1_Medical_tr_17675_1st_17775.csv,MITDB,M2N2,MITDB,0.271582878822378,0.2887418738617924,0.2874014833296139,0.3041498209179772,-0.0171589950394143,-0.0158186045072358,-0.0325669420955992,-0.0154079470561848,0.1,0.1,0.1,500000,22845,CDU-protocol-fast-v1,0.0535465769873082
171_MITDB_id_2_Medical_tr_50000_1st_88864.csv,MITDB,M2N2,MITDB,0.211197624167007,0.1696606055995633,0.199258695487424,0.1681670740989868,0.0415370185674436,0.0119389286795829,0.0430305500680201,0.0014935315005764,0.1,0.1,0.1,650000,19657,CDU-protocol-fast-v1,0.2592888176060603
172_MITDB_id_3_Medical_tr_27274_1st_27374.csv,MITDB,M2N2,MITDB,0.2018886191173119,0.2604056175074725,0.2183395407153057,0.2761291203261385,-0.0585169983901605,-0.0164509215979938,-0.0742405012088266,-0.015723502818666,0.1,0.1,0.1,650000,18109,CDU-protocol-fast-v1,0.0281112139500368
173_MITDB_id_4_Medical_tr_13620_1st_13720.csv,MITDB,M2N2,MITDB,0.49398571361269,0.5355416748998293,0.5251797500543747,0.5514516974592819,-0.0415559612871392,-0.0311940364416846,-0.0574659838465919,-0.0159100225594526,0.1,0.1,0.1,650000,66682,CDU-protocol-fast-v1,0.1403209564051595
175_MITDB_id_6_Medical_tr_27274_1st_27374.csv,MITDB,M2N2,MITDB,0.2018886191173119,0.2007848397009577,0.21053029773154,0.2109143638274599,0.0011037794163542,-0.0086416786142281,-0.009025744710148,-0.0101295241265022,0.1,0.1,0.1,650000,18109,CDU-protocol-fast-v1,0.0349231800615055
176_MITDB_id_7_Medical_tr_6232_1st_6332.csv,MITDB,M2N2,MITDB,0.3231402139603378,0.2623315432049894,0.3302250471493511,0.2710880781188126,0.0608086707553484,-0.0070848331890133,0.0520521358415251,-0.0087565349138232,0.1,0.1,0.1,650000,38272,CDU-protocol-fast-v1,0.1060637193861316
177_MITDB_id_8_Medical_tr_17675_1st_17775.csv,MITDB,M2N2,MITDB,0.2561009450365638,0.2477174295812171,0.2636320403576928,0.2575523999051193,0.0083835154553466,-0.007531095321129,-0.0014514548685555,-0.0098349703239022,0.1,0.1,0.1,650000,27124,CDU-protocol-fast-v1,0.0592511115610417
178_SMD_id_1_Facility_tr_6000_1st_10609.csv,SMD,M2N2,SMD,0.1638312951952854,0.1537953957124617,0.166312077897486,0.1520130277013069,0.0100358994828236,-0.0024807827022006,0.0118182674939784,0.0017823680111548,0.1,0.1,0.1,24000,427,CDU-protocol-fast-v1,0.0454651057474009
179_SMD_id_2_Facility_tr_5925_1st_17580.csv,SMD,M2N2,SMD,0.1211528492406375,0.1171366726745031,0.1211939020404308,0.0993975859025191,0.0040161765661343,-4.1052799793314665e-05,0.0217552633381183,0.0177390867719839,0.1,0.1,0.1,23703,161,CDU-protocol-fast-v1,0.0403387902761815
180_SMD_id_3_Facility_tr_5925_1st_17580.csv,SMD,M2N2,SMD,0.1211528492406375,0.1100294495002292,0.1179911120563161,0.1043918110747535,0.0111233997404082,0.0031617371843213,0.0167610381658839,0.0056376384254756,0.1,0.1,0.1,23703,161,CDU-protocol-fast-v1,0.4943675924356667
181_SMD_id_4_Facility_tr_5000_1st_15144.csv,SMD,M2N2,SMD,0.2709547640029155,0.2117561266938344,0.2259322307059721,0.2032358026873395,0.0591986373090811,0.0450225332969433,0.0677189613155759,0.0085203240064948,0.1,0.1,0.1,20000,908,CDU-protocol-fast-v1,0.4451163439690931
183_SMD_id_6_Facility_tr_5925_1st_17580.csv,SMD,M2N2,SMD,0.1211528492406375,0.1188709987924464,0.1191694167074947,0.0937528707212114,0.002281850448191,0.0019834325331427,0.027399978519426,0.0251181280712349,0.1,0.1,0.1,23703,161,CDU-protocol-fast-v1,0.1209810514213503
184_SMD_id_7_Facility_tr_7119_1st_15849.csv,SMD,M2N2,SMD,0.4618409014875731,0.3905077706318494,0.4214799083434112,0.3837177531396114,0.0713331308557237,0.0403609931441618,0.0781231483479617,0.006790017492238,0.1,0.1,0.1,28479,2694,CDU-protocol-fast-v1,0.3971181142080992
185_SMD_id_8_Facility_tr_5000_1st_15144.csv,SMD,M2N2,SMD,0.2709547640029155,0.2062684251945096,0.2382447084057214,0.2059277489365459,0.0646863388084059,0.032710055597194,0.0650270150663695,0.0003406762579636,0.1,0.1,0.1,20000,908,CDU-protocol-fast-v1,0.3666533780385159
187_SMD_id_10_Facility_tr_5000_1st_15849.csv,SMD,M2N2,SMD,0.5196700438303502,0.4536615152933103,0.5342671613765834,0.4787226790815304,0.0660085285370399,-0.0145971175462331,0.0409473647488197,-0.0250611637882201,0.1,0.1,0.1,20000,2190,CDU-protocol-fast-v1,0.2219014718837182
188_SMD_id_11_Facility_tr_500_1st_392.csv,SMD,M2N2,SMD,0.2285381802882731,0.1818046186838234,0.2317548480079313,0.1930582764725887,0.0467335616044497,-0.0032166677196582,0.0354799038156843,-0.0112536577887653,0.1,0.1,0.1,23703,817,CDU-protocol-fast-v1,0.1437274132303343
189_SMD_id_12_Facility_tr_5925_1st_17580.csv,SMD,M2N2,SMD,0.1211528492406375,0.1190850138092801,0.1167178750712326,0.110351366770047,0.0020678354313573,0.0044349741694049,0.0108014824705904,0.008733647039233,0.1,0.1,0.1,23703,161,CDU-protocol-fast-v1,0.3695641118270819
190_SMD_id_13_Facility_tr_7119_1st_15849.csv,SMD,M2N2,SMD,0.4618409014875731,0.3919164966075203,0.4263667504630758,0.3862681473098147,0.0699244048800528,0.0354741510244972,0.0755727541777583,0.0056483492977055,0.1,0.1,0.1,28479,2694,CDU-protocol-fast-v1,0.4180071805675467
191_SMD_id_14_Facility_tr_4596_1st_4696.csv,SMD,M2N2,SMD,0.119753404460246,0.1130077511720168,0.1182526248831136,0.1086461832956949,0.0067456532882292,0.0015007795771323,0.011107221164551,0.0043615678763218,0.1,0.1,0.1,22700,146,CDU-protocol-fast-v1,0.0803816071117177
192_SMD_id_15_Facility_tr_5925_1st_17580.csv,SMD,M2N2,SMD,0.1211528492406375,0.1188449945822097,0.1149094412085489,0.0964145254602632,0.0023078546584277,0.0062434080320885,0.0247383237803742,0.0224304691219464,0.1,0.1,0.1,23703,161,CDU-protocol-fast-v1,0.6620406277762337
194_SMD_id_17_Facility_tr_5925_1st_17580.csv,SMD,M2N2,SMD,0.1211528492406375,0.120780238185619,0.1142246218388699,0.1130898302893907,0.0003726110550184,0.0069282274017675,0.0080630189512467,0.0076904078962282,0.1,0.1,0.1,23703,161,CDU-protocol-fast-v1,0.5620542821861007
195_SMD_id_18_Facility_tr_5925_1st_17580.csv,SMD,M2N2,SMD,0.1211528492406375,0.1199466435746843,0.1173181496315114,0.0934614260046473,0.0012062056659531,0.003834699609126,0.0276914232359901,0.0264852175700369,0.1,0.1,0.1,23703,161,CDU-protocol-fast-v1,0.2683829757230336
196_SMD_id_19_Facility_tr_7174_1st_21230.csv,SMD,M2N2,SMD,0.1207587804090861,0.1132244898334223,0.1216534018210784,0.1039372900112006,0.0075342905756637,-0.0008946214119922,0.0168214903978854,0.0092871998222216,0.1,0.1,0.1,28696,192,CDU-protocol-fast-v1,0.0297673555888101
197_SMD_id_20_Facility_tr_5000_1st_15144.csv,SMD,M2N2,SMD,0.2709547640029155,0.2110341991262148,0.2287106972190165,0.2006916869985941,0.0599205648767007,0.042244066783899,0.0702630770043213,0.0103425121276206,0.1,0.1,0.1,20000,908,CDU-protocol-fast-v1,0.4494789420781006
198_SMD_id_21_Facility_tr_5925_1st_17580.csv,SMD,M2N2,SMD,0.1211528492406375,0.1026275190672519,0.1160255670896792,0.1027581611288001,0.0185253301733856,0.0051272821509582,0.0183946881118373,-0.0001306420615482,0.1,0.1,0.1,23703,161,CDU-protocol-fast-v1,0.3988593348442705
199_SMD_id_22_Facility_tr_5925_1st_17580.csv,SMD,M2N2,SMD,0.1211528492406375,0.1183540435536104,0.1172325641583669,0.1046365061204771,0.0027988056870271,0.0039202850822705,0.0165163431201603,0.0137175374331332,0.1,0.1,0.1,23703,161,CDU-protocol-fast-v1,0.3516702621752022
201_SMD_id_24_Facility_tr_7174_1st_21230.csv,SMD,M2N2,SMD,0.1215700670490047,0.1156505215331957,0.1224690397377247,0.1040448926589948,0.0059195455158089,-0.00089897268872,0.0175251743900098,0.0116056288742008,0.1,0.1,0.1,28696,198,CDU-protocol-fast-v1,0.0216083186697102
202_SMD_id_25_Facility_tr_6250_1st_21230.csv,SMD,M2N2,SMD,0.1050411077560964,0.1013703232409772,0.1050739049262661,0.0977854185556276,0.0036707845151192,-3.279717016971273e-05,0.0072556892004687,0.0035849046853495,0.1,0.1,0.1,25000,66,CDU-protocol-fast-v1,0.0691270831681432
203_SMD_id_26_Facility_tr_7174_1st_21230.csv,SMD,M2N2,SMD,0.1215700670490047,0.1200077187712047,0.1213399677737751,0.1091692591402675,0.0015623482777999,0.0002300992752295,0.0124008079087371,0.0108384596309372,0.1,0.1,0.1,28696,198,CDU-protocol-fast-v1,0.1699188751117498
204_SMD_id_27_Facility_tr_5000_1st_15144.csv,SMD,M2N2,SMD,0.2709547640029155,0.2069648302629172,0.2409095270006254,0.2086243068814097,0.0639899337399983,0.0300452370022901,0.0623304571215058,-0.0016594766184925,0.1,0.1,0.1,20000,908,CDU-protocol-fast-v1,0.2949495254165762
205_SMD_id_28_Facility_tr_5925_1st_17580.csv,SMD,M2N2,SMD,0.1211528492406375,0.1193331199463451,0.1186530679317745,0.0935199298015917,0.0018197292942924,0.0024997813088629,0.0276329194390457,0.0258131901447533,0.1,0.1,0.1,23703,161,CDU-protocol-fast-v1,0.1820745936681423
206_SMD_id_29_Facility_tr_6250_1st_21230.csv,SMD,M2N2,SMD,0.1050411077560964,0.0999328127973178,0.1052208833955076,0.0971297928400989,0.0051082949587785,-0.0001797756394112,0.0079113149159974,0.0028030199572188,0.1,0.1,0.1,25000,66,CDU-protocol-fast-v1,0.0679719721251187
207_SMD_id_30_Facility_tr_7174_1st_21230.csv,SMD,M2N2,SMD,0.1215700670490047,0.1169352311823476,0.1204303541769998,0.102259363321207,0.004634835866657,0.0011397128720048,0.0193107037277976,0.0146758678611405,0.1,0.1,0.1,28696,198,CDU-protocol-fast-v1,0.1078567425846861
208_SMD_id_31_Facility_tr_5000_1st_15144.csv,SMD,M2N2,SMD,0.2709547640029155,0.206706762159856,0.2358205944201894,0.2062767103883712,0.0642480018430595,0.035134169582726,0.0646780536145442,0.0004300517714847,0.1,0.1,0.1,20000,908,CDU-protocol-fast-v1,0.4100812495546506
209_SMD_id_32_Facility_tr_5925_1st_17580.csv,SMD,M2N2,SMD,0.1211528492406375,0.1135918212557138,0.116950416880171,0.1160437545629094,0.0075610279849236,0.0042024323604664,0.005109094677728,-0.0024519333071956,0.1,0.1,0.1,23703,161,CDU-protocol-fast-v1,0.1388652029129371
211_SMD_id_34_Facility_tr_5925_1st_17580.csv,SMD,M2N2,SMD,0.1211528492406375,0.1167572483688051,0.1142177762827689,0.1123354186611928,0.0043956008718323,0.0069350729578685,0.0088174305794446,0.0044218297076122,0.1,0.1,0.1,23703,161,CDU-protocol-fast-v1,0.7472529405669812
212_SMD_id_35_Facility_tr_5925_1st_17580.csv,SMD,M2N2,SMD,0.1211528492406375,0.1120833026663713,0.1155692451816526,0.1065901569294599,0.0090695465742662,0.0055836040589848,0.0145626923111775,0.0054931457369113,0.1,0.1,0.1,23703,161,CDU-protocol-fast-v1,0.4881884282625174
213_SMD_id_36_Facility_tr_5925_1st_17580.csv,SMD,M2N2,SMD,0.1211528492406375,0.1163881516323721,0.1140372653809627,0.1034668328813417,0.0047646976082654,0.0071155838596747,0.0176860163592957,0.0129213187510303,0.1,0.1,0.1,23703,161,CDU-protocol-fast-v1,0.7596520617983007
214_SMD_id_37_Facility_tr_5925_1st_17580.csv,SMD,M2N2,SMD,0.1211528492406375,0.1171415301151051,0.1211948551253876,0.0994102552547854,0.0040113191255324,-4.200588475014588e-05,0.021742593985852,0.0177312748603196,0.1,0.1,0.1,23703,161,CDU-protocol-fast-v1,0.040326159515616
215_SMD_id_38_Facility_tr_5925_1st_17580.csv,SMD,M2N2,SMD,0.1211528492406375,0.112376640965352,0.114877857486827,0.1045271227759694,0.0087762082752854,0.0062749917538104,0.0166257264646681,0.0078495181893826,0.1,0.1,0.1,23703,161,CDU-protocol-fast-v1,0.4649286450449678
216_LTDB_id_1_Medical_tr_500_1st_266.csv,LTDB,M2N2,LTDB,0.6891010258760193,0.8135599863558549,0.7827273422755409,0.8598495409350183,-0.1244589604798356,-0.0936263163995215,-0.170748515058999,-0.0462895545791633,0.1,0.1,0.1,100000,14857,CDU-protocol-fast-v1,0.1746589112575692
218_LTDB_id_3_Medical_tr_500_1st_266.csv,LTDB,M2N2,LTDB,0.6891010258760193,0.8116671806914406,0.776847363220572,0.846949237392287,-0.1225661548154213,-0.0877463373445527,-0.1578482115162677,-0.0352820567008463,0.1,0.1,0.1,100000,14857,CDU-protocol-fast-v1,0.1822522246628791
219_LTDB_id_4_Medical_tr_3618_1st_3718.csv,LTDB,M2N2,LTDB,0.6859997535145896,0.5360155259800385,0.6644686877706143,0.547594247016359,0.1499842275345511,0.0215310657439753,0.1384055064982307,-0.0115787210363204,0.1,0.1,0.1,100000,14781,CDU-protocol-fast-v1,0.3232707215860139
220_LTDB_id_5_Medical_tr_500_1st_26.csv,LTDB,M2N2,LTDB,1.370891270807115,1.255518898174517,1.4226026364208164,1.3126194400022924,0.1153723726325981,-0.0517113656137013,0.0582718308048226,-0.0571005418277754,0.1,0.1,0.1,100000,31565,CDU-protocol-fast-v1,0.4728522700256429
221_LTDB_id_6_Medical_tr_500_1st_26.csv,LTDB,M2N2,LTDB,1.370891270807115,1.3280117005197238,1.4425791463694844,1.3897211403206329,0.0428795702873912,-0.0716878755623693,-0.0188298695135176,-0.0617094398009088,0.1,0.1,0.1,100000,31565,CDU-protocol-fast-v1,0.4380053686761803
222_LTDB_id_7_Medical_tr_3618_1st_3718.csv,LTDB,M2N2,LTDB,0.6859997535145896,0.54009858408009,0.6795992620570541,0.554708848413976,0.1459011694344996,0.0064004914575355,0.1312909051006136,-0.014610264333886,0.1,0.1,0.1,100000,14781,CDU-protocol-fast-v1,0.3644729513157611
223_LTDB_id_8_Medical_tr_4456_1st_4556.csv,LTDB,M2N2,LTDB,0.7422307181731396,0.6884882427890551,0.7912604069506962,0.7322363687263945,0.0537424753840845,-0.0490296887775566,0.009994349446745,-0.0437481259373394,0.1,0.1,0.1,100000,16159,CDU-protocol-fast-v1,0.2168194868151325
224_LTDB_id_9_Medical_tr_4456_1st_4556.csv,LTDB,M2N2,LTDB,0.7422307181731396,0.6489258264292193,0.7804515296364088,0.6862235123760436,0.0933048917439203,-0.0382208114632692,0.0560072057970959,-0.0372976859468243,0.1,0.1,0.1,100000,16159,CDU-protocol-fast-v1,0.2497127561095292
225_MGAB_id_1_Synthetic_tr_25000_1st_38478.csv,MGAB,M2N2,MGAB,0.1039169459995007,0.0979115798404858,0.1058478350685106,0.0992370954894603,0.0060053661590148,-0.0019308890690099,0.0046798505100403,-0.0013255156489745,0.1,0.1,0.1,100000,200,CDU-protocol-fast-v1,0.0043682891696896
226_MGAB_id_2_Synthetic_tr_20000_1st_45134.csv,MGAB,M2N2,MGAB,0.1029523934361121,0.0978226278592649,0.1052832486456659,0.0989303057944947,0.0051297655768471,-0.0023308552095538,0.0040220876416173,-0.0011076779352298,0.1,0.1,0.1,80000,140,CDU-protocol-fast-v1,0.0035748525809574
227_MGAB_id_3_Synthetic_tr_25000_1st_44340.csv,MGAB,M2N2,MGAB,0.1039169459995007,0.0979524953332422,0.1068498842013993,0.0996242126760123,0.0059644506662585,-0.0029329382018986,0.0042927333234883,-0.0016717173427701,0.1,0.1,0.1,100000,200,CDU-protocol-fast-v1,0.003161250006818
228_MGAB_id_4_Synthetic_tr_25000_1st_38948.csv,MGAB,M2N2,MGAB,0.1039169459995007,0.0986708666196153,0.1059394359958195,0.1012332565197133,0.0052460793798854,-0.0020224899963188,0.0026836894797873,-0.002562389900098,0.1,0.1,0.1,100000,200,CDU-protocol-fast-v1,0.0043321743199605
229_MGAB_id_5_Synthetic_tr_25000_1st_33098.csv,MGAB,M2N2,MGAB,0.1039169459995007,0.0981966680969096,0.106272789318157,0.099221391329826,0.005720277902591,-0.0023558433186563,0.0046955546696746,-0.0010247232329164,0.1,0.1,0.1,100000,200,CDU-protocol-fast-v1,0.0040237092322904
231_MGAB_id_7_Synthetic_tr_25000_1st_35544.csv,MGAB,M2N2,MGAB,0.1039169459995007,0.0978956366509571,0.106228712575541,0.0987379247820355,0.0060213093485435,-0.0023117665760403,0.0051790212174651,-0.0008422881310784,0.1,0.1,0.1,100000,200,CDU-protocol-fast-v1,0.0040370173561626
232_MGAB_id_8_Synthetic_tr_25000_1st_32708.csv,MGAB,M2N2,MGAB,0.1039169459995007,0.098360244024226,0.1061586370547335,0.0995245549822665,0.0055567019752747,-0.0022416910552328,0.0043923910172341,-0.0011643109580405,0.1,0.1,0.1,100000,200,CDU-protocol-fast-v1,0.0040306961888345
233_MGAB_id_9_Synthetic_tr_25000_1st_41300.csv,MGAB,M2N2,MGAB,0.1039169459995007,0.0983871495209075,0.1061542283883063,0.0995885445082759,0.0055297964785931,-0.0022372823888056,0.0043284014912248,-0.0012013949873683,0.1,0.1,0.1,100000,200,CDU-protocol-fast-v1,0.0066461628931115
234_SED_id_1_Medical_tr_3740_1st_3840.csv,SED,M2N2,SED,0.2807100157311135,0.3622889568139242,0.3363952745147031,0.3834046916851175,-0.0815789410828107,-0.0556852587835896,-0.102694675954004,-0.0211157348711932,0.1,0.1,0.1,19999,960,CDU-protocol-fast-v1,0.0610266056431255
236_SED_id_3_Medical_tr_3740_1st_3840.csv,SED,M2N2,SED,0.2369935222269394,0.3042156069040745,0.2779512261815371,0.3172289870802902,-0.0672220846771351,-0.0409577039545977,-0.0802354648533507,-0.0130133801762156,0.1,0.1,0.1,39999,1472,CDU-protocol-fast-v1,0.0500849279795036
237_SVDB_id_1_Medical_tr_11587_1st_11687.csv,SVDB,M2N2,SVDB,0.388165207582728,0.285981930812124,0.375677004692337,0.2901845559116294,0.102183276770604,0.0124882028903909,0.0979806516710986,-0.0042026250995054,0.1,0.1,0.1,130400,9852,CDU-protocol-fast-v1,0.1779441325010798
238_SVDB_id_2_Medical_tr_25000_1st_71963.csv,SVDB,M2N2,SVDB,0.1200336852038119,0.1106797733902398,0.1206199110466686,0.1151447768923859,0.0093539118135721,-0.0005862258428567,0.0048889083114259,-0.0044650035021461,0.1,0.1,0.1,100000,676,CDU-protocol-fast-v1,0.0255152420152594
239_SVDB_id_3_Medical_tr_50000_1st_106634.csv,SVDB,M2N2,SVDB,0.1529458823630081,0.1454441598335838,0.1541644762194182,0.1483096355917244,0.0075017225294242,-0.0012185938564101,0.0046362467712836,-0.0028654757581406,0.1,0.1,0.1,230400,3503,CDU-protocol-fast-v1,0.0424979912970799
240_SVDB_id_4_Medical_tr_18462_1st_18562.csv,SVDB,M2N2,SVDB,0.273147030425738,0.2512344580954489,0.2683625714174336,0.250668682384739,0.021912572330289,0.0047844590083044,0.0224783480409989,0.0005657757107098,0.1,0.1,0.1,130400,6004,CDU-protocol-fast-v1,0.1362811145702804
241_SVDB_id_5_Medical_tr_11587_1st_11687.csv,SVDB,M2N2,SVDB,0.388165207582728,0.3260048650495591,0.3731293590197602,0.3229092393866693,0.0621603425331688,0.0150358485629678,0.0652559681960586,0.0030956256628897,0.1,0.1,0.1,130400,9852,CDU-protocol-fast-v1,0.1421921031538197
243_SVDB_id_7_Medical_tr_11393_1st_11493.csv,SVDB,M2N2,SVDB,0.213533155492278,0.210862519827718,0.2245192332889846,0.2176089652402422,0.0026706356645599,-0.0109860777967066,-0.0040758097479642,-0.0067464454125241,0.1,0.1,0.1,180400,5547,CDU-protocol-fast-v1,0.0400841372530596
244_SVDB_id_8_Medical_tr_17803_1st_17903.csv,SVDB,M2N2,SVDB,0.211483179210855,0.1833569314321821,0.2128634543095884,0.1866644267643448,0.0281262477786728,-0.0013802750987333,0.0248187524465101,-0.0033074953321627,0.1,0.1,0.1,130400,3941,CDU-protocol-fast-v1,0.0974638478847119
245_SVDB_id_9_Medical_tr_12607_1st_12707.csv,SVDB,M2N2,SVDB,0.4154187379111702,0.3297470153080774,0.4001404812841871,0.3297917948300882,0.0856717226030928,0.015278256626983,0.0856269430810819,-4.477952201087376e-05,0.1,0.1,0.1,180400,14891,CDU-protocol-fast-v1,0.2367641293606333
246_SVDB_id_10_Medical_tr_20100_1st_68460.csv,SVDB,M2N2,SVDB,0.119621420445735,0.114088665285106,0.1182025733933404,0.1166143694858914,0.0055327551606289,0.0014188470523945,0.0030070509598435,-0.0025257042007854,0.1,0.1,0.1,80400,535,CDU-protocol-fast-v1,0.0593348562333432
247_SVDB_id_11_Medical_tr_20100_1st_23611.csv,SVDB,M2N2,SVDB,0.139497778725546,0.1302767391436085,0.1421016369067383,0.13589277813525,0.0092210395819375,-0.0026038581811923,0.0036050005902959,-0.0056160389916415,0.1,0.1,0.1,80400,945,CDU-protocol-fast-v1,0.032141245232102
248_SVDB_id_12_Medical_tr_18462_1st_18562.csv,SVDB,M2N2,SVDB,0.273147030425738,0.2433546891235372,0.2718405094205878,0.246183627106034,0.0297923413022008,0.0013065210051501,0.0269634033197039,-0.0028289379824968,0.1,0.1,0.1,130400,6004,CDU-protocol-fast-v1,0.0913085734073252
249_SVDB_id_13_Medical_tr_50000_1st_54982.csv,SVDB,M2N2,SVDB,0.2388002868865439,0.216361872411146,0.2444925950295462,0.2202892332656245,0.0224384144753979,-0.0056923081430023,0.0185110536209193,-0.0039273608544785,0.1,0.1,0.1,230400,8578,CDU-protocol-fast-v1,0.0604263653339791
250_SVDB_id_14_Medical_tr_50000_1st_107354.csv,SVDB,M2N2,SVDB,0.2031220722776498,0.1857485190772914,0.2023638458120631,0.1887295564470825,0.0173735532003584,0.0007582264655866,0.0143925158305672,-0.0029810373697911,0.1,0.1,0.1,230400,6469,CDU-protocol-fast-v1,0.0422463958512608
251_SVDB_id_15_Medical_tr_5421_1st_5521.csv,SVDB,M2N2,SVDB,0.3103766387169045,0.247370481310884,0.3123491654353185,0.2567790186616383,0.0630061574060205,-0.001972526718414,0.0535976200552661,-0.0094085373507543,0.1,0.1,0.1,230400,12809,CDU-protocol-fast-v1,0.1314588984751108
253_SVDB_id_17_Medical_tr_17803_1st_17903.csv,SVDB,M2N2,SVDB,0.211483179210855,0.1771340492479634,0.221665649948592,0.1869458231522388,0.0343491299628916,-0.010182470737737,0.0245373560586162,-0.0098117739042754,0.1,0.1,0.1,130400,3941,CDU-protocol-fast-v1,0.0402447811922988
254_SVDB_id_18_Medical_tr_30824_1st_30924.csv,SVDB,M2N2,SVDB,0.2264338692103459,0.2070460778166376,0.2319379514229711,0.2140043886663561,0.0193877913937082,-0.0055040822126252,0.0124294805439897,-0.0069583108497185,0.1,0.1,0.1,230400,7847,CDU-protocol-fast-v1,0.0520032834783472
255_SVDB_id_19_Medical_tr_50000_1st_54982.csv,SVDB,M2N2,SVDB,0.2388002868865439,0.2268156172329392,0.249281158132298,0.2335395708763741,0.0119846696536047,-0.0104808712457541,0.0052607160101698,-0.0067239536434348,0.1,0.1,0.1,230400,8578,CDU-protocol-fast-v1,0.053562771570916
256_SVDB_id_20_Medical_tr_6264_1st_6364.csv,SVDB,M2N2,SVDB,0.2199546107014761,0.2250920153077216,0.2307993278967009,0.2314559703831211,-0.0051374046062455,-0.0108447171952248,-0.011501359681645,-0.0063639550753995,0.1,0.1,0.1,230400,7464,CDU-protocol-fast-v1,0.0427279660385751
257_TAO_id_1_Environment_tr_500_1st_3.csv,TAO,M2N2,TAO,0.468621312894117,0.430256857375221,0.3571905059687965,0.378176863241682,0.038364455518896,0.1114308069253204,0.090444449652435,0.052079994133539,0.1,0.1,0.1,10000,954,CDU-protocol-fast-v1,0.9997506548512172
258_TAO_id_2_Environment_tr_500_1st_4.csv,TAO,M2N2,TAO,0.6385037656405279,0.5969515644455765,0.4863604609130467,0.5201616665334649,0.0415522011949514,0.1521433047274812,0.118342099107063,0.0767898979121116,0.1,0.1,0.1,10000,1380,CDU-protocol-fast-v1,0.9998968900047864
260_IOPS_id_1_WebService_tr_5000_1st_11804.csv,IOPS,M2N2,IOPS,0.0979723308130136,0.1037534639417617,0.0983992097746977,0.1109696955737774,-0.0057811331287481,-0.0004268789616841,-0.0129973647607638,-0.0072162316320157,0.1,0.1,0.1,20000,14,CDU-protocol-fast-v1,0.2311415768641958
261_IOPS_id_2_WebService_tr_2178_1st_2278.csv,IOPS,M2N2,IOPS,0.097906725345047,0.0929611708911408,0.0990526390903437,0.0933628256343664,0.0049455544539062,-0.0011459137452967,0.0045438997106805,-0.0004016547432256,0.1,0.1,0.1,8784,6,CDU-protocol-fast-v1,0.1310794714835996
262_IOPS_id_3_WebService_tr_7028_1st_7128.csv,IOPS,M2N2,IOPS,0.1789482131720608,0.156210492951902,0.1616229079830844,0.1520829136104087,0.0227377202201587,0.0173253051889763,0.026865299561652,0.0041275793414932,0.1,0.1,0.1,125135,2704,CDU-protocol-fast-v1,0.2859433640155536
263_IOPS_id_4_WebService_tr_3482_1st_3582.csv,IOPS,M2N2,IOPS,0.1157782507106415,0.1117566293448858,0.1124818717692603,0.1141466058598137,0.0040216213657557,0.0032963789413811,0.0016316448508277,-0.0023899765149279,0.1,0.1,0.1,149123,790,CDU-protocol-fast-v1,0.2807730093549149
264_IOPS_id_5_WebService_tr_11665_1st_11765.csv,IOPS,M2N2,IOPS,0.1534184746192168,0.1631623585719787,0.1569169883533383,0.1761428399486955,-0.0097438839527619,-0.0034985137341215,-0.0227243653294787,-0.0129804813767168,0.1,0.1,0.1,60000,901,CDU-protocol-fast-v1,0.0587769829397599
266_IOPS_id_7_WebService_tr_4010_1st_4110.csv,IOPS,M2N2,IOPS,0.1585090970453211,0.1445908611305169,0.1629990433188053,0.1528079060293228,0.0139182359148042,-0.0044899462734842,0.0057011910159982,-0.0082170448988059,0.1,0.1,0.1,89155,1456,CDU-protocol-fast-v1,0.0397949876536407
267_IOPS_id_8_WebService_tr_1534_1st_1882.csv,IOPS,M2N2,IOPS,0.1287022791406064,0.1255397389426583,0.1263700355351239,0.1174354191289812,0.003162540197948,0.0023322436054824,0.0112668600116251,0.008104319813677,0.1,0.1,0.1,6138,53,CDU-protocol-fast-v1,0.2172404034161271
268_IOPS_id_9_WebService_tr_6216_1st_6316.csv,IOPS,M2N2,IOPS,0.2809736274044396,0.244889539856972,0.2665793065112219,0.2453745678001365,0.0360840875474675,0.0143943208932176,0.035599059604303,-0.0004850279431645,0.1,0.1,0.1,29133,1397,CDU-protocol-fast-v1,0.1997098134782046
269_IOPS_id_10_WebService_tr_1216_1st_1728.csv,IOPS,M2N2,IOPS,0.1342603379941231,0.1153162438858632,0.1255435572771971,0.1157641161284982,0.0189440941082598,0.0087167807169259,0.0184962218656248,-0.000447872242635,0.1,0.1,0.1,4866,49,CDU-protocol-fast-v1,0.4526751640476792
271_IOPS_id_12_WebService_tr_500_1st_341.csv,IOPS,M2N2,IOPS,0.1464053911806096,0.1525055190611706,0.1386902953979572,0.1528077979729227,-0.0061001278805609,0.0077150957826523,-0.0064024067923131,-0.0003022789117521,0.1,0.1,0.1,8784,116,CDU-protocol-fast-v1,0.1731770798538272
272_IOPS_id_13_WebService_tr_3442_1st_3542.csv,IOPS,M2N2,IOPS,0.1116972028972023,0.1090794746046213,0.1087644002188605,0.1132460994425682,0.002617728292581,0.0029328026783417,-0.0015488965453659,-0.0041666248379469,0.1,0.1,0.1,149156,633,CDU-protocol-fast-v1,0.595896656588845
273_IOPS_id_14_WebService_tr_5569_1st_5669.csv,IOPS,M2N2,IOPS,0.115025230957413,0.1161877990007938,0.1150119430839099,0.1168361128286615,-0.0011625680433808,1.3287873503103896e-05,-0.0018108818712485,-0.0006483138278677,0.1,0.1,0.1,149122,761,CDU-protocol-fast-v1,0.0577065295956161
274_IOPS_id_15_WebService_tr_4591_1st_4691.csv,IOPS,M2N2,IOPS,0.2712546201996806,0.2337061163941324,0.2590601430037854,0.2368992692118128,0.0375485038055481,0.0121944771958952,0.0343553509878677,-0.0031931528176804,0.1,0.1,0.1,149132,6777,CDU-protocol-fast-v1,0.2311072691744307
275_IOPS_id_16_WebService_tr_1482_1st_1582.csv,IOPS,M2N2,IOPS,0.1265650278842431,0.1315398594882176,0.1223584080981718,0.1240735408574724,-0.0049748316039744,0.0042066197860712,0.0024914870267706,0.0074663186307451,0.1,0.1,0.1,8784,71,CDU-protocol-fast-v1,0.1300682198658746
276_IOPS_id_17_WebService_tr_19197_1st_19297.csv,IOPS,M2N2,IOPS,0.2044485280550822,0.2008358287702317,0.174713000454263,0.186655187152374,0.0036126992848505,0.0297355276008191,0.0177933409027081,0.0141806416178576,0.1,0.1,0.1,91370,2576,CDU-protocol-fast-v1,0.647504263136824
277_NEK_id_1_WebService_tr_500_1st_17.csv,NEK,M2N2,NEK,0.4143751117544829,0.3169886044543096,0.3608161431967005,0.314500831968698,0.0973865073001732,0.0535589685577823,0.0998742797857848,0.0024877724856116,0.1,0.1,0.1,1073,88,CDU-protocol-fast-v1,0.7550480751033978
278_NEK_id_2_WebService_tr_500_1st_64.csv,NEK,M2N2,NEK,0.329735165526574,0.3158793864036325,0.3095290366995176,0.314941526893773,0.0138557791229415,0.0202061288270564,0.0147936386328009,0.0009378595098594,0.1,0.1,0.1,1073,65,CDU-protocol-fast-v1,0.3357062308476577
279_NEK_id_3_WebService_tr_500_1st_974.csv,NEK,M2N2,NEK,0.4254151047407318,0.3412269868998816,0.3289044563729112,0.2737262220118148,0.0841881178408501,0.0965106483678205,0.151688882728917,0.0675007648880668,0.1,0.1,0.1,1073,91,CDU-protocol-fast-v1,0.8979814980591081
281_NEK_id_5_WebService_tr_500_1st_974.csv,NEK,M2N2,NEK,0.4143751117544828,0.339140602898704,0.3140127682184704,0.2717908033987406,0.0752345088557788,0.1003623435360124,0.1425843083557422,0.0673497994999633,0.1,0.1,0.1,1073,88,CDU-protocol-fast-v1,0.8960945580498659
282_NEK_id_6_WebService_tr_500_1st_64.csv,NEK,M2N2,NEK,0.3223751702024081,0.3029530015469098,0.2948320334494951,0.3003236746248251,0.0194221686554982,0.0275431367529129,0.0220514955775829,0.0026293269220846,0.1,0.1,0.1,1073,63,CDU-protocol-fast-v1,0.4562300330855847
283_NEK_id_7_WebService_tr_500_1st_777.csv,NEK,M2N2,NEK,0.5321350369411385,0.4443764273923862,0.4411992834913993,0.3852310518184201,0.0877586095487523,0.0909357534497392,0.1469039851227184,0.0591453755739661,0.1,0.1,0.1,1073,120,CDU-protocol-fast-v1,0.7930845234988453
284_NEK_id_8_WebService_tr_500_1st_976.csv,NEK,M2N2,NEK,0.4180551094165658,0.3351338221072413,0.3213161821647228,0.2736097459482131,0.0829212873093245,0.0967389272518429,0.1444453634683526,0.0615240761590281,0.1,0.1,0.1,1073,89,CDU-protocol-fast-v1,0.8907964873737854
285_NEK_id_9_WebService_tr_500_1st_780.csv,NEK,M2N2,NEK,0.4879750649961427,0.3957686584433449,0.3956756601426321,0.3383209871427459,0.0922064065527977,0.0922994048535105,0.1496540778533968,0.057447671300599,0.1,0.1,0.1,1073,108,CDU-protocol-fast-v1,0.8383390816896167
286_CATSv2_id_1_Sensor_tr_17792_1st_17892.csv,CATSv2,M2N2,CATSv2,0.2858020924202719,0.297887201276486,0.2877025052223449,0.292775065532189,-0.0120851088562141,-0.001900412802073,-0.0069729731119171,0.0051121357442969,0.1,0.1,0.1,300000,14800,CDU-protocol-fast-v1,0.1966983235756076
287_TODS_id_1_Synthetic_tr_500_1st_11.csv,TODS,M2N2,TODS,0.2968561285603248,0.2632115387714191,0.2506441547424008,0.2415581296115538,0.0336445897889056,0.0462119738179239,0.0552979989487709,0.0216534091598652,0.1,0.1,0.1,5000,261,CDU-protocol-fast-v1,0.840059703187535
288_TODS_id_2_Synthetic_tr_500_1st_65.csv,TODS,M2N2,TODS,0.3573222301852886,0.3817251963674657,0.3815884008187912,0.3965068032581124,-0.0244029661821771,-0.0242661706335026,-0.0391845730728238,-0.0147816068906467,0.1,0.1,0.1,5000,338,CDU-protocol-fast-v1,0.6056447621040814
289_TODS_id_3_Synthetic_tr_500_1st_26.csv,TODS,M2N2,TODS,0.2685862628655366,0.2766149033540605,0.3007572128930997,0.3064652199615908,-0.0080286404885239,-0.0321709500275631,-0.0378789570960542,-0.0298503166075302,0.1,0.1,0.1,5000,225,CDU-protocol-fast-v1,0.5906071080252485
290_TODS_id_4_Synthetic_tr_500_1st_26.csv,TODS,M2N2,TODS,0.4287821684693367,0.4898865076333286,0.4742436114806249,0.516551903067255,-0.0611043391639918,-0.0454614430112881,-0.0877697345979182,-0.0266653954339263,0.1,0.1,0.1,5000,429,CDU-protocol-fast-v1,0.5359084004821053
292_TODS_id_6_Synthetic_tr_500_1st_11.csv,TODS,M2N2,TODS,0.2968561285603248,0.2798892010110749,0.3096876131182939,0.3043877773045438,0.0169669275492498,-0.0128314845579691,-0.007531648744219,-0.0244985762934689,0.1,0.1,0.1,5000,261,CDU-protocol-fast-v1,0.8043704862202367
293_TODS_id_7_Synthetic_tr_500_1st_7.csv,TODS,M2N2,TODS,0.2890033880895503,0.3003444009916962,0.2935729843018648,0.302532797198776,-0.0113410129021458,-0.0045695962123145,-0.0135294091092257,-0.0021883962070798,0.1,0.1,0.1,5000,251,CDU-protocol-fast-v1,0.21331497350846
294_TODS_id_8_Synthetic_tr_500_1st_200.csv,TODS,M2N2,TODS,0.4923893662826101,0.5751491892771025,0.5232018012368426,0.5905298360476845,-0.0827598229944923,-0.0308124349542324,-0.0981404697650744,-0.015380646770582,0.1,0.1,0.1,5000,510,CDU-protocol-fast-v1,0.2148152493470748
295_TODS_id_9_Synthetic_tr_1250_1st_2046.csv,TODS,M2N2,TODS,0.3981564806333161,0.3837574069007844,0.4501122808659871,0.4168298124090609,0.0143990737325316,-0.051955800232671,-0.0186733317757448,-0.0330724055082765,0.1,0.1,0.1,5000,390,CDU-protocol-fast-v1,0.113034086458732
296_TODS_id_10_Synthetic_tr_500_1st_26.csv,TODS,M2N2,TODS,0.2520955078769101,0.2388564062663503,0.2588650896935838,0.255103294290914,0.0132391016105598,-0.0067695818166737,-0.0030077864140039,-0.0162468880245637,0.1,0.1,0.1,5000,204,CDU-protocol-fast-v1,0.7051932973948503
297_TODS_id_11_Synthetic_tr_500_1st_7.csv,TODS,M2N2,TODS,0.2890033880895503,0.2366447118720453,0.3111698481130421,0.2671744095031997,0.0523586762175049,-0.0221664600234918,0.0218289785863505,-0.0305296976311544,0.1,0.1,0.1,5000,251,CDU-protocol-fast-v1,0.1943445319202664
298_TODS_id_12_Synthetic_tr_500_1st_0.csv,TODS,M2N2,TODS,0.3463283935262043,0.3565012412689944,0.3491986558747434,0.3544815392521508,-0.01017284774279,-0.002870262348539,-0.0081531457259465,0.0020197020168435,0.1,0.1,0.1,5000,324,CDU-protocol-fast-v1,0.5328058683728356
299_TODS_id_13_Synthetic_tr_500_1st_65.csv,TODS,M2N2,TODS,0.302353046889867,0.2899726326073493,0.2843589296377404,0.2905143728898369,0.0123804142825177,0.0179941172521266,0.0118386740000301,-0.0005417402824876,0.1,0.1,0.1,5000,268,CDU-protocol-fast-v1,0.6761177703442122
301_TODS_id_15_Synthetic_tr_500_1st_245.csv,TODS,M2N2,TODS,0.4138619615748651,0.4705356245807724,0.4672578253333238,0.5021778997284866,-0.0566736630059073,-0.0533958637584587,-0.0883159381536214,-0.0316422751477141,0.1,0.1,0.1,5000,410,CDU-protocol-fast-v1,0.1510729606075412
302_Power_id_1_Facility_tr_7685_1st_7785.csv,Power,M2N2,Power,0.4286798769583611,0.5020106680322937,0.4714347316492498,0.5242898424325018,-0.0733307910739325,-0.0427548546908888,-0.0956099654741406,-0.0222791744002081,0.1,0.1,0.1,35040,3000,CDU-protocol-fast-v1,0.081753377572748
304_UCR_id_2_Medical_tr_2499_1st_7000.csv,UCR,M2N2,UCR,0.1152252656406595,0.1110899096162959,0.1149308939703839,0.1105564303327392,0.0041353560243636,0.0002943716702755,0.0046688353079202,0.0005334792835566,0.1,0.1,0.1,9998,50,CDU-protocol-fast-v1,0.0182998075823155
307_UCR_id_5_Facility_tr_29895_1st_39240.csv,UCR,M2N2,UCR,0.0990086732006021,0.0966392657136543,0.1005379938533233,0.098374709186275,0.0023694074869477,-0.0015293206527212,0.000633964014327,-0.0017354434726207,0.1,0.1,0.1,119580,96,CDU-protocol-fast-v1,0.0017046431251625
309_UCR_id_7_Medical_tr_3000_1st_5948.csv,UCR,M2N2,UCR,0.1103929549020575,0.1109068424328983,0.1108365838843813,0.1133708421065395,-0.0005138875308408,-0.0004436289823238,-0.002977887204482,-0.0024639996736412,0.1,0.1,0.1,12000,45,CDU-protocol-fast-v1,0.0195254768748839
310_UCR_id_8_HumanActivity_tr_2631_1st_8285.csv,UCR,M2N2,UCR,0.1069188953942699,0.1127515648017287,0.1090004709196423,0.1208555330220869,-0.0058326694074588,-0.0020815755253724,-0.013936637627817,-0.0081039682203582,0.1,0.1,0.1,10524,30,CDU-protocol-fast-v1,0.0044059566662398
311_UCR_id_9_HumanActivity_tr_16000_1st_38400.csv,UCR,M2N2,UCR,0.1441920853589638,0.1515141701194055,0.1465337152344761,0.1547463390821577,-0.0073220847604416,-0.0023416298755123,-0.0105542537231939,-0.0032321689627522,0.1,0.1,0.1,64000,800,CDU-protocol-fast-v1,0.0174651008670756
313_UCR_id_11_Sensor_tr_2827_1st_4711.csv,UCR,M2N2,UCR,0.1293839363336781,0.134219822392986,0.1355707616945985,0.1397562055576512,-0.0048358860593079,-0.0061868253609204,-0.0103722692239731,-0.0055363831646652,0.1,0.1,0.1,11308,98,CDU-protocol-fast-v1,0.0131605907103911
315_UCR_id_13_HumanActivity_tr_16000_1st_33070.csv,UCR,M2N2,UCR,0.1025467281888471,0.0990009677212396,0.1037525516272158,0.1033070005031046,0.0035457604676074,-0.0012058234383687,-0.0007602723142575,-0.004306032781865,0.1,0.1,0.1,64000,110,CDU-protocol-fast-v1,0.0037603992971684
316_UCR_id_14_Sensor_tr_2833_1st_5988.csv,UCR,M2N2,UCR,0.1289663307076008,0.1296935736331781,0.1344367917206919,0.133078436153951,-0.0007272429255772,-0.0054704610130911,-0.0041121054463502,-0.0033848625207729,0.1,0.1,0.1,11334,97,CDU-protocol-fast-v1,0.0140894234902632
319_UCR_id_17_Environment_tr_6166_1st_19280.csv,UCR,M2N2,UCR,0.1209630007443481,0.1116901804703351,0.1210120222971182,0.1191322761681933,0.0092728202740129,-4.902155277011766e-05,0.0018307245761547,-0.0074420956978582,0.1,0.1,0.1,24667,160,CDU-protocol-fast-v1,0.0240260236368686
326_UCR_id_24_Medical_tr_1875_1st_4187.csv,UCR,M2N2,UCR,0.1020872017589439,0.1001795176066661,0.104177328983029,0.0886479182964987,0.0019076841522777,-0.0020901272240851,0.0134392834624451,0.0115315993101673,0.1,0.1,0.1,7501,12,CDU-protocol-fast-v1,0.0051403626861322
331_UCR_id_29_Facility_tr_50000_1st_837400.csv,UCR,M2N2,UCR,0.1032039335032869,0.1004711037257508,0.105709116772548,0.0962427443754284,0.002732829777536,-0.0025051832692611,0.0069611891278584,0.0042283593503223,0.1,0.1,0.1,900000,1700,CDU-protocol-fast-v1,0.0018125668699574
332_UCR_id_30_Facility_tr_13750_1st_52600.csv,UCR,M2N2,UCR,0.1099540051558639,0.1076224595435888,0.1119321159763416,0.1099645592419112,0.002331545612275,-0.0019781108204777,-1.0554086047359634e-05,-0.0023420996983224,0.1,0.1,0.1,55000,200,CDU-protocol-fast-v1,0.0055769211735798
334_UCR_id_32_HumanActivity_tr_1671_1st_2764.csv,UCR,M2N2,UCR,0.2294050764826851,0.2760111658598515,0.2607052125805733,0.3004654577552839,-0.0466060893771664,-0.0313001360978882,-0.0710603812725987,-0.0244542918954323,0.1,0.1,0.1,6684,231,CDU-protocol-fast-v1,0.0293700764865077
339_UCR_id_37_Sensor_tr_2750_1st_5400.csv,UCR,M2N2,UCR,0.1661395726686433,0.1666742000209456,0.1753313017421421,0.1684438386110895,-0.0005346273523023,-0.0091917290734988,-0.0023042659424462,-0.0017696385901439,0.1,0.1,0.1,11000,200,CDU-protocol-fast-v1,0.0471125900197048
341_UCR_id_39_HumanActivity_tr_48812_1st_128430.csv,UCR,M2N2,UCR,0.0959273969282017,0.1009726138436852,0.0974522788581115,0.1045103119490657,-0.0050452169154835,-0.0015248819299098,-0.008582915020864,-0.0035376981053805,0.1,0.1,0.1,195250,1,CDU-protocol-fast-v1,2.844113813752116e-05
344_UCR_id_42_Sensor_tr_2851_1st_5365.csv,UCR,M2N2,UCR,0.100987515653397,0.0994930978175845,0.10315897836424,0.1026788662750259,0.0014944178358125,-0.002171462710843,-0.0016913506216288,-0.0031857684574413,0.1,0.1,0.1,11406,15,CDU-protocol-fast-v1,0.0061703533806153
346_UCR_id_44_Medical_tr_7456_1st_17390.csv,UCR,M2N2,UCR,0.1127438806164159,0.1171284058470091,0.1138786298256742,0.1187886222279645,-0.0043845252305932,-0.0011347492092583,-0.0060447416115486,-0.0016602163809554,0.1,0.1,0.1,29826,130,CDU-protocol-fast-v1,0.0066400198614185
349_UCR_id_47_Facility_tr_29954_1st_74900.csv,UCR,M2N2,UCR,0.0990024875929641,0.0976882223381206,0.1005564205269938,0.1000905006329104,0.0013142652548434,-0.0015539329340297,-0.0010880130399463,-0.0024022782947898,0.1,0.1,0.1,119819,96,CDU-protocol-fast-v1,0.0020712246592614
355_UCR_id_53_HumanActivity_tr_48750_1st_143411.csv,UCR,M2N2,UCR,0.0978885146963888,0.1027793260202971,0.0990252148008114,0.106223555098053,-0.0048908113239082,-0.0011367001044226,-0.0083350404016642,-0.0034442290777559,0.1,0.1,0.1,195000,100,CDU-protocol-fast-v1,0.0248826275924722
358_UCR_id_56_Facility_tr_10500_1st_29080.csv,UCR,M2N2,UCR,0.1014258386583884,0.0986108272087863,0.1034790780227344,0.0964016163617473,0.002815011449602,-0.0020532393643459,0.005024222296641,0.0022092108470389,0.1,0.1,0.1,42000,60,CDU-protocol-fast-v1,0.0015236585935525
361_UCR_id_59_Medical_tr_3000_1st_7175.csv,UCR,M2N2,UCR,0.1644715636331076,0.1970000379943486,0.1734619419431281,0.2023680874725996,-0.0325284743612409,-0.0089903783100205,-0.037896523839492,-0.005368049478251,0.1,0.1,0.1,12000,213,CDU-protocol-fast-v1,0.0247716566653242
364_UCR_id_62_Sensor_tr_2833_1st_5988.csv,UCR,M2N2,UCR,0.1289663307076008,0.13297061898198,0.1357246135034315,0.1379953433138155,-0.0040042882743792,-0.0067582827958307,-0.0090290126062147,-0.0050247243318355,0.1,0.1,0.1,11334,97,CDU-protocol-fast-v1,0.0132512822206939
369_UCR_id_67_Sensor_tr_2750_1st_5400.csv,UCR,M2N2,UCR,0.1661395726686433,0.166349141931808,0.1756595343553112,0.1686260762350364,-0.0002095692631647,-0.0095199616866679,-0.0024865035663931,-0.0022769343032284,0.1,0.1,0.1,11000,200,CDU-protocol-fast-v1,0.0498106665405535
371_UCR_id_69_Medical_tr_1853_1st_6200.csv,UCR,M2N2,UCR,0.1844671305137593,0.2065679232548847,0.1929405290027734,0.2031804165196698,-0.0221007927411254,-0.0084733984890141,-0.0187132860059105,0.0033875067352148,0.1,0.1,0.1,7415,170,CDU-protocol-fast-v1,0.045064557602758
373_UCR_id_71_Sensor_tr_2827_1st_5988.csv,UCR,M2N2,UCR,0.1290423412004535,0.1230449017027189,0.1313667483495744,0.1251893491159839,0.0059974394977345,-0.0023244071491209,0.0038529920844695,-0.002144447413265,0.1,0.1,0.1,11308,97,CDU-protocol-fast-v1,0.0164897672437319
381_UCR_id_79_HumanActivity_tr_16000_1st_31200.csv,UCR,M2N2,UCR,0.1351387468437211,0.1361784592362256,0.1394367928680987,0.1437441753682728,-0.0010397123925044,-0.0042980460243776,-0.0086054285245517,-0.0075657161320472,0.1,0.1,0.1,64000,650,CDU-protocol-fast-v1,0.0113737045008451
382_UCR_id_80_Medical_tr_7500_1st_11800.csv,UCR,M2N2,UCR,0.1345351909427048,0.1248570381131004,0.1344843415028663,0.1279819208626442,0.0096781528296044,5.0849439838462906e-05,0.0065532700800605,-0.0031248827495438,0.1,0.1,0.1,30000,300,CDU-protocol-fast-v1,0.0318256387528076
385_UCR_id_83_Environment_tr_2046_1st_6006.csv,UCR,M2N2,UCR,0.1185630840489511,0.1210456169044645,0.1190123629322863,0.1244018160902427,-0.0024825328555133,-0.0004492788833352,-0.0058387320412916,-0.0033561991857782,0.1,0.1,0.1,8184,48,CDU-protocol-fast-v1,0.0100231264437947
387_UCR_id_85_Environment_tr_2046_1st_5549.csv,UCR,M2N2,UCR,0.118563084048951,0.1143698838539108,0.1170936122497749,0.1187863265833861,0.0041932001950402,0.001469471799176,-0.0002232425344351,-0.0044164427294753,0.1,0.1,0.1,8184,48,CDU-protocol-fast-v1,0.0239717306988057
391_UCR_id_89_Medical_tr_1875_1st_5759.csv,UCR,M2N2,UCR,0.1783131122964121,0.1816617179863321,0.1883863618501419,0.1803928093664689,-0.0033486056899199,-0.0100732495537297,-0.0020796970700567,0.0012689086198632,0.1,0.1,0.1,7500,160,CDU-protocol-fast-v1,0.0497280878606946
393_UCR_id_91_Environment_tr_2046_1st_4852.csv,UCR,M2N2,UCR,0.1185630840489511,0.1237082154513768,0.1170105947683785,0.125260158207406,-0.0051451314024256,0.0015524892805725,-0.0066970741584549,-0.0015519427560292,0.1,0.1,0.1,8184,48,CDU-protocol-fast-v1,0.0273820314540735
396_UCR_id_94_Medical_tr_1875_1st_5607.csv,UCR,M2N2,UCR,0.1098116873605375,0.1064036109495425,0.111372013516912,0.1008512646826237,0.0034080764109949,-0.0015603261563745,0.0089604226779137,0.0055523462669187,0.1,0.1,0.1,7501,27,CDU-protocol-fast-v1,0.0207127510360396
400_UCR_id_98_Environment_tr_2046_1st_5391.csv,UCR,M2N2,UCR,0.0963796022520707,0.0955401527676991,0.0978596915965194,0.1021927795703465,0.0008394494843716,-0.0014800893444487,-0.0058131773182758,-0.0066526268026474,0.1,0.1,0.1,8184,1,CDU-protocol-fast-v1,0.0044739338237597
401_UCR_id_99_HumanActivity_tr_1671_1st_5920.csv,UCR,M2N2,UCR,0.1300043679490801,0.1193934825873274,0.1191603461172133,0.1168818693734829,0.0106108853617526,0.0108440218318667,0.0131224985755971,0.0025116132138444,0.1,0.1,0.1,6684,59,CDU-protocol-fast-v1,0.2301903822161084
405_UCR_id_103_Sensor_tr_2827_1st_5988.csv,UCR,M2N2,UCR,0.1290423412004535,0.1247824993521574,0.130166537839854,0.124816402330046,0.004259841848296,-0.0011241966394004,0.0042259388704074,-3.390297788864738e-05,0.1,0.1,0.1,11308,97,CDU-protocol-fast-v1,0.0169947926961833
406_UCR_id_104_Facility_tr_20000_1st_67950.csv,UCR,M2N2,UCR,0.1079787312979927,0.1094411026475816,0.1084657121221976,0.1151319001242583,-0.0014623713495889,-0.0004869808242049,-0.0071531688262656,-0.0056907974766767,0.1,0.1,0.1,80000,250,CDU-protocol-fast-v1,0.0075961782815906
411_UCR_id_109_Environment_tr_2046_1st_4852.csv,UCR,M2N2,UCR,0.1185630840489511,0.1240104231602162,0.1191244253781487,0.1280127348475815,-0.005447339111265,-0.0005613413291976,-0.0094496507986304,-0.0040023116873653,0.1,0.1,0.1,8184,48,CDU-protocol-fast-v1,0.0161460885997625
415_UCR_id_113_Medical_tr_3000_1st_8612.csv,UCR,M2N2,UCR,0.1293848472540334,0.1267073059284675,0.1296401423607476,0.1306395066458256,0.0026775413255659,-0.0002552951067142,-0.0012546593917922,-0.0039322007173581,0.1,0.1,0.1,12000,104,CDU-protocol-fast-v1,0.0443822610533827
417_UCR_id_115_Sensor_tr_2750_1st_5400.csv,UCR,M2N2,UCR,0.1661395726686433,0.1608358609505415,0.1756629993325932,0.1624735240159398,0.0053037117181017,-0.0095234266639498,0.0036660486527034,-0.0016376630653983,0.1,0.1,0.1,11000,200,CDU-protocol-fast-v1,0.0447896185700438
419_UCR_id_117_Facility_tr_3000_1st_6168.csv,UCR,M2N2,UCR,0.1100710584215155,0.1124714480144066,0.1151538829788879,0.1175281769575031,-0.0024003895928911,-0.0050828245573724,-0.0074571185359876,-0.0050567289430965,0.1,0.1,0.1,12000,44,CDU-protocol-fast-v1,0.0091603204448349
420_UCR_id_118_Facility_tr_13750_1st_52600.csv,UCR,M2N2,UCR,0.1099540051558639,0.0972937176125173,0.1102650435950424,0.1011086590883563,0.0126602875433465,-0.0003110384391785,0.0088453460675075,-0.003814941475839,0.1,0.1,0.1,55000,200,CDU-protocol-fast-v1,0.0288826323779111
421_UCR_id_119_HumanActivity_tr_48750_1st_130700.csv,UCR,M2N2,UCR,0.1192822500185625,0.1254996965721977,0.1225948936343663,0.1305665041461721,-0.0062174465536351,-0.0033126436158038,-0.0112842541276096,-0.0050668075739744,0.1,0.1,0.1,195000,1180,CDU-protocol-fast-v1,0.0093697448754685
426_UCR_id_124_Sensor_tr_2827_1st_4711.csv,UCR,M2N2,UCR,0.1293839363336781,0.1321180934816139,0.1357020297100772,0.1347657761334139,-0.0027341571479358,-0.0063180933763991,-0.0053818397997358,-0.0026476826518,0.1,0.1,0.1,11308,98,CDU-protocol-fast-v1,0.0136053241194161
430_UCR_id_128_HumanActivity_tr_12500_1st_46500.csv,UCR,M2N2,UCR,0.1190841598766905,0.1121757640096573,0.1221114851795501,0.1162341021882156,0.0069083958670332,-0.0030273253028596,0.0028500576884748,-0.0040583381785583,0.1,0.1,0.1,50000,300,CDU-protocol-fast-v1,0.0075966615188914
432_UCR_id_130_Facility_tr_23000_1st_26970.csv,UCR,M2N2,UCR,0.1085035625162677,0.1028047953014382,0.1104609012657328,0.1096151237397529,0.0056987672148294,-0.0019573387494651,-0.0011115612234852,-0.0068103284383147,0.1,0.1,0.1,92000,300,CDU-protocol-fast-v1,0.0058242275283625
436_UCR_id_134_Medical_tr_1875_1st_4526.csv,UCR,M2N2,UCR,0.1113565844808563,0.1104582342207061,0.1166431110203154,0.1071008424179211,0.0008983502601501,-0.0052865265394591,0.0042557420629351,0.0033573918027849,0.1,0.1,0.1,7501,30,CDU-protocol-fast-v1,0.0203800959577751
437_UCR_id_135_Medical_tr_2499_1st_8000.csv,UCR,M2N2,UCR,0.1055664394591643,0.1078479284693596,0.1082832674897999,0.109368058510501,-0.0022814890101953,-0.0027168280306356,-0.0038016190513367,-0.0015201300411414,0.1,0.1,0.1,9998,25,CDU-protocol-fast-v1,0.003747731986269
439_UCR_id_137_HumanActivity_tr_48750_1st_110800.csv,UCR,M2N2,UCR,0.0959274222918562,0.1013864875275362,0.0974486696432308,0.1049261521188637,-0.00545906523568,-0.0015212473513746,-0.0089987298270075,-0.0035396645913275,0.1,0.1,0.1,195000,1,CDU-protocol-fast-v1,0.6364359605670391
445_UCR_id_143_Environment_tr_6166_1st_19280.csv,UCR,M2N2,UCR,0.1209630007443481,0.1093531037103283,0.1206080725155196,0.1159735043240512,0.0116098970340197,0.0003549282288284,0.0049894964202968,-0.0066204006137229,0.1,0.1,0.1,24667,160,CDU-protocol-fast-v1,0.0247471612624378
449_UCR_id_147_Sensor_tr_2847_1st_9330.csv,UCR,M2N2,UCR,0.0992995677617782,0.0966774425345316,0.100403834074866,0.0995824323196196,0.0026221252272465,-0.0011042663130878,-0.0002828645578414,-0.002904989785088,0.1,0.1,0.1,11388,10,CDU-protocol-fast-v1,0.0097718105725305
452_UCR_id_150_Facility_tr_10000_1st_35774.csv,UCR,M2N2,UCR,0.105564507693928,0.101140679958303,0.1062496861011576,0.1045572137959494,0.0044238277356249,-0.0006851784072296,0.0010072938979785,-0.0034165338376464,0.1,0.1,0.1,40000,100,CDU-protocol-fast-v1,0.0333632262742258
459_UCR_id_157_HumanActivity_tr_50000_1st_110260.csv,UCR,M2N2,UCR,0.0988433091802118,0.1179875297797118,0.1010532794711796,0.1263604871961846,-0.0191442205995,-0.0022099702909678,-0.0275171780159728,-0.0083729574164728,0.1,0.1,0.1,200000,152,CDU-protocol-fast-v1,0.0008151349344378
463_UCR_id_161_Environment_tr_2046_1st_6006.csv,UCR,M2N2,UCR,0.1185630840489511,0.1196583708489805,0.1197345930111855,0.1242346398236396,-0.0010952868000293,-0.0011715089622343,-0.0056715557746884,-0.004576268974659,0.1,0.1,0.1,8184,48,CDU-protocol-fast-v1,0.0087546509486832
467_UCR_id_165_Environment_tr_6166_1st_19280.csv,UCR,M2N2,UCR,0.1209630007443481,0.1116393572166555,0.1213085657474339,0.1179078025394331,0.0093236435276926,-0.0003455650030858,0.0030551982049149,-0.0062684453227776,0.1,0.1,0.1,24667,160,CDU-protocol-fast-v1,0.0230466096335511
471_UCR_id_169_Facility_tr_10000_1st_35774.csv,UCR,M2N2,UCR,0.105564507693928,0.1043751544922921,0.1081757579505917,0.1083709308307848,0.0011893532016359,-0.0026112502566637,-0.0028064231368568,-0.0039957763384927,0.1,0.1,0.1,40000,100,CDU-protocol-fast-v1,0.0031754553155096
473_UCR_id_171_HumanActivity_tr_2617_1st_7290.csv,UCR,M2N2,UCR,0.0981216509734105,0.1009039544452113,0.099360104128981,0.1082952090885143,-0.0027823034718008,-0.0012384531555705,-0.0101735581151038,-0.007391254643303,0.1,0.1,0.1,10468,6,CDU-protocol-fast-v1,0.0052704558115643
474_UCR_id_172_Environment_tr_2046_1st_6520.csv,UCR,M2N2,UCR,0.10723534866331,0.1103791402818818,0.1080386858199579,0.1154924485025354,-0.0031437916185717,-0.0008033371566479,-0.0082570998392254,-0.0051133082206536,0.1,0.1,0.1,8184,24,CDU-protocol-fast-v1,0.0058688343427566
493_UCR_id_191_Sensor_tr_2847_1st_9330.csv,UCR,M2N2,UCR,0.0992995677617782,0.0951077209347968,0.1006714878730006,0.0979676711257531,0.0041918468269813,-0.0013719201112224,0.001331896636025,-0.0028599501909563,0.1,0.1,0.1,11388,10,CDU-protocol-fast-v1,0.0093088141692575
494_UCR_id_192_Facility_tr_22500_1st_72150.csv,UCR,M2N2,UCR,0.1107148513825994,0.1176258723324208,0.1141544838182965,0.1243010444034476,-0.0069110209498214,-0.0034396324356971,-0.0135861930208482,-0.0066751720710268,0.1,0.1,0.1,90000,345,CDU-protocol-fast-v1,0.0045156263359514
495_UCR_id_193_Environment_tr_2046_1st_6520.csv,UCR,M2N2,UCR,0.10723534866331,0.109465303789644,0.1076105780110311,0.1146698245751677,-0.002229955126334,-0.0003752293477211,-0.0074344759118577,-0.0052045207855237,0.1,0.1,0.1,8184,24,CDU-protocol-fast-v1,0.006980250839167
496_UCR_id_194_Environment_tr_2046_1st_5391.csv,UCR,M2N2,UCR,0.0963796022520707,0.0954090603423968,0.0978403839766351,0.1018682916016652,0.0009705419096739,-0.0014607817245644,-0.0054886893495945,-0.0064592312592684,0.1,0.1,0.1,8184,1,CDU-protocol-fast-v1,0.0045174655050459
499_UCR_id_197_Environment_tr_2046_1st_5703.csv,UCR,M2N2,UCR,0.10723534866331,0.1103768919333269,0.1068828950688408,0.1141546011827585,-0.0031415432700169,0.0003524535944691,-0.0069192525194485,-0.0037777092494316,0.1,0.1,0.1,8184,24,CDU-protocol-fast-v1,0.0149924642932186
500_UCR_id_198_Facility_tr_7482_1st_23357.csv,UCR,M2N2,UCR,0.1423675643632088,0.1708549424138867,0.1494387629327493,0.1749972215951038,-0.0284873780506779,-0.0070711985695404,-0.032629657231895,-0.0041422791812171,0.1,0.1,0.1,29931,360,CDU-protocol-fast-v1,0.0128651248391952
504_UCR_id_202_Environment_tr_2046_1st_5549.csv,UCR,M2N2,UCR,0.118563084048951,0.1144266189270847,0.1171087469088321,0.1190028623802822,0.0041364651218663,0.0014543371401188,-0.0004397783313312,-0.0045762434531975,0.1,0.1,0.1,8184,48,CDU-protocol-fast-v1,0.0210099524463148
506_UCR_id_204_Environment_tr_2046_1st_5549.csv,UCR,M2N2,UCR,0.118563084048951,0.1137205390491078,0.1172833507023882,0.1179273271081508,0.0048425449998431,0.0012797333465627,0.0006357569408001,-0.004206788059043,0.1,0.1,0.1,8184,48,CDU-protocol-fast-v1,0.0249842180435388
516_UCR_id_214_HumanActivity_tr_2108_1st_4702.csv,UCR,M2N2,UCR,0.0981981480063832,0.1015336485251135,0.0989293086067572,0.1079088781219498,-0.0033355005187303,-0.000731160600374,-0.0097107301155666,-0.0063752295968363,0.1,0.1,0.1,8432,5,CDU-protocol-fast-v1,0.0092308290497029
517_UCR_id_215_Facility_tr_7482_1st_24005.csv,UCR,M2N2,UCR,0.105199603494777,0.1094371610742333,0.1060351117416028,0.1119808476074228,-0.0042375575794563,-0.0008355082468257,-0.0067812441126458,-0.0025436865331895,0.1,0.1,0.1,29931,72,CDU-protocol-fast-v1,0.0098930773934253
525_UCR_id_223_Facility_tr_50000_1st_250720.csv,UCR,M2N2,UCR,0.1042827843915398,0.1054694677639835,0.1061534085017366,0.1106222942997477,-0.0011866833724436,-0.0018706241101968,-0.0063395099082079,-0.0051528265357642,0.1,0.1,0.1,299790,650,CDU-protocol-fast-v1,0.0028921913278385
526_UCR_id_224_Sensor_tr_2827_1st_4711.csv,UCR,M2N2,UCR,0.1293839363336781,0.1379882863957977,0.1357648076111986,0.1434752062389372,-0.0086043500621195,-0.0063808712775205,-0.0140912699052591,-0.0054869198431395,0.1,0.1,0.1,11308,98,CDU-protocol-fast-v1,0.0121034672502514
530_UCR_id_228_HumanActivity_tr_16250_1st_38500.csv,UCR,M2N2,UCR,0.1137357260461471,0.1075878731359734,0.1162411979547265,0.1104670609495216,0.0061478529101736,-0.0025054719085794,0.0032686650966254,-0.0028791878135482,0.1,0.1,0.1,65000,300,CDU-protocol-fast-v1,0.0053900469783935
531_SMAP_id_1_Sensor_tr_1811_1st_4510.csv,SMAP,M2N2,SMAP,0.1377220089982345,0.135305076146723,0.140948759242437,0.1305731482429855,0.0024169328515115,-0.0032267502442025,0.0071488607552489,0.0047319279037374,0.1,0.1,0.1,7244,81,CDU-protocol-fast-v1,0.0331105023179593
532_SMAP_id_2_Sensor_tr_2075_1st_5550.csv,SMAP,M2N2,SMAP,0.2586579717482491,0.2427579628868421,0.2716265972137882,0.2526230103845077,0.015900008861407,-0.012968625465539,0.0060349613637414,-0.0098650474976655,0.1,0.1,0.1,8302,351,CDU-protocol-fast-v1,0.1411992723484857
533_SMAP_id_3_Sensor_tr_2052_1st_5300.csv,SMAP,M2N2,SMAP,0.6253025617499648,0.4043252835730163,0.5562559163297858,0.4144013059918677,0.2209772781769485,0.069046645420179,0.2109012557580971,-0.0100760224188514,0.1,0.1,0.1,8209,1121,CDU-protocol-fast-v1,0.7031112994338848
534_SMAP_id_4_Sensor_tr_1968_1st_4370.csv,SMAP,M2N2,SMAP,0.1194258253104484,0.1202021127281363,0.1154524514431812,0.1146317841733608,-0.0007762874176878,0.0039733738672671,0.0047940411370875,0.0055703285547754,0.1,0.1,0.1,7874,51,CDU-protocol-fast-v1,0.1365648130725634
536_SMAP_id_6_Sensor_tr_2160_1st_5600.csv,SMAP,M2N2,SMAP,0.1396981700018532,0.12668589887794,0.1435985444522429,0.1324894133205854,0.0130122711239132,-0.0039003744503897,0.0072087566812678,-0.0058035144426454,0.1,0.1,0.1,8640,101,CDU-protocol-fast-v1,0.064800284637889
537_SMAP_id_7_Sensor_tr_2077_1st_5394.csv,SMAP,M2N2,SMAP,0.2257407489654368,0.1726738543664138,0.2203438230247871,0.1804371788619124,0.053066894599023,0.0053969259406496,0.0453035701035243,-0.0077633244954986,0.1,0.1,0.1,8310,281,CDU-protocol-fast-v1,0.2732330422128978
538_SMAP_id_8_Sensor_tr_2007_1st_3650.csv,SMAP,M2N2,SMAP,0.2240464097040339,0.1881823626861062,0.2148561771922897,0.1882569683599324,0.0358640470179277,0.0091902325117441,0.0357894413441014,-7.460567382625016e-05,0.1,0.1,0.1,8029,268,CDU-protocol-fast-v1,0.3262383829040193
539_SMAP_id_9_Sensor_tr_1857_1st_4270.csv,SMAP,M2N2,SMAP,0.1261608779249332,0.1196230614268964,0.1306977560558167,0.1083419402288941,0.0065378164980367,-0.0045368781308835,0.017818937696039,0.0112811211980023,0.1,0.1,0.1,7431,61,CDU-protocol-fast-v1,0.0323601720533902
540_SMAP_id_10_Sensor_tr_2051_1st_4575.csv,SMAP,M2N2,SMAP,0.182396117271583,0.1848312881502736,0.2005927055451105,0.196245702705156,-0.0024351708786906,-0.0181965882735275,-0.013849585433573,-0.0114144145548824,0.1,0.1,0.1,8205,186,CDU-protocol-fast-v1,0.0319377611353024
541_SMAP_id_11_Sensor_tr_1832_1st_5300.csv,SMAP,M2N2,SMAP,0.3318923522564446,0.3198631523368086,0.3029590454642478,0.2908738076031563,0.0120291999196359,0.0289333067921968,0.0410185446532883,0.0289893447336523,0.1,0.1,0.1,7331,448,CDU-protocol-fast-v1,0.1753095967144672
542_SMAP_id_12_Sensor_tr_1908_1st_4690.csv,SMAP,M2N2,SMAP,0.1100333486114171,0.1130300243989219,0.1099766412611683,0.1087228416239095,-0.0029966757875048,5.6707350248791366e-05,0.0013105069875075,0.0043071827750123,0.1,0.1,0.1,7632,31,CDU-protocol-fast-v1,0.2085449128413177
544_SMAP_id_14_Sensor_tr_1978_1st_4450.csv,SMAP,M2N2,SMAP,0.1487826190130445,0.1730303253664884,0.1664270502527852,0.1785735197578019,-0.0242477063534439,-0.0176444312397407,-0.0297909007447574,-0.0055431943913135,0.1,0.1,0.1,7914,111,CDU-protocol-fast-v1,0.0127037956907023
545_SMAP_id_15_Sensor_tr_1173_1st_2750.csv,SMAP,M2N2,SMAP,0.1364992500618687,0.1211535084048017,0.1399881647360571,0.1195247711321428,0.0153457416570669,-0.0034889146741884,0.0169744789297258,0.0016287372726588,0.1,0.1,0.1,4693,51,CDU-protocol-fast-v1,0.0634230464823436
546_SMAP_id_16_Sensor_tr_2117_1st_4770.csv,SMAP,M2N2,SMAP,0.1498000626397371,0.1614007173179638,0.153653509112284,0.1585012893771208,-0.0116006546782266,-0.0038534464725469,-0.0087012267373837,0.0028994279408429,0.1,0.1,0.1,8469,121,CDU-protocol-fast-v1,0.0187675377702693
547_SMAP_id_17_Sensor_tr_2133_1st_5400.csv,SMAP,M2N2,SMAP,0.3782053894169124,0.3274853848874426,0.3919869851650672,0.3336900623735489,0.0507200045294697,-0.0137815957481547,0.0445153270433634,-0.0062046774861063,0.1,0.1,0.1,8532,623,CDU-protocol-fast-v1,0.0912900524157998
548_SMAP_id_18_Sensor_tr_2094_1st_5600.csv,SMAP,M2N2,SMAP,0.1132732088639916,0.1077337556223167,0.1196551739901688,0.1115549166469903,0.0055394532416749,-0.0063819651261772,0.0017182922170012,-0.0038211610246736,0.1,0.1,0.1,8376,41,CDU-protocol-fast-v1,0.0055023252666117
549_SMAP_id_19_Sensor_tr_1998_1st_2098.csv,SMAP,M2N2,SMAP,0.1776462153288513,0.1683522664057888,0.180630020892939,0.1647935460415851,0.0092939489230625,-0.0029838055640877,0.0128526692872661,0.0035587203642036,0.1,0.1,0.1,8579,184,CDU-protocol-fast-v1,0.1457239694041658
550_SWaT_id_1_Sensor_tr_43700_1st_43800.csv,SWaT,M2N2,SWaT,0.5695013226659786,0.8095299149614791,0.4874460368773965,0.7147784107499725,-0.2400285922955004,0.0820552857885821,-0.1452770880839938,0.0947515042115065,0.1,0.1,0.1,419919,50653,CDU-protocol-fast-v1,0.6809524397473536
551_YAHOO_id_1_Synthetic_tr_500_1st_893.csv,YAHOO,M2N2,YAHOO,0.0983326645536459,0.0955986661182077,0.0988151481793901,0.1006847624218863,0.0027339984354381,-0.0004824836257442,-0.0023520978682404,-0.0050860963036786,0.1,0.1,0.1,1421,1,CDU-protocol-fast-v1,0.0249999999999999
552_YAHOO_id_2_Synthetic_tr_500_1st_893.csv,YAHOO,M2N2,YAHOO,0.0983326645536459,0.0955913527988841,0.0987476549263891,0.0908484872582813,0.0027413117547617,-0.0004149903727432,0.0074841772953645,0.0047428655406027,0.1,0.1,0.1,1421,1,CDU-protocol-fast-v1,1.0
555_YAHOO_id_5_WebService_tr_500_1st_730.csv,YAHOO,M2N2,YAHOO,0.1048191137585639,0.0979295190684634,0.107226953795736,0.0990836670658866,0.0068895946901005,-0.0024078400371721,0.0057354466926772,-0.0011541479974232,0.1,0.1,0.1,1680,4,CDU-protocol-fast-v1,0.01780728568876
558_YAHOO_id_8_WebService_tr_500_1st_1125.csv,YAHOO,M2N2,YAHOO,0.3124225835287523,0.411183101721512,0.2516354907793764,0.3334307210968117,-0.0987605181927597,0.0607870927493758,-0.0210081375680594,0.0777523806247003,0.1,0.1,0.1,1427,80,CDU-protocol-fast-v1,0.2546544153520415
562_YAHOO_id_12_Synthetic_tr_500_1st_893.csv,YAHOO,M2N2,YAHOO,0.0983326645536459,0.0924456409963272,0.098747653809531,0.0814942673145044,0.0058870235573186,-0.0004149892558851,0.0168383972391414,0.0109513736818227,0.1,0.1,0.1,1421,1,CDU-protocol-fast-v1,1.0
570_YAHOO_id_20_Synthetic_tr_500_1st_658.csv,YAHOO,M2N2,YAHOO,0.1064974257906056,0.1008862420452337,0.1085886110015997,0.102072593249124,0.0056111837453718,-0.0020911852109941,0.0044248325414815,-0.0011863512038903,0.1,0.1,0.1,1421,4,CDU-protocol-fast-v1,0.0331453397451024
571_YAHOO_id_21_Synthetic_tr_500_1st_623.csv,YAHOO,M2N2,YAHOO,0.1201053611855383,0.1057482784774065,0.112099866876854,0.0943481354892948,0.0143570827081317,0.0080054943086842,0.0257572256962434,0.0114001429881116,0.1,0.1,0.1,1421,9,CDU-protocol-fast-v1,0.8492975734355038
579_YAHOO_id_29_WebService_tr_500_1st_1342.csv,YAHOO,M2N2,YAHOO,0.0979130865456355,0.0914970985013801,0.0990990386379547,0.0919117480183285,0.0064159880442554,-0.0011859520923192,0.0060013385273069,-0.0004146495169484,0.1,0.1,0.1,1680,1,CDU-protocol-fast-v1,0.0127462800959434
603_YAHOO_id_53_Synthetic_tr_500_1st_893.csv,YAHOO,M2N2,YAHOO,0.0983326645536459,0.0976889505675179,0.0987476556192843,0.0991566983641744,0.0006437139861279,-0.0004149910656384,-0.0008240338105285,-0.0014677477966565,0.1,0.1,0.1,1421,1,CDU-protocol-fast-v1,1.0
644_YAHOO_id_94_WebService_tr_500_1st_1078.csv,YAHOO,M2N2,YAHOO,0.2977387032189041,0.3796034061455574,0.252366033317123,0.3229129612663165,-0.0818647029266532,0.0453726699017811,-0.0251742580474124,0.0566904448792408,0.1,0.1,0.1,1435,75,CDU-protocol-fast-v1,0.149764678020853
645_YAHOO_id_95_WebService_tr_500_1st_1047.csv,YAHOO,M2N2,YAHOO,0.0979130865456355,0.0897913580715925,0.0992634718926636,0.0838592011615006,0.008121728474043,-0.0013503853470281,0.0140538853841348,0.0059321569100918,0.1,0.1,0.1,1680,1,CDU-protocol-fast-v1,0.0017582742664927
649_YAHOO_id_99_WebService_tr_500_1st_1386.csv,YAHOO,M2N2,YAHOO,0.0979130865456355,0.0937424040205588,0.0984922014927381,0.0965540724013261,0.0041706825250766,-0.0005791149471025,0.0013590141443094,-0.0028116683807672,0.1,0.1,0.1,1680,1,CDU-protocol-fast-v1,1.0
657_YAHOO_id_107_WebService_tr_500_1st_1260.csv,YAHOO,M2N2,YAHOO,0.0982967547241315,0.0967903479376156,0.098725786925586,0.1028529997342755,0.0015064067865159,-0.0004290322014545,-0.004556245010144,-0.0060626517966599,0.1,0.1,0.1,1440,1,CDU-protocol-fast-v1,1.0
658_YAHOO_id_108_Synthetic_tr_500_1st_893.csv,YAHOO,M2N2,YAHOO,0.0983326645536459,0.0880665487412777,0.0987476562714712,0.0824322765998883,0.0102661158123681,-0.0004149917178253,0.0159003879537575,0.0056342721413893,0.1,0.1,0.1,1421,1,CDU-protocol-fast-v1,1.0
672_YAHOO_id_122_WebService_tr_500_1st_857.csv,YAHOO,M2N2,YAHOO,0.0979130865456355,0.0983346713932742,0.0988667440006214,0.100124826978767,-0.0004215848476386,-0.0009536574549859,-0.0022117404331315,-0.0017901555854928,0.1,0.1,0.1,1680,1,CDU-protocol-fast-v1,0.0037456681752968
680_YAHOO_id_130_Synthetic_tr_500_1st_893.csv,YAHOO,M2N2,YAHOO,0.0983326645536459,0.1001830517148691,0.0987476563853539,0.1112531230587907,-0.0018503871612232,-0.000414991831708,-0.0129204585051448,-0.0110700713439216,0.1,0.1,0.1,1421,1,CDU-protocol-fast-v1,1.0
689_YAHOO_id_139_WebService_tr_500_1st_1073.csv,YAHOO,M2N2,YAHOO,0.0979130865456355,0.0957656139326319,0.0985143870075768,0.0821956522680771,0.0021474726130036,-0.0006013004619413,0.0157174342775584,0.0135699616645548,0.1,0.1,0.1,1680,1,CDU-protocol-fast-v1,0.0476190476190476
693_YAHOO_id_143_WebService_tr_500_1st_1003.csv,YAHOO,M2N2,YAHOO,0.1010313651260117,0.0918877607419639,0.1005437094467835,0.0942887393841637,0.0091436043840477,0.0004876556792281,0.0067426257418479,-0.0024009786421998,0.1,0.1,0.1,1427,2,CDU-protocol-fast-v1,0.284475223179406
701_YAHOO_id_151_Synthetic_tr_500_1st_893.csv,YAHOO,M2N2,YAHOO,0.0983326645536459,0.0909503657521677,0.0987494800734635,0.0893356930484371,0.0073822988014781,-0.0004168155198176,0.0089969715052087,0.0016146727037305,0.1,0.1,0.1,1421,1,CDU-protocol-fast-v1,0.1666666666666669
723_YAHOO_id_173_WebService_tr_500_1st_1214.csv,YAHOO,M2N2,YAHOO,0.1010580848538705,0.1031989026030144,0.1004080733704789,0.1107155007172914,-0.0021408177491439,0.0006500114833915,-0.0096574158634209,-0.007516598114277,0.1,0.1,0.1,1420,2,CDU-protocol-fast-v1,0.6868864670348196
724_YAHOO_id_174_WebService_tr_500_1st_1030.csv,YAHOO,M2N2,YAHOO,0.10712112282954,0.0964034489434117,0.1049214787089975,0.0973037846932689,0.0107176738861283,0.0021996441205424,0.009817338136271,-0.0009003357498572,0.1,0.1,0.1,1680,5,CDU-protocol-fast-v1,0.3303588009754261
734_YAHOO_id_184_WebService_tr_500_1st_768.csv,YAHOO,M2N2,YAHOO,0.7121097988984328,0.4845239900791141,0.5852547009252406,0.4457890319952831,0.2275858088193187,0.1268550979731922,0.2663207669031497,0.0387349580838309,0.1,0.1,0.1,1424,227,CDU-protocol-fast-v1,0.8350480627756031
741_YAHOO_id_191_WebService_tr_500_1st_1114.csv,YAHOO,M2N2,YAHOO,0.1002150956166116,0.0898240997735813,0.1016234649420027,0.0858687232926972,0.0103909958430302,-0.0014083693253911,0.0143463723239143,0.003955376480884,0.1,0.1,0.1,1680,2,CDU-protocol-fast-v1,0.0044259593679768
755_YAHOO_id_205_Synthetic_tr_500_1st_893.csv,YAHOO,M2N2,YAHOO,0.0983326645536459,0.0962903378989297,0.0987476538954505,0.0900320394203056,0.0020423266547161,-0.0004149893418046,0.0083006251333402,0.006258298478624,0.1,0.1,0.1,1421,1,CDU-protocol-fast-v1,1.0
762_YAHOO_id_212_WebService_tr_500_1st_1055.csv,YAHOO,M2N2,YAHOO,0.1002150956166116,0.1099210290942436,0.1016743610116411,0.118683812617535,-0.009705933477632,-0.0014592653950294,-0.0184687170009234,-0.0087627835232914,0.1,0.1,0.1,1680,2,CDU-protocol-fast-v1,0.005587077920204
780_YAHOO_id_230_Synthetic_tr_500_1st_893.csv,YAHOO,M2N2,YAHOO,0.0983326645536459,0.0934989980731053,0.0987513042141559,0.09208468546717,0.0048336664805405,-0.00041863966051,0.0062479790864758,0.0014143126059352,0.1,0.1,0.1,1421,1,CDU-protocol-fast-v1,0.1666666666666669
788_YAHOO_id_238_WebService_tr_500_1st_973.csv,YAHOO,M2N2,YAHOO,0.0979130865456355,0.0966041045957172,0.0993026226551486,0.0970960767923049,0.0013089819499183,-0.0013895361095131,0.0008170097533305,-0.0004919721965877,0.1,0.1,0.1,1680,1,CDU-protocol-fast-v1,0.0017141474975219
797_YAHOO_id_247_Synthetic_tr_500_1st_893.csv,YAHOO,M2N2,YAHOO,0.0983326645536459,0.0948550639554532,0.1012959297282399,0.0989277096473253,0.0034776005981926,-0.002963265174594,-0.0005950450936794,-0.0040726456918721,0.1,0.1,0.1,1421,1,CDU-protocol-fast-v1,0.0501668866428759
806_YAHOO_id_256_Synthetic_tr_500_1st_893.csv,YAHOO,M2N2,YAHOO,0.0983326645536459,0.1071664767249786,0.1002780794673239,0.1257224985128731,-0.0088338121713327,-0.001945414913678,-0.0273898339592272,-0.0185560217878944,0.1,0.1,0.1,1421,1,CDU-protocol-fast-v1,0.0422731954741384
807_YAHOO_id_257_WebService_tr_500_1st_1210.csv,YAHOO,M2N2,YAHOO,0.1417805852464838,0.1301972019891372,0.1263582038969474,0.1210201838453774,0.0115833832573465,0.0154223813495363,0.0207604014011063,0.0091770181437597,0.1,0.1,0.1,1424,17,CDU-protocol-fast-v1,0.7300910937906192
810_Exathlon_id_1_Facility_tr_10766_1st_12590.csv,Exathlon,M2N2,Exathlon,0.5910589381462512,0.6594060583860757,0.4862588175810988,0.536760018715671,-0.0683471202398244,0.1048001205651524,0.0542989194305801,0.1226460396704046,0.1,0.1,0.1,43066,5437,CDU-protocol-fast-v1,0.6736968924916451
811_Exathlon_id_2_Facility_tr_10766_1st_12590.csv,Exathlon,M2N2,Exathlon,0.5910589381462512,0.515289659163302,0.4784678091299634,0.4489635056765003,0.0757692789829491,0.1125911290162877,0.1420954324697508,0.0663261534868017,0.1,0.1,0.1,43066,5437,CDU-protocol-fast-v1,0.7932905712444256
812_Exathlon_id_3_Facility_tr_10766_1st_12590.csv,Exathlon,M2N2,Exathlon,0.5910589381462512,0.3949622386184044,0.5091493975756286,0.3827628297492438,0.1960966995278468,0.0819095405706226,0.2082961083970074,0.0121994088691606,0.1,0.1,0.1,43066,5437,CDU-protocol-fast-v1,0.6471121258750522
814_Exathlon_id_5_Facility_tr_10766_1st_12590.csv,Exathlon,M2N2,Exathlon,0.5910589381462512,0.515289659163302,0.4784678091299634,0.4489635056765003,0.0757692789829491,0.1125911290162877,0.1420954324697508,0.0663261534868017,0.1,0.1,0.1,43066,5437,CDU-protocol-fast-v1,0.7932905712444256
815_Exathlon_id_6_Facility_tr_10766_1st_12590.csv,Exathlon,M2N2,Exathlon,0.5910589381462512,0.3949622386184044,0.5091493975756286,0.3827628297492438,0.1960966995278468,0.0819095405706226,0.2082961083970074,0.0121994088691606,0.1,0.1,0.1,43066,5437,CDU-protocol-fast-v1,0.6471121258750522
816_Exathlon_id_7_Facility_tr_10766_1st_12590.csv,Exathlon,M2N2,Exathlon,0.5910589381462512,0.447824080505201,0.4953310776448101,0.4092940180282731,0.1432348576410502,0.095727860501441,0.181764920117978,0.0385300624769278,0.1,0.1,0.1,43066,5437,CDU-protocol-fast-v1,0.6123899860802052
817_Exathlon_id_8_Facility_tr_10766_1st_12590.csv,Exathlon,M2N2,Exathlon,0.5910589381462512,0.5907887612902277,0.5254590154305411,0.5292158626613288,0.0002701768560234,0.0655999227157101,0.0618430754849224,0.0615728986288989,0.1,0.1,0.1,43066,5437,CDU-protocol-fast-v1,0.4333694048333935
818_Exathlon_id_9_Facility_tr_11665_1st_13484.csv,Exathlon,M2N2,Exathlon,0.3383966554327336,0.2336089939081875,0.2775691253636143,0.2120163724608548,0.1047876615245461,0.0608275300691192,0.1263802829718788,0.0215926214473327,0.1,0.1,0.1,46660,2928,CDU-protocol-fast-v1,0.7630759944784372
819_Exathlon_id_10_Facility_tr_10766_1st_12590.csv,Exathlon,M2N2,Exathlon,0.5910589381462512,0.4387458545297075,0.4606249041009692,0.3723305346677291,0.1523130836165437,0.1304340340452819,0.218728403478522,0.0664153198619783,0.1,0.1,0.1,43066,5437,CDU-protocol-fast-v1,0.9124229323560624
820_Exathlon_id_11_Facility_tr_11665_1st_13484.csv,Exathlon,M2N2,Exathlon,0.3383966554327336,0.2856122646634518,0.2938667245072131,0.2637160659430427,0.0527843907692818,0.0445299309255205,0.0746805894896908,0.021896198720409,0.1,0.1,0.1,46660,2928,CDU-protocol-fast-v1,0.4967271395188604
821_Exathlon_id_12_Facility_tr_6985_1st_7085.csv,Exathlon,M2N2,Exathlon,0.5029142696878764,0.4050369672810656,0.4477404589891946,0.3678684333031437,0.0978773024068108,0.0551738106986818,0.1350458363847327,0.0371685339779218,0.1,0.1,0.1,46649,4856,CDU-protocol-fast-v1,0.3591753869634733
822_Exathlon_id_13_Facility_tr_10766_1st_12590.csv,Exathlon,M2N2,Exathlon,0.5910589381462512,0.5907887612902277,0.5254590154305411,0.5292158626613288,0.0002701768560234,0.0655999227157101,0.0618430754849224,0.0615728986288989,0.1,0.1,0.1,43066,5437,CDU-protocol-fast-v1,0.4333694048333935
823_Exathlon_id_14_Facility_tr_10766_1st_12590.csv,Exathlon,M2N2,Exathlon,0.5910589381462512,0.4417425956896094,0.4958522699085637,0.4096213427298824,0.1493163424566418,0.0952066682376875,0.1814375954163688,0.032121252959727,0.1,0.1,0.1,43066,5437,CDU-protocol-fast-v1,0.7994601045608737
824_Exathlon_id_15_Facility_tr_10766_1st_12590.csv,Exathlon,M2N2,Exathlon,0.5910589381462512,0.4367697206179154,0.49678070581232,0.3985149648704592,0.1542892175283358,0.0942782323339312,0.192543973275792,0.0382547557474562,0.1,0.1,0.1,43066,5437,CDU-protocol-fast-v1,0.7362983791311234
826_Exathlon_id_17_Facility_tr_11665_1st_13484.csv,Exathlon,M2N2,Exathlon,0.3383966554327336,0.2856122646634518,0.2938667245072131,0.2637160659430427,0.0527843907692818,0.0445299309255205,0.0746805894896908,0.021896198720409,0.1,0.1,0.1,46660,2928,CDU-protocol-fast-v1,0.4967271395188604
827_Exathlon_id_18_Facility_tr_10766_1st_12590.csv,Exathlon,M2N2,Exathlon,0.5910589381462512,0.4367697206179154,0.49678070581232,0.3985149648704592,0.1542892175283358,0.0942782323339312,0.192543973275792,0.0382547557474562,0.1,0.1,0.1,43066,5437,CDU-protocol-fast-v1,0.7362983791311234
828_Exathlon_id_19_Facility_tr_11663_1st_13482.csv,Exathlon,M2N2,Exathlon,0.3401291997647747,0.3021399170343675,0.3019722203325987,0.2812085332757195,0.0379892827304071,0.038156979432176,0.0589206664890551,0.0209313837586479,0.1,0.1,0.1,46655,2948,CDU-protocol-fast-v1,0.3486790849403171
829_Exathlon_id_20_Facility_tr_10766_1st_12590.csv,Exathlon,M2N2,Exathlon,0.5910589381462512,0.447824080505201,0.4953310776448101,0.4092940180282731,0.1432348576410502,0.095727860501441,0.181764920117978,0.0385300624769278,0.1,0.1,0.1,43066,5437,CDU-protocol-fast-v1,0.6123899860802052
830_Exathlon_id_21_Facility_tr_10766_1st_12590.csv,Exathlon,M2N2,Exathlon,0.5910589381462512,0.5471087903381027,0.5188608951803834,0.5030330224894797,0.0439501478081485,0.0721980429658678,0.0880259156567715,0.0440757678486229,0.1,0.1,0.1,43066,5437,CDU-protocol-fast-v1,0.5403189098048801
831_Exathlon_id_22_Facility_tr_11665_1st_13484.csv,Exathlon,M2N2,Exathlon,0.3383966554327336,0.2856122646634518,0.2938667245072131,0.2637160659430427,0.0527843907692818,0.0445299309255205,0.0746805894896908,0.021896198720409,0.1,0.1,0.1,46660,2928,CDU-protocol-fast-v1,0.4967271395188604
832_Exathlon_id_23_Facility_tr_10766_1st_12590.csv,Exathlon,M2N2,Exathlon,0.5910589381462512,0.447824080505201,0.4953310776448101,0.4092940180282731,0.1432348576410502,0.095727860501441,0.181764920117978,0.0385300624769278,0.1,0.1,0.1,43066,5437,CDU-protocol-fast-v1,0.6123899860802052
833_Exathlon_id_24_Facility_tr_10766_1st_12590.csv,Exathlon,M2N2,Exathlon,0.5910589381462512,0.3949622386184044,0.5091493975756286,0.3827628297492438,0.1960966995278468,0.0819095405706226,0.2082961083970074,0.0121994088691606,0.1,0.1,0.1,43066,5437,CDU-protocol-fast-v1,0.6471121258750522
834_Exathlon_id_25_Facility_tr_11665_1st_13484.csv,Exathlon,M2N2,Exathlon,0.3383966554327336,0.2856122646634518,0.2938667245072131,0.2637160659430427,0.0527843907692818,0.0445299309255205,0.0746805894896908,0.021896198720409,0.1,0.1,0.1,46660,2928,CDU-protocol-fast-v1,0.4967271395188604
835_Exathlon_id_26_Facility_tr_10766_1st_12590.csv,Exathlon,M2N2,Exathlon,0.5910589381462512,0.6540245625665059,0.459336148143844,0.5113095566385344,-0.0629656244202546,0.1317227900024071,0.0797493815077168,0.1427150059279714,0.1,0.1,0.1,43066,5437,CDU-protocol-fast-v1,0.7633074529866226
836_Exathlon_id_27_Facility_tr_10766_1st_12590.csv,Exathlon,M2N2,Exathlon,0.5910589381462512,0.3949622386184044,0.5091493975756286,0.3827628297492438,0.1960966995278468,0.0819095405706226,0.2082961083970074,0.0121994088691606,0.1,0.1,0.1,43066,5437,CDU-protocol-fast-v1,0.6471121258750522
837_Exathlon_id_28_Facility_tr_8898_1st_8998.csv,Exathlon,M2N2,Exathlon,0.4205924877163967,0.4659297475088861,0.371611481593743,0.4000275167045006,-0.0453372597924894,0.0489810061226536,0.020564971011896,0.0659022308043855,0.1,0.1,0.1,46650,3891,CDU-protocol-fast-v1,0.2790128000831339
838_Exathlon_id_29_Facility_tr_10766_1st_12590.csv,Exathlon,M2N2,Exathlon,0.5910589381462512,0.5907887612902277,0.5254590154305411,0.5292158626613288,0.0002701768560234,0.0655999227157101,0.0618430754849224,0.0615728986288989,0.1,0.1,0.1,43066,5437,CDU-protocol-fast-v1,0.4333694048333935
839_Exathlon_id_30_Facility_tr_10766_1st_12590.csv,Exathlon,M2N2,Exathlon,0.5910589381462512,0.447824080505201,0.4953310776448101,0.4092940180282731,0.1432348576410502,0.095727860501441,0.181764920117978,0.0385300624769278,0.1,0.1,0.1,43066,5437,CDU-protocol-fast-v1,0.6123899860802052
840_Exathlon_id_31_Facility_tr_10766_1st_12590.csv,Exathlon,M2N2,Exathlon,0.5910589381462512,0.4367697206179154,0.49678070581232,0.3985149648704592,0.1542892175283358,0.0942782323339312,0.192543973275792,0.0382547557474562,0.1,0.1,0.1,43066,5437,CDU-protocol-fast-v1,0.7362983791311234
841_Exathlon_id_32_Facility_tr_11663_1st_13482.csv,Exathlon,M2N2,Exathlon,0.3401291997647747,0.2352715670401938,0.2670644110097714,0.2037644492182433,0.1048576327245808,0.0730647887550032,0.1363647505465313,0.0315071178219504,0.1,0.1,0.1,46655,2948,CDU-protocol-fast-v1,0.8805777990305101
842_OPPORTUNITY_id_1_HumanActivity_tr_7295_1st_27516.csv,OPPORTUNITY,M2N2,OPPORTUNITY,0.1361741528429222,0.1560156124175955,0.1325126777291468,0.1520451461172952,-0.0198414595746733,0.0036614751137753,-0.0158709932743729,0.0039704663003003,0.1,0.1,0.1,29182,330,CDU-protocol-fast-v1,0.0511416869990961
843_OPPORTUNITY_id_2_HumanActivity_tr_808_1st_908.csv,OPPORTUNITY,M2N2,OPPORTUNITY,0.5871383142152801,0.7917259023505411,0.5221242956230812,0.6821167238821976,-0.204587588135261,0.0650140185921989,-0.0949784096669175,0.1096091784683435,0.1,0.1,0.1,9057,1142,CDU-protocol-fast-v1,0.6482128325909804
844_OPPORTUNITY_id_3_HumanActivity_tr_500_1st_566.csv,OPPORTUNITY,M2N2,OPPORTUNITY,0.3344604207133003,0.359826741030982,0.2791127515806907,0.308769954546881,-0.0253663203176817,0.0553476691326095,0.0256904661664192,0.051056786484101,0.1,0.1,0.1,15653,967,CDU-protocol-fast-v1,0.4952301658277139
845_OPPORTUNITY_id_4_HumanActivity_tr_7295_1st_27516.csv,OPPORTUNITY,M2N2,OPPORTUNITY,0.1361741528429222,0.1554119769111372,0.1212656881307567,0.1448714741611703,-0.019237824068215,0.0149084647121655,-0.0086973213182481,0.0105405027499669,0.1,0.1,0.1,29182,330,CDU-protocol-fast-v1,0.5690869276207636
846_OPPORTUNITY_id_5_HumanActivity_tr_2085_1st_2185.csv,OPPORTUNITY,M2N2,OPPORTUNITY,0.2365509154601663,0.3009542656110027,0.2453148010459343,0.2958437110766183,-0.0644033501508364,-0.008763885585768,-0.0592927956164519,0.0051105545343844,0.1,0.1,0.1,22194,818,CDU-protocol-fast-v1,0.0415987165435491
847_OPPORTUNITY_id_6_HumanActivity_tr_808_1st_908.csv,OPPORTUNITY,M2N2,OPPORTUNITY,0.5871383142152801,0.8632380219754142,0.5180171226381662,0.7429801367825775,-0.2760997077601341,0.0691211915771138,-0.1558418225672974,0.1202578851928367,0.1,0.1,0.1,9057,1142,CDU-protocol-fast-v1,0.4922821151483839
848_OPPORTUNITY_id_7_HumanActivity_tr_1477_1st_1577.csv,OPPORTUNITY,M2N2,OPPORTUNITY,0.1781275678879195,0.1663103770423931,0.1484494888051161,0.1485302766654275,0.0118171908455264,0.0296780790828034,0.0295972912224919,0.0177801003769655,0.1,0.1,0.1,18011,396,CDU-protocol-fast-v1,0.7170446363577071
849_OPPORTUNITY_id_8_HumanActivity_tr_1100_1st_1200.csv,OPPORTUNITY,M2N2,OPPORTUNITY,0.1877099177944515,0.2074945180166798,0.1669457045740392,0.1859753433989296,-0.0197846002222283,0.0207642132204122,0.0017345743955218,0.0215191746177501,0.1,0.1,0.1,24892,608,CDU-protocol-fast-v1,0.3642180368387053
850_OPPORTUNITY_id_9_HumanActivity_tr_895_1st_995.csv,OPPORTUNITY,M2N2,OPPORTUNITY,0.2084048165942393,0.2201727948202856,0.1903919883137348,0.2036864767719845,-0.0117679782260463,0.0180128282805044,0.0047183398222547,0.016486318048301,0.1,0.1,0.1,14751,438,CDU-protocol-fast-v1,0.2651524414524558
851_OPPORTUNITY_id_10_HumanActivity_tr_6213_1st_7311.csv,OPPORTUNITY,M2N2,OPPORTUNITY,0.2296003845866163,0.3405770580164143,0.2690794733895503,0.3605551054449751,-0.110976673429798,-0.0394790888029339,-0.1309547208583588,-0.0199780474285607,0.1,0.1,0.1,24852,872,CDU-protocol-fast-v1,0.0234993913409269
853_OPPORTUNITY_id_12_HumanActivity_tr_808_1st_908.csv,OPPORTUNITY,M2N2,OPPORTUNITY,0.5871383142152801,0.8985644465983316,0.4990595782811089,0.7531810074838952,-0.3114261323830515,0.0880787359341711,-0.1660426932686151,0.1453834391144364,0.1,0.1,0.1,9057,1142,CDU-protocol-fast-v1,0.5794936394706508
854_OPPORTUNITY_id_13_HumanActivity_tr_1477_1st_1577.csv,OPPORTUNITY,M2N2,OPPORTUNITY,0.1781275678879195,0.177713748489127,0.1480640753418767,0.1573648399973813,0.0004138193987925,0.0300634925460427,0.0207627278905381,0.0203489084917456,0.1,0.1,0.1,18011,396,CDU-protocol-fast-v1,0.970050836475438
855_OPPORTUNITY_id_14_HumanActivity_tr_808_1st_908.csv,OPPORTUNITY,M2N2,OPPORTUNITY,0.5871383142152801,0.850462249982976,0.4778224808896585,0.7060938058432441,-0.2633239357676959,0.1093158333256215,-0.118955491627964,0.1443684441397319,0.1,0.1,0.1,9057,1142,CDU-protocol-fast-v1,0.3772760336082282
856_OPPORTUNITY_id_15_HumanActivity_tr_808_1st_908.csv,OPPORTUNITY,M2N2,OPPORTUNITY,0.5871383142152801,0.8821147358487812,0.4445029895046142,0.7057008083226862,-0.2949764216335011,0.1426353247106658,-0.1185624941074061,0.1764139275260949,0.1,0.1,0.1,9057,1142,CDU-protocol-fast-v1,0.6742518296562642
857_OPPORTUNITY_id_16_HumanActivity_tr_500_1st_566.csv,OPPORTUNITY,M2N2,OPPORTUNITY,0.3344604207133003,0.4337740256159521,0.2656319313675552,0.3527406873574351,-0.0993136049026517,0.068828489345745,-0.0182802666441347,0.081033338258517,0.1,0.1,0.1,15653,967,CDU-protocol-fast-v1,0.6413225830527296
858_OPPORTUNITY_id_17_HumanActivity_tr_808_1st_908.csv,OPPORTUNITY,M2N2,OPPORTUNITY,0.5871383142152801,0.924768669751845,0.4331118265978321,0.7209549332898576,-0.3376303555365649,0.1540264876174479,-0.1338166190745775,0.2038137364619874,0.1,0.1,0.1,9057,1142,CDU-protocol-fast-v1,0.9902412283548624
859_OPPORTUNITY_id_18_HumanActivity_tr_895_1st_995.csv,OPPORTUNITY,M2N2,OPPORTUNITY,0.2084048165942393,0.231208047481942,0.1838407449612992,0.2076629545460183,-0.0228032308877026,0.02456407163294,0.0007418620482209,0.0235450929359236,0.1,0.1,0.1,14751,438,CDU-protocol-fast-v1,0.4111200328537152
860_OPPORTUNITY_id_19_HumanActivity_tr_808_1st_908.csv,OPPORTUNITY,M2N2,OPPORTUNITY,0.5871383142152801,0.8533380355622447,0.4322541672159148,0.6692470773141916,-0.2661997213469647,0.1548841469993652,-0.0821087630989115,0.1840909582480531,0.1,0.1,0.1,9057,1142,CDU-protocol-fast-v1,0.9862573414034204
861_OPPORTUNITY_id_20_HumanActivity_tr_2085_1st_2185.csv,OPPORTUNITY,M2N2,OPPORTUNITY,0.2365509154601663,0.2669523683629944,0.2567686394325014,0.2798453490950324,-0.0304014529028281,-0.020217723972335,-0.0432944336348661,-0.012892980732038,0.1,0.1,0.1,22194,818,CDU-protocol-fast-v1,0.03156132140058
862_OPPORTUNITY_id_21_HumanActivity_tr_500_1st_566.csv,OPPORTUNITY,M2N2,OPPORTUNITY,0.3344604207133003,0.4067945500712892,0.2527296157376064,0.3186303413690025,-0.0723341293579888,0.0817308049756939,0.0158300793442977,0.0881642087022866,0.1,0.1,0.1,15653,967,CDU-protocol-fast-v1,0.949827547220792
863_OPPORTUNITY_id_22_HumanActivity_tr_808_1st_908.csv,OPPORTUNITY,M2N2,OPPORTUNITY,0.5871383142152801,0.8387032793027022,0.4930868251713976,0.707307740923157,-0.2515649650874221,0.0940514890438824,-0.1201694267078768,0.1313955383795452,0.1,0.1,0.1,9057,1142,CDU-protocol-fast-v1,0.5601040422559995
865_OPPORTUNITY_id_24_HumanActivity_tr_2085_1st_2185.csv,OPPORTUNITY,M2N2,OPPORTUNITY,0.2365509154601663,0.2672391635365892,0.1868671691055432,0.2218085410855718,-0.0306882480764229,0.049683746354623,0.0147423743745944,0.0454306224510174,0.1,0.1,0.1,22194,818,CDU-protocol-fast-v1,0.931275412916642
866_OPPORTUNITY_id_25_HumanActivity_tr_6213_1st_7311.csv,OPPORTUNITY,M2N2,OPPORTUNITY,0.2296003845866163,0.3173672055964974,0.2647837581098891,0.3350419109202924,-0.087766821009881,-0.0351833735232728,-0.1054415263336761,-0.017674705323795,0.1,0.1,0.1,24852,872,CDU-protocol-fast-v1,0.0253371969299002
867_OPPORTUNITY_id_26_HumanActivity_tr_808_1st_908.csv,OPPORTUNITY,M2N2,OPPORTUNITY,0.5871383142152801,0.9450234805858582,0.4621792885107132,0.7490082886558644,-0.3578851663705781,0.1249590257045668,-0.1618699744405843,0.1960151919299937,0.1,0.1,0.1,9057,1142,CDU-protocol-fast-v1,0.6676741779946559
868_OPPORTUNITY_id_27_HumanActivity_tr_2085_1st_2185.csv,OPPORTUNITY,M2N2,OPPORTUNITY,0.2365509154601663,0.2875607068096743,0.1870891705437828,0.2392527530490142,-0.051009791349508,0.0494617449163834,-0.0027018375888479,0.04830795376066,0.1,0.1,0.1,22194,818,CDU-protocol-fast-v1,0.8522914534450315
869_OPPORTUNITY_id_28_HumanActivity_tr_500_1st_566.csv,OPPORTUNITY,M2N2,OPPORTUNITY,0.3344604207133003,0.4593897499875343,0.2967402352886646,0.3945917490849659,-0.124929329274234,0.0377201854246356,-0.0601313283716656,0.0647980009025683,0.1,0.1,0.1,15653,967,CDU-protocol-fast-v1,0.4861920572147246
870_OPPORTUNITY_id_29_HumanActivity_tr_1477_1st_1577.csv,OPPORTUNITY,M2N2,OPPORTUNITY,0.1781275678879195,0.1837525974478287,0.1485561681451161,0.1630829922634392,-0.0056250295599092,0.0295713997428034,0.0150445756244802,0.0206696051843894,0.1,0.1,0.1,18011,396,CDU-protocol-fast-v1,0.7676200998039957
001_NAB_id_1_Facility_tr_1007_1st_2014.csv,NAB,TranAD,NAB,0.4271930261014086,0.4049530644436562,0.4320385130526802,0.4057275383025634,0.0222399616577523,-0.0048454869512716,0.0214654877988451,-0.0007744738589072,0.1,0.1,0.1,4031,343,CDU-protocol-fast-v1,0.1451499438617141
002_NAB_id_2_WebService_tr_1500_1st_4106.csv,NAB,TranAD,NAB,0.5109811005857584,0.5019596616707005,0.4991672289090036,0.4881267356828692,0.0090214389150579,0.0118138716767547,0.0228543649028891,0.0138329259878312,0.1,0.1,0.1,6000,637,CDU-protocol-fast-v1,0.1875953809615461
005_NAB_id_5_Traffic_tr_594_1st_1645.csv,NAB,TranAD,NAB,0.4866326352417378,0.4225410306074325,0.4862015866388272,0.4260278236711965,0.0640916046343053,0.0004310486029105,0.0606048115705412,-0.003486793063764,0.1,0.1,0.1,2379,238,CDU-protocol-fast-v1,0.1296466242796466
006_NAB_id_6_Traffic_tr_2579_1st_5839.csv,NAB,TranAD,NAB,0.4857335332016683,0.5030185169729929,0.4838987319649477,0.5011423601920634,-0.0172849837713246,0.0018348012367205,-0.015408826990395,0.0018761567809295,0.1,0.1,0.1,10319,1030,CDU-protocol-fast-v1,0.1695848225824451
008_NAB_id_8_Synthetic_tr_1007_1st_2734.csv,NAB,TranAD,NAB,0.4853806728505995,0.3491487638325485,0.4943368223072407,0.3559781165377207,0.136231909018051,-0.0089561494566411,0.1294025563128787,-0.0068293527051722,0.1,0.1,0.1,4031,402,CDU-protocol-fast-v1,0.2188358962569028
009_NAB_id_9_Traffic_tr_500_1st_438.csv,NAB,TranAD,NAB,0.4862815616001811,0.4577284733710112,0.488642485163953,0.4589342990801322,0.0285530882291699,-0.0023609235637719,0.0273472625200488,-0.001205825709121,0.1,0.1,0.1,2161,216,CDU-protocol-fast-v1,0.1775224172484042
010_NAB_id_10_WebService_tr_500_1st_271.csv,NAB,TranAD,NAB,0.6772894492172364,0.6757135752540563,0.7134655752602455,0.710721284395601,0.0015758739631801,-0.036176126043009,-0.0334318351783645,-0.0350077091415447,0.1,0.1,0.1,1000,148,CDU-protocol-fast-v1,0.2697108437888102
011_NAB_id_11_Facility_tr_1007_1st_1526.csv,NAB,TranAD,NAB,0.5563893265106291,0.4704058326094067,0.5484521175381869,0.470476751251607,0.0859834939012224,0.0079372089724422,0.0859125752590221,-7.091864220026833e-05,0.1,0.1,0.1,4031,474,CDU-protocol-fast-v1,0.4485744117271564
013_NAB_id_13_Traffic_tr_623_1st_2084.csv,NAB,TranAD,NAB,0.4842338922682348,0.3962528349165996,0.4744799402626041,0.3979589044832888,0.0879810573516352,0.0097539520056307,0.086274987784946,-0.0017060695666892,0.1,0.1,0.1,2494,248,CDU-protocol-fast-v1,0.3075693876297157
014_NAB_id_14_WebService_tr_500_1st_1045.csv,NAB,TranAD,NAB,0.4820684243308183,0.4939130394542483,0.5271464777328148,0.5264635640247048,-0.0118446151234299,-0.0450780534019964,-0.0443951396938865,-0.0325505245704565,0.1,0.1,0.1,1537,152,CDU-protocol-fast-v1,0.0762430646536367
015_NAB_id_15_Synthetic_tr_1007_1st_2787.csv,NAB,TranAD,NAB,0.5948523472431452,0.7760293975346706,0.612011062108758,0.7714417577028722,-0.1811770502915254,-0.0171587148656128,-0.1765894104597269,0.0045876398317984,0.1,0.1,0.1,4031,513,CDU-protocol-fast-v1,0.1450885690372935
016_NAB_id_16_Environment_tr_1816_1st_3540.csv,NAB,TranAD,NAB,0.4850429707481395,0.4376926895900296,0.460337546033882,0.4212016735128681,0.0473502811581099,0.0247054247142575,0.0638412972352714,0.0164910160771615,0.1,0.1,0.1,7266,724,CDU-protocol-fast-v1,0.2361702932916275
017_NAB_id_17_Synthetic_tr_1007_1st_1805.csv,NAB,TranAD,NAB,0.4853806728505994,0.5534003198707411,0.4940403600575815,0.5616058864715922,-0.0680196470201417,-0.0086596872069821,-0.0762252136209927,-0.008205566600851,0.1,0.1,0.1,4031,402,CDU-protocol-fast-v1,0.1109703591625629
018_NAB_id_18_Facility_tr_500_1st_669.csv,NAB,TranAD,NAB,0.4862541770224173,0.5522336731389618,0.4681015074604668,0.5267143375882068,-0.0659794961165444,0.0181526695619504,-0.0404601605657895,0.0255193355507549,0.1,0.1,0.1,1881,188,CDU-protocol-fast-v1,0.2368756620096237
019_NAB_id_19_Facility_tr_1007_1st_1171.csv,NAB,TranAD,NAB,0.483408210248932,0.4719329833680825,0.4973129668853083,0.4751301249929039,0.0114752268808495,-0.0139047566363763,0.008278085256028,-0.0031971416248214,0.1,0.1,0.1,4031,400,CDU-protocol-fast-v1,0.1067990791077803
020_NAB_id_20_Synthetic_tr_1007_1st_2679.csv,NAB,TranAD,NAB,0.7013653277331897,0.8742667449843253,0.7825979267394848,0.9367761271691538,-0.1729014172511356,-0.081232599006295,-0.2354107994359641,-0.0625093821848284,0.1,0.1,0.1,4031,621,CDU-protocol-fast-v1,0.1416834425250855
022_NAB_id_22_Facility_tr_1007_1st_2980.csv,NAB,TranAD,NAB,0.6017559663489813,0.4471628834985517,0.5345238679723426,0.4114273633134972,0.1545930828504296,0.0672320983766386,0.1903286030354841,0.0357355201850544,0.1,0.1,0.1,4031,520,CDU-protocol-fast-v1,0.5039214276077052
023_NAB_id_23_Facility_tr_4512_1st_16551.csv,NAB,TranAD,NAB,0.4188672974141275,0.4009310411488355,0.3996079111453527,0.3821149174780575,0.0179362562652919,0.0192593862687747,0.0367523799360699,0.0188161236707779,0.1,0.1,0.1,18049,1498,CDU-protocol-fast-v1,0.229402935807557
024_NAB_id_24_Synthetic_tr_1007_1st_2787.csv,NAB,TranAD,NAB,0.5948523472431452,0.5576899651953611,0.5613506849924358,0.5210055556186831,0.0371623820477841,0.0335016622507093,0.073846791624462,0.0366844095766779,0.1,0.1,0.1,4031,513,CDU-protocol-fast-v1,0.4156593384246438
025_NAB_id_25_WebService_tr_3958_1st_4614.csv,NAB,TranAD,NAB,0.4856619904702664,0.5141484620284618,0.4920071293422773,0.5150062506026374,-0.0284864715581953,-0.0063451388720109,-0.0293442601323709,-0.0008577885741756,0.1,0.1,0.1,15832,1580,CDU-protocol-fast-v1,0.1083022269093693
026_NAB_id_26_Traffic_tr_624_1st_2261.csv,NAB,TranAD,NAB,0.4675345826450365,0.3812191677117147,0.4659633002933762,0.3806039099364739,0.0863154149333217,0.0015712823516602,0.0869306727085625,0.0006152577752407,0.1,0.1,0.1,2499,238,CDU-protocol-fast-v1,0.1389460354903222
027_NAB_id_27_Facility_tr_757_1st_2582.csv,NAB,TranAD,NAB,0.3512382483885998,0.2900068948565441,0.3654705192832551,0.3025873323962267,0.0612313535320557,-0.0142322708946552,0.048650915992373,-0.0125804375396826,0.1,0.1,0.1,3031,200,CDU-protocol-fast-v1,0.0929605512711138
028_NAB_id_28_Facility_tr_1007_1st_3447.csv,NAB,TranAD,NAB,0.5129951492739443,0.4682624740937041,0.5176547065548626,0.4732679538733534,0.0447326751802402,-0.0046595572809182,0.0397271954005908,-0.0050054797796493,0.1,0.1,0.1,4031,430,CDU-protocol-fast-v1,0.1620962135784222
032_WSD_id_4_WebService_tr_4559_1st_11822.csv,WSD,TranAD,WSD,0.1075299854438183,0.1116774515005216,0.1081905231136163,0.1135258441966904,-0.0041474660567032,-0.000660537669798,-0.0059958587528721,-0.0018483926961688,0.1,0.1,0.1,10686,32,CDU-protocol-fast-v1,0.0681537582990877
039_WSD_id_11_WebService_tr_1746_1st_1846.csv,WSD,TranAD,WSD,0.123945251401589,0.117165915369355,0.1231142416504631,0.1192272159416426,0.006779336032234,0.0008310097511258,0.0047180354599463,-0.0020613005722876,0.1,0.1,0.1,18219,132,CDU-protocol-fast-v1,0.1156301506406674
040_WSD_id_12_WebService_tr_4559_1st_9714.csv,WSD,TranAD,WSD,0.1046479863466841,0.1124326024770673,0.1053576030925318,0.1145131160470518,-0.0077846161303831,-0.0007096167458477,-0.0098651297003677,-0.0020805135699845,0.1,0.1,0.1,18236,41,CDU-protocol-fast-v1,0.011053092428731
043_WSD_id_15_WebService_tr_4521_1st_6828.csv,WSD,TranAD,WSD,0.097246602480544,0.102515453101583,0.0978392602504419,0.1009419237221426,-0.005268850621039,-0.0005926577698979,-0.0036953212415986,0.0015735293794403,0.1,0.1,0.1,18085,6,CDU-protocol-fast-v1,0.0709037619933464
049_WSD_id_21_WebService_tr_4297_1st_7097.csv,WSD,TranAD,WSD,0.1029301495095835,0.104141769354132,0.1033257241556245,0.1031580292268093,-0.0012116198445484,-0.000395574646041,-0.0002278797172258,0.0009837401273226,0.1,0.1,0.1,17189,31,CDU-protocol-fast-v1,0.0136807008018784
054_WSD_id_26_WebService_tr_2409_1st_2509.csv,WSD,TranAD,WSD,0.1098244691869262,0.1131182814548376,0.1117081392926445,0.1159341210172536,-0.0032938122679113,-0.0018836701057183,-0.0061096518303274,-0.002815839562416,0.1,0.1,0.1,18391,66,CDU-protocol-fast-v1,0.0135057901423989
058_WSD_id_30_WebService_tr_1136_1st_1236.csv,WSD,TranAD,WSD,0.0976595358796754,0.1041579276002816,0.0980862892153637,0.1002038670791163,-0.0064983917206062,-0.0004267533356883,-0.0025443311994409,0.0039540605211652,0.1,0.1,0.1,18236,8,CDU-protocol-fast-v1,0.1418624615114625
060_WSD_id_32_WebService_tr_4576_1st_4766.csv,WSD,TranAD,WSD,0.1174846082653973,0.1171885962943928,0.1179107233899356,0.119383640073086,0.0002960119710045,-0.0004261151245383,-0.0018990318076887,-0.0021950437786932,0.1,0.1,0.1,18305,102,CDU-protocol-fast-v1,0.0181675764961336
068_WSD_id_40_WebService_tr_4549_1st_13322.csv,WSD,TranAD,WSD,0.1021198938700692,0.1071976929509372,0.1019039282754393,0.1084963546000256,-0.005077799080868,0.0002159655946298,-0.0063764607299564,-0.0012986616490884,0.1,0.1,0.1,18197,29,CDU-protocol-fast-v1,0.0714445597914286
074_WSD_id_46_WebService_tr_990_1st_1090.csv,WSD,TranAD,WSD,0.1573790216886592,0.1352386893013269,0.1514114636131281,0.1334290572259393,0.0221403323873322,0.005967558075531,0.0239499644627198,0.0018096320753875,0.1,0.1,0.1,18236,290,CDU-protocol-fast-v1,0.3539387184613553
089_WSD_id_61_WebService_tr_1010_1st_1110.csv,WSD,TranAD,WSD,0.1493653476999775,0.128044486996481,0.1491368292461413,0.1281650297844506,0.0213208607034965,0.0002285184538361,0.0212003179155268,-0.0001205427879696,0.1,0.1,0.1,17429,241,CDU-protocol-fast-v1,0.1883694309659115
094_WSD_id_66_WebService_tr_3309_1st_3914.csv,WSD,TranAD,WSD,0.1061765244045372,0.1079952254932525,0.107321539374971,0.1108847332175639,-0.0018187010887152,-0.0011450149704338,-0.0047082088130267,-0.0028895077243114,0.1,0.1,0.1,13237,35,CDU-protocol-fast-v1,0.0441601396414662
099_WSD_id_71_WebService_tr_4559_1st_14411.csv,WSD,TranAD,WSD,0.1046479863466841,0.111021903213316,0.1056655554915376,0.1133908351072382,-0.0063739168666318,-0.0010175691448535,-0.0087428487605541,-0.0023689318939222,0.1,0.1,0.1,18236,41,CDU-protocol-fast-v1,0.0756971627091421
106_WSD_id_78_WebService_tr_3363_1st_3463.csv,WSD,TranAD,WSD,0.1427668070758227,0.1281631660111524,0.1349224786159674,0.1249647752960784,0.0146036410646702,0.0078443284598552,0.0178020317797442,0.0031983907150739,0.1,0.1,0.1,18236,221,CDU-protocol-fast-v1,0.697907193139998
113_WSD_id_85_WebService_tr_500_1st_335.csv,WSD,TranAD,WSD,0.1198876437419788,0.1188265995285171,0.1231568133717448,0.1232898487830023,0.0010610442134617,-0.003269169629766,-0.0034022050410234,-0.0044632492544851,0.1,0.1,0.1,18242,113,CDU-protocol-fast-v1,0.013714846126849
117_WSD_id_89_WebService_tr_3251_1st_3351.csv,WSD,TranAD,WSD,0.0966728392159828,0.1038122200571789,0.0973750540621603,0.1015435276764755,-0.0071393808411961,-0.0007022148461775,-0.0048706884604927,0.0022686923807033,0.1,0.1,0.1,16376,3,CDU-protocol-fast-v1,0.0400517324461075
125_WSD_id_97_WebService_tr_2217_1st_2317.csv,WSD,TranAD,WSD,0.1302459870741442,0.1302520570592606,0.1326116964031452,0.1329736661487968,-6.069985116402554e-06,-0.002365709329001,-0.0027276790746526,-0.0027216090895362,0.1,0.1,0.1,18250,162,CDU-protocol-fast-v1,0.0148624098608195
130_WSD_id_102_WebService_tr_2362_1st_2462.csv,WSD,TranAD,WSD,0.1372607551927249,0.1338780040566449,0.1358176956340827,0.1361585107216309,0.0033827511360799,0.0014430595586421,0.0011022444710939,-0.002280506664986,0.1,0.1,0.1,18236,195,CDU-protocol-fast-v1,0.0569898363690105
137_WSD_id_109_WebService_tr_4559_1st_14404.csv,WSD,TranAD,WSD,0.108459868419598,0.1147442587137088,0.1098677716148058,0.1176773517473457,-0.0062843902941108,-0.0014079031952078,-0.0092174833277477,-0.0029330930336369,0.1,0.1,0.1,18236,59,CDU-protocol-fast-v1,0.0376985352408685
139_WSD_id_111_WebService_tr_1701_1st_1801.csv,WSD,TranAD,WSD,0.1142441227835626,0.1124211147084028,0.1125098129536691,0.1126318648677105,0.0018230080751597,0.0017343098298934,0.001612257915852,-0.0002107501593077,0.1,0.1,0.1,18381,87,CDU-protocol-fast-v1,0.3356799240160856
140_MSL_id_1_Sensor_tr_530_1st_630.csv,MSL,TranAD,MSL,0.2873686381761706,0.3059045243505106,0.2895696833573402,0.3096097574764245,-0.0185358861743399,-0.0022010451811695,-0.0222411193002539,-0.0037052331259139,0.1,0.1,0.1,2430,121,CDU-protocol-fast-v1,0.0759725718587858
141_MSL_id_2_Sensor_tr_500_1st_550.csv,MSL,TranAD,MSL,0.6332567791885708,0.6388590499559477,0.6305653752076574,0.6338664698290475,-0.0056022707673768,0.0026914039809133,-0.0006096906404766,0.0049925801269001,0.1,0.1,0.1,2264,312,CDU-protocol-fast-v1,0.3444438571276108
143_MSL_id_4_Sensor_tr_980_1st_3550.csv,MSL,TranAD,MSL,0.2429866472843507,0.1940817129302176,0.2227824086538269,0.1771868178656851,0.0489049343541331,0.0202042386305237,0.0657998294186655,0.0168948950645324,0.1,0.1,0.1,3922,151,CDU-protocol-fast-v1,0.5970684519025812
144_MSL_id_5_Sensor_tr_1525_1st_4590.csv,MSL,TranAD,MSL,0.1760790536021126,0.169985411306579,0.1734483715526884,0.163759632101437,0.0060936422955336,0.0026306820494241,0.0123194215006755,0.0062257792051419,0.1,0.1,0.1,6100,131,CDU-protocol-fast-v1,0.0438447342237888
145_MSL_id_6_Sensor_tr_530_1st_630.csv,MSL,TranAD,MSL,0.2873686381761706,0.2761726888593286,0.2728959933749516,0.2740050281045806,0.0111959493168419,0.0144726448012189,0.0133636100715899,0.002167660754748,0.1,0.1,0.1,2430,121,CDU-protocol-fast-v1,0.1218373094650178
147_MSL_id_8_Sensor_tr_590_1st_690.csv,MSL,TranAD,MSL,0.4992263389006856,0.3907201765619901,0.5092827914710026,0.4049354432750872,0.1085061623386954,-0.010056452570317,0.0942908956255983,-0.014215266713097,0.1,0.1,0.1,2430,252,CDU-protocol-fast-v1,0.1251865327974947
148_MSL_id_9_Sensor_tr_883_1st_1238.csv,MSL,TranAD,MSL,0.3451521701195715,0.2882097530028368,0.3120122456369706,0.2660417384003906,0.0569424171167347,0.0331399244826008,0.0791104317191809,0.0221680146024462,0.1,0.1,0.1,3535,228,CDU-protocol-fast-v1,0.484643275123002
149_Stock_id_1_Finance_tr_500_1st_7.csv,Stock,TranAD,Stock,0.2842191306939363,0.2454306815710683,0.2761815504059592,0.243649012872608,0.0387884491228679,0.008037580287977,0.0405701178213282,0.0017816686984602,0.1,0.1,0.1,20000,981,CDU-protocol-fast-v1,0.9285211814919172
151_Stock_id_3_Finance_tr_500_1st_62.csv,Stock,TranAD,Stock,0.2828372009833035,0.2527133972023364,0.2858921251221981,0.2652864257447825,0.0301238037809671,-0.0030549241388945,0.017550775238521,-0.0125730285424461,0.1,0.1,0.1,10000,487,CDU-protocol-fast-v1,0.9148512097066576
155_Stock_id_7_Finance_tr_500_1st_18.csv,Stock,TranAD,Stock,0.2826397824532131,0.2421855532885009,0.2751289265043231,0.2419885735486118,0.0404542291647122,0.00751085594889,0.0406512089046012,0.000196979739889,0.1,0.1,0.1,20000,973,CDU-protocol-fast-v1,0.9663092199786396
156_Stock_id_8_Finance_tr_500_1st_24.csv,Stock,TranAD,Stock,0.2820475268629419,0.2562301892201621,0.2869273798099659,0.2695446364524442,0.0258173376427797,-0.004879852947024,0.0125028904104976,-0.0133144472322821,0.1,0.1,0.1,10000,485,CDU-protocol-fast-v1,0.1365468872790574
160_Stock_id_12_Finance_tr_500_1st_14.csv,Stock,TranAD,Stock,0.2842191306939363,0.2453936984954448,0.2770763236969938,0.2448352914183937,0.0388254321984914,0.0071428069969424,0.0393838392755425,0.000558407077051,0.1,0.1,0.1,20000,981,CDU-protocol-fast-v1,0.83236108766864
162_Stock_id_14_Finance_tr_500_1st_4.csv,Stock,TranAD,Stock,0.6354266957247445,0.5522324078821944,0.646645654745423,0.5721462191914576,0.0831942878425501,-0.0112189590206784,0.0632804765332869,-0.0199138113092631,0.1,0.1,0.1,10000,1380,CDU-protocol-fast-v1,0.9547121293512354
165_Stock_id_17_Finance_tr_500_1st_7.csv,Stock,TranAD,Stock,0.6429285998681795,0.5576391440709365,0.6445370989841573,0.5708211892409633,0.085289455797243,-0.0016084991159778,0.0721074106272162,-0.0131820451700267,0.1,0.1,0.1,20000,2798,CDU-protocol-fast-v1,0.9789476304624972
166_Stock_id_18_Finance_tr_500_1st_18.csv,Stock,TranAD,Stock,0.642731181338089,0.5600653335879421,0.6439026098043346,0.5735579726317683,0.0826658477501469,-0.0011714284662455,0.0691732087063207,-0.0134926390438262,0.1,0.1,0.1,20000,2797,CDU-protocol-fast-v1,0.8977458889515012
169_Daphnet_id_1_HumanActivity_tr_9693_1st_20732.csv,Daphnet,TranAD,Daphnet,0.3254223915528967,0.2368700903937531,0.3424702937187551,0.2513946539049289,0.0885523011591436,-0.0170479021658584,0.0740277376479678,-0.0145245635111757,0.1,0.1,0.1,38774,2306,CDU-protocol-fast-v1,0.1960418063726212
170_MITDB_id_1_Medical_tr_17675_1st_17775.csv,MITDB,TranAD,MITDB,0.271582878822378,0.2887418738617924,0.2775937265230936,0.2972880498265682,-0.0171589950394143,-0.0060108477007156,-0.0257051710041902,-0.0085461759647758,0.1,0.1,0.1,500000,22845,CDU-protocol-fast-v1,0.0502166598772291
171_MITDB_id_2_Medical_tr_50000_1st_88864.csv,MITDB,TranAD,MITDB,0.211197624167007,0.1696606055995633,0.2034950387585128,0.1679162212619895,0.0415370185674436,0.0077025854084941,0.0432814029050174,0.0017443843375737,0.1,0.1,0.1,650000,19657,CDU-protocol-fast-v1,0.123407901258953
172_MITDB_id_3_Medical_tr_27274_1st_27374.csv,MITDB,TranAD,MITDB,0.2018886191173119,0.2604056175074725,0.2100531062185175,0.2759680024292664,-0.0585169983901605,-0.0081644871012055,-0.0740793833119545,-0.0155623849217939,0.1,0.1,0.1,650000,18109,CDU-protocol-fast-v1,0.0249771860063814
173_MITDB_id_4_Medical_tr_13620_1st_13720.csv,MITDB,TranAD,MITDB,0.49398571361269,0.5355416748998293,0.4937951308340356,0.5397185255720082,-0.0415559612871392,0.0001905827786543,-0.0457328119593181,-0.0041768506721788,0.1,0.1,0.1,650000,66682,CDU-protocol-fast-v1,0.1627507124889427
175_MITDB_id_6_Medical_tr_27274_1st_27374.csv,MITDB,TranAD,MITDB,0.2018886191173119,0.2007848397009577,0.2018159038217225,0.2078414152109911,0.0011037794163542,7.271529558938727e-05,-0.0059527960936792,-0.0070565755100334,0.1,0.1,0.1,650000,18109,CDU-protocol-fast-v1,0.0408510856838805
176_MITDB_id_7_Medical_tr_6232_1st_6332.csv,MITDB,TranAD,MITDB,0.3231402139603378,0.2623315432049894,0.3131505205625722,0.2579525840641385,0.0608086707553484,0.0099896933977655,0.0651876298961993,0.0043789591408509,0.1,0.1,0.1,650000,38272,CDU-protocol-fast-v1,0.1809112109813353
177_MITDB_id_8_Medical_tr_17675_1st_17775.csv,MITDB,TranAD,MITDB,0.2561009450365638,0.2477174295812171,0.2632680798947383,0.2584816346564413,0.0083835154553466,-0.0071671348581745,-0.0023806896198775,-0.0107642050752242,0.1,0.1,0.1,650000,27124,CDU-protocol-fast-v1,0.048396948895516
178_SMD_id_1_Facility_tr_6000_1st_10609.csv,SMD,TranAD,SMD,0.1638312951952854,0.1537953957124617,0.1692226570474195,0.15341284102441,0.0100358994828236,-0.0053913618521341,0.0104184541708753,0.0003825546880516,0.1,0.1,0.1,24000,427,CDU-protocol-fast-v1,0.0228489587929368
179_SMD_id_2_Facility_tr_5925_1st_17580.csv,SMD,TranAD,SMD,0.1211528492406375,0.1171366726745031,0.1222451738127334,0.1067134134767038,0.0040161765661343,-0.0010923245720959,0.0144394357639336,0.0104232591977992,0.1,0.1,0.1,23703,161,CDU-protocol-fast-v1,0.0252447977260608
180_SMD_id_3_Facility_tr_5925_1st_17580.csv,SMD,TranAD,SMD,0.1211528492406375,0.1100294495002292,0.1150317513495657,0.1048198909564692,0.0111233997404082,0.0061210978910717,0.0163329582841682,0.0052095585437599,0.1,0.1,0.1,23703,161,CDU-protocol-fast-v1,0.4493899129936721
181_SMD_id_4_Facility_tr_5000_1st_15144.csv,SMD,TranAD,SMD,0.2709547640029155,0.2117561266938344,0.2569670647394436,0.1928565291139156,0.0591986373090811,0.0139876992634719,0.0780982348889998,0.0188995975799187,0.1,0.1,0.1,20000,908,CDU-protocol-fast-v1,0.5428677537533934
183_SMD_id_6_Facility_tr_5925_1st_17580.csv,SMD,TranAD,SMD,0.1211528492406375,0.1188709987924464,0.1211034391203915,0.1080220424317744,0.002281850448191,4.9410120245951816e-05,0.013130806808863,0.0108489563606719,0.1,0.1,0.1,23703,161,CDU-protocol-fast-v1,0.0721542298571225
184_SMD_id_7_Facility_tr_7119_1st_15849.csv,SMD,TranAD,SMD,0.4618409014875731,0.3905077706318494,0.4608359156306509,0.3922625289166691,0.0713331308557237,0.0010049858569222,0.0695783725709039,-0.0017547582848197,0.1,0.1,0.1,28479,2694,CDU-protocol-fast-v1,0.1959989415730034
185_SMD_id_8_Facility_tr_5000_1st_15144.csv,SMD,TranAD,SMD,0.2709547640029155,0.2062684251945096,0.2596180818886416,0.1936111007854286,0.0646863388084059,0.0113366821142739,0.0773436632174869,0.0126573244090809,0.1,0.1,0.1,20000,908,CDU-protocol-fast-v1,0.5327335646519118
187_SMD_id_10_Facility_tr_5000_1st_15849.csv,SMD,TranAD,SMD,0.5196700438303502,0.4536615152933103,0.4802426762012546,0.4230262254221746,0.0660085285370399,0.0394273676290955,0.0966438184081756,0.0306352898711356,0.1,0.1,0.1,20000,2190,CDU-protocol-fast-v1,0.3732546083974963
188_SMD_id_11_Facility_tr_500_1st_392.csv,SMD,TranAD,SMD,0.2285381802882731,0.1818046186838234,0.2324072717308172,0.1864923678443155,0.0467335616044497,-0.0038690914425441,0.0420458124439576,-0.0046877491604921,0.1,0.1,0.1,23703,817,CDU-protocol-fast-v1,0.1123914904024311
189_SMD_id_12_Facility_tr_5925_1st_17580.csv,SMD,TranAD,SMD,0.1211528492406375,0.1190850138092801,0.1199044034565279,0.1087835977241309,0.0020678354313573,0.0012484457841095,0.0123692515165065,0.0103014160851491,0.1,0.1,0.1,23703,161,CDU-protocol-fast-v1,0.2254441282695687
190_SMD_id_13_Facility_tr_7119_1st_15849.csv,SMD,TranAD,SMD,0.4618409014875731,0.3919164966075203,0.4658684944840835,0.398724576834524,0.0699244048800528,-0.0040275929965103,0.063116324653049,-0.0068080802270037,0.1,0.1,0.1,28479,2694,CDU-protocol-fast-v1,0.205079953447515
191_SMD_id_14_Facility_tr_4596_1st_4696.csv,SMD,TranAD,SMD,0.119753404460246,0.1130077511720168,0.1163456149368202,0.1111590235666454,0.0067456532882292,0.0034077895234257,0.0085943808936005,0.0018487276053713,0.1,0.1,0.1,22700,146,CDU-protocol-fast-v1,0.2391184350772662
192_SMD_id_15_Facility_tr_5925_1st_17580.csv,SMD,TranAD,SMD,0.1211528492406375,0.1188449945822097,0.1183415727446437,0.1079612168495535,0.0023078546584277,0.0028112764959937,0.0131916323910839,0.0108837777326561,0.1,0.1,0.1,23703,161,CDU-protocol-fast-v1,0.6504258336997111
194_SMD_id_17_Facility_tr_5925_1st_17580.csv,SMD,TranAD,SMD,0.1211528492406375,0.120780238185619,0.1178460235243765,0.1047372749950343,0.0003726110550184,0.0033068257162609,0.0164155742456031,0.0160429631905846,0.1,0.1,0.1,23703,161,CDU-protocol-fast-v1,0.546597079123647
195_SMD_id_18_Facility_tr_5925_1st_17580.csv,SMD,TranAD,SMD,0.1211528492406375,0.1199466435746843,0.1214852276483118,0.1089721583484697,0.0012062056659531,-0.0003323784076743,0.0121806908921677,0.0109744852262145,0.1,0.1,0.1,23703,161,CDU-protocol-fast-v1,0.1081531085716732
196_SMD_id_19_Facility_tr_7174_1st_21230.csv,SMD,TranAD,SMD,0.1207587804090861,0.1132244898334223,0.1222188911591158,0.1095569878034976,0.0075342905756637,-0.0014601107500297,0.0112017926055884,0.0036675020299246,0.1,0.1,0.1,28696,192,CDU-protocol-fast-v1,0.0836387953442901
197_SMD_id_20_Facility_tr_5000_1st_15144.csv,SMD,TranAD,SMD,0.2709547640029155,0.2110341991262148,0.2558599378749635,0.1908225726157834,0.0599205648767007,0.015094826127952,0.0801321913871321,0.0202116265104313,0.1,0.1,0.1,20000,908,CDU-protocol-fast-v1,0.547372027104731
198_SMD_id_21_Facility_tr_5925_1st_17580.csv,SMD,TranAD,SMD,0.1211528492406375,0.1026275190672519,0.1195033834589694,0.0976198814956984,0.0185253301733856,0.001649465781668,0.023532967744939,0.0050076375715534,0.1,0.1,0.1,23703,161,CDU-protocol-fast-v1,0.3413347189898343
199_SMD_id_22_Facility_tr_5925_1st_17580.csv,SMD,TranAD,SMD,0.1211528492406375,0.1183540435536104,0.121189942880655,0.1101893081520146,0.0027988056870271,-3.709364001756865e-05,0.0109635410886229,0.0081647354015958,0.1,0.1,0.1,23703,161,CDU-protocol-fast-v1,0.1334405484370543
201_SMD_id_24_Facility_tr_7174_1st_21230.csv,SMD,TranAD,SMD,0.1215700670490047,0.1156505215331957,0.1231378980812092,0.1111844884445771,0.0059195455158089,-0.0015678310322045,0.0103855786044275,0.0044660330886185,0.1,0.1,0.1,28696,198,CDU-protocol-fast-v1,0.0725742884341605
202_SMD_id_25_Facility_tr_6250_1st_21230.csv,SMD,TranAD,SMD,0.1050411077560964,0.1013703232409772,0.1067333658273648,0.0967784931059697,0.0036707845151192,-0.0016922580712683,0.0082626146501266,0.0045918301350074,0.1,0.1,0.1,25000,66,CDU-protocol-fast-v1,0.0208638709607255
203_SMD_id_26_Facility_tr_7174_1st_21230.csv,SMD,TranAD,SMD,0.1215700670490047,0.1200077187712047,0.1226671832096222,0.1135107758109317,0.0015623482777999,-0.0010971161606175,0.0080592912380729,0.0064969429602729,0.1,0.1,0.1,28696,198,CDU-protocol-fast-v1,0.0851040018247485
204_SMD_id_27_Facility_tr_5000_1st_15144.csv,SMD,TranAD,SMD,0.2709547640029155,0.2069648302629172,0.2582328683910489,0.196183609166929,0.0639899337399983,0.0127218956118665,0.0747711548359865,0.0107812210959881,0.1,0.1,0.1,20000,908,CDU-protocol-fast-v1,0.5032998592167934
205_SMD_id_28_Facility_tr_5925_1st_17580.csv,SMD,TranAD,SMD,0.1211528492406375,0.1193331199463451,0.1214172455706718,0.1084786736546549,0.0018197292942924,-0.0002643963300343,0.0126741755859825,0.0108544462916901,0.1,0.1,0.1,23703,161,CDU-protocol-fast-v1,0.0888333672478246
206_SMD_id_29_Facility_tr_6250_1st_21230.csv,SMD,TranAD,SMD,0.1050411077560964,0.0999328127973178,0.1067560870958325,0.0962529517294158,0.0051082949587785,-0.0017149793397361,0.0087881560266806,0.003679861067902,0.1,0.1,0.1,25000,66,CDU-protocol-fast-v1,0.0207505178073068
207_SMD_id_30_Facility_tr_7174_1st_21230.csv,SMD,TranAD,SMD,0.1215700670490047,0.1169352311823476,0.1213917042469779,0.109784469825809,0.004634835866657,0.0001783628020267,0.0117855972231956,0.0071507613565385,0.1,0.1,0.1,28696,198,CDU-protocol-fast-v1,0.0816768020337231
208_SMD_id_31_Facility_tr_5000_1st_15144.csv,SMD,TranAD,SMD,0.2709547640029155,0.206706762159856,0.2582934075437038,0.1905893690388737,0.0642480018430595,0.0126613564592117,0.0803653949640418,0.0161173931209823,0.1,0.1,0.1,20000,908,CDU-protocol-fast-v1,0.5589672554608137
209_SMD_id_32_Facility_tr_5925_1st_17580.csv,SMD,TranAD,SMD,0.1211528492406375,0.1135918212557138,0.1177317893822713,0.1108715781018978,0.0075610279849236,0.0034210598583661,0.0102812711387396,0.0027202431538159,0.1,0.1,0.1,23703,161,CDU-protocol-fast-v1,0.5164862964023516
211_SMD_id_34_Facility_tr_5925_1st_17580.csv,SMD,TranAD,SMD,0.1211528492406375,0.1167572483688051,0.1182561004254997,0.0997267718403875,0.0043956008718323,0.0028967488151377,0.0214260774002499,0.0170304765284175,0.1,0.1,0.1,23703,161,CDU-protocol-fast-v1,0.6746435763218628
212_SMD_id_35_Facility_tr_5925_1st_17580.csv,SMD,TranAD,SMD,0.1211528492406375,0.1120833026663713,0.1189275195857053,0.1109779234160491,0.0090695465742662,0.0022253296549321,0.0101749258245883,0.0011053792503221,0.1,0.1,0.1,23703,161,CDU-protocol-fast-v1,0.3621577261336646
213_SMD_id_36_Facility_tr_5925_1st_17580.csv,SMD,TranAD,SMD,0.1211528492406375,0.1163881516323721,0.1158492705772264,0.0955192184917268,0.0047646976082654,0.0053035786634111,0.0256336307489106,0.0208689331406452,0.1,0.1,0.1,23703,161,CDU-protocol-fast-v1,0.9082289998358754
214_SMD_id_37_Facility_tr_5925_1st_17580.csv,SMD,TranAD,SMD,0.1211528492406375,0.1171415301151051,0.1222437399589972,0.1067224256075431,0.0040113191255324,-0.0010908907183597,0.0144304236330943,0.0104191045075619,0.1,0.1,0.1,23703,161,CDU-protocol-fast-v1,0.0248452319780952
215_SMD_id_38_Facility_tr_5925_1st_17580.csv,SMD,TranAD,SMD,0.1211528492406375,0.112376640965352,0.1177551653340665,0.1073364354075653,0.0087762082752854,0.0033976839065709,0.0138164138330721,0.0050402055577866,0.1,0.1,0.1,23703,161,CDU-protocol-fast-v1,0.5609594755695652
216_LTDB_id_1_Medical_tr_500_1st_266.csv,LTDB,TranAD,LTDB,0.6891010258760193,0.8135599863558549,0.7182971578334799,0.8376735095475215,-0.1244589604798356,-0.0291961319574606,-0.1485724836715022,-0.0241135231916665,0.1,0.1,0.1,100000,14857,CDU-protocol-fast-v1,0.1774403159934851
218_LTDB_id_3_Medical_tr_500_1st_266.csv,LTDB,TranAD,LTDB,0.6891010258760193,0.8116671806914406,0.7188245463032655,0.8322710811663339,-0.1225661548154213,-0.0297235204272462,-0.1431700552903145,-0.0206039004748932,0.1,0.1,0.1,100000,14857,CDU-protocol-fast-v1,0.1815498166053601
219_LTDB_id_4_Medical_tr_3618_1st_3718.csv,LTDB,TranAD,LTDB,0.6859997535145896,0.5360155259800385,0.6487795366442204,0.5120038955315573,0.1499842275345511,0.0372202168703692,0.1739958579830323,0.0240116304484812,0.1,0.1,0.1,100000,14781,CDU-protocol-fast-v1,0.4119879572060667
220_LTDB_id_5_Medical_tr_500_1st_26.csv,LTDB,TranAD,LTDB,1.370891270807115,1.255518898174517,1.3665263985179097,1.2589888695166254,0.1153723726325981,0.0043648722892055,0.1119024012904896,-0.0034699713421084,0.1,0.1,0.1,100000,31565,CDU-protocol-fast-v1,0.4760299258418697
221_LTDB_id_6_Medical_tr_500_1st_26.csv,LTDB,TranAD,LTDB,1.370891270807115,1.3280117005197238,1.3875714760363682,1.3520181953495267,0.0428795702873912,-0.0166802052292531,0.0188730754575883,-0.0240064948298028,0.1,0.1,0.1,100000,31565,CDU-protocol-fast-v1,0.4358079888646916
222_LTDB_id_7_Medical_tr_3618_1st_3718.csv,LTDB,TranAD,LTDB,0.6859997535145896,0.54009858408009,0.664351383717067,0.5287237404444554,0.1459011694344996,0.0216483697975226,0.1572760130701342,0.0113748436356346,0.1,0.1,0.1,100000,14781,CDU-protocol-fast-v1,0.3782291666805309
223_LTDB_id_8_Medical_tr_4456_1st_4556.csv,LTDB,TranAD,LTDB,0.7422307181731396,0.6884882427890551,0.7466091093965261,0.703708350195347,0.0537424753840845,-0.0043783912233865,0.0385223679777925,-0.0152201074062919,0.1,0.1,0.1,100000,16159,CDU-protocol-fast-v1,0.248822141926444
224_LTDB_id_9_Medical_tr_4456_1st_4556.csv,LTDB,TranAD,LTDB,0.7422307181731396,0.6489258264292193,0.7475589758202331,0.6588240173056054,0.0933048917439203,-0.0053282576470935,0.0834067008675342,-0.0098981908763861,0.1,0.1,0.1,100000,16159,CDU-protocol-fast-v1,0.2550738919293085
225_MGAB_id_1_Synthetic_tr_25000_1st_38478.csv,MGAB,TranAD,MGAB,0.1039169459995007,0.0979115798404858,0.1043145035413095,0.1000446171171514,0.0060053661590148,-0.0003975575418088,0.0038723288823492,-0.0021330372766656,0.1,0.1,0.1,100000,200,CDU-protocol-fast-v1,0.0049913740976678
226_MGAB_id_2_Synthetic_tr_20000_1st_45134.csv,MGAB,TranAD,MGAB,0.1029523934361121,0.0978226278592649,0.1031545362542668,0.0998157554294296,0.0051297655768471,-0.0002021428181547,0.0031366380066824,-0.0019931275701647,0.1,0.1,0.1,80000,140,CDU-protocol-fast-v1,0.0043496823328458
227_MGAB_id_3_Synthetic_tr_25000_1st_44340.csv,MGAB,TranAD,MGAB,0.1039169459995007,0.0979524953332422,0.1045077395482911,0.1002491286600942,0.0059644506662585,-0.0005907935487904,0.0036678173394064,-0.002296633326852,0.1,0.1,0.1,100000,200,CDU-protocol-fast-v1,0.0040125052759979
228_MGAB_id_4_Synthetic_tr_25000_1st_38948.csv,MGAB,TranAD,MGAB,0.1039169459995007,0.0986708666196153,0.1041982311628705,0.1007176036162366,0.0052460793798854,-0.0002812851633698,0.003199342383264,-0.0020467369966213,0.1,0.1,0.1,100000,200,CDU-protocol-fast-v1,0.0053019478138646
229_MGAB_id_5_Synthetic_tr_25000_1st_33098.csv,MGAB,TranAD,MGAB,0.1039169459995007,0.0981966680969096,0.1043013497461692,0.100222139538334,0.005720277902591,-0.0003844037466685,0.0036948064611666,-0.0020254714414244,0.1,0.1,0.1,100000,200,CDU-protocol-fast-v1,0.003945957123896
231_MGAB_id_7_Synthetic_tr_25000_1st_35544.csv,MGAB,TranAD,MGAB,0.1039169459995007,0.0978956366509571,0.1040965883728887,0.0997659454485007,0.0060213093485435,-0.000179642373388,0.0041510005509999,-0.0018703087975436,0.1,0.1,0.1,100000,200,CDU-protocol-fast-v1,0.0052705036086687
232_MGAB_id_8_Synthetic_tr_25000_1st_32708.csv,MGAB,TranAD,MGAB,0.1039169459995007,0.098360244024226,0.1043781805751229,0.1005160564827551,0.0055567019752747,-0.0004612345756222,0.0034008895167455,-0.0021558124585291,0.1,0.1,0.1,100000,200,CDU-protocol-fast-v1,0.0046983927050291
233_MGAB_id_9_Synthetic_tr_25000_1st_41300.csv,MGAB,TranAD,MGAB,0.1039169459995007,0.0983871495209075,0.1044124258667378,0.1005957634993342,0.0055297964785931,-0.0004954798672371,0.0033211825001664,-0.0022086139784267,0.1,0.1,0.1,100000,200,CDU-protocol-fast-v1,0.0064062756033812
234_SED_id_1_Medical_tr_3740_1st_3840.csv,SED,TranAD,SED,0.2807100157311135,0.3622889568139242,0.3123420861606293,0.3876965758198984,-0.0815789410828107,-0.0316320704295158,-0.1069865600887849,-0.0254076190059742,0.1,0.1,0.1,19999,960,CDU-protocol-fast-v1,0.058486216489952
236_SED_id_3_Medical_tr_3740_1st_3840.csv,SED,TranAD,SED,0.2369935222269394,0.3042156069040745,0.2705241722009245,0.33259450343295,-0.0672220846771351,-0.0335306499739851,-0.0956009812060106,-0.0283788965288754,0.1,0.1,0.1,39999,1472,CDU-protocol-fast-v1,0.0417964560257334
237_SVDB_id_1_Medical_tr_11587_1st_11687.csv,SVDB,TranAD,SVDB,0.388165207582728,0.285981930812124,0.3711732308225382,0.2783016921823094,0.102183276770604,0.0169919767601897,0.1098635154004186,0.0076802386298145,0.1,0.1,0.1,130400,9852,CDU-protocol-fast-v1,0.2102992905752527
238_SVDB_id_2_Medical_tr_25000_1st_71963.csv,SVDB,TranAD,SVDB,0.1200336852038119,0.1106797733902398,0.1195239777300056,0.1152568465000288,0.0093539118135721,0.0005097074738062,0.004776838703783,-0.004577073109789,0.1,0.1,0.1,100000,676,CDU-protocol-fast-v1,0.0152057993895566
239_SVDB_id_3_Medical_tr_50000_1st_106634.csv,SVDB,TranAD,SVDB,0.1529458823630081,0.1454441598335838,0.1507704874239389,0.1445399944122782,0.0075017225294242,0.0021753949390691,0.0084058879507298,0.0009041654213055,0.1,0.1,0.1,230400,3503,CDU-protocol-fast-v1,0.0579205170926032
240_SVDB_id_4_Medical_tr_18462_1st_18562.csv,SVDB,TranAD,SVDB,0.273147030425738,0.2512344580954489,0.2689575896622267,0.2503284077335633,0.021912572330289,0.0041894407635112,0.0228186226921746,0.0009060503618855,0.1,0.1,0.1,130400,6004,CDU-protocol-fast-v1,0.1121691719034459
241_SVDB_id_5_Medical_tr_11587_1st_11687.csv,SVDB,TranAD,SVDB,0.388165207582728,0.3260048650495591,0.3827149234669376,0.3260665415634849,0.0621603425331688,0.0054502841157903,0.062098666019243,-6.167651392580131e-05,0.1,0.1,0.1,130400,9852,CDU-protocol-fast-v1,0.1484115824211838
243_SVDB_id_7_Medical_tr_11393_1st_11493.csv,SVDB,TranAD,SVDB,0.213533155492278,0.210862519827718,0.2159753265590203,0.2145167173471255,0.0026706356645599,-0.0024421710667423,-0.0009835618548475,-0.0036541975194075,0.1,0.1,0.1,180400,5547,CDU-protocol-fast-v1,0.0389923680926763
244_SVDB_id_8_Medical_tr_17803_1st_17903.csv,SVDB,TranAD,SVDB,0.211483179210855,0.1833569314321821,0.2131998122358518,0.1871911006283579,0.0281262477786728,-0.0017166330249968,0.0242920785824971,-0.0038341691961757,0.1,0.1,0.1,130400,3941,CDU-protocol-fast-v1,0.0492252798685905
245_SVDB_id_9_Medical_tr_12607_1st_12707.csv,SVDB,TranAD,SVDB,0.4154187379111702,0.3297470153080774,0.4055544183940004,0.3249294459585261,0.0856717226030928,0.0098643195171697,0.0904892919526441,0.0048175693495512,0.1,0.1,0.1,180400,14891,CDU-protocol-fast-v1,0.1915162735490112
246_SVDB_id_10_Medical_tr_20100_1st_68460.csv,SVDB,TranAD,SVDB,0.119621420445735,0.114088665285106,0.1183823089043898,0.1163073312100276,0.0055327551606289,0.0012391115413451,0.0033140892357073,-0.0022186659249216,0.1,0.1,0.1,80400,535,CDU-protocol-fast-v1,0.0274133007990781
247_SVDB_id_11_Medical_tr_20100_1st_23611.csv,SVDB,TranAD,SVDB,0.139497778725546,0.1302767391436085,0.1406083366976314,0.1306682631358375,0.0092210395819375,-0.0011105579720853,0.0088295155897084,-0.000391523992229,0.1,0.1,0.1,80400,945,CDU-protocol-fast-v1,0.0320014081664609
248_SVDB_id_12_Medical_tr_18462_1st_18562.csv,SVDB,TranAD,SVDB,0.273147030425738,0.2433546891235372,0.2700431706955325,0.2429797707372876,0.0297923413022008,0.0031038597302054,0.0301672596884503,0.0003749183862495,0.1,0.1,0.1,130400,6004,CDU-protocol-fast-v1,0.0987345704362317
249_SVDB_id_13_Medical_tr_50000_1st_54982.csv,SVDB,TranAD,SVDB,0.2388002868865439,0.216361872411146,0.2344440458735256,0.2129056183022074,0.0224384144753979,0.0043562410130182,0.0258946685843364,0.0034562541089385,0.1,0.1,0.1,230400,8578,CDU-protocol-fast-v1,0.0769666592552285
250_SVDB_id_14_Medical_tr_50000_1st_107354.csv,SVDB,TranAD,SVDB,0.2031220722776498,0.1857485190772914,0.2006467155174347,0.1880780572720504,0.0173735532003584,0.002475356760215,0.0150440150055993,-0.002329538194759,0.1,0.1,0.1,230400,6469,CDU-protocol-fast-v1,0.0456012069912188
251_SVDB_id_15_Medical_tr_5421_1st_5521.csv,SVDB,TranAD,SVDB,0.3103766387169045,0.247370481310884,0.3048492643689133,0.2466892421940816,0.0630061574060205,0.0055273743479912,0.0636873965228229,0.0006812391168024,0.1,0.1,0.1,230400,12809,CDU-protocol-fast-v1,0.1428009605025269
253_SVDB_id_17_Medical_tr_17803_1st_17903.csv,SVDB,TranAD,SVDB,0.211483179210855,0.1771340492479634,0.2117971028102458,0.1813962546467838,0.0343491299628916,-0.0003139235993908,0.0300869245640711,-0.0042622053988204,0.1,0.1,0.1,130400,3941,CDU-protocol-fast-v1,0.0513522243681417
254_SVDB_id_18_Medical_tr_30824_1st_30924.csv,SVDB,TranAD,SVDB,0.2264338692103459,0.2070460778166376,0.2280156360783025,0.2092498642574868,0.0193877913937082,-0.0015817668679566,0.017184004952859,-0.0022037864408492,0.1,0.1,0.1,230400,7847,CDU-protocol-fast-v1,0.0509405968520817
255_SVDB_id_19_Medical_tr_50000_1st_54982.csv,SVDB,TranAD,SVDB,0.2388002868865439,0.2268156172329392,0.2429856326095487,0.233099168729877,0.0119846696536047,-0.0041853457230048,0.0057011181566668,-0.0062835514969378,0.1,0.1,0.1,230400,8578,CDU-protocol-fast-v1,0.0540771883134735
256_SVDB_id_20_Medical_tr_6264_1st_6364.csv,SVDB,TranAD,SVDB,0.2199546107014761,0.2250920153077216,0.2256187081151928,0.2323696749200248,-0.0051374046062455,-0.0056640974137167,-0.0124150642185487,-0.0072776596123032,0.1,0.1,0.1,230400,7464,CDU-protocol-fast-v1,0.0404785694891491
257_TAO_id_1_Environment_tr_500_1st_3.csv,TAO,TranAD,TAO,0.468621312894117,0.430256857375221,0.4887294122883372,0.4662344857733614,0.038364455518896,-0.0201080993942202,0.0023868271207555,-0.0359776283981404,0.1,0.1,0.1,10000,954,CDU-protocol-fast-v1,0.9151254568216166
258_TAO_id_2_Environment_tr_500_1st_4.csv,TAO,TranAD,TAO,0.6385037656405279,0.5969515644455765,0.6643074540596137,0.638159065451785,0.0415522011949514,-0.0258036884190857,0.0003447001887428,-0.0412075010062085,0.1,0.1,0.1,10000,1380,CDU-protocol-fast-v1,0.953995977204487
260_IOPS_id_1_WebService_tr_5000_1st_11804.csv,IOPS,TranAD,IOPS,0.0979723308130136,0.1037534639417617,0.0985779627021143,0.1014237289483671,-0.0057811331287481,-0.0006056318891007,-0.0034513981353535,0.0023297349933945,0.1,0.1,0.1,20000,14,CDU-protocol-fast-v1,0.0778677880060137
261_IOPS_id_2_WebService_tr_2178_1st_2278.csv,IOPS,TranAD,IOPS,0.097906725345047,0.0929611708911408,0.0987256470487753,0.0953759441673053,0.0049455544539062,-0.0008189217037282,0.0025307811777416,-0.0024147732761645,0.1,0.1,0.1,8784,6,CDU-protocol-fast-v1,0.1311297934721265
262_IOPS_id_3_WebService_tr_7028_1st_7128.csv,IOPS,TranAD,IOPS,0.1789482131720608,0.156210492951902,0.1700902651382384,0.1497377351587353,0.0227377202201587,0.0088579480338223,0.0292104780133254,0.0064727577931666,0.1,0.1,0.1,125135,2704,CDU-protocol-fast-v1,0.206404037128453
263_IOPS_id_4_WebService_tr_3482_1st_3582.csv,IOPS,TranAD,IOPS,0.1157782507106415,0.1117566293448858,0.1154120819638826,0.1128988798942077,0.0040216213657557,0.0003661687467588,0.0028793708164337,-0.0011422505493219,0.1,0.1,0.1,149123,790,CDU-protocol-fast-v1,0.1009642107216274
264_IOPS_id_5_WebService_tr_11665_1st_11765.csv,IOPS,TranAD,IOPS,0.1534184746192168,0.1631623585719787,0.1458456971276745,0.1519658936491785,-0.0097438839527619,0.0075727774915422,0.0014525809700382,0.0111964649228001,0.1,0.1,0.1,60000,901,CDU-protocol-fast-v1,0.060565161372726
266_IOPS_id_7_WebService_tr_4010_1st_4110.csv,IOPS,TranAD,IOPS,0.1585090970453211,0.1445908611305169,0.1485679386378075,0.135825426465958,0.0139182359148042,0.0099411584075135,0.022683670579363,0.0087654346645588,0.1,0.1,0.1,89155,1456,CDU-protocol-fast-v1,0.2335847640051765
267_IOPS_id_8_WebService_tr_1534_1st_1882.csv,IOPS,TranAD,IOPS,0.1287022791406064,0.1255397389426583,0.1243198790026425,0.1189370729884996,0.003162540197948,0.0043824001379638,0.0097652061521067,0.0066026659541586,0.1,0.1,0.1,6138,53,CDU-protocol-fast-v1,0.3069135888062632
268_IOPS_id_9_WebService_tr_6216_1st_6316.csv,IOPS,TranAD,IOPS,0.2809736274044396,0.244889539856972,0.2756557834995848,0.2450791811073723,0.0360840875474675,0.0053178439048547,0.0358944462970672,-0.0001896412504003,0.1,0.1,0.1,29133,1397,CDU-protocol-fast-v1,0.0732808370274278
269_IOPS_id_10_WebService_tr_1216_1st_1728.csv,IOPS,TranAD,IOPS,0.1342603379941231,0.1153162438858632,0.1290772900089405,0.1143748609261811,0.0189440941082598,0.0051830479851825,0.0198854770679419,0.0009413829596821,0.1,0.1,0.1,4866,49,CDU-protocol-fast-v1,0.3266803096305954
271_IOPS_id_12_WebService_tr_500_1st_341.csv,IOPS,TranAD,IOPS,0.1464053911806096,0.1525055190611706,0.1408809257687427,0.1500856016662922,-0.0061001278805609,0.0055244654118668,-0.0036802104856826,0.0024199173948783,0.1,0.1,0.1,8784,116,CDU-protocol-fast-v1,0.3168132546462783
272_IOPS_id_13_WebService_tr_3442_1st_3542.csv,IOPS,TranAD,IOPS,0.1116972028972023,0.1090794746046213,0.1108903763960774,0.1095856822282638,0.002617728292581,0.0008068265011248,0.0021115206689384,-0.0005062076236425,0.1,0.1,0.1,149156,633,CDU-protocol-fast-v1,0.1719426351679285
273_IOPS_id_14_WebService_tr_5569_1st_5669.csv,IOPS,TranAD,IOPS,0.115025230957413,0.1161877990007938,0.1160937011449017,0.1202240913324671,-0.0011625680433808,-0.0010684701874887,-0.0051988603750541,-0.0040362923316733,0.1,0.1,0.1,149122,761,CDU-protocol-fast-v1,0.0971395524813914
274_IOPS_id_15_WebService_tr_4591_1st_4691.csv,IOPS,TranAD,IOPS,0.2712546201996806,0.2337061163941324,0.262728232117249,0.2321267365694115,0.0375485038055481,0.0085263880824316,0.039127883630269,0.0015793798247208,0.1,0.1,0.1,149132,6777,CDU-protocol-fast-v1,0.1273437250565581
275_IOPS_id_16_WebService_tr_1482_1st_1582.csv,IOPS,TranAD,IOPS,0.1265650278842431,0.1315398594882176,0.1225859254141164,0.1283319191316255,-0.0049748316039744,0.0039791024701266,-0.0017668912473824,0.003207940356592,0.1,0.1,0.1,8784,71,CDU-protocol-fast-v1,0.2889150204624379
276_IOPS_id_17_WebService_tr_19197_1st_19297.csv,IOPS,TranAD,IOPS,0.2044485280550822,0.2008358287702317,0.1886468540885677,0.1852789282719494,0.0036126992848505,0.0158016739665144,0.0191695997831327,0.0155569004982822,0.1,0.1,0.1,91370,2576,CDU-protocol-fast-v1,0.5383641672330371
277_NEK_id_1_WebService_tr_500_1st_17.csv,NEK,TranAD,NEK,0.4143751117544829,0.3169886044543096,0.3710552520829023,0.2974506911100755,0.0973865073001732,0.0433198596715805,0.1169244206444073,0.019537913344234,0.1,0.1,0.1,1073,88,CDU-protocol-fast-v1,0.8799843924265823
278_NEK_id_2_WebService_tr_500_1st_64.csv,NEK,TranAD,NEK,0.329735165526574,0.3158793864036325,0.3273319095038532,0.3162833054648617,0.0138557791229415,0.0024032560227207,0.0134518600617122,-0.0004039190612292,0.1,0.1,0.1,1073,65,CDU-protocol-fast-v1,0.2781334507264247
279_NEK_id_3_WebService_tr_500_1st_974.csv,NEK,TranAD,NEK,0.4254151047407318,0.3412269868998816,0.3742973313594738,0.3009035484426603,0.0841881178408501,0.051117773381258,0.1245115562980714,0.0403234384572213,0.1,0.1,0.1,1073,91,CDU-protocol-fast-v1,0.8646711940250025
281_NEK_id_5_WebService_tr_500_1st_974.csv,NEK,TranAD,NEK,0.4143751117544828,0.339140602898704,0.361566773376845,0.2975128079337557,0.0752345088557788,0.0528083383776378,0.1168623038207271,0.0416277949649482,0.1,0.1,0.1,1073,88,CDU-protocol-fast-v1,0.8935914955270441
282_NEK_id_6_WebService_tr_500_1st_64.csv,NEK,TranAD,NEK,0.3223751702024081,0.3029530015469098,0.3184602856826035,0.3033417879874845,0.0194221686554982,0.0039148845198045,0.0190333822149235,-0.0003887864405747,0.1,0.1,0.1,1073,63,CDU-protocol-fast-v1,0.347023127282651
283_NEK_id_7_WebService_tr_500_1st_777.csv,NEK,TranAD,NEK,0.5321350369411385,0.4443764273923862,0.4849048586763753,0.4090334261770063,0.0877586095487523,0.0472301782647631,0.1231016107641321,0.0353430012153798,0.1,0.1,0.1,1073,120,CDU-protocol-fast-v1,0.7376993326925604
284_NEK_id_8_WebService_tr_500_1st_976.csv,NEK,TranAD,NEK,0.4180551094165658,0.3351338221072413,0.3659037997241036,0.2945932802904046,0.0829212873093245,0.0521513096924622,0.1234618291261611,0.0405405418168366,0.1,0.1,0.1,1073,89,CDU-protocol-fast-v1,0.8666095015675611
285_NEK_id_9_WebService_tr_500_1st_780.csv,NEK,TranAD,NEK,0.4879750649961427,0.3957686584433449,0.4396443264316893,0.35952574019849,0.0922064065527977,0.0483307385644533,0.1284493247976526,0.0362429182448548,0.1,0.1,0.1,1073,108,CDU-protocol-fast-v1,0.7620006739529525
286_CATSv2_id_1_Sensor_tr_17792_1st_17892.csv,CATSv2,TranAD,CATSv2,0.2858020924202719,0.297887201276486,0.2868947933366372,0.299896265203617,-0.0120851088562141,-0.0010927009163653,-0.0140941727833451,-0.002009063927131,0.1,0.1,0.1,300000,14800,CDU-protocol-fast-v1,0.0722943656500574
287_TODS_id_1_Synthetic_tr_500_1st_11.csv,TODS,TranAD,TODS,0.2968561285603248,0.2632115387714191,0.3028160059327113,0.2732035012450029,0.0336445897889056,-0.0059598773723865,0.0236526273153218,-0.0099919624735838,0.1,0.1,0.1,5000,261,CDU-protocol-fast-v1,0.8470083084507178
288_TODS_id_2_Synthetic_tr_500_1st_65.csv,TODS,TranAD,TODS,0.3573222301852886,0.3817251963674657,0.3657173239646039,0.3902401383411196,-0.0244029661821771,-0.0083950937793152,-0.032917908155831,-0.0085149419736539,0.1,0.1,0.1,5000,338,CDU-protocol-fast-v1,0.5812252058224949
289_TODS_id_3_Synthetic_tr_500_1st_26.csv,TODS,TranAD,TODS,0.2685862628655366,0.2766149033540605,0.2728461765631664,0.2776497942643232,-0.0080286404885239,-0.0042599136976298,-0.0090635313987865,-0.0010348909102626,0.1,0.1,0.1,5000,225,CDU-protocol-fast-v1,0.5796924909296133
290_TODS_id_4_Synthetic_tr_500_1st_26.csv,TODS,TranAD,TODS,0.4287821684693367,0.4898865076333286,0.4395728988534864,0.4916302940255671,-0.0611043391639918,-0.0107907303841497,-0.0628481255562304,-0.0017437863922385,0.1,0.1,0.1,5000,429,CDU-protocol-fast-v1,0.5335104341406594
292_TODS_id_6_Synthetic_tr_500_1st_11.csv,TODS,TranAD,TODS,0.2968561285603248,0.2798892010110749,0.3033504502156005,0.2879656019491263,0.0169669275492498,-0.0064943216552756,0.0088905266111984,-0.0080764009380514,0.1,0.1,0.1,5000,261,CDU-protocol-fast-v1,0.8180249455981469
293_TODS_id_7_Synthetic_tr_500_1st_7.csv,TODS,TranAD,TODS,0.2890033880895503,0.3003444009916962,0.2980502139564795,0.3084505491049168,-0.0113410129021458,-0.0090468258669292,-0.0194471610153665,-0.0081061481132206,0.1,0.1,0.1,5000,251,CDU-protocol-fast-v1,0.1852398071309792
294_TODS_id_8_Synthetic_tr_500_1st_200.csv,TODS,TranAD,TODS,0.4923893662826101,0.5751491892771025,0.5019532447908881,0.5764690300091297,-0.0827598229944923,-0.009563878508278,-0.0840796637265196,-0.0013198407320272,0.1,0.1,0.1,5000,510,CDU-protocol-fast-v1,0.2226792037527536
295_TODS_id_9_Synthetic_tr_1250_1st_2046.csv,TODS,TranAD,TODS,0.3981564806333161,0.3837574069007844,0.4238461211442414,0.4034316336234084,0.0143990737325316,-0.0256896405109253,-0.0052751529900923,-0.019674226722624,0.1,0.1,0.1,5000,390,CDU-protocol-fast-v1,0.1105709033263384
296_TODS_id_10_Synthetic_tr_500_1st_26.csv,TODS,TranAD,TODS,0.2520955078769101,0.2388564062663503,0.259670877726209,0.245915770125504,0.0132391016105598,-0.0075753698492989,0.006179737751406,-0.0070593638591537,0.1,0.1,0.1,5000,204,CDU-protocol-fast-v1,0.6955076948910041
297_TODS_id_11_Synthetic_tr_500_1st_7.csv,TODS,TranAD,TODS,0.2890033880895503,0.2366447118720453,0.297280806784917,0.245623762994999,0.0523586762175049,-0.0082774186953667,0.0433796250945512,-0.0089790511229537,0.1,0.1,0.1,5000,251,CDU-protocol-fast-v1,0.1899254277509539
298_TODS_id_12_Synthetic_tr_500_1st_0.csv,TODS,TranAD,TODS,0.3463283935262043,0.3565012412689944,0.351363271336744,0.3616130763551014,-0.01017284774279,-0.0050348778105397,-0.0152846828288971,-0.005111835086107,0.1,0.1,0.1,5000,324,CDU-protocol-fast-v1,0.4797135885405234
299_TODS_id_13_Synthetic_tr_500_1st_65.csv,TODS,TranAD,TODS,0.302353046889867,0.2899726326073493,0.2966326053616215,0.2857734798489141,0.0123804142825177,0.0057204415282455,0.0165795670409529,0.0041991527584351,0.1,0.1,0.1,5000,268,CDU-protocol-fast-v1,0.6573916250112584
301_TODS_id_15_Synthetic_tr_500_1st_245.csv,TODS,TranAD,TODS,0.4138619615748651,0.4705356245807724,0.4406714289247215,0.4880866404360006,-0.0566736630059073,-0.0268094673498564,-0.0742246788611354,-0.0175510158552281,0.1,0.1,0.1,5000,410,CDU-protocol-fast-v1,0.1582068542565276
302_Power_id_1_Facility_tr_7685_1st_7785.csv,Power,TranAD,Power,0.4286798769583611,0.5020106680322937,0.4194256642940635,0.4862553897769138,-0.0733307910739325,0.0092542126642975,-0.0575755128185527,0.0157552782553798,0.1,0.1,0.1,35040,3000,CDU-protocol-fast-v1,0.1189338795651763
304_UCR_id_2_Medical_tr_2499_1st_7000.csv,UCR,TranAD,UCR,0.1152252656406595,0.1110899096162959,0.115518616732427,0.1160712475940355,0.0041353560243636,-0.0002933510917674,-0.000845981953376,-0.0049813379777396,0.1,0.1,0.1,9998,50,CDU-protocol-fast-v1,0.0264797686212659
307_UCR_id_5_Facility_tr_29895_1st_39240.csv,UCR,TranAD,UCR,0.0990086732006021,0.0966392657136543,0.0997504229339169,0.0941146791120654,0.0023694074869477,-0.0007417497333148,0.0048939940885366,0.0025245866015888,0.1,0.1,0.1,119580,96,CDU-protocol-fast-v1,0.0009714758085031
309_UCR_id_7_Medical_tr_3000_1st_5948.csv,UCR,TranAD,UCR,0.1103929549020575,0.1109068424328983,0.1112858086082681,0.1040141254631424,-0.0005138875308408,-0.0008928537062106,0.006378829438915,0.0068927169697558,0.1,0.1,0.1,12000,45,CDU-protocol-fast-v1,0.0145246395176261
310_UCR_id_8_HumanActivity_tr_2631_1st_8285.csv,UCR,TranAD,UCR,0.1069188953942699,0.1127515648017287,0.107464515476112,0.1170220731941738,-0.0058326694074588,-0.0005456200818421,-0.0101031777999039,-0.0042705083924451,0.1,0.1,0.1,10524,30,CDU-protocol-fast-v1,0.004485061451681
311_UCR_id_9_HumanActivity_tr_16000_1st_38400.csv,UCR,TranAD,UCR,0.1441920853589638,0.1515141701194055,0.1453560047098191,0.1501879700900863,-0.0073220847604416,-0.0011639193508553,-0.0059958847311225,0.0013262000293191,0.1,0.1,0.1,64000,800,CDU-protocol-fast-v1,0.013586998167303
313_UCR_id_11_Sensor_tr_2827_1st_4711.csv,UCR,TranAD,UCR,0.1293839363336781,0.134219822392986,0.1320235336682878,0.1425493990679752,-0.0048358860593079,-0.0026395973346097,-0.0131654627342971,-0.0083295766749892,0.1,0.1,0.1,11308,98,CDU-protocol-fast-v1,0.0125324348937403
315_UCR_id_13_HumanActivity_tr_16000_1st_33070.csv,UCR,TranAD,UCR,0.1025467281888471,0.0990009677212396,0.1036945814730145,0.0979483743973668,0.0035457604676074,-0.0011478532841674,0.0045983537914802,0.0010525933238727,0.1,0.1,0.1,64000,110,CDU-protocol-fast-v1,0.0024928578260126
316_UCR_id_14_Sensor_tr_2833_1st_5988.csv,UCR,TranAD,UCR,0.1289663307076008,0.1296935736331781,0.1286784686101596,0.1352286866175069,-0.0007272429255772,0.0002878620974411,-0.0062623559099061,-0.0055351129843288,0.1,0.1,0.1,11334,97,CDU-protocol-fast-v1,0.0162044315303787
319_UCR_id_17_Environment_tr_6166_1st_19280.csv,UCR,TranAD,UCR,0.1209630007443481,0.1116901804703351,0.1225278699184249,0.1182018478843434,0.0092728202740129,-0.0015648691740768,0.0027611528600046,-0.0065116674140083,0.1,0.1,0.1,24667,160,CDU-protocol-fast-v1,0.0133484416065623
326_UCR_id_24_Medical_tr_1875_1st_4187.csv,UCR,TranAD,UCR,0.1020872017589439,0.1001795176066661,0.1040825328707495,0.094467388785778,0.0019076841522777,-0.0019953311118056,0.0076198129731658,0.0057121288208881,0.1,0.1,0.1,7501,12,CDU-protocol-fast-v1,0.0406917319790733
331_UCR_id_29_Facility_tr_50000_1st_837400.csv,UCR,TranAD,UCR,0.1032039335032869,0.1004711037257508,0.102889225860235,0.1024556974918438,0.002732829777536,0.0003147076430518,0.000748236011443,-0.001984593766093,0.1,0.1,0.1,900000,1700,CDU-protocol-fast-v1,0.0021725757704561
332_UCR_id_30_Facility_tr_13750_1st_52600.csv,UCR,TranAD,UCR,0.1099540051558639,0.1076224595435888,0.109933010259224,0.110680102749273,0.002331545612275,2.099489663984211e-05,-0.0007260975934091,-0.0030576432056842,0.1,0.1,0.1,55000,200,CDU-protocol-fast-v1,0.0088515836067603
334_UCR_id_32_HumanActivity_tr_1671_1st_2764.csv,UCR,TranAD,UCR,0.2294050764826851,0.2760111658598515,0.2399601632160731,0.291433664105245,-0.0466060893771664,-0.010555086733388,-0.0620285876225599,-0.0154224982453934,0.1,0.1,0.1,6684,231,CDU-protocol-fast-v1,0.0317326288744062
339_UCR_id_37_Sensor_tr_2750_1st_5400.csv,UCR,TranAD,UCR,0.1661395726686433,0.1666742000209456,0.1606037820141164,0.16305413740054,-0.0005346273523023,0.0055357906545268,0.0030854352681032,0.0036200626204055,0.1,0.1,0.1,11000,200,CDU-protocol-fast-v1,0.0945763779908881
341_UCR_id_39_HumanActivity_tr_48812_1st_128430.csv,UCR,TranAD,UCR,0.0959273969282017,0.1009726138436852,0.0965464843708859,0.0909683311115716,-0.0050452169154835,-0.0006190874426842,0.00495906581663,0.0100042827321135,0.1,0.1,0.1,195250,1,CDU-protocol-fast-v1,9.923672767708077e-05
344_UCR_id_42_Sensor_tr_2851_1st_5365.csv,UCR,TranAD,UCR,0.100987515653397,0.0994930978175845,0.1019502647212502,0.1064825351339806,0.0014944178358125,-0.0009627490678532,-0.0054950194805836,-0.0069894373163961,0.1,0.1,0.1,11406,15,CDU-protocol-fast-v1,0.0059403804408201
346_UCR_id_44_Medical_tr_7456_1st_17390.csv,UCR,TranAD,UCR,0.1127438806164159,0.1171284058470091,0.1124826146214646,0.1160993560445804,-0.0043845252305932,0.0002612659949512,-0.0033554754281645,0.0010290498024286,0.1,0.1,0.1,29826,130,CDU-protocol-fast-v1,0.0078163151404633
349_UCR_id_47_Facility_tr_29954_1st_74900.csv,UCR,TranAD,UCR,0.0990024875929641,0.0976882223381206,0.0998186713291821,0.0952781855062736,0.0013142652548434,-0.000816183736218,0.0037243020866904,0.0024100368318469,0.1,0.1,0.1,119819,96,CDU-protocol-fast-v1,0.0009540766417018
355_UCR_id_53_HumanActivity_tr_48750_1st_143411.csv,UCR,TranAD,UCR,0.0978885146963888,0.1027793260202971,0.0988549295584157,0.09354226712782,-0.0048908113239082,-0.0009664148620269,0.0043462475685687,0.009237058892477,0.1,0.1,0.1,195000,100,CDU-protocol-fast-v1,0.0004849891419916
358_UCR_id_56_Facility_tr_10500_1st_29080.csv,UCR,TranAD,UCR,0.1014258386583884,0.0986108272087863,0.1026132003072479,0.0941447985842023,0.002815011449602,-0.0011873616488594,0.0072810400741861,0.004466028624584,0.1,0.1,0.1,42000,60,CDU-protocol-fast-v1,0.0015590684692014
361_UCR_id_59_Medical_tr_3000_1st_7175.csv,UCR,TranAD,UCR,0.1644715636331076,0.1970000379943486,0.1666745256484225,0.1896871575255953,-0.0325284743612409,-0.0022029620153149,-0.0252155938924877,0.0073128804687532,0.1,0.1,0.1,12000,213,CDU-protocol-fast-v1,0.0286460108375409
364_UCR_id_62_Sensor_tr_2833_1st_5988.csv,UCR,TranAD,UCR,0.1289663307076008,0.13297061898198,0.129597958946818,0.1388079369132619,-0.0040042882743792,-0.0006316282392172,-0.0098416062056611,-0.0058373179312819,0.1,0.1,0.1,11334,97,CDU-protocol-fast-v1,0.0149941375406256
369_UCR_id_67_Sensor_tr_2750_1st_5400.csv,UCR,TranAD,UCR,0.1661395726686433,0.166349141931808,0.1614336581792326,0.1640699865780753,-0.0002095692631647,0.0047059144894106,0.0020695860905679,0.0022791553537326,0.1,0.1,0.1,11000,200,CDU-protocol-fast-v1,0.0833242257008102
371_UCR_id_69_Medical_tr_1853_1st_6200.csv,UCR,TranAD,UCR,0.1844671305137593,0.2065679232548847,0.1877603727194586,0.203518491606767,-0.0221007927411254,-0.0032932422056993,-0.0190513610930077,0.0030494316481176,0.1,0.1,0.1,7415,170,CDU-protocol-fast-v1,0.0355299881796242
373_UCR_id_71_Sensor_tr_2827_1st_5988.csv,UCR,TranAD,UCR,0.1290423412004535,0.1230449017027189,0.1284522240850254,0.1282174442188241,0.0059974394977345,0.000590117115428,0.0008248969816293,-0.0051725425161052,0.1,0.1,0.1,11308,97,CDU-protocol-fast-v1,0.0173793338468528
381_UCR_id_79_HumanActivity_tr_16000_1st_31200.csv,UCR,TranAD,UCR,0.1351387468437211,0.1361784592362256,0.1360929412215241,0.1416648718215948,-0.0010397123925044,-0.000954194377803,-0.0065261249778737,-0.0054864125853692,0.1,0.1,0.1,64000,650,CDU-protocol-fast-v1,0.0104775067998859
382_UCR_id_80_Medical_tr_7500_1st_11800.csv,UCR,TranAD,UCR,0.1345351909427048,0.1248570381131004,0.1361294755208528,0.1294107816509461,0.0096781528296044,-0.001594284578148,0.0051244092917586,-0.0045537435378457,0.1,0.1,0.1,30000,300,CDU-protocol-fast-v1,0.0223958766614055
385_UCR_id_83_Environment_tr_2046_1st_6006.csv,UCR,TranAD,UCR,0.1185630840489511,0.1210456169044645,0.1208075609378388,0.1220371286208029,-0.0024825328555133,-0.0022444768888877,-0.0034740445718518,-0.0009915117163384,0.1,0.1,0.1,8184,48,CDU-protocol-fast-v1,0.0052493116915147
387_UCR_id_85_Environment_tr_2046_1st_5549.csv,UCR,TranAD,UCR,0.118563084048951,0.1143698838539108,0.1203436466456806,0.1158105434197872,0.0041932001950402,-0.0017805625967296,0.0027525406291637,-0.0014406595658764,0.1,0.1,0.1,8184,48,CDU-protocol-fast-v1,0.0082685406260922
391_UCR_id_89_Medical_tr_1875_1st_5759.csv,UCR,TranAD,UCR,0.1783131122964121,0.1816617179863321,0.1835314056047448,0.1806823838976529,-0.0033486056899199,-0.0052182933083327,-0.0023692716012408,0.0009793340886791,0.1,0.1,0.1,7500,160,CDU-protocol-fast-v1,0.0392751973530538
393_UCR_id_91_Environment_tr_2046_1st_4852.csv,UCR,TranAD,UCR,0.1185630840489511,0.1237082154513768,0.120926201077392,0.1243086767696163,-0.0051451314024256,-0.0023631170284409,-0.0057455927206652,-0.0006004613182395,0.1,0.1,0.1,8184,48,CDU-protocol-fast-v1,0.0052624617275725
396_UCR_id_94_Medical_tr_1875_1st_5607.csv,UCR,TranAD,UCR,0.1098116873605375,0.1064036109495425,0.1110312377097859,0.1034988246563846,0.0034080764109949,-0.0012195503492484,0.0063128627041528,0.0029047862931578,0.1,0.1,0.1,7501,27,CDU-protocol-fast-v1,0.0129696694248936
400_UCR_id_98_Environment_tr_2046_1st_5391.csv,UCR,TranAD,UCR,0.0963796022520707,0.0955401527676991,0.0970281621018201,0.0956534766456769,0.0008394494843716,-0.0006485598497494,0.0007261256063937,-0.0001133238779778,0.1,0.1,0.1,8184,1,CDU-protocol-fast-v1,0.0010351471293535
401_UCR_id_99_HumanActivity_tr_1671_1st_5920.csv,UCR,TranAD,UCR,0.1300043679490801,0.1193934825873274,0.123079076251707,0.1196954580932275,0.0106108853617526,0.006925291697373,0.0103089098558525,-0.0003019755059001,0.1,0.1,0.1,6684,59,CDU-protocol-fast-v1,0.2330829142732617
405_UCR_id_103_Sensor_tr_2827_1st_5988.csv,UCR,TranAD,UCR,0.1290423412004535,0.1247824993521574,0.1272582348027727,0.1290158474648779,0.004259841848296,0.0017841063976807,2.6493735575561228e-05,-0.0042333481127205,0.1,0.1,0.1,11308,97,CDU-protocol-fast-v1,0.0234884014469643
406_UCR_id_104_Facility_tr_20000_1st_67950.csv,UCR,TranAD,UCR,0.1079787312979927,0.1094411026475816,0.1084882273148302,0.1189538736541483,-0.0014623713495889,-0.0005094960168375,-0.0109751423561556,-0.0095127710065667,0.1,0.1,0.1,80000,250,CDU-protocol-fast-v1,0.004521945033017
411_UCR_id_109_Environment_tr_2046_1st_4852.csv,UCR,TranAD,UCR,0.1185630840489511,0.1240104231602162,0.1218902274194421,0.1256094658512303,-0.005447339111265,-0.003327143370491,-0.0070463818022792,-0.0015990426910141,0.1,0.1,0.1,8184,48,CDU-protocol-fast-v1,0.0045849783794312
415_UCR_id_113_Medical_tr_3000_1st_8612.csv,UCR,TranAD,UCR,0.1293848472540334,0.1267073059284675,0.1320848092890284,0.1243088412061547,0.0026775413255659,-0.002699962034995,0.0050760060478786,0.0023984647223127,0.1,0.1,0.1,12000,104,CDU-protocol-fast-v1,0.0309291070211473
417_UCR_id_115_Sensor_tr_2750_1st_5400.csv,UCR,TranAD,UCR,0.1661395726686433,0.1608358609505415,0.1609869551493611,0.1612256143778487,0.0053037117181017,0.0051526175192821,0.0049139582907945,-0.0003897534273072,0.1,0.1,0.1,11000,200,CDU-protocol-fast-v1,0.0792178469320382
419_UCR_id_117_Facility_tr_3000_1st_6168.csv,UCR,TranAD,UCR,0.1100710584215155,0.1124714480144066,0.1107608075578235,0.1077424635521718,-0.0024003895928911,-0.000689749136308,0.0023285948693436,0.0047289844622347,0.1,0.1,0.1,12000,44,CDU-protocol-fast-v1,0.0148812333202025
420_UCR_id_118_Facility_tr_13750_1st_52600.csv,UCR,TranAD,UCR,0.1099540051558639,0.0972937176125173,0.109865050848954,0.1032788247173925,0.0126602875433465,8.89543069098192e-05,0.0066751804384713,-0.0059851071048752,0.1,0.1,0.1,55000,200,CDU-protocol-fast-v1,0.0671379037601149
421_UCR_id_119_HumanActivity_tr_48750_1st_130700.csv,UCR,TranAD,UCR,0.1192822500185625,0.1254996965721977,0.1205035719306521,0.1163761377695782,-0.0062174465536351,-0.0012213219120896,0.0029061122489842,0.0091235588026194,0.1,0.1,0.1,195000,1180,CDU-protocol-fast-v1,0.0072393925783806
426_UCR_id_124_Sensor_tr_2827_1st_4711.csv,UCR,TranAD,UCR,0.1293839363336781,0.1321180934816139,0.1319849063979833,0.1371596857257663,-0.0027341571479358,-0.0026009700643052,-0.0077757493920882,-0.0050415922441524,0.1,0.1,0.1,11308,98,CDU-protocol-fast-v1,0.0131892837236275
430_UCR_id_128_HumanActivity_tr_12500_1st_46500.csv,UCR,TranAD,UCR,0.1190841598766905,0.1121757640096573,0.1198378998044023,0.1173093653551533,0.0069083958670332,-0.0007537399277118,0.0017747945215371,-0.005133601345496,0.1,0.1,0.1,50000,300,CDU-protocol-fast-v1,0.0099460444075757
432_UCR_id_130_Facility_tr_23000_1st_26970.csv,UCR,TranAD,UCR,0.1085035625162677,0.1028047953014382,0.1096036378909525,0.1072425673827865,0.0056987672148294,-0.0011000753746848,0.0012609951334811,-0.0044377720813483,0.1,0.1,0.1,92000,300,CDU-protocol-fast-v1,0.0040945298277904
436_UCR_id_134_Medical_tr_1875_1st_4526.csv,UCR,TranAD,UCR,0.1113565844808563,0.1104582342207061,0.1147438785634796,0.1095928686684256,0.0008983502601501,-0.0033872940826233,0.0017637158124306,0.0008653655522804,0.1,0.1,0.1,7501,30,CDU-protocol-fast-v1,0.0288883630047398
437_UCR_id_135_Medical_tr_2499_1st_8000.csv,UCR,TranAD,UCR,0.1055664394591643,0.1078479284693596,0.1064505306534132,0.1126336026052209,-0.0022814890101953,-0.0008840911942489,-0.0070671631460566,-0.0047856741358613,0.1,0.1,0.1,9998,25,CDU-protocol-fast-v1,0.0031824224135718
439_UCR_id_137_HumanActivity_tr_48750_1st_110800.csv,UCR,TranAD,UCR,0.0959274222918562,0.1013864875275362,0.0965507938223988,0.0914914555774122,-0.00545906523568,-0.0006233715305426,0.0044359667144439,0.0098950319501239,0.1,0.1,0.1,195000,1,CDU-protocol-fast-v1,0.000245363267036
445_UCR_id_143_Environment_tr_6166_1st_19280.csv,UCR,TranAD,UCR,0.1209630007443481,0.1093531037103283,0.1225298275322652,0.115785395242395,0.0116098970340197,-0.0015668267879171,0.005177605501953,-0.0064322915320667,0.1,0.1,0.1,24667,160,CDU-protocol-fast-v1,0.0142162239470671
449_UCR_id_147_Sensor_tr_2847_1st_9330.csv,UCR,TranAD,UCR,0.0992995677617782,0.0966774425345316,0.0997518434069846,0.1030610185018763,0.0026221252272465,-0.0004522756452064,-0.0037614507400981,-0.0063835759673447,0.1,0.1,0.1,11388,10,CDU-protocol-fast-v1,0.0079744151314075
452_UCR_id_150_Facility_tr_10000_1st_35774.csv,UCR,TranAD,UCR,0.105564507693928,0.101140679958303,0.1055595244061367,0.1024777122827728,0.0044238277356249,4.983287791249236e-06,0.0030867954111551,-0.0013370323244698,0.1,0.1,0.1,40000,100,CDU-protocol-fast-v1,0.0239474247553707
459_UCR_id_157_HumanActivity_tr_50000_1st_110260.csv,UCR,TranAD,UCR,0.0988433091802118,0.1179875297797118,0.1002294594027941,0.1022103195283518,-0.0191442205995,-0.0013861502225823,-0.00336701034814,0.0157772102513599,0.1,0.1,0.1,200000,152,CDU-protocol-fast-v1,0.000746135541716
463_UCR_id_161_Environment_tr_2046_1st_6006.csv,UCR,TranAD,UCR,0.1185630840489511,0.1196583708489805,0.1211305524423178,0.1210400214849244,-0.0010952868000293,-0.0025674683933666,-0.0024769374359733,-0.0013816506359439,0.1,0.1,0.1,8184,48,CDU-protocol-fast-v1,0.0050623483304194
467_UCR_id_165_Environment_tr_6166_1st_19280.csv,UCR,TranAD,UCR,0.1209630007443481,0.1116393572166555,0.12278747428133,0.1170831541478276,0.0093236435276926,-0.0018244735369819,0.0038798465965204,-0.0054437969311721,0.1,0.1,0.1,24667,160,CDU-protocol-fast-v1,0.0128911561687932
471_UCR_id_169_Facility_tr_10000_1st_35774.csv,UCR,TranAD,UCR,0.105564507693928,0.1043751544922921,0.1063371878531763,0.1091760933254444,0.0011893532016359,-0.0007726801592483,-0.0036115856315164,-0.0048009388331523,0.1,0.1,0.1,40000,100,CDU-protocol-fast-v1,0.0042530956684342
473_UCR_id_171_HumanActivity_tr_2617_1st_7290.csv,UCR,TranAD,UCR,0.0981216509734105,0.1009039544452113,0.0984424882563822,0.1057678450973412,-0.0027823034718008,-0.0003208372829717,-0.0076461941239307,-0.0048638906521299,0.1,0.1,0.1,10468,6,CDU-protocol-fast-v1,0.021778895800199
474_UCR_id_172_Environment_tr_2046_1st_6520.csv,UCR,TranAD,UCR,0.10723534866331,0.1103791402818818,0.1096195657058245,0.1119649196138537,-0.0031437916185717,-0.0023842170425145,-0.0047295709505437,-0.0015857793319719,0.1,0.1,0.1,8184,24,CDU-protocol-fast-v1,0.0024631654452453
493_UCR_id_191_Sensor_tr_2847_1st_9330.csv,UCR,TranAD,UCR,0.0992995677617782,0.0951077209347968,0.0999567883603103,0.1026820811487028,0.0041918468269813,-0.0006572205985321,-0.0033825133869246,-0.007574360213906,0.1,0.1,0.1,11388,10,CDU-protocol-fast-v1,0.0093144404209744
494_UCR_id_192_Facility_tr_22500_1st_72150.csv,UCR,TranAD,UCR,0.1107148513825994,0.1176258723324208,0.1116185815865269,0.1167068637307776,-0.0069110209498214,-0.0009037302039275,-0.0059920123481782,0.0009190086016431,0.1,0.1,0.1,90000,345,CDU-protocol-fast-v1,0.0256215104952837
495_UCR_id_193_Environment_tr_2046_1st_6520.csv,UCR,TranAD,UCR,0.10723534866331,0.109465303789644,0.1097049469845088,0.1113662621875932,-0.002229955126334,-0.0024695983211988,-0.0041309135242832,-0.0019009583979492,0.1,0.1,0.1,8184,24,CDU-protocol-fast-v1,0.0023717094301534
496_UCR_id_194_Environment_tr_2046_1st_5391.csv,UCR,TranAD,UCR,0.0963796022520707,0.0954090603423968,0.097013527050848,0.0954430841232692,0.0009705419096739,-0.0006339247987773,0.0009365181288014,-3.402378087241642e-05,0.1,0.1,0.1,8184,1,CDU-protocol-fast-v1,0.0012124107420761
499_UCR_id_197_Environment_tr_2046_1st_5703.csv,UCR,TranAD,UCR,0.10723534866331,0.1103768919333269,0.1090373111690457,0.1109843865317255,-0.0031415432700169,-0.0018019625057357,-0.0037490378684155,-0.0006074945983986,0.1,0.1,0.1,8184,24,CDU-protocol-fast-v1,0.0028147087817813
500_UCR_id_198_Facility_tr_7482_1st_23357.csv,UCR,TranAD,UCR,0.1423675643632088,0.1708549424138867,0.1443132031202902,0.1702805327619762,-0.0284873780506779,-0.0019456387570814,-0.0279129683987674,0.0005744096519104,0.1,0.1,0.1,29931,360,CDU-protocol-fast-v1,0.0144921579769332
504_UCR_id_202_Environment_tr_2046_1st_5549.csv,UCR,TranAD,UCR,0.118563084048951,0.1144266189270847,0.1203877018481631,0.1159142857054585,0.0041364651218663,-0.0018246177992121,0.0026487983434924,-0.0014876667783738,0.1,0.1,0.1,8184,48,CDU-protocol-fast-v1,0.0072649551529434
506_UCR_id_204_Environment_tr_2046_1st_5549.csv,UCR,TranAD,UCR,0.118563084048951,0.1137205390491078,0.1201758529894797,0.1150227196033708,0.0048425449998431,-0.0016127689405287,0.0035403644455801,-0.001302180554263,0.1,0.1,0.1,8184,48,CDU-protocol-fast-v1,0.008685762590251
516_UCR_id_214_HumanActivity_tr_2108_1st_4702.csv,UCR,TranAD,UCR,0.0981981480063832,0.1015336485251135,0.0986255376480601,0.1060639693976449,-0.0033355005187303,-0.0004273896416769,-0.0078658213912616,-0.0045303208725313,0.1,0.1,0.1,8432,5,CDU-protocol-fast-v1,0.0069620453435804
517_UCR_id_215_Facility_tr_7482_1st_24005.csv,UCR,TranAD,UCR,0.105199603494777,0.1094371610742333,0.10610948702414,0.109849206765266,-0.0042375575794563,-0.000909883529363,-0.004649603270489,-0.0004120456910327,0.1,0.1,0.1,29931,72,CDU-protocol-fast-v1,0.003633019237522
525_UCR_id_223_Facility_tr_50000_1st_250720.csv,UCR,TranAD,UCR,0.1042827843915398,0.1054694677639835,0.1052580020851075,0.1111379950495004,-0.0011866833724436,-0.0009752176935677,-0.0068552106579606,-0.0056685272855169,0.1,0.1,0.1,299790,650,CDU-protocol-fast-v1,0.0023393741062626
526_UCR_id_224_Sensor_tr_2827_1st_4711.csv,UCR,TranAD,UCR,0.1293839363336781,0.1379882863957977,0.1320667320533644,0.1457072560353445,-0.0086043500621195,-0.0026827957196863,-0.0163233197016664,-0.0077189696395468,0.1,0.1,0.1,11308,98,CDU-protocol-fast-v1,0.0116200072350722
530_UCR_id_228_HumanActivity_tr_16250_1st_38500.csv,UCR,TranAD,UCR,0.1137357260461471,0.1075878731359734,0.1138801354459302,0.106937310487923,0.0061478529101736,-0.0001444093997831,0.006798415558224,0.0006505626480503,0.1,0.1,0.1,65000,300,CDU-protocol-fast-v1,0.0423550237463145
531_SMAP_id_1_Sensor_tr_1811_1st_4510.csv,SMAP,TranAD,SMAP,0.1377220089982345,0.135305076146723,0.1319011289941744,0.1317284501531853,0.0024169328515115,0.00582088000406,0.0059935588450491,0.0035766259935376,0.1,0.1,0.1,7244,81,CDU-protocol-fast-v1,0.042305189278163
532_SMAP_id_2_Sensor_tr_2075_1st_5550.csv,SMAP,TranAD,SMAP,0.2586579717482491,0.2427579628868421,0.2410662184217945,0.2299232464935686,0.015900008861407,0.0175917533264545,0.0287347252546804,0.0128347163932734,0.1,0.1,0.1,8302,351,CDU-protocol-fast-v1,0.1539155751117081
533_SMAP_id_3_Sensor_tr_2052_1st_5300.csv,SMAP,TranAD,SMAP,0.6253025617499648,0.4043252835730163,0.6380780607919885,0.4281086725508672,0.2209772781769485,-0.0127754990420236,0.1971938891990975,-0.0237833889778509,0.1,0.1,0.1,8209,1121,CDU-protocol-fast-v1,0.4907615897948419
534_SMAP_id_4_Sensor_tr_1968_1st_4370.csv,SMAP,TranAD,SMAP,0.1194258253104484,0.1202021127281363,0.1151737953648479,0.1171604206338629,-0.0007762874176878,0.0042520299456005,0.0022654046765854,0.0030416920942733,0.1,0.1,0.1,7874,51,CDU-protocol-fast-v1,0.031496118756655
536_SMAP_id_6_Sensor_tr_2160_1st_5600.csv,SMAP,TranAD,SMAP,0.1396981700018532,0.12668589887794,0.1389913741308802,0.1296347627408195,0.0130122711239132,0.0007067958709729,0.0100634072610336,-0.0029488638628795,0.1,0.1,0.1,8640,101,CDU-protocol-fast-v1,0.6636268475065853
537_SMAP_id_7_Sensor_tr_2077_1st_5394.csv,SMAP,TranAD,SMAP,0.2257407489654368,0.1726738543664138,0.22380233209524,0.1787712183008022,0.053066894599023,0.0019384168701967,0.0469695306646345,-0.0060973639343884,0.1,0.1,0.1,8310,281,CDU-protocol-fast-v1,0.2384909034606464
538_SMAP_id_8_Sensor_tr_2007_1st_3650.csv,SMAP,TranAD,SMAP,0.2240464097040339,0.1881823626861062,0.2023973307897385,0.1740706381447161,0.0358640470179277,0.0216490789142953,0.0499757715593177,0.01411172454139,0.1,0.1,0.1,8029,268,CDU-protocol-fast-v1,0.442423616823594
539_SMAP_id_9_Sensor_tr_1857_1st_4270.csv,SMAP,TranAD,SMAP,0.1261608779249332,0.1196230614268964,0.1318733961161677,0.1159229322505172,0.0065378164980367,-0.0057125181912345,0.0102379456744159,0.0037001291763791,0.1,0.1,0.1,7431,61,CDU-protocol-fast-v1,0.012791735303154
540_SMAP_id_10_Sensor_tr_2051_1st_4575.csv,SMAP,TranAD,SMAP,0.182396117271583,0.1848312881502736,0.1875516513863944,0.1916584555725819,-0.0024351708786906,-0.0051555341148114,-0.0092623383009989,-0.0068271674223083,0.1,0.1,0.1,8205,186,CDU-protocol-fast-v1,0.0320761298089582
541_SMAP_id_11_Sensor_tr_1832_1st_5300.csv,SMAP,TranAD,SMAP,0.3318923522564446,0.3198631523368086,0.3063814799811928,0.303574502582977,0.0120291999196359,0.0255108722752517,0.0283178496734675,0.0162886497538315,0.1,0.1,0.1,7331,448,CDU-protocol-fast-v1,0.6117006027942412
542_SMAP_id_12_Sensor_tr_1908_1st_4690.csv,SMAP,TranAD,SMAP,0.1100333486114171,0.1130300243989219,0.1073805253926662,0.1076301390151683,-0.0029966757875048,0.0026528232187508,0.0024032095962487,0.0053998853837535,0.1,0.1,0.1,7632,31,CDU-protocol-fast-v1,0.1166053493118916
544_SMAP_id_14_Sensor_tr_1978_1st_4450.csv,SMAP,TranAD,SMAP,0.1487826190130445,0.1730303253664884,0.1486321561848347,0.1767338239855369,-0.0242477063534439,0.0001504628282097,-0.0279512049724924,-0.0037034986190485,0.1,0.1,0.1,7914,111,CDU-protocol-fast-v1,0.02898691482703
545_SMAP_id_15_Sensor_tr_1173_1st_2750.csv,SMAP,TranAD,SMAP,0.1364992500618687,0.1211535084048017,0.1325795276895748,0.1162085491569096,0.0153457416570669,0.0039197223722938,0.020290700904959,0.004944959247892,0.1,0.1,0.1,4693,51,CDU-protocol-fast-v1,0.5649319894671877
546_SMAP_id_16_Sensor_tr_2117_1st_4770.csv,SMAP,TranAD,SMAP,0.1498000626397371,0.1614007173179638,0.1527861105322448,0.1618292365791223,-0.0116006546782266,-0.0029860478925076,-0.0120291739393851,-0.0004285192611584,0.1,0.1,0.1,8469,121,CDU-protocol-fast-v1,0.0165867391366799
547_SMAP_id_17_Sensor_tr_2133_1st_5400.csv,SMAP,TranAD,SMAP,0.3782053894169124,0.3274853848874426,0.362307670843634,0.3124593889352311,0.0507200045294697,0.0158977185732783,0.0657460004816812,0.0150259959522114,0.1,0.1,0.1,8532,623,CDU-protocol-fast-v1,0.4164856771796108
548_SMAP_id_18_Sensor_tr_2094_1st_5600.csv,SMAP,TranAD,SMAP,0.1132732088639916,0.1077337556223167,0.1173687732028912,0.111966018689496,0.0055394532416749,-0.0040955643388996,0.0013071901744955,-0.0042322630671793,0.1,0.1,0.1,8376,41,CDU-protocol-fast-v1,0.0044943981037115
549_SMAP_id_19_Sensor_tr_1998_1st_2098.csv,SMAP,TranAD,SMAP,0.1776462153288513,0.1683522664057888,0.1795097937589894,0.1669010364106827,0.0092939489230625,-0.001863578430138,0.0107451789181685,0.001451229995106,0.1,0.1,0.1,8579,184,CDU-protocol-fast-v1,0.0508509610246834
550_SWaT_id_1_Sensor_tr_43700_1st_43800.csv,SWaT,TranAD,SWaT,0.5695013226659786,0.8095299149614791,0.5185105338312873,0.7573589843267481,-0.2400285922955004,0.0509907888346913,-0.1878576616607694,0.0521709306347309,0.1,0.1,0.1,419919,50653,CDU-protocol-fast-v1,0.530117998942596
551_YAHOO_id_1_Synthetic_tr_500_1st_893.csv,YAHOO,TranAD,YAHOO,0.0983326645536459,0.0955986661182077,0.0993168039769569,0.0985803157709701,0.0027339984354381,-0.000984139423311,-0.0002476512173242,-0.0029816496527624,0.1,0.1,0.1,1421,1,CDU-protocol-fast-v1,0.0050879744962042
552_YAHOO_id_2_Synthetic_tr_500_1st_893.csv,YAHOO,TranAD,YAHOO,0.0983326645536459,0.0955913527988841,0.0996224278482691,0.0914923390932489,0.0027413117547617,-0.0012897632946232,0.0068403254603969,0.0040990137056351,0.1,0.1,0.1,1421,1,CDU-protocol-fast-v1,0.0471050302817365
555_YAHOO_id_5_WebService_tr_500_1st_730.csv,YAHOO,TranAD,YAHOO,0.1048191137585639,0.0979295190684634,0.106410893623778,0.0966861671325562,0.0068895946901005,-0.0015917798652141,0.0081329466260076,0.0012433519359071,0.1,0.1,0.1,1680,4,CDU-protocol-fast-v1,0.0088147462161411
558_YAHOO_id_8_WebService_tr_500_1st_1125.csv,YAHOO,TranAD,YAHOO,0.3124225835287523,0.411183101721512,0.2698546742485529,0.3679517269815524,-0.0987605181927597,0.0425679092801993,-0.0555291434528,0.0432313747399596,0.1,0.1,0.1,1427,80,CDU-protocol-fast-v1,0.5739182261189079
562_YAHOO_id_12_Synthetic_tr_500_1st_893.csv,YAHOO,TranAD,YAHOO,0.0983326645536459,0.0924456409963272,0.0995241562147673,0.0873150677366643,0.0058870235573186,-0.0011914916611214,0.0110175968169815,0.0051305732596628,0.1,0.1,0.1,1421,1,CDU-protocol-fast-v1,0.574876487329717
570_YAHOO_id_20_Synthetic_tr_500_1st_658.csv,YAHOO,TranAD,YAHOO,0.1064974257906056,0.1008862420452337,0.1060174210256276,0.0998252436696325,0.0056111837453718,0.0004800047649779,0.006672182120973,0.0010609983756011,0.1,0.1,0.1,1421,4,CDU-protocol-fast-v1,0.0505033277981473
571_YAHOO_id_21_Synthetic_tr_500_1st_623.csv,YAHOO,TranAD,YAHOO,0.1201053611855383,0.1057482784774065,0.1243648326932088,0.1055401273191726,0.0143570827081317,-0.0042594715076705,0.0145652338663656,0.0002081511582338,0.1,0.1,0.1,1421,9,CDU-protocol-fast-v1,0.1757248835487247
579_YAHOO_id_29_WebService_tr_500_1st_1342.csv,YAHOO,TranAD,YAHOO,0.0979130865456355,0.0914970985013801,0.0982998176072646,0.088159814072988,0.0064159880442554,-0.0003867310616291,0.0097532724726474,0.003337284428392,0.1,0.1,0.1,1680,1,CDU-protocol-fast-v1,0.0047749825827597
603_YAHOO_id_53_Synthetic_tr_500_1st_893.csv,YAHOO,TranAD,YAHOO,0.0983326645536459,0.0976889505675179,0.0990770209948971,0.0983202541884121,0.0006437139861279,-0.0007443564412512,1.241036523379202e-05,-0.0006313036208941,0.1,0.1,0.1,1421,1,CDU-protocol-fast-v1,0.5767297746781228
644_YAHOO_id_94_WebService_tr_500_1st_1078.csv,YAHOO,TranAD,YAHOO,0.2977387032189041,0.3796034061455574,0.2645254841313781,0.346230356129499,-0.0818647029266532,0.0332132190875259,-0.0484916529105948,0.0333730500160583,0.1,0.1,0.1,1435,75,CDU-protocol-fast-v1,0.2902332601683662
645_YAHOO_id_95_WebService_tr_500_1st_1047.csv,YAHOO,TranAD,YAHOO,0.0979130865456355,0.0897913580715925,0.0989839025552455,0.0860591765741649,0.008121728474043,-0.0010708160096099,0.0118539099714705,0.0037321814974275,0.1,0.1,0.1,1680,1,CDU-protocol-fast-v1,0.0015604087396538
649_YAHOO_id_99_WebService_tr_500_1st_1386.csv,YAHOO,TranAD,YAHOO,0.0979130865456355,0.0937424040205588,0.098507222747559,0.0948583636083644,0.0041706825250766,-0.0005941362019235,0.0030547229372711,-0.0011159595878055,0.1,0.1,0.1,1680,1,CDU-protocol-fast-v1,0.0266034010884743
657_YAHOO_id_107_WebService_tr_500_1st_1260.csv,YAHOO,TranAD,YAHOO,0.0982967547241315,0.0967903479376156,0.099540240873556,0.1009801757014193,0.0015064067865159,-0.0012434861494245,-0.0026834209772878,-0.0041898277638037,0.1,0.1,0.1,1440,1,CDU-protocol-fast-v1,0.5947810159672569
658_YAHOO_id_108_Synthetic_tr_500_1st_893.csv,YAHOO,TranAD,YAHOO,0.0983326645536459,0.0880665487412777,0.0995447933242765,0.0861975677764502,0.0102661158123681,-0.0012121287706306,0.0121350967771956,0.0018689809648274,0.1,0.1,0.1,1421,1,CDU-protocol-fast-v1,0.5748122044665214
672_YAHOO_id_122_WebService_tr_500_1st_857.csv,YAHOO,TranAD,YAHOO,0.0979130865456355,0.0983346713932742,0.0984481648519512,0.0991711397252547,-0.0004215848476386,-0.0005350783063156,-0.0012580531796192,-0.0008364683319805,0.1,0.1,0.1,1680,1,CDU-protocol-fast-v1,0.0027486390949011
680_YAHOO_id_130_Synthetic_tr_500_1st_893.csv,YAHOO,TranAD,YAHOO,0.0983326645536459,0.1001830517148691,0.0990711252016799,0.1062949083792593,-0.0018503871612232,-0.000738460648034,-0.0079622438256134,-0.0061118566643902,0.1,0.1,0.1,1421,1,CDU-protocol-fast-v1,0.05152009692377
689_YAHOO_id_139_WebService_tr_500_1st_1073.csv,YAHOO,TranAD,YAHOO,0.0979130865456355,0.0957656139326319,0.0982344323817059,0.0887710639534859,0.0021474726130036,-0.0003213458360704,0.0091420225921495,0.0069945499791459,0.1,0.1,0.1,1680,1,CDU-protocol-fast-v1,0.0517986715577425
693_YAHOO_id_143_WebService_tr_500_1st_1003.csv,YAHOO,TranAD,YAHOO,0.1010313651260117,0.0918877607419639,0.1014587666349714,0.0958007939428217,0.0091436043840477,-0.0004274015089597,0.0052305711831899,-0.0039130332008578,0.1,0.1,0.1,1427,2,CDU-protocol-fast-v1,0.2006915111812277
701_YAHOO_id_151_Synthetic_tr_500_1st_893.csv,YAHOO,TranAD,YAHOO,0.0983326645536459,0.0909503657521677,0.0988539448318537,0.0898672894829322,0.0073822988014781,-0.0005212802782078,0.0084653750707136,0.0010830762692354,0.1,0.1,0.1,1421,1,CDU-protocol-fast-v1,0.102496801809776
723_YAHOO_id_173_WebService_tr_500_1st_1214.csv,YAHOO,TranAD,YAHOO,0.1010580848538705,0.1031989026030144,0.1006141135910181,0.1036829102492619,-0.0021408177491439,0.0004439712628523,-0.0026248253953914,-0.0004840076462475,0.1,0.1,0.1,1420,2,CDU-protocol-fast-v1,0.5519721230436161
724_YAHOO_id_174_WebService_tr_500_1st_1030.csv,YAHOO,TranAD,YAHOO,0.10712112282954,0.0964034489434117,0.108061390120117,0.0972559669354407,0.0107176738861283,-0.000940267290577,0.0098651558940992,-0.000852517992029,0.1,0.1,0.1,1680,5,CDU-protocol-fast-v1,0.1205765095122449
734_YAHOO_id_184_WebService_tr_500_1st_768.csv,YAHOO,TranAD,YAHOO,0.7121097988984328,0.4845239900791141,0.6814709077614262,0.4739524451471389,0.2275858088193187,0.0306388911370066,0.2381573537512939,0.0105715449319752,0.1,0.1,0.1,1424,227,CDU-protocol-fast-v1,0.6904753608772644
741_YAHOO_id_191_WebService_tr_500_1st_1114.csv,YAHOO,TranAD,YAHOO,0.1002150956166116,0.0898240997735813,0.1019132793482684,0.0879219503244863,0.0103909958430302,-0.0016981837316568,0.0122931452921252,0.0019021494490949,0.1,0.1,0.1,1680,2,CDU-protocol-fast-v1,0.0024198913323736
755_YAHOO_id_205_Synthetic_tr_500_1st_893.csv,YAHOO,TranAD,YAHOO,0.0983326645536459,0.0962903378989297,0.0996833560738753,0.0920333319411961,0.0020423266547161,-0.0013506915202294,0.0062993326124497,0.0042570059577335,0.1,0.1,0.1,1421,1,CDU-protocol-fast-v1,0.5741237687250067
762_YAHOO_id_212_WebService_tr_500_1st_1055.csv,YAHOO,TranAD,YAHOO,0.1002150956166116,0.1099210290942436,0.1011525600416596,0.1149365098417609,-0.009705933477632,-0.000937464425048,-0.0147214142251493,-0.0050154807475173,0.1,0.1,0.1,1680,2,CDU-protocol-fast-v1,0.0053449447326931
780_YAHOO_id_230_Synthetic_tr_500_1st_893.csv,YAHOO,TranAD,YAHOO,0.0983326645536459,0.0934989980731053,0.0989640089566117,0.0933859888554889,0.0048336664805405,-0.0006313444029658,0.0049466756981569,0.0001130092176163,0.1,0.1,0.1,1421,1,CDU-protocol-fast-v1,0.0176193850997585
788_YAHOO_id_238_WebService_tr_500_1st_973.csv,YAHOO,TranAD,YAHOO,0.0979130865456355,0.0966041045957172,0.0988137603132587,0.0972081752743542,0.0013089819499183,-0.0009006737676232,0.0007049112712812,-0.000604070678637,0.1,0.1,0.1,1680,1,CDU-protocol-fast-v1,0.0018714515989294
797_YAHOO_id_247_Synthetic_tr_500_1st_893.csv,YAHOO,TranAD,YAHOO,0.0983326645536459,0.0948550639554532,0.0986701774600348,0.0959604259498513,0.0034776005981926,-0.0003375129063889,0.0023722386037945,-0.0011053619943981,0.1,0.1,0.1,1421,1,CDU-protocol-fast-v1,0.0492161620101201
806_YAHOO_id_256_Synthetic_tr_500_1st_893.csv,YAHOO,TranAD,YAHOO,0.0983326645536459,0.1071664767249786,0.0989305970064308,0.1154348077714875,-0.0088338121713327,-0.0005979324527849,-0.0171021432178416,-0.0082683310465088,0.1,0.1,0.1,1421,1,CDU-protocol-fast-v1,0.0327828622141509
807_YAHOO_id_257_WebService_tr_500_1st_1210.csv,YAHOO,TranAD,YAHOO,0.1417805852464838,0.1301972019891372,0.1408566960733976,0.1293587239727867,0.0115833832573465,0.0009238891730861,0.012421861273697,0.0008384780163505,0.1,0.1,0.1,1424,17,CDU-protocol-fast-v1,0.419910235776041
810_Exathlon_id_1_Facility_tr_10766_1st_12590.csv,Exathlon,TranAD,Exathlon,0.5910589381462512,0.6594060583860757,0.5341591989358813,0.599663925274568,-0.0683471202398244,0.0568997392103699,-0.0086049871283168,0.0597421331115076,0.1,0.1,0.1,43066,5437,CDU-protocol-fast-v1,0.6956228301963111
811_Exathlon_id_2_Facility_tr_10766_1st_12590.csv,Exathlon,TranAD,Exathlon,0.5910589381462512,0.515289659163302,0.5715996895161534,0.4965858796340539,0.0757692789829491,0.0194592486300978,0.0944730585121972,0.0187037795292481,0.1,0.1,0.1,43066,5437,CDU-protocol-fast-v1,0.6318271510102377
812_Exathlon_id_3_Facility_tr_10766_1st_12590.csv,Exathlon,TranAD,Exathlon,0.5910589381462512,0.3949622386184044,0.5772403504214874,0.3936025818642236,0.1960966995278468,0.0138185877247638,0.1974563562820275,0.0013596567541807,0.1,0.1,0.1,43066,5437,CDU-protocol-fast-v1,0.4408725662382464
814_Exathlon_id_5_Facility_tr_10766_1st_12590.csv,Exathlon,TranAD,Exathlon,0.5910589381462512,0.515289659163302,0.5715996895161534,0.4965858796340539,0.0757692789829491,0.0194592486300978,0.0944730585121972,0.0187037795292481,0.1,0.1,0.1,43066,5437,CDU-protocol-fast-v1,0.6318271510102377
815_Exathlon_id_6_Facility_tr_10766_1st_12590.csv,Exathlon,TranAD,Exathlon,0.5910589381462512,0.3949622386184044,0.5772403504214874,0.3936025818642236,0.1960966995278468,0.0138185877247638,0.1974563562820275,0.0013596567541807,0.1,0.1,0.1,43066,5437,CDU-protocol-fast-v1,0.4408725662382464
816_Exathlon_id_7_Facility_tr_10766_1st_12590.csv,Exathlon,TranAD,Exathlon,0.5910589381462512,0.447824080505201,0.5643901829671577,0.4289598704642432,0.1432348576410502,0.0266687551790935,0.162099067682008,0.0188642100409577,0.1,0.1,0.1,43066,5437,CDU-protocol-fast-v1,0.5677905277128272
817_Exathlon_id_8_Facility_tr_10766_1st_12590.csv,Exathlon,TranAD,Exathlon,0.5910589381462512,0.5907887612902277,0.5508539084779707,0.5459881781939706,0.0002701768560234,0.0402050296682805,0.0450707599522806,0.0448005830962571,0.1,0.1,0.1,43066,5437,CDU-protocol-fast-v1,0.519827697962074
818_Exathlon_id_9_Facility_tr_11665_1st_13484.csv,Exathlon,TranAD,Exathlon,0.3383966554327336,0.2336089939081875,0.3004383355015007,0.2061939117297063,0.1047876615245461,0.0379583199312328,0.1322027437030273,0.0274150821784811,0.1,0.1,0.1,46660,2928,CDU-protocol-fast-v1,0.9040485103319992
819_Exathlon_id_10_Facility_tr_10766_1st_12590.csv,Exathlon,TranAD,Exathlon,0.5910589381462512,0.4387458545297075,0.5120610349079344,0.3760287125214242,0.1523130836165437,0.0789979032383167,0.215030225624827,0.0627171420082832,0.1,0.1,0.1,43066,5437,CDU-protocol-fast-v1,0.9269719191871384
820_Exathlon_id_11_Facility_tr_11665_1st_13484.csv,Exathlon,TranAD,Exathlon,0.3383966554327336,0.2856122646634518,0.3070585455099994,0.2577581151939406,0.0527843907692818,0.0313381099227342,0.0806385402387929,0.0278541494695111,0.1,0.1,0.1,46660,2928,CDU-protocol-fast-v1,0.5574831769593941
821_Exathlon_id_12_Facility_tr_6985_1st_7085.csv,Exathlon,TranAD,Exathlon,0.5029142696878764,0.4050369672810656,0.4372277516791319,0.3545592302698104,0.0978773024068108,0.0656865180087445,0.148355039418066,0.0504777370112551,0.1,0.1,0.1,46649,4856,CDU-protocol-fast-v1,0.9079568297134332
822_Exathlon_id_13_Facility_tr_10766_1st_12590.csv,Exathlon,TranAD,Exathlon,0.5910589381462512,0.5907887612902277,0.5508539084779707,0.5459881781939706,0.0002701768560234,0.0402050296682805,0.0450707599522806,0.0448005830962571,0.1,0.1,0.1,43066,5437,CDU-protocol-fast-v1,0.519827697962074
823_Exathlon_id_14_Facility_tr_10766_1st_12590.csv,Exathlon,TranAD,Exathlon,0.5910589381462512,0.4417425956896094,0.50806151222534,0.3738528789754365,0.1493163424566418,0.0829974259209112,0.2172060591708147,0.0678897167141728,0.1,0.1,0.1,43066,5437,CDU-protocol-fast-v1,0.977728614916811
824_Exathlon_id_15_Facility_tr_10766_1st_12590.csv,Exathlon,TranAD,Exathlon,0.5910589381462512,0.4367697206179154,0.5876410370479449,0.4396354296706293,0.1542892175283358,0.0034179010983063,0.1514235084756219,-0.0028657090527138,0.1,0.1,0.1,43066,5437,CDU-protocol-fast-v1,0.5270607410460417
826_Exathlon_id_17_Facility_tr_11665_1st_13484.csv,Exathlon,TranAD,Exathlon,0.3383966554327336,0.2856122646634518,0.3070585455099994,0.2577581151939406,0.0527843907692818,0.0313381099227342,0.0806385402387929,0.0278541494695111,0.1,0.1,0.1,46660,2928,CDU-protocol-fast-v1,0.5574831769593941
827_Exathlon_id_18_Facility_tr_10766_1st_12590.csv,Exathlon,TranAD,Exathlon,0.5910589381462512,0.4367697206179154,0.5876410370479449,0.4396354296706293,0.1542892175283358,0.0034179010983063,0.1514235084756219,-0.0028657090527138,0.1,0.1,0.1,43066,5437,CDU-protocol-fast-v1,0.5270607410460417
828_Exathlon_id_19_Facility_tr_11663_1st_13482.csv,Exathlon,TranAD,Exathlon,0.3401291997647747,0.3021399170343675,0.2991056198177031,0.266602321851636,0.0379892827304071,0.0410235799470715,0.0735268779131386,0.0355375951827314,0.1,0.1,0.1,46655,2948,CDU-protocol-fast-v1,0.7516949477163319
829_Exathlon_id_20_Facility_tr_10766_1st_12590.csv,Exathlon,TranAD,Exathlon,0.5910589381462512,0.447824080505201,0.5643901829671577,0.4289598704642432,0.1432348576410502,0.0266687551790935,0.162099067682008,0.0188642100409577,0.1,0.1,0.1,43066,5437,CDU-protocol-fast-v1,0.5677905277128272
830_Exathlon_id_21_Facility_tr_10766_1st_12590.csv,Exathlon,TranAD,Exathlon,0.5910589381462512,0.5471087903381027,0.513990174886856,0.4754250797907233,0.0439501478081485,0.0770687632593951,0.1156338583555279,0.0716837105473793,0.1,0.1,0.1,43066,5437,CDU-protocol-fast-v1,0.8550769732543977
831_Exathlon_id_22_Facility_tr_11665_1st_13484.csv,Exathlon,TranAD,Exathlon,0.3383966554327336,0.2856122646634518,0.3070585455099994,0.2577581151939406,0.0527843907692818,0.0313381099227342,0.0806385402387929,0.0278541494695111,0.1,0.1,0.1,46660,2928,CDU-protocol-fast-v1,0.5574831769593941
832_Exathlon_id_23_Facility_tr_10766_1st_12590.csv,Exathlon,TranAD,Exathlon,0.5910589381462512,0.447824080505201,0.5643901829671577,0.4289598704642432,0.1432348576410502,0.0266687551790935,0.162099067682008,0.0188642100409577,0.1,0.1,0.1,43066,5437,CDU-protocol-fast-v1,0.5677905277128272
833_Exathlon_id_24_Facility_tr_10766_1st_12590.csv,Exathlon,TranAD,Exathlon,0.5910589381462512,0.3949622386184044,0.5772403504214874,0.3936025818642236,0.1960966995278468,0.0138185877247638,0.1974563562820275,0.0013596567541807,0.1,0.1,0.1,43066,5437,CDU-protocol-fast-v1,0.4408725662382464
834_Exathlon_id_25_Facility_tr_11665_1st_13484.csv,Exathlon,TranAD,Exathlon,0.3383966554327336,0.2856122646634518,0.3070585455099994,0.2577581151939406,0.0527843907692818,0.0313381099227342,0.0806385402387929,0.0278541494695111,0.1,0.1,0.1,46660,2928,CDU-protocol-fast-v1,0.5574831769593941
835_Exathlon_id_26_Facility_tr_10766_1st_12590.csv,Exathlon,TranAD,Exathlon,0.5910589381462512,0.6540245625665059,0.5116536998154139,0.572254265718095,-0.0629656244202546,0.0794052383308373,0.0188046724281562,0.0817702968484108,0.1,0.1,0.1,43066,5437,CDU-protocol-fast-v1,0.7095535966485618
836_Exathlon_id_27_Facility_tr_10766_1st_12590.csv,Exathlon,TranAD,Exathlon,0.5910589381462512,0.3949622386184044,0.5772403504214874,0.3936025818642236,0.1960966995278468,0.0138185877247638,0.1974563562820275,0.0013596567541807,0.1,0.1,0.1,43066,5437,CDU-protocol-fast-v1,0.4408725662382464
837_Exathlon_id_28_Facility_tr_8898_1st_8998.csv,Exathlon,TranAD,Exathlon,0.4205924877163967,0.4659297475088861,0.3642598967340296,0.412481146389218,-0.0453372597924894,0.056332590982367,0.0081113413271786,0.053448601119668,0.1,0.1,0.1,46650,3891,CDU-protocol-fast-v1,0.9415389445130996
838_Exathlon_id_29_Facility_tr_10766_1st_12590.csv,Exathlon,TranAD,Exathlon,0.5910589381462512,0.5907887612902277,0.5508539084779707,0.5459881781939706,0.0002701768560234,0.0402050296682805,0.0450707599522806,0.0448005830962571,0.1,0.1,0.1,43066,5437,CDU-protocol-fast-v1,0.519827697962074
839_Exathlon_id_30_Facility_tr_10766_1st_12590.csv,Exathlon,TranAD,Exathlon,0.5910589381462512,0.447824080505201,0.5643901829671577,0.4289598704642432,0.1432348576410502,0.0266687551790935,0.162099067682008,0.0188642100409577,0.1,0.1,0.1,43066,5437,CDU-protocol-fast-v1,0.5677905277128272
840_Exathlon_id_31_Facility_tr_10766_1st_12590.csv,Exathlon,TranAD,Exathlon,0.5910589381462512,0.4367697206179154,0.5876410370479449,0.4396354296706293,0.1542892175283358,0.0034179010983063,0.1514235084756219,-0.0028657090527138,0.1,0.1,0.1,43066,5437,CDU-protocol-fast-v1,0.5270607410460417
841_Exathlon_id_32_Facility_tr_11663_1st_13482.csv,Exathlon,TranAD,Exathlon,0.3401291997647747,0.2352715670401938,0.29735105416911,0.2060317406894098,0.1048576327245808,0.0427781455956646,0.1340974590753648,0.0292398263507839,0.1,0.1,0.1,46655,2948,CDU-protocol-fast-v1,0.9372160476691476
842_OPPORTUNITY_id_1_HumanActivity_tr_7295_1st_27516.csv,OPPORTUNITY,TranAD,OPPORTUNITY,0.1361741528429222,0.1560156124175955,0.1278144162536129,0.1483721589429661,-0.0198414595746733,0.0083597365893092,-0.0121980061000439,0.0076434534746293,0.1,0.1,0.1,29182,330,CDU-protocol-fast-v1,0.6321642409862609
843_OPPORTUNITY_id_2_HumanActivity_tr_808_1st_908.csv,OPPORTUNITY,TranAD,OPPORTUNITY,0.5871383142152801,0.7917259023505411,0.5139495603022688,0.7203117948219854,-0.204587588135261,0.0731887539130112,-0.1331734806067053,0.0714141075285557,0.1,0.1,0.1,9057,1142,CDU-protocol-fast-v1,0.9123654213866504
844_OPPORTUNITY_id_3_HumanActivity_tr_500_1st_566.csv,OPPORTUNITY,TranAD,OPPORTUNITY,0.3344604207133003,0.359826741030982,0.2917281353166805,0.3252526314597038,-0.0253663203176817,0.0427322853966197,0.0092077892535964,0.0345741095712782,0.1,0.1,0.1,15653,967,CDU-protocol-fast-v1,0.6009228854146449
845_OPPORTUNITY_id_4_HumanActivity_tr_7295_1st_27516.csv,OPPORTUNITY,TranAD,OPPORTUNITY,0.1361741528429222,0.1554119769111372,0.1277613171184405,0.1502752741463531,-0.019237824068215,0.0084128357244816,-0.0141011213034309,0.005136702764784,0.1,0.1,0.1,29182,330,CDU-protocol-fast-v1,0.9029850980890012
846_OPPORTUNITY_id_5_HumanActivity_tr_2085_1st_2185.csv,OPPORTUNITY,TranAD,OPPORTUNITY,0.2365509154601663,0.3009542656110027,0.2095174722204014,0.282169937245173,-0.0644033501508364,0.0270334432397648,-0.0456190217850066,0.0187843283658297,0.1,0.1,0.1,22194,818,CDU-protocol-fast-v1,0.6707261683029082
847_OPPORTUNITY_id_6_HumanActivity_tr_808_1st_908.csv,OPPORTUNITY,TranAD,OPPORTUNITY,0.5871383142152801,0.8632380219754142,0.5110988607145005,0.782352117589947,-0.2760997077601341,0.0760394535007795,-0.1952138033746669,0.0808859043854671,0.1,0.1,0.1,9057,1142,CDU-protocol-fast-v1,0.5858288360178938
848_OPPORTUNITY_id_7_HumanActivity_tr_1477_1st_1577.csv,OPPORTUNITY,TranAD,OPPORTUNITY,0.1781275678879195,0.1663103770423931,0.1618466753933056,0.1576037894625757,0.0118171908455264,0.0162808924946138,0.0205237784253437,0.0087065875798173,0.1,0.1,0.1,18011,396,CDU-protocol-fast-v1,0.7235073379338907
849_OPPORTUNITY_id_8_HumanActivity_tr_1100_1st_1200.csv,OPPORTUNITY,TranAD,OPPORTUNITY,0.1877099177944515,0.2074945180166798,0.1695565614204211,0.1927101061839254,-0.0197846002222283,0.0181533563740304,-0.0050001883894739,0.0147844118327543,0.1,0.1,0.1,24892,608,CDU-protocol-fast-v1,0.9642521923546106
850_OPPORTUNITY_id_9_HumanActivity_tr_895_1st_995.csv,OPPORTUNITY,TranAD,OPPORTUNITY,0.2084048165942393,0.2201727948202856,0.18937275935533,0.2075934588691559,-0.0117679782260463,0.0190320572389092,0.0008113577250833,0.0125793359511297,0.1,0.1,0.1,14751,438,CDU-protocol-fast-v1,0.3199193929177387
851_OPPORTUNITY_id_10_HumanActivity_tr_6213_1st_7311.csv,OPPORTUNITY,TranAD,OPPORTUNITY,0.2296003845866163,0.3405770580164143,0.2543793719481054,0.3714452482240174,-0.110976673429798,-0.0247789873614891,-0.1418448636374011,-0.0308681902076031,0.1,0.1,0.1,24852,872,CDU-protocol-fast-v1,0.020249924750667
853_OPPORTUNITY_id_12_HumanActivity_tr_808_1st_908.csv,OPPORTUNITY,TranAD,OPPORTUNITY,0.5871383142152801,0.8985644465983316,0.5058995638838134,0.8099953426452685,-0.3114261323830515,0.0812387503314666,-0.2228570284299884,0.088569103953063,0.1,0.1,0.1,9057,1142,CDU-protocol-fast-v1,0.7582160126538705
854_OPPORTUNITY_id_13_HumanActivity_tr_1477_1st_1577.csv,OPPORTUNITY,TranAD,OPPORTUNITY,0.1781275678879195,0.177713748489127,0.161680932087068,0.1714959165068808,0.0004138193987925,0.0164466358008514,0.0066316513810386,0.0062178319822461,0.1,0.1,0.1,18011,396,CDU-protocol-fast-v1,0.9642535848730784
855_OPPORTUNITY_id_14_HumanActivity_tr_808_1st_908.csv,OPPORTUNITY,TranAD,OPPORTUNITY,0.5871383142152801,0.850462249982976,0.5708895010243018,0.8271056614154749,-0.2633239357676959,0.0162488131909782,-0.2399673472001948,0.0233565885675011,0.1,0.1,0.1,9057,1142,CDU-protocol-fast-v1,0.1634082240435327
856_OPPORTUNITY_id_15_HumanActivity_tr_808_1st_908.csv,OPPORTUNITY,TranAD,OPPORTUNITY,0.5871383142152801,0.8821147358487812,0.506884474248947,0.8000606185715009,-0.2949764216335011,0.080253839966333,-0.2129223043562208,0.0820541172772802,0.1,0.1,0.1,9057,1142,CDU-protocol-fast-v1,0.6847473585686901
857_OPPORTUNITY_id_16_HumanActivity_tr_500_1st_566.csv,OPPORTUNITY,TranAD,OPPORTUNITY,0.3344604207133003,0.4337740256159521,0.2922423803207198,0.3944087372373597,-0.0993136049026517,0.0422180403925804,-0.0599483165240594,0.0393652883785923,0.1,0.1,0.1,15653,967,CDU-protocol-fast-v1,0.6908103733576123
858_OPPORTUNITY_id_17_HumanActivity_tr_808_1st_908.csv,OPPORTUNITY,TranAD,OPPORTUNITY,0.5871383142152801,0.924768669751845,0.5017133989239821,0.8358298502139053,-0.3376303555365649,0.0854249152912979,-0.2486915359986252,0.0889388195379397,0.1,0.1,0.1,9057,1142,CDU-protocol-fast-v1,0.9959324838705426
859_OPPORTUNITY_id_18_HumanActivity_tr_895_1st_995.csv,OPPORTUNITY,TranAD,OPPORTUNITY,0.2084048165942393,0.231208047481942,0.1866569741053718,0.2140404648175524,-0.0228032308877026,0.0217478424888674,-0.0056356482233131,0.0171675826643895,0.1,0.1,0.1,14751,438,CDU-protocol-fast-v1,0.5950185728109386
860_OPPORTUNITY_id_19_HumanActivity_tr_808_1st_908.csv,OPPORTUNITY,TranAD,OPPORTUNITY,0.5871383142152801,0.8533380355622447,0.5015446827062248,0.7652599989497898,-0.2661997213469647,0.0855936315090553,-0.1781216847345097,0.0880780366124549,0.1,0.1,0.1,9057,1142,CDU-protocol-fast-v1,0.9898486622882964
861_OPPORTUNITY_id_20_HumanActivity_tr_2085_1st_2185.csv,OPPORTUNITY,TranAD,OPPORTUNITY,0.2365509154601663,0.2669523683629944,0.2124961627163387,0.2490938763999963,-0.0304014529028281,0.0240547527438275,-0.01254296093983,0.0178584919629981,0.1,0.1,0.1,22194,818,CDU-protocol-fast-v1,0.3470310135697005
862_OPPORTUNITY_id_21_HumanActivity_tr_500_1st_566.csv,OPPORTUNITY,TranAD,OPPORTUNITY,0.3344604207133003,0.4067945500712892,0.2897049474526273,0.3674857880353103,-0.0723341293579888,0.0447554732606729,-0.03302536732201,0.0393087620359788,0.1,0.1,0.1,15653,967,CDU-protocol-fast-v1,0.9397297576291916
863_OPPORTUNITY_id_22_HumanActivity_tr_808_1st_908.csv,OPPORTUNITY,TranAD,OPPORTUNITY,0.5871383142152801,0.8387032793027022,0.5040833279500082,0.7632452159409275,-0.2515649650874221,0.0830549862652718,-0.1761069017256474,0.0754580633617746,0.1,0.1,0.1,9057,1142,CDU-protocol-fast-v1,0.8622965222597815
865_OPPORTUNITY_id_24_HumanActivity_tr_2085_1st_2185.csv,OPPORTUNITY,TranAD,OPPORTUNITY,0.2365509154601663,0.2672391635365892,0.209344766213293,0.2464941360517343,-0.0306882480764229,0.0272061492468732,-0.009943220591568,0.0207450274848548,0.1,0.1,0.1,22194,818,CDU-protocol-fast-v1,0.9480668181445384
866_OPPORTUNITY_id_25_HumanActivity_tr_6213_1st_7311.csv,OPPORTUNITY,TranAD,OPPORTUNITY,0.2296003845866163,0.3173672055964974,0.2049679867839423,0.2973328481668089,-0.087766821009881,0.0246323978026739,-0.0677324635801926,0.0200343574296884,0.1,0.1,0.1,24852,872,CDU-protocol-fast-v1,0.3800918135574989
867_OPPORTUNITY_id_26_HumanActivity_tr_808_1st_908.csv,OPPORTUNITY,TranAD,OPPORTUNITY,0.5871383142152801,0.9450234805858582,0.5771420030915256,0.916754109724252,-0.3578851663705781,0.0099963111237544,-0.329615795508972,0.028269370861606,0.1,0.1,0.1,9057,1142,CDU-protocol-fast-v1,0.1504876746164316
868_OPPORTUNITY_id_27_HumanActivity_tr_2085_1st_2185.csv,OPPORTUNITY,TranAD,OPPORTUNITY,0.2365509154601663,0.2875607068096743,0.2097145604278023,0.2677721712036525,-0.051009791349508,0.0268363550323639,-0.0312212557434861,0.0197885356060218,0.1,0.1,0.1,22194,818,CDU-protocol-fast-v1,0.851418471053869
869_OPPORTUNITY_id_28_HumanActivity_tr_500_1st_566.csv,OPPORTUNITY,TranAD,OPPORTUNITY,0.3344604207133003,0.4593897499875343,0.2937190885288254,0.4197570825523589,-0.124929329274234,0.0407413321844748,-0.0852966618390586,0.0396326674351753,0.1,0.1,0.1,15653,967,CDU-protocol-fast-v1,0.4994321076732743
870_OPPORTUNITY_id_29_HumanActivity_tr_1477_1st_1577.csv,OPPORTUNITY,TranAD,OPPORTUNITY,0.1781275678879195,0.1837525974478287,0.1621636971707987,0.1745973458953937,-0.0056250295599092,0.0159638707171208,0.0035302219925257,0.0091552515524349,0.1,0.1,0.1,18011,396,CDU-protocol-fast-v1,0.5752735582901249
001_NAB_id_1_Facility_tr_1007_1st_2014.csv,NAB,TimesNet,NAB,0.4271930261014086,0.4049530644436562,0.4226173629747144,0.4051577483330965,0.0222399616577523,0.0045756631266941,0.0220352777683121,-0.0002046838894402,0.1,0.1,0.1,4031,343,CDU-protocol-fast-v1,0.2206945750629859
002_NAB_id_2_WebService_tr_1500_1st_4106.csv,NAB,TimesNet,NAB,0.5109811005857584,0.5019596616707005,0.5141698982171177,0.5013219128510268,0.0090214389150579,-0.0031887976313592,0.0096591877347316,0.0006377488196737,0.1,0.1,0.1,6000,637,CDU-protocol-fast-v1,0.1699093811165759
005_NAB_id_5_Traffic_tr_594_1st_1645.csv,NAB,TimesNet,NAB,0.4866326352417378,0.4225410306074325,0.4930122068731772,0.4225390978303295,0.0640916046343053,-0.0063795716314394,0.0640935374114082,1.932777102919836e-06,0.1,0.1,0.1,2379,238,CDU-protocol-fast-v1,0.1030385669546289
006_NAB_id_6_Traffic_tr_2579_1st_5839.csv,NAB,TimesNet,NAB,0.4857335332016683,0.5030185169729929,0.4938985369859856,0.502794670134044,-0.0172849837713246,-0.0081650037843173,-0.0170611369323757,0.0002238468389489,0.1,0.1,0.1,10319,1030,CDU-protocol-fast-v1,0.1087865659407615
008_NAB_id_8_Synthetic_tr_1007_1st_2734.csv,NAB,TimesNet,NAB,0.4853806728505995,0.3491487638325485,0.4652205976408411,0.3491387705573607,0.136231909018051,0.0201600752097583,0.1362419022932387,9.993275187747395e-06,0.1,0.1,0.1,4031,402,CDU-protocol-fast-v1,0.4770107520356684
009_NAB_id_9_Traffic_tr_500_1st_438.csv,NAB,TimesNet,NAB,0.4862815616001811,0.4577284733710112,0.4789086054791029,0.4576208785258843,0.0285530882291699,0.0073729561210781,0.0286606830742967,0.0001075948451268,0.1,0.1,0.1,2161,216,CDU-protocol-fast-v1,0.1956480752225522
010_NAB_id_10_WebService_tr_500_1st_271.csv,NAB,TimesNet,NAB,0.6772894492172364,0.6757135752540563,0.6692896672587769,0.6773409921837528,0.0015758739631801,0.0079997819584595,-5.154296651632695e-05,-0.0016274169296964,0.1,0.1,0.1,1000,148,CDU-protocol-fast-v1,0.408966394673581
011_NAB_id_11_Facility_tr_1007_1st_1526.csv,NAB,TimesNet,NAB,0.5563893265106291,0.4704058326094067,0.5498901862600007,0.4712178233174016,0.0859834939012224,0.0064991402506283,0.0851715031932275,-0.0008119907079948,0.1,0.1,0.1,4031,474,CDU-protocol-fast-v1,0.3299954900730708
013_NAB_id_13_Traffic_tr_623_1st_2084.csv,NAB,TimesNet,NAB,0.4842338922682348,0.3962528349165996,0.4691210583499763,0.3963008486559504,0.0879810573516352,0.0151128339182585,0.0879330436122843,-4.801373935087172e-05,0.1,0.1,0.1,2494,248,CDU-protocol-fast-v1,0.4882859729732733
014_NAB_id_14_WebService_tr_500_1st_1045.csv,NAB,TimesNet,NAB,0.4820684243308183,0.4939130394542483,0.4823549113172435,0.4933172150830756,-0.0118446151234299,-0.0002864869864251,-0.0112487907522573,0.0005958243711726,0.1,0.1,0.1,1537,152,CDU-protocol-fast-v1,0.1083386541438797
015_NAB_id_15_Synthetic_tr_1007_1st_2787.csv,NAB,TimesNet,NAB,0.5948523472431452,0.7760293975346706,0.6048619139632574,0.7764635992683104,-0.1811770502915254,-0.0100095667201122,-0.1816112520251652,-0.0004342017336398,0.1,0.1,0.1,4031,513,CDU-protocol-fast-v1,0.1441844744039124
016_NAB_id_16_Environment_tr_1816_1st_3540.csv,NAB,TimesNet,NAB,0.4850429707481395,0.4376926895900296,0.4845978611768629,0.437771910158712,0.0473502811581099,0.0004451095712766,0.0472710605894274,-7.922056868242544e-05,0.1,0.1,0.1,7266,724,CDU-protocol-fast-v1,0.1301052922369309
017_NAB_id_17_Synthetic_tr_1007_1st_1805.csv,NAB,TimesNet,NAB,0.4853806728505994,0.5534003198707411,0.4857324134472308,0.5530916572494737,-0.0680196470201417,-0.0003517405966314,-0.0677109843988743,0.0003086626212673,0.1,0.1,0.1,4031,402,CDU-protocol-fast-v1,0.1344208507513928
018_NAB_id_18_Facility_tr_500_1st_669.csv,NAB,TimesNet,NAB,0.4862541770224173,0.5522336731389618,0.4912675950121197,0.5528704487547523,-0.0659794961165444,-0.0050134179897024,-0.066616271732335,-0.0006367756157905,0.1,0.1,0.1,1881,188,CDU-protocol-fast-v1,0.2284268868843286
019_NAB_id_19_Facility_tr_1007_1st_1171.csv,NAB,TimesNet,NAB,0.483408210248932,0.4719329833680825,0.4797749839544454,0.4719961685926372,0.0114752268808495,0.0036332262944865,0.0114120416562947,-6.318522455478481e-05,0.1,0.1,0.1,4031,400,CDU-protocol-fast-v1,0.131081290100189
020_NAB_id_20_Synthetic_tr_1007_1st_2679.csv,NAB,TimesNet,NAB,0.7013653277331897,0.8742667449843253,0.7221034634774021,0.8757518648858353,-0.1729014172511356,-0.0207381357442123,-0.1743865371526456,-0.00148511990151,0.1,0.1,0.1,4031,621,CDU-protocol-fast-v1,0.1652061151180854
022_NAB_id_22_Facility_tr_1007_1st_2980.csv,NAB,TimesNet,NAB,0.6017559663489813,0.4471628834985517,0.5846661426381724,0.4481653034477672,0.1545930828504296,0.0170898237108089,0.1535906629012141,-0.0010024199492155,0.1,0.1,0.1,4031,520,CDU-protocol-fast-v1,0.3740808918325763
023_NAB_id_23_Facility_tr_4512_1st_16551.csv,NAB,TimesNet,NAB,0.4188672974141275,0.4009310411488355,0.4103271773572106,0.3994546217023123,0.0179362562652919,0.0085401200569169,0.0194126757118151,0.0014764194465231,0.1,0.1,0.1,18049,1498,CDU-protocol-fast-v1,0.1265278221073861
024_NAB_id_24_Synthetic_tr_1007_1st_2787.csv,NAB,TimesNet,NAB,0.5948523472431452,0.5576899651953611,0.5976092213735668,0.5578179592516704,0.0371623820477841,-0.0027568741304215,0.0370343879914747,-0.0001279940563093,0.1,0.1,0.1,4031,513,CDU-protocol-fast-v1,0.2547073196929504
025_NAB_id_25_WebService_tr_3958_1st_4614.csv,NAB,TimesNet,NAB,0.4856619904702664,0.5141484620284618,0.488246172767157,0.5140331987605353,-0.0284864715581953,-0.0025841822968906,-0.0283712082902689,0.0001152632679264,0.1,0.1,0.1,15832,1580,CDU-protocol-fast-v1,0.1067803409173805
026_NAB_id_26_Traffic_tr_624_1st_2261.csv,NAB,TimesNet,NAB,0.4675345826450365,0.3812191677117147,0.4665192200948488,0.381785293288336,0.0863154149333217,0.0010153625501876,0.0857492893567004,-0.0005661255766213,0.1,0.1,0.1,2499,238,CDU-protocol-fast-v1,0.1334743081447016
027_NAB_id_27_Facility_tr_757_1st_2582.csv,NAB,TimesNet,NAB,0.3512382483885998,0.2900068948565441,0.3497152779366194,0.2906170445543922,0.0612313535320557,0.0015229704519803,0.0606212038342076,-0.0006101496978481,0.1,0.1,0.1,3031,200,CDU-protocol-fast-v1,0.1061084211803748
028_NAB_id_28_Facility_tr_1007_1st_3447.csv,NAB,TimesNet,NAB,0.5129951492739443,0.4682624740937041,0.5145744777793579,0.4693634775240724,0.0447326751802402,-0.0015793285054136,0.0436316717498718,-0.0011010034303683,0.1,0.1,0.1,4031,430,CDU-protocol-fast-v1,0.1760390464650413
032_WSD_id_4_WebService_tr_4559_1st_11822.csv,WSD,TimesNet,WSD,0.1075299854438183,0.1116774515005216,0.1069758663230696,0.1117287245210959,-0.0041474660567032,0.0005541191207486,-0.0041987390772776,-5.127302057432448e-05,0.1,0.1,0.1,10686,32,CDU-protocol-fast-v1,0.0899363614118457
039_WSD_id_11_WebService_tr_1746_1st_1846.csv,WSD,TimesNet,WSD,0.123945251401589,0.117165915369355,0.1218989991152459,0.1170974045632754,0.006779336032234,0.002046252286343,0.0068478468383135,6.851080607958582e-05,0.1,0.1,0.1,18219,132,CDU-protocol-fast-v1,0.6790948295775134
040_WSD_id_12_WebService_tr_4559_1st_9714.csv,WSD,TimesNet,WSD,0.1046479863466841,0.1124326024770673,0.103968421516139,0.1123631300282974,-0.0077846161303831,0.000679564830545,-0.0077151436816133,6.947244876988334e-05,0.1,0.1,0.1,18236,41,CDU-protocol-fast-v1,0.0380369193847558
043_WSD_id_15_WebService_tr_4521_1st_6828.csv,WSD,TimesNet,WSD,0.097246602480544,0.102515453101583,0.0974034870017508,0.1023616475869056,-0.005268850621039,-0.0001568845212068,-0.0051150451063616,0.0001538055146773,0.1,0.1,0.1,18085,6,CDU-protocol-fast-v1,0.0614503776469635
049_WSD_id_21_WebService_tr_4297_1st_7097.csv,WSD,TimesNet,WSD,0.1029301495095835,0.104141769354132,0.1026782420787323,0.1040613195374787,-0.0012116198445484,0.0002519074308511,-0.0011311700278952,8.044981665322748e-05,0.1,0.1,0.1,17189,31,CDU-protocol-fast-v1,0.0128509281233825
054_WSD_id_26_WebService_tr_2409_1st_2509.csv,WSD,TimesNet,WSD,0.1098244691869262,0.1131182814548376,0.1085912473111959,0.1130010777794027,-0.0032938122679113,0.0012332218757302,-0.0031766085924765,0.0001172036754348,0.1,0.1,0.1,18391,66,CDU-protocol-fast-v1,0.4520514505521074
058_WSD_id_30_WebService_tr_1136_1st_1236.csv,WSD,TimesNet,WSD,0.0976595358796754,0.1041579276002816,0.0975943251942992,0.1040141458413549,-0.0064983917206062,6.521068537615471e-05,-0.0063546099616795,0.0001437817589266,0.1,0.1,0.1,18236,8,CDU-protocol-fast-v1,0.1524725180122708
060_WSD_id_32_WebService_tr_4576_1st_4766.csv,WSD,TimesNet,WSD,0.1174846082653973,0.1171885962943928,0.1156820041129928,0.1170448800481391,0.0002960119710045,0.0018026041524044,0.0004397282172581,0.0001437162462536,0.1,0.1,0.1,18305,102,CDU-protocol-fast-v1,0.1675396562184196
068_WSD_id_40_WebService_tr_4549_1st_13322.csv,WSD,TimesNet,WSD,0.1021198938700692,0.1071976929509372,0.1021343825777061,0.1071675898288807,-0.005077799080868,-1.4488707636955978e-05,-0.0050476959588115,3.010312205649346e-05,0.1,0.1,0.1,18197,29,CDU-protocol-fast-v1,0.0217999742205526
074_WSD_id_46_WebService_tr_990_1st_1090.csv,WSD,TimesNet,WSD,0.1573790216886592,0.1352386893013269,0.1507153905205528,0.1350188257277234,0.0221403323873322,0.0066636311681063,0.0223601959609357,0.0002198635736034,0.1,0.1,0.1,18236,290,CDU-protocol-fast-v1,0.4582971586918472
089_WSD_id_61_WebService_tr_1010_1st_1110.csv,WSD,TimesNet,WSD,0.1493653476999775,0.128044486996481,0.1436877238151186,0.1278679606991695,0.0213208607034965,0.0056776238848589,0.021497387000808,0.0001765262973114,0.1,0.1,0.1,17429,241,CDU-protocol-fast-v1,0.8617149667256649
094_WSD_id_66_WebService_tr_3309_1st_3914.csv,WSD,TimesNet,WSD,0.1061765244045372,0.1079952254932525,0.1052243212597763,0.1078799025483696,-0.0018187010887152,0.0009522031447608,-0.0017033781438324,0.0001153229448828,0.1,0.1,0.1,13237,35,CDU-protocol-fast-v1,0.3608475773670467
099_WSD_id_71_WebService_tr_4559_1st_14411.csv,WSD,TimesNet,WSD,0.1046479863466841,0.111021903213316,0.1041616337828169,0.1110571884087048,-0.0063739168666318,0.0004863525638671,-0.0064092020620207,-3.528519538881225e-05,0.1,0.1,0.1,18236,41,CDU-protocol-fast-v1,0.0525063825443767
106_WSD_id_78_WebService_tr_3363_1st_3463.csv,WSD,TimesNet,WSD,0.1427668070758227,0.1281631660111524,0.1390812129184454,0.128133949346733,0.0146036410646702,0.0036855941573772,0.0146328577290896,2.92166644193792e-05,0.1,0.1,0.1,18236,221,CDU-protocol-fast-v1,0.3310090684877044
113_WSD_id_85_WebService_tr_500_1st_335.csv,WSD,TimesNet,WSD,0.1198876437419788,0.1188265995285171,0.1182535308783196,0.1186983816549426,0.0010610442134617,0.0016341128636591,0.0011892620870361,0.0001282178735744,0.1,0.1,0.1,18242,113,CDU-protocol-fast-v1,0.3865907849001642
117_WSD_id_89_WebService_tr_3251_1st_3351.csv,WSD,TimesNet,WSD,0.0966728392159828,0.1038122200571789,0.0967715581912873,0.1036535576450292,-0.0071393808411961,-9.871897530452922e-05,-0.0069807184290464,0.0001586624121496,0.1,0.1,0.1,16376,3,CDU-protocol-fast-v1,0.0011758879043492
125_WSD_id_97_WebService_tr_2217_1st_2317.csv,WSD,TimesNet,WSD,0.1302459870741442,0.1302520570592606,0.1277221333191405,0.1300982329626489,-6.069985116402554e-06,0.0025238537550036,0.0001477541114952,0.0001538240966116,0.1,0.1,0.1,18250,162,CDU-protocol-fast-v1,0.2511131245843714
130_WSD_id_102_WebService_tr_2362_1st_2462.csv,WSD,TimesNet,WSD,0.1372607551927249,0.1338780040566449,0.1352388019257567,0.1338491444891869,0.0033827511360799,0.0020219532669681,0.0034116107035379,2.885956745798945e-05,0.1,0.1,0.1,18236,195,CDU-protocol-fast-v1,0.1436541924664611
137_WSD_id_109_WebService_tr_4559_1st_14404.csv,WSD,TimesNet,WSD,0.108459868419598,0.1147442587137088,0.1077858527867976,0.1147763114912076,-0.0062843902941108,0.0006740156328003,-0.0063164430716096,-3.205277749884772e-05,0.1,0.1,0.1,18236,59,CDU-protocol-fast-v1,0.0494891299930118
139_WSD_id_111_WebService_tr_1701_1st_1801.csv,WSD,TimesNet,WSD,0.1142441227835626,0.1124211147084028,0.1126805337412357,0.1122880959623044,0.0018230080751597,0.0015635890423268,0.0019560268212581,0.0001330187460983,0.1,0.1,0.1,18381,87,CDU-protocol-fast-v1,0.6824809027722949
140_MSL_id_1_Sensor_tr_530_1st_630.csv,MSL,TimesNet,MSL,0.2873686381761706,0.3059045243505106,0.2822043068636518,0.3058320120203555,-0.0185358861743399,0.0051643313125187,-0.0184633738441849,7.2512330155039e-05,0.1,0.1,0.1,2430,121,CDU-protocol-fast-v1,0.3018564676756569
141_MSL_id_2_Sensor_tr_500_1st_550.csv,MSL,TimesNet,MSL,0.6332567791885708,0.6388590499559477,0.6160519430480347,0.6388456006705249,-0.0056022707673768,0.0172048361405361,-0.005588821481954,1.344928542279522e-05,0.1,0.1,0.1,2264,312,CDU-protocol-fast-v1,0.4745562206494786
143_MSL_id_4_Sensor_tr_980_1st_3550.csv,MSL,TimesNet,MSL,0.2429866472843507,0.1940817129302176,0.2337397098053813,0.1940421873437677,0.0489049343541331,0.0092469374789693,0.0489444599405829,3.952558644984561e-05,0.1,0.1,0.1,3922,151,CDU-protocol-fast-v1,0.4389576498451168
144_MSL_id_5_Sensor_tr_1525_1st_4590.csv,MSL,TimesNet,MSL,0.1760790536021126,0.169985411306579,0.1791338247334392,0.169996348745487,0.0060936422955336,-0.0030547711313266,0.0060827048566255,-1.0937438908092956e-05,0.1,0.1,0.1,6100,131,CDU-protocol-fast-v1,0.026685568508551
145_MSL_id_6_Sensor_tr_530_1st_630.csv,MSL,TimesNet,MSL,0.2873686381761706,0.2761726888593286,0.2748633216642948,0.2760980954252143,0.0111959493168419,0.0125053165118757,0.0112705427509562,7.459343411425623e-05,0.1,0.1,0.1,2430,121,CDU-protocol-fast-v1,0.2956566754228143
147_MSL_id_8_Sensor_tr_590_1st_690.csv,MSL,TimesNet,MSL,0.4992263389006856,0.3907201765619901,0.4756337994552843,0.3906115007761496,0.1085061623386954,0.0235925394454012,0.1086148381245359,0.0001086757858405,0.1,0.1,0.1,2430,252,CDU-protocol-fast-v1,0.437653334304483
148_MSL_id_9_Sensor_tr_883_1st_1238.csv,MSL,TimesNet,MSL,0.3451521701195715,0.2882097530028368,0.3346881790975092,0.2881974112265235,0.0569424171167347,0.0104639910220622,0.056954758893048,1.2341776313318231e-05,0.1,0.1,0.1,3535,228,CDU-protocol-fast-v1,0.3689652302963416
149_Stock_id_1_Finance_tr_500_1st_7.csv,Stock,TimesNet,Stock,0.2842191306939363,0.2454306815710683,0.2799728255339103,0.2452230502580901,0.0387884491228679,0.0042463051600259,0.0389960804358461,0.0002076313129781,0.1,0.1,0.1,20000,981,CDU-protocol-fast-v1,0.864879830562112
151_Stock_id_3_Finance_tr_500_1st_62.csv,Stock,TimesNet,Stock,0.2828372009833035,0.2527133972023364,0.2832149150995475,0.2527143324156363,0.0301238037809671,-0.000377714116244,0.0301228685676671,-9.352132999684848e-07,0.1,0.1,0.1,10000,487,CDU-protocol-fast-v1,0.8636172564821449
155_Stock_id_7_Finance_tr_500_1st_18.csv,Stock,TimesNet,Stock,0.2826397824532131,0.2421855532885009,0.2790397172601738,0.2420470633476386,0.0404542291647122,0.0036000651930392,0.0405927191055744,0.0001384899408622,0.1,0.1,0.1,20000,973,CDU-protocol-fast-v1,0.9380917572479864
156_Stock_id_8_Finance_tr_500_1st_24.csv,Stock,TimesNet,Stock,0.2820475268629419,0.2562301892201621,0.2816532098864141,0.2562800336317678,0.0258173376427797,0.0003943169765277,0.025767493231174,-4.9844411605715067e-05,0.1,0.1,0.1,10000,485,CDU-protocol-fast-v1,0.150604546149344
160_Stock_id_12_Finance_tr_500_1st_14.csv,Stock,TimesNet,Stock,0.2842191306939363,0.2453936984954448,0.2804537862180677,0.2452163338386803,0.0388254321984914,0.0037653444758685,0.0390027968552559,0.0001773646567644,0.1,0.1,0.1,20000,981,CDU-protocol-fast-v1,0.6898068142115202
162_Stock_id_14_Finance_tr_500_1st_4.csv,Stock,TimesNet,Stock,0.6354266957247445,0.5522324078821944,0.6369158040187219,0.5521691686072135,0.0831942878425501,-0.0014891082939774,0.0832575271175309,6.323927498086412e-05,0.1,0.1,0.1,10000,1380,CDU-protocol-fast-v1,0.9412279193390376
165_Stock_id_17_Finance_tr_500_1st_7.csv,Stock,TimesNet,Stock,0.6429285998681795,0.5576391440709365,0.6392758929037015,0.5573245412085843,0.085289455797243,0.003652706964478,0.0856040586595952,0.0003146028623521,0.1,0.1,0.1,20000,2798,CDU-protocol-fast-v1,0.9716402887150346
166_Stock_id_18_Finance_tr_500_1st_18.csv,Stock,TimesNet,Stock,0.642731181338089,0.5600653335879421,0.6405915739710073,0.5598169101056725,0.0826658477501469,0.0021396073670817,0.0829142712324165,0.0002484234822696,0.1,0.1,0.1,20000,2797,CDU-protocol-fast-v1,0.8602682477746859
169_Daphnet_id_1_HumanActivity_tr_9693_1st_20732.csv,Daphnet,TimesNet,Daphnet,0.3254223915528967,0.2368700903937531,0.3101658502280711,0.2367046718356466,0.0885523011591436,0.0152565413248255,0.0887177197172501,0.0001654185581064,0.1,0.1,0.1,38774,2306,CDU-protocol-fast-v1,0.3994985892769419
170_MITDB_id_1_Medical_tr_17675_1st_17775.csv,MITDB,TimesNet,MITDB,0.271582878822378,0.2887418738617924,0.2697766185097354,0.2888297149465126,-0.0171589950394143,0.0018062603126425,-0.0172468361241346,-8.784108472026375e-05,0.1,0.1,0.1,500000,22845,CDU-protocol-fast-v1,0.0593990969928516
171_MITDB_id_2_Medical_tr_50000_1st_88864.csv,MITDB,TimesNet,MITDB,0.211197624167007,0.1696606055995633,0.206594628423247,0.1694787343668796,0.0415370185674436,0.0046029957437599,0.0417188898001273,0.0001818712326836,0.1,0.1,0.1,650000,19657,CDU-protocol-fast-v1,0.1066119532440138
172_MITDB_id_3_Medical_tr_27274_1st_27374.csv,MITDB,TimesNet,MITDB,0.2018886191173119,0.2604056175074725,0.2053496365400608,0.2607067254701827,-0.0585169983901605,-0.0034610174227489,-0.0588181063528708,-0.0003011079627102,0.1,0.1,0.1,650000,18109,CDU-protocol-fast-v1,0.0243722884279973
173_MITDB_id_4_Medical_tr_13620_1st_13720.csv,MITDB,TimesNet,MITDB,0.49398571361269,0.5355416748998293,0.5018980166870416,0.5356730471371841,-0.0415559612871392,-0.0079123030743515,-0.0416873335244941,-0.0001313722373548,0.1,0.1,0.1,650000,66682,CDU-protocol-fast-v1,0.1186603221719984
175_MITDB_id_6_Medical_tr_27274_1st_27374.csv,MITDB,TimesNet,MITDB,0.2018886191173119,0.2007848397009577,0.2022191069886988,0.2007458980616535,0.0011037794163542,-0.0003304878713868,0.0011427210556583,3.894163930417971e-05,0.1,0.1,0.1,650000,18109,CDU-protocol-fast-v1,0.0345705709830714
176_MITDB_id_7_Medical_tr_6232_1st_6332.csv,MITDB,TimesNet,MITDB,0.3231402139603378,0.2623315432049894,0.3236718976429747,0.2622847764312085,0.0608086707553484,-0.0005316836826368,0.0608554375291292,4.676677378084859e-05,0.1,0.1,0.1,650000,38272,CDU-protocol-fast-v1,0.1607737466642223
177_MITDB_id_8_Medical_tr_17675_1st_17775.csv,MITDB,TimesNet,MITDB,0.2561009450365638,0.2477174295812171,0.2537834612867276,0.2478051077306989,0.0083835154553466,0.0023174837498362,0.0082958373058648,-8.767814948182351e-05,0.1,0.1,0.1,650000,27124,CDU-protocol-fast-v1,0.0576932485110739
178_SMD_id_1_Facility_tr_6000_1st_10609.csv,SMD,TimesNet,SMD,0.1638312951952854,0.1537953957124617,0.1617039474741305,0.1539118882392037,0.0100358994828236,0.0021273477211548,0.0099194069560816,-0.000116492526742,0.1,0.1,0.1,24000,427,CDU-protocol-fast-v1,0.1225691454046002
179_SMD_id_2_Facility_tr_5925_1st_17580.csv,SMD,TimesNet,SMD,0.1211528492406375,0.1171366726745031,0.1188460654672138,0.1172062051435358,0.0040161765661343,0.0023067837734236,0.0039466440971016,-6.953246903274035e-05,0.1,0.1,0.1,23703,161,CDU-protocol-fast-v1,0.4317171137843479
180_SMD_id_3_Facility_tr_5925_1st_17580.csv,SMD,TimesNet,SMD,0.1211528492406375,0.1100294495002292,0.1184308484722085,0.1095225500771951,0.0111233997404082,0.0027220007684289,0.0116302991634423,0.000506899423034,0.1,0.1,0.1,23703,161,CDU-protocol-fast-v1,0.8137473612360856
181_SMD_id_4_Facility_tr_5000_1st_15144.csv,SMD,TimesNet,SMD,0.2709547640029155,0.2117561266938344,0.2555491139625229,0.2115894984124804,0.0591986373090811,0.0154056500403926,0.0593652655904351,0.0001666282813539,0.1,0.1,0.1,20000,908,CDU-protocol-fast-v1,0.5526431287507081
183_SMD_id_6_Facility_tr_5925_1st_17580.csv,SMD,TimesNet,SMD,0.1211528492406375,0.1188709987924464,0.1186525004227065,0.1190010458865868,0.002281850448191,0.0025003488179309,0.0021518033540506,-0.0001300470941404,0.1,0.1,0.1,23703,161,CDU-protocol-fast-v1,0.7781143169700571
184_SMD_id_7_Facility_tr_7119_1st_15849.csv,SMD,TimesNet,SMD,0.4618409014875731,0.3905077706318494,0.4452778949700211,0.3904379444691087,0.0713331308557237,0.0165630065175519,0.0714029570184644,6.982616274070486e-05,0.1,0.1,0.1,28479,2694,CDU-protocol-fast-v1,0.3854382888300457
185_SMD_id_8_Facility_tr_5000_1st_15144.csv,SMD,TimesNet,SMD,0.2709547640029155,0.2062684251945096,0.2568368931784749,0.206012882321185,0.0646863388084059,0.0141178708244406,0.0649418816817305,0.0002555428733246,0.1,0.1,0.1,20000,908,CDU-protocol-fast-v1,0.5602000667680741
187_SMD_id_10_Facility_tr_5000_1st_15849.csv,SMD,TimesNet,SMD,0.5196700438303502,0.4536615152933103,0.5074890472242188,0.4531329373102521,0.0660085285370399,0.0121809966061313,0.066537106520098,0.0005285779830581,0.1,0.1,0.1,20000,2190,CDU-protocol-fast-v1,0.336894212580629
188_SMD_id_11_Facility_tr_500_1st_392.csv,SMD,TimesNet,SMD,0.2285381802882731,0.1818046186838234,0.2206186943291864,0.1814839127689241,0.0467335616044497,0.0079194859590867,0.0470542675193489,0.0003207059148992,0.1,0.1,0.1,23703,817,CDU-protocol-fast-v1,0.3809637008027232
189_SMD_id_12_Facility_tr_5925_1st_17580.csv,SMD,TimesNet,SMD,0.1211528492406375,0.1190850138092801,0.1186270686674117,0.1189869941388458,0.0020678354313573,0.0025257805732257,0.0021658551017916,9.801967043422676e-05,0.1,0.1,0.1,23703,161,CDU-protocol-fast-v1,0.5822425094458664
190_SMD_id_13_Facility_tr_7119_1st_15849.csv,SMD,TimesNet,SMD,0.4618409014875731,0.3919164966075203,0.446916409680725,0.3918992532913814,0.0699244048800528,0.014924491806848,0.0699416481961917,1.724331613889296e-05,0.1,0.1,0.1,28479,2694,CDU-protocol-fast-v1,0.4086482383998449
191_SMD_id_14_Facility_tr_4596_1st_4696.csv,SMD,TimesNet,SMD,0.119753404460246,0.1130077511720168,0.1177944351259622,0.1131177815736516,0.0067456532882292,0.0019589693342837,0.0066356228865943,-0.0001100304016348,0.1,0.1,0.1,22700,146,CDU-protocol-fast-v1,0.6775264458391534
192_SMD_id_15_Facility_tr_5925_1st_17580.csv,SMD,TimesNet,SMD,0.1211528492406375,0.1188449945822097,0.1184121077248323,0.1188640684657225,0.0023078546584277,0.0027407415158051,0.0022887807749149,-1.9073883512826795e-05,0.1,0.1,0.1,23703,161,CDU-protocol-fast-v1,0.8244851297203513
194_SMD_id_17_Facility_tr_5925_1st_17580.csv,SMD,TimesNet,SMD,0.1211528492406375,0.120780238185619,0.1185195561232144,0.1209742199968122,0.0003726110550184,0.002633293117423,0.0001786292438252,-0.0001939818111932,0.1,0.1,0.1,23703,161,CDU-protocol-fast-v1,0.7068993236822076
195_SMD_id_18_Facility_tr_5925_1st_17580.csv,SMD,TimesNet,SMD,0.1211528492406375,0.1199466435746843,0.1186048278852957,0.1200957207429041,0.0012062056659531,0.0025480213553417,0.0010571284977333,-0.0001490771682198,0.1,0.1,0.1,23703,161,CDU-protocol-fast-v1,0.7975465198370421
196_SMD_id_19_Facility_tr_7174_1st_21230.csv,SMD,TimesNet,SMD,0.1207587804090861,0.1132244898334223,0.1185664931984891,0.1132848463664849,0.0075342905756637,0.0021922872105969,0.0074739340426011,-6.035653306263322e-05,0.1,0.1,0.1,28696,192,CDU-protocol-fast-v1,0.5493622570844674
197_SMD_id_20_Facility_tr_5000_1st_15144.csv,SMD,TimesNet,SMD,0.2709547640029155,0.2110341991262148,0.2554890945248631,0.2108915597653706,0.0599205648767007,0.0154656694780523,0.0600632042375448,0.0001426393608441,0.1,0.1,0.1,20000,908,CDU-protocol-fast-v1,0.5506293552766861
198_SMD_id_21_Facility_tr_5925_1st_17580.csv,SMD,TimesNet,SMD,0.1211528492406375,0.1026275190672519,0.1185849187939083,0.1026802294768443,0.0185253301733856,0.0025679304467291,0.0184726197637931,-5.2710409592454655e-05,0.1,0.1,0.1,23703,161,CDU-protocol-fast-v1,0.6281113302432851
199_SMD_id_22_Facility_tr_5925_1st_17580.csv,SMD,TimesNet,SMD,0.1211528492406375,0.1183540435536104,0.118621036122616,0.1182642594240666,0.0027988056870271,0.0025318131180214,0.0028885898165708,8.978412954373238e-05,0.1,0.1,0.1,23703,161,CDU-protocol-fast-v1,0.6104008104318005
201_SMD_id_24_Facility_tr_7174_1st_21230.csv,SMD,TimesNet,SMD,0.1215700670490047,0.1156505215331957,0.1194020214224898,0.1157287850685598,0.0059195455158089,0.0021680456265148,0.0058412819804448,-7.826353536409536e-05,0.1,0.1,0.1,28696,198,CDU-protocol-fast-v1,0.4504496639615939
202_SMD_id_25_Facility_tr_6250_1st_21230.csv,SMD,TimesNet,SMD,0.1050411077560964,0.1013703232409772,0.1042628613422055,0.1015043414843904,0.0036707845151192,0.0007782464138908,0.0035367662717059,-0.0001340182434132,0.1,0.1,0.1,25000,66,CDU-protocol-fast-v1,0.3387786879181731
203_SMD_id_26_Facility_tr_7174_1st_21230.csv,SMD,TimesNet,SMD,0.1215700670490047,0.1200077187712047,0.1199986681927018,0.1199201271802939,0.0015623482777999,0.0015713988563028,0.0016499398687107,8.75915909107211e-05,0.1,0.1,0.1,28696,198,CDU-protocol-fast-v1,0.459798515744618
204_SMD_id_27_Facility_tr_5000_1st_15144.csv,SMD,TimesNet,SMD,0.2709547640029155,0.2069648302629172,0.2579350892104134,0.20677924978848,0.0639899337399983,0.0130196747925021,0.0641755142144354,0.0001855804744371,0.1,0.1,0.1,20000,908,CDU-protocol-fast-v1,0.4398083303771984
205_SMD_id_28_Facility_tr_5925_1st_17580.csv,SMD,TimesNet,SMD,0.1211528492406375,0.1193331199463451,0.118523551553929,0.1194539726863678,0.0018197292942924,0.0026292976867084,0.0016988765542697,-0.0001208527400227,0.1,0.1,0.1,23703,161,CDU-protocol-fast-v1,0.843883108469106
206_SMD_id_29_Facility_tr_6250_1st_21230.csv,SMD,TimesNet,SMD,0.1050411077560964,0.0999328127973178,0.1042868857043699,0.1000492289965842,0.0051082949587785,0.0007542220517264,0.0049918787595121,-0.0001164161992664,0.1,0.1,0.1,25000,66,CDU-protocol-fast-v1,0.2978101950529341
207_SMD_id_30_Facility_tr_7174_1st_21230.csv,SMD,TimesNet,SMD,0.1215700670490047,0.1169352311823476,0.1197270967109867,0.1169067036415429,0.004634835866657,0.0018429703380179,0.0046633634074617,2.852754080467923e-05,0.1,0.1,0.1,28696,198,CDU-protocol-fast-v1,0.5853829095311632
208_SMD_id_31_Facility_tr_5000_1st_15144.csv,SMD,TimesNet,SMD,0.2709547640029155,0.206706762159856,0.2564450390746638,0.2064991774504527,0.0642480018430595,0.0145097249282516,0.0644555865524627,0.0002075847094032,0.1,0.1,0.1,20000,908,CDU-protocol-fast-v1,0.6156669753710833
209_SMD_id_32_Facility_tr_5925_1st_17580.csv,SMD,TimesNet,SMD,0.1211528492406375,0.1135918212557138,0.119132504923613,0.1135185042820181,0.0075610279849236,0.0020203443170244,0.0076343449586193,7.331697369566958e-05,0.1,0.1,0.1,23703,161,CDU-protocol-fast-v1,0.2571248588335196
211_SMD_id_34_Facility_tr_5925_1st_17580.csv,SMD,TimesNet,SMD,0.1211528492406375,0.1167572483688051,0.1185191184963418,0.1166846968049227,0.0043956008718323,0.0026337307442957,0.0044681524357147,7.255156388238926e-05,0.1,0.1,0.1,23703,161,CDU-protocol-fast-v1,0.7332640454046114
212_SMD_id_35_Facility_tr_5925_1st_17580.csv,SMD,TimesNet,SMD,0.1211528492406375,0.1120833026663713,0.1186108079902433,0.112086160502216,0.0090695465742662,0.0025420412503941,0.0090666887384214,-2.8578358447356456e-06,0.1,0.1,0.1,23703,161,CDU-protocol-fast-v1,0.7299073684334897
213_SMD_id_36_Facility_tr_5925_1st_17580.csv,SMD,TimesNet,SMD,0.1211528492406375,0.1163881516323721,0.1184219865309311,0.1163728654693532,0.0047646976082654,0.0027308627097063,0.0047799837712842,1.528616301881003e-05,0.1,0.1,0.1,23703,161,CDU-protocol-fast-v1,0.954351977619866
214_SMD_id_37_Facility_tr_5925_1st_17580.csv,SMD,TimesNet,SMD,0.1211528492406375,0.1171415301151051,0.1188469430347666,0.1172110766252392,0.0040113191255324,0.0023059062058708,0.0039417726153982,-6.954651013418855e-05,0.1,0.1,0.1,23703,161,CDU-protocol-fast-v1,0.430550672615379
215_SMD_id_38_Facility_tr_5925_1st_17580.csv,SMD,TimesNet,SMD,0.1211528492406375,0.112376640965352,0.1186852925631414,0.1123590955762166,0.0087762082752854,0.002467556677496,0.0087937536644209,1.7545389135412148e-05,0.1,0.1,0.1,23703,161,CDU-protocol-fast-v1,0.4399859024396996
216_LTDB_id_1_Medical_tr_500_1st_266.csv,LTDB,TimesNet,LTDB,0.6891010258760193,0.8135599863558549,0.7114727858857602,0.8135445754715065,-0.1244589604798356,-0.0223717600097409,-0.1244435495954872,1.5410884348421305e-05,0.1,0.1,0.1,100000,14857,CDU-protocol-fast-v1,0.1439393811682358
218_LTDB_id_3_Medical_tr_500_1st_266.csv,LTDB,TimesNet,LTDB,0.6891010258760193,0.8116671806914406,0.716352375543041,0.8118344789266884,-0.1225661548154213,-0.0272513496670216,-0.122733453050669,-0.0001672982352477,0.1,0.1,0.1,100000,14857,CDU-protocol-fast-v1,0.1347402331860324
219_LTDB_id_4_Medical_tr_3618_1st_3718.csv,LTDB,TimesNet,LTDB,0.6859997535145896,0.5360155259800385,0.6641536171197535,0.5357094221976691,0.1499842275345511,0.0218461363948361,0.1502903313169205,0.0003061037823693,0.1,0.1,0.1,100000,14781,CDU-protocol-fast-v1,0.4091138303708829
220_LTDB_id_5_Medical_tr_500_1st_26.csv,LTDB,TimesNet,LTDB,1.370891270807115,1.255518898174517,1.349673083805507,1.2553368053732736,0.1153723726325981,0.0212181870016077,0.1155544654338414,0.0001820928012432,0.1,0.1,0.1,100000,31565,CDU-protocol-fast-v1,0.5238826499969986
221_LTDB_id_6_Medical_tr_500_1st_26.csv,LTDB,TimesNet,LTDB,1.370891270807115,1.3280117005197238,1.3659497889745686,1.3279234917299771,0.0428795702873912,0.0049414818325463,0.0429677790771378,8.8208789746691e-05,0.1,0.1,0.1,100000,31565,CDU-protocol-fast-v1,0.4118153286932557
222_LTDB_id_7_Medical_tr_3618_1st_3718.csv,LTDB,TimesNet,LTDB,0.6859997535145896,0.54009858408009,0.6663931766541324,0.5399779222295238,0.1459011694344996,0.0196065768604571,0.1460218312850658,0.0001206618505662,0.1,0.1,0.1,100000,14781,CDU-protocol-fast-v1,0.4667037409140904
223_LTDB_id_8_Medical_tr_4456_1st_4556.csv,LTDB,TimesNet,LTDB,0.7422307181731396,0.6884882427890551,0.7484686302734744,0.6886801496850626,0.0537424753840845,-0.0062379121003348,0.0535505684880769,-0.0001919068960075,0.1,0.1,0.1,100000,16159,CDU-protocol-fast-v1,0.1970041205017727
224_LTDB_id_9_Medical_tr_4456_1st_4556.csv,LTDB,TimesNet,LTDB,0.7422307181731396,0.6489258264292193,0.7327349654150314,0.6485670204763622,0.0933048917439203,0.0094957527581082,0.0936636976967774,0.000358805952857,0.1,0.1,0.1,100000,16159,CDU-protocol-fast-v1,0.3016300909704331
225_MGAB_id_1_Synthetic_tr_25000_1st_38478.csv,MGAB,TimesNet,MGAB,0.1039169459995007,0.0979115798404858,0.104205109340698,0.097804349050463,0.0060053661590148,-0.0002881633411973,0.0061125969490376,0.0001072307900227,0.1,0.1,0.1,100000,200,CDU-protocol-fast-v1,0.0034768562736473
226_MGAB_id_2_Synthetic_tr_20000_1st_45134.csv,MGAB,TimesNet,MGAB,0.1029523934361121,0.0978226278592649,0.1030775633112386,0.0977056528607795,0.0051297655768471,-0.0001251698751265,0.0052467405753325,0.0001169749984853,0.1,0.1,0.1,80000,140,CDU-protocol-fast-v1,0.0035356401017009
227_MGAB_id_3_Synthetic_tr_25000_1st_44340.csv,MGAB,TimesNet,MGAB,0.1039169459995007,0.0979524953332422,0.1041248099728866,0.0978426674888321,0.0059644506662585,-0.0002078639733859,0.0060742785106685,0.00010982784441,0.1,0.1,0.1,100000,200,CDU-protocol-fast-v1,0.005116738003697
228_MGAB_id_4_Synthetic_tr_25000_1st_38948.csv,MGAB,TimesNet,MGAB,0.1039169459995007,0.0986708666196153,0.1041986164764411,0.0985653693178657,0.0052460793798854,-0.0002816704769404,0.0053515766816349,0.0001054973017495,0.1,0.1,0.1,100000,200,CDU-protocol-fast-v1,0.0041885957966759
229_MGAB_id_5_Synthetic_tr_25000_1st_33098.csv,MGAB,TimesNet,MGAB,0.1039169459995007,0.0981966680969096,0.1041049870660645,0.0980726166344684,0.005720277902591,-0.0001880410665638,0.0058443293650323,0.0001240514624412,0.1,0.1,0.1,100000,200,CDU-protocol-fast-v1,0.0045047539561956
231_MGAB_id_7_Synthetic_tr_25000_1st_35544.csv,MGAB,TimesNet,MGAB,0.1039169459995007,0.0978956366509571,0.1040719159515914,0.0977756526717687,0.0060213093485435,-0.0001549699520907,0.0061412933277319,0.0001199839791883,0.1,0.1,0.1,100000,200,CDU-protocol-fast-v1,0.0041820775506317
232_MGAB_id_8_Synthetic_tr_25000_1st_32708.csv,MGAB,TimesNet,MGAB,0.1039169459995007,0.098360244024226,0.1042131712914462,0.0982476111372107,0.0055567019752747,-0.0002962252919455,0.00566933486229,0.0001126328870152,0.1,0.1,0.1,100000,200,CDU-protocol-fast-v1,0.0034220731958002
233_MGAB_id_9_Synthetic_tr_25000_1st_41300.csv,MGAB,TimesNet,MGAB,0.1039169459995007,0.0983871495209075,0.1040906002118629,0.098252066311961,0.0055297964785931,-0.0001736542123622,0.0056648796875396,0.0001350832089464,0.1,0.1,0.1,100000,200,CDU-protocol-fast-v1,0.0045709142075326
234_SED_id_1_Medical_tr_3740_1st_3840.csv,SED,TimesNet,SED,0.2807100157311135,0.3622889568139242,0.3001257091315193,0.362666389358713,-0.0815789410828107,-0.0194156934004058,-0.0819563736275995,-0.0003774325447888,0.1,0.1,0.1,19999,960,CDU-protocol-fast-v1,0.05384305950384
236_SED_id_3_Medical_tr_3740_1st_3840.csv,SED,TimesNet,SED,0.2369935222269394,0.3042156069040745,0.2511590744826669,0.3044291657481103,-0.0672220846771351,-0.0141655522557274,-0.0674356435211709,-0.0002135588440358,0.1,0.1,0.1,39999,1472,CDU-protocol-fast-v1,0.0424321507180259
237_SVDB_id_1_Medical_tr_11587_1st_11687.csv,SVDB,TimesNet,SVDB,0.388165207582728,0.285981930812124,0.3761975493909796,0.2858023282187698,0.102183276770604,0.0119676581917483,0.1023628793639582,0.0001796025933542,0.1,0.1,0.1,130400,9852,CDU-protocol-fast-v1,0.3134554562794464
238_SVDB_id_2_Medical_tr_25000_1st_71963.csv,SVDB,TimesNet,SVDB,0.1200336852038119,0.1106797733902398,0.119300001461632,0.1105576459635813,0.0093539118135721,0.0007336837421798,0.0094760392402306,0.0001221274266584,0.1,0.1,0.1,100000,676,CDU-protocol-fast-v1,0.0191387896136423
239_SVDB_id_3_Medical_tr_50000_1st_106634.csv,SVDB,TimesNet,SVDB,0.1529458823630081,0.1454441598335838,0.1513960115611034,0.145366755405401,0.0075017225294242,0.0015498708019046,0.007579126957607,7.740442818277016e-05,0.1,0.1,0.1,230400,3503,CDU-protocol-fast-v1,0.0701856708764144
240_SVDB_id_4_Medical_tr_18462_1st_18562.csv,SVDB,TimesNet,SVDB,0.273147030425738,0.2512344580954489,0.2706833988577949,0.2511302454549788,0.021912572330289,0.002463631567943,0.0220167849707592,0.0001042126404701,0.1,0.1,0.1,130400,6004,CDU-protocol-fast-v1,0.0930562714721881
241_SVDB_id_5_Medical_tr_11587_1st_11687.csv,SVDB,TimesNet,SVDB,0.388165207582728,0.3260048650495591,0.3807660287774918,0.3258431982357697,0.0621603425331688,0.0073991788052361,0.0623220093469582,0.0001616668137893,0.1,0.1,0.1,130400,9852,CDU-protocol-fast-v1,0.1603295784589791
243_SVDB_id_7_Medical_tr_11393_1st_11493.csv,SVDB,TimesNet,SVDB,0.213533155492278,0.210862519827718,0.2138649491330449,0.210824021057415,0.0026706356645599,-0.0003317936407669,0.0027091344348629,3.849877030293048e-05,0.1,0.1,0.1,180400,5547,CDU-protocol-fast-v1,0.0409440935162677
244_SVDB_id_8_Medical_tr_17803_1st_17903.csv,SVDB,TimesNet,SVDB,0.211483179210855,0.1833569314321821,0.2098014940963359,0.1832305435425121,0.0281262477786728,0.001681685114519,0.0282526356683429,0.00012638788967,0.1,0.1,0.1,130400,3941,CDU-protocol-fast-v1,0.0579279531343598
245_SVDB_id_9_Medical_tr_12607_1st_12707.csv,SVDB,TimesNet,SVDB,0.4154187379111702,0.3297470153080774,0.3975798638632569,0.329163265623174,0.0856717226030928,0.0178388740479132,0.0862554722879961,0.0005837496849033,0.1,0.1,0.1,180400,14891,CDU-protocol-fast-v1,0.299201345304121
246_SVDB_id_10_Medical_tr_20100_1st_68460.csv,SVDB,TimesNet,SVDB,0.119621420445735,0.114088665285106,0.1189447992477875,0.1140542625656481,0.0055327551606289,0.0006766211979474,0.0055671578800868,3.4402719457843345e-05,0.1,0.1,0.1,80400,535,CDU-protocol-fast-v1,0.01737285148709
247_SVDB_id_11_Medical_tr_20100_1st_23611.csv,SVDB,TimesNet,SVDB,0.139497778725546,0.1302767391436085,0.1386149711181045,0.1303002435661694,0.0092210395819375,0.0008828076074414,0.0091975351593765,-2.350442256093821e-05,0.1,0.1,0.1,80400,945,CDU-protocol-fast-v1,0.0514375068118358
248_SVDB_id_12_Medical_tr_18462_1st_18562.csv,SVDB,TimesNet,SVDB,0.273147030425738,0.2433546891235372,0.2689837477014967,0.2431545160244793,0.0297923413022008,0.0041632827242412,0.0299925144012586,0.0002001730990578,0.1,0.1,0.1,130400,6004,CDU-protocol-fast-v1,0.0939345200562843
249_SVDB_id_13_Medical_tr_50000_1st_54982.csv,SVDB,TimesNet,SVDB,0.2388002868865439,0.216361872411146,0.2382609823047068,0.2162709758205185,0.0224384144753979,0.000539304581837,0.0225293110660253,9.089659062747056e-05,0.1,0.1,0.1,230400,8578,CDU-protocol-fast-v1,0.0622322572440112
250_SVDB_id_14_Medical_tr_50000_1st_107354.csv,SVDB,TimesNet,SVDB,0.2031220722776498,0.1857485190772914,0.2010588570909494,0.1856053966736077,0.0173735532003584,0.0020632151867003,0.017516675604042,0.0001431224036836,0.1,0.1,0.1,230400,6469,CDU-protocol-fast-v1,0.0472578196895038
251_SVDB_id_15_Medical_tr_5421_1st_5521.csv,SVDB,TimesNet,SVDB,0.3103766387169045,0.247370481310884,0.3043913156588551,0.2468800115646323,0.0630061574060205,0.0059853230580493,0.0634966271522721,0.0004904697462516,0.1,0.1,0.1,230400,12809,CDU-protocol-fast-v1,0.1780071605936746
253_SVDB_id_17_Medical_tr_17803_1st_17903.csv,SVDB,TimesNet,SVDB,0.211483179210855,0.1771340492479634,0.212005835272385,0.177159957692728,0.0343491299628916,-0.00052265606153,0.034323221518127,-2.5908444764605187e-05,0.1,0.1,0.1,130400,3941,CDU-protocol-fast-v1,0.0408236840865303
254_SVDB_id_18_Medical_tr_30824_1st_30924.csv,SVDB,TimesNet,SVDB,0.2264338692103459,0.2070460778166376,0.223655741818337,0.2069574688452838,0.0193877913937082,0.0027781273920088,0.019476400365062,8.860897135379298e-05,0.1,0.1,0.1,230400,7847,CDU-protocol-fast-v1,0.0632345890234317
255_SVDB_id_19_Medical_tr_50000_1st_54982.csv,SVDB,TimesNet,SVDB,0.2388002868865439,0.2268156172329392,0.2392815460504389,0.2267907717488151,0.0119846696536047,-0.0004812591638949,0.0120095151377287,2.4845484124097483e-05,0.1,0.1,0.1,230400,8578,CDU-protocol-fast-v1,0.0538373395144381
256_SVDB_id_20_Medical_tr_6264_1st_6364.csv,SVDB,TimesNet,SVDB,0.2199546107014761,0.2250920153077216,0.2211995609387691,0.2251063847609211,-0.0051374046062455,-0.001244950237293,-0.005151774059445,-1.4369453199547522e-05,0.1,0.1,0.1,230400,7464,CDU-protocol-fast-v1,0.0439477338196958
257_TAO_id_1_Environment_tr_500_1st_3.csv,TAO,TimesNet,TAO,0.468621312894117,0.430256857375221,0.4601112163486973,0.4301505734253662,0.038364455518896,0.0085100965454196,0.0384707394687507,0.0001062839498547,0.1,0.1,0.1,10000,954,CDU-protocol-fast-v1,0.8891600127504432
258_TAO_id_2_Environment_tr_500_1st_4.csv,TAO,TimesNet,TAO,0.6385037656405279,0.5969515644455765,0.6332577178307427,0.5968121026241955,0.0415522011949514,0.0052460478097852,0.0416916630163324,0.000139461821381,0.1,0.1,0.1,10000,1380,CDU-protocol-fast-v1,0.9319560378771304
260_IOPS_id_1_WebService_tr_5000_1st_11804.csv,IOPS,TimesNet,IOPS,0.0979723308130136,0.1037534639417617,0.0977877382953412,0.1036012348150122,-0.0057811331287481,0.0001845925176724,-0.0056289040019986,0.0001522291267494,0.1,0.1,0.1,20000,14,CDU-protocol-fast-v1,0.2030824776430944
261_IOPS_id_2_WebService_tr_2178_1st_2278.csv,IOPS,TimesNet,IOPS,0.097906725345047,0.0929611708911408,0.0978987521113321,0.0929460750493508,0.0049455544539062,7.973233714902994e-06,0.0049606502956961,1.5095841789977691e-05,0.1,0.1,0.1,8784,6,CDU-protocol-fast-v1,0.0859804422310471
262_IOPS_id_3_WebService_tr_7028_1st_7128.csv,IOPS,TimesNet,IOPS,0.1789482131720608,0.156210492951902,0.1733740893522646,0.1560972685501844,0.0227377202201587,0.0055741238197961,0.0228509446218763,0.0001132244017175,0.1,0.1,0.1,125135,2704,CDU-protocol-fast-v1,0.1217061230462459
263_IOPS_id_4_WebService_tr_3482_1st_3582.csv,IOPS,TimesNet,IOPS,0.1157782507106415,0.1117566293448858,0.1139383597798079,0.1116273139512187,0.0040216213657557,0.0018398909308335,0.0041509367594227,0.000129315393667,0.1,0.1,0.1,149123,790,CDU-protocol-fast-v1,0.6454444665566917
264_IOPS_id_5_WebService_tr_11665_1st_11765.csv,IOPS,TimesNet,IOPS,0.1534184746192168,0.1631623585719787,0.1531638068230539,0.1632173645299499,-0.0097438839527619,0.0002546677961628,-0.0097988899107331,-5.500595797128249e-05,0.1,0.1,0.1,60000,901,CDU-protocol-fast-v1,0.052873769917466
266_IOPS_id_7_WebService_tr_4010_1st_4110.csv,IOPS,TimesNet,IOPS,0.1585090970453211,0.1445908611305169,0.1579491838413677,0.1445503489430736,0.0139182359148042,0.0005599132039533,0.0139587481022474,4.051218744322016e-05,0.1,0.1,0.1,89155,1456,CDU-protocol-fast-v1,0.0352215313372293
267_IOPS_id_8_WebService_tr_1534_1st_1882.csv,IOPS,TimesNet,IOPS,0.1287022791406064,0.1255397389426583,0.1297535421214043,0.1255820317584665,0.003162540197948,-0.0010512629807979,0.0031202473821398,-4.22928158081981e-05,0.1,0.1,0.1,6138,53,CDU-protocol-fast-v1,0.1839328528000516
268_IOPS_id_9_WebService_tr_6216_1st_6316.csv,IOPS,TimesNet,IOPS,0.2809736274044396,0.244889539856972,0.2745445105899438,0.2451369140265727,0.0360840875474675,0.0064291168144958,0.0358367133778668,-0.0002473741696007,0.1,0.1,0.1,29133,1397,CDU-protocol-fast-v1,0.1399242370720358
269_IOPS_id_10_WebService_tr_1216_1st_1728.csv,IOPS,TimesNet,IOPS,0.1342603379941231,0.1153162438858632,0.1316684581553871,0.1153129749335119,0.0189440941082598,0.0025918798387359,0.0189473630606111,3.268952351226373e-06,0.1,0.1,0.1,4866,49,CDU-protocol-fast-v1,0.1004316039645638
271_IOPS_id_12_WebService_tr_500_1st_341.csv,IOPS,TimesNet,IOPS,0.1464053911806096,0.1525055190611706,0.1474314886329779,0.1525380270457732,-0.0061001278805609,-0.0010260974523682,-0.0061326358651636,-3.250798460260884e-05,0.1,0.1,0.1,8784,116,CDU-protocol-fast-v1,0.1627428303533824
272_IOPS_id_13_WebService_tr_3442_1st_3542.csv,IOPS,TimesNet,IOPS,0.1116972028972023,0.1090794746046213,0.110179995883057,0.1089593330545511,0.002617728292581,0.0015172070141452,0.0027378698426511,0.0001201415500701,0.1,0.1,0.1,149156,633,CDU-protocol-fast-v1,0.7335559087745813
273_IOPS_id_14_WebService_tr_5569_1st_5669.csv,IOPS,TimesNet,IOPS,0.115025230957413,0.1161877990007938,0.1143073415728498,0.1161163774039345,-0.0011625680433808,0.0007178893845631,-0.0010911464465215,7.142159685930016e-05,0.1,0.1,0.1,149122,761,CDU-protocol-fast-v1,0.2002121768616705
274_IOPS_id_15_WebService_tr_4591_1st_4691.csv,IOPS,TimesNet,IOPS,0.2712546201996806,0.2337061163941324,0.264257373482255,0.2338451859532591,0.0375485038055481,0.0069972467174255,0.0374094342464214,-0.0001390695591267,0.1,0.1,0.1,149132,6777,CDU-protocol-fast-v1,0.3082430091897592
275_IOPS_id_16_WebService_tr_1482_1st_1582.csv,IOPS,TimesNet,IOPS,0.1265650278842431,0.1315398594882176,0.1285584073168692,0.1316629753383927,-0.0049748316039744,-0.0019933794326261,-0.0050979474541496,-0.0001231158501751,0.1,0.1,0.1,8784,71,CDU-protocol-fast-v1,0.1338220505551863
276_IOPS_id_17_WebService_tr_19197_1st_19297.csv,IOPS,TimesNet,IOPS,0.2044485280550822,0.2008358287702317,0.2012842376358506,0.2008028516955962,0.0036126992848505,0.0031642904192315,0.0036456763594859,3.297707463545407e-05,0.1,0.1,0.1,91370,2576,CDU-protocol-fast-v1,0.1319822114220714
277_NEK_id_1_WebService_tr_500_1st_17.csv,NEK,TimesNet,NEK,0.4143751117544829,0.3169886044543096,0.388829301902534,0.3155884045550109,0.0973865073001732,0.0255458098519488,0.0987867071994719,0.0014001998992986,0.1,0.1,0.1,1073,88,CDU-protocol-fast-v1,0.9819592499334804
278_NEK_id_2_WebService_tr_500_1st_64.csv,NEK,TimesNet,NEK,0.329735165526574,0.3158793864036325,0.3177849045467878,0.3154980422888165,0.0138557791229415,0.0119502609797861,0.0142371232377574,0.0003813441148159,0.1,0.1,0.1,1073,65,CDU-protocol-fast-v1,0.4893378533655091
279_NEK_id_3_WebService_tr_500_1st_974.csv,NEK,TimesNet,NEK,0.4254151047407318,0.3412269868998816,0.4163931298980894,0.3421166304763225,0.0841881178408501,0.0090219748426423,0.0832984742644092,-0.0008896435764408,0.1,0.1,0.1,1073,91,CDU-protocol-fast-v1,0.4174126670970449
281_NEK_id_5_WebService_tr_500_1st_974.csv,NEK,TimesNet,NEK,0.4143751117544828,0.339140602898704,0.4030244506274991,0.3401582616425623,0.0752345088557788,0.0113506611269837,0.0742168501119205,-0.0010176587438582,0.1,0.1,0.1,1073,88,CDU-protocol-fast-v1,0.3947804582083756
282_NEK_id_6_WebService_tr_500_1st_64.csv,NEK,TimesNet,NEK,0.3223751702024081,0.3029530015469098,0.3126619121890881,0.3025023717652337,0.0194221686554982,0.0097132580133199,0.0198727984371743,0.000450629781676,0.1,0.1,0.1,1073,63,CDU-protocol-fast-v1,0.3994962733983017
283_NEK_id_7_WebService_tr_500_1st_777.csv,NEK,TimesNet,NEK,0.5321350369411385,0.4443764273923862,0.5146621841455874,0.4450914631504805,0.0877586095487523,0.0174728527955511,0.0870435737906579,-0.0007150357580943,0.1,0.1,0.1,1073,120,CDU-protocol-fast-v1,0.5491387039229584
284_NEK_id_8_WebService_tr_500_1st_976.csv,NEK,TimesNet,NEK,0.4180551094165658,0.3351338221072413,0.4052316929606179,0.3355334118465134,0.0829212873093245,0.0128234164559479,0.0825216975700524,-0.0003995897392721,0.1,0.1,0.1,1073,89,CDU-protocol-fast-v1,0.4057400786759053
285_NEK_id_9_WebService_tr_500_1st_780.csv,NEK,TimesNet,NEK,0.4879750649961427,0.3957686584433449,0.4731689190441502,0.3963850743148633,0.0922064065527977,0.0148061459519924,0.0915899906812793,-0.0006164158715184,0.1,0.1,0.1,1073,108,CDU-protocol-fast-v1,0.4727001034550179
286_CATSv2_id_1_Sensor_tr_17792_1st_17892.csv,CATSv2,TimesNet,CATSv2,0.2858020924202719,0.297887201276486,0.2855953687505553,0.2977631857783537,-0.0120851088562141,0.0002067236697165,-0.0119610933580818,0.0001240154981322,0.1,0.1,0.1,300000,14800,CDU-protocol-fast-v1,0.103942533796143
287_TODS_id_1_Synthetic_tr_500_1st_11.csv,TODS,TimesNet,TODS,0.2968561285603248,0.2632115387714191,0.2988543372453388,0.2631805821642034,0.0336445897889056,-0.0019982086850139,0.0336755463961213,3.0956607215693044e-05,0.1,0.1,0.1,5000,261,CDU-protocol-fast-v1,0.8366373363945552
288_TODS_id_2_Synthetic_tr_500_1st_65.csv,TODS,TimesNet,TODS,0.3573222301852886,0.3817251963674657,0.3682408766237343,0.3817386602055513,-0.0244029661821771,-0.0109186464384457,-0.0244164300202627,-1.346383808559226e-05,0.1,0.1,0.1,5000,338,CDU-protocol-fast-v1,0.6106171368091906
289_TODS_id_3_Synthetic_tr_500_1st_26.csv,TODS,TimesNet,TODS,0.2685862628655366,0.2766149033540605,0.2682707846629711,0.2763664651643619,-0.0080286404885239,0.0003154782025655,-0.0077802022988253,0.0002484381896986,0.1,0.1,0.1,5000,225,CDU-protocol-fast-v1,0.6519008587676741
290_TODS_id_4_Synthetic_tr_500_1st_26.csv,TODS,TimesNet,TODS,0.4287821684693367,0.4898865076333286,0.4372742273583048,0.489828433876141,-0.0611043391639918,-0.008492058888968,-0.0610462654068043,5.807375718758223e-05,0.1,0.1,0.1,5000,429,CDU-protocol-fast-v1,0.5851817963521841
292_TODS_id_6_Synthetic_tr_500_1st_11.csv,TODS,TimesNet,TODS,0.2968561285603248,0.2798892010110749,0.2984751938787761,0.2797417842168866,0.0169669275492498,-0.0016190653184513,0.0171143443434381,0.0001474167941882,0.1,0.1,0.1,5000,261,CDU-protocol-fast-v1,0.8195587385848389
293_TODS_id_7_Synthetic_tr_500_1st_7.csv,TODS,TimesNet,TODS,0.2890033880895503,0.3003444009916962,0.2906444135782463,0.3002728623772336,-0.0113410129021458,-0.0016410254886959,-0.0112694742876833,7.153861446257404e-05,0.1,0.1,0.1,5000,251,CDU-protocol-fast-v1,0.4076131732965362
294_TODS_id_8_Synthetic_tr_500_1st_200.csv,TODS,TimesNet,TODS,0.4923893662826101,0.5751491892771025,0.4953558448798696,0.5748401466104794,-0.0827598229944923,-0.0029664785972595,-0.0824507803278693,0.000309042666623,0.1,0.1,0.1,5000,510,CDU-protocol-fast-v1,0.3701976309730029
295_TODS_id_9_Synthetic_tr_1250_1st_2046.csv,TODS,TimesNet,TODS,0.3981564806333161,0.3837574069007844,0.4049091384293836,0.3836714834493745,0.0143990737325316,-0.0067526577960675,0.0144849971839415,8.592345140989721e-05,0.1,0.1,0.1,5000,390,CDU-protocol-fast-v1,0.2500421855276156
296_TODS_id_10_Synthetic_tr_500_1st_26.csv,TODS,TimesNet,TODS,0.2520955078769101,0.2388564062663503,0.2516983985862263,0.2386636361742274,0.0132391016105598,0.0003971092906837,0.0134318717026827,0.0001927700921229,0.1,0.1,0.1,5000,204,CDU-protocol-fast-v1,0.7432373362737692
297_TODS_id_11_Synthetic_tr_500_1st_7.csv,TODS,TimesNet,TODS,0.2890033880895503,0.2366447118720453,0.2876008855513287,0.2367035307520041,0.0523586762175049,0.0014025025382216,0.0522998573375461,-5.881887995878854e-05,0.1,0.1,0.1,5000,251,CDU-protocol-fast-v1,0.5743012181149956
298_TODS_id_12_Synthetic_tr_500_1st_0.csv,TODS,TimesNet,TODS,0.3463283935262043,0.3565012412689944,0.3538531770315951,0.3568191154426148,-0.01017284774279,-0.0075247835053907,-0.0104907219164105,-0.0003178741736204,0.1,0.1,0.1,5000,324,CDU-protocol-fast-v1,0.5392500624110986
299_TODS_id_13_Synthetic_tr_500_1st_65.csv,TODS,TimesNet,TODS,0.302353046889867,0.2899726326073493,0.2994876051627481,0.2899420791883371,0.0123804142825177,0.0028654417271189,0.0124109677015299,3.055341901220254e-05,0.1,0.1,0.1,5000,268,CDU-protocol-fast-v1,0.7187842572591208
301_TODS_id_15_Synthetic_tr_500_1st_245.csv,TODS,TimesNet,TODS,0.4138619615748651,0.4705356245807724,0.4216362876044232,0.4705179277917066,-0.0566736630059073,-0.007774326029558,-0.0566559662168415,1.769678906576866e-05,0.1,0.1,0.1,5000,410,CDU-protocol-fast-v1,0.3221191251675578
302_Power_id_1_Facility_tr_7685_1st_7785.csv,Power,TimesNet,Power,0.4286798769583611,0.5020106680322937,0.4379896734565221,0.5021243341294278,-0.0733307910739325,-0.009309796498161,-0.0734444571710667,-0.0001136660971341,0.1,0.1,0.1,35040,3000,CDU-protocol-fast-v1,0.0760505272292913
304_UCR_id_2_Medical_tr_2499_1st_7000.csv,UCR,TimesNet,UCR,0.1152252656406595,0.1110899096162959,0.1149095942972476,0.1113664395229893,0.0041353560243636,0.0003156713434118,0.0038588261176701,-0.0002765299066934,0.1,0.1,0.1,9998,50,CDU-protocol-fast-v1,0.0107054695252529
307_UCR_id_5_Facility_tr_29895_1st_39240.csv,UCR,TimesNet,UCR,0.0990086732006021,0.0966392657136543,0.099092569738656,0.0964398263474037,0.0023694074869477,-8.389653805397634e-05,0.0025688468531983,0.0001994393662505,0.1,0.1,0.1,119580,96,CDU-protocol-fast-v1,0.0022543563669825
309_UCR_id_7_Medical_tr_3000_1st_5948.csv,UCR,TimesNet,UCR,0.1103929549020575,0.1109068424328983,0.109610185630318,0.1109535131296856,-0.0005138875308408,0.0007827692717394,-0.000560558227628,-4.667069678729319e-05,0.1,0.1,0.1,12000,45,CDU-protocol-fast-v1,0.0183768183317251
310_UCR_id_8_HumanActivity_tr_2631_1st_8285.csv,UCR,TimesNet,UCR,0.1069188953942699,0.1127515648017287,0.1067144054770602,0.1125757113532686,-0.0058326694074588,0.0002044899172096,-0.0056568159589987,0.00017585344846,0.1,0.1,0.1,10524,30,CDU-protocol-fast-v1,0.0049672272842069
311_UCR_id_9_HumanActivity_tr_16000_1st_38400.csv,UCR,TimesNet,UCR,0.1441920853589638,0.1515141701194055,0.1450740152113118,0.1516721316938327,-0.0073220847604416,-0.000881929852348,-0.0074800463348689,-0.0001579615744272,0.1,0.1,0.1,64000,800,CDU-protocol-fast-v1,0.0124574208905054
313_UCR_id_11_Sensor_tr_2827_1st_4711.csv,UCR,TimesNet,UCR,0.1293839363336781,0.134219822392986,0.1297185024547496,0.1341514647572039,-0.0048358860593079,-0.0003345661210715,-0.0047675284235258,6.835763578202925e-05,0.1,0.1,0.1,11308,98,CDU-protocol-fast-v1,0.0463868525762399
315_UCR_id_13_HumanActivity_tr_16000_1st_33070.csv,UCR,TimesNet,UCR,0.1025467281888471,0.0990009677212396,0.1023217743013178,0.0991108308327994,0.0035457604676074,0.0002249538875292,0.0034358973560476,-0.0001098631115598,0.1,0.1,0.1,64000,110,CDU-protocol-fast-v1,0.00418448033786
316_UCR_id_14_Sensor_tr_2833_1st_5988.csv,UCR,TimesNet,UCR,0.1289663307076008,0.1296935736331781,0.1304240255096551,0.1296999736908863,-0.0007272429255772,-0.0014576948020543,-0.0007336429832855,-6.400057708272344e-06,0.1,0.1,0.1,11334,97,CDU-protocol-fast-v1,0.0332328009214423
319_UCR_id_17_Environment_tr_6166_1st_19280.csv,UCR,TimesNet,UCR,0.1209630007443481,0.1116901804703351,0.1199519655673952,0.1117999721709329,0.0092728202740129,0.0010110351769529,0.0091630285734151,-0.0001097917005978,0.1,0.1,0.1,24667,160,CDU-protocol-fast-v1,0.0278600867096473
326_UCR_id_24_Medical_tr_1875_1st_4187.csv,UCR,TimesNet,UCR,0.1020872017589439,0.1001795176066661,0.1021403784328364,0.1002889983730166,0.0019076841522777,-5.317667389249936e-05,0.0017982033859272,-0.0001094807663505,0.1,0.1,0.1,7501,12,CDU-protocol-fast-v1,0.0235889867725102
331_UCR_id_29_Facility_tr_50000_1st_837400.csv,UCR,TimesNet,UCR,0.1032039335032869,0.1004711037257508,0.1021658797183384,0.1002353225088768,0.002732829777536,0.0010380537849484,0.00296861099441,0.0002357812168739,0.1,0.1,0.1,900000,1700,CDU-protocol-fast-v1,0.0019362937138447
332_UCR_id_30_Facility_tr_13750_1st_52600.csv,UCR,TimesNet,UCR,0.1099540051558639,0.1076224595435888,0.1104147177374623,0.1076624582750557,0.002331545612275,-0.0004607125815984,0.0022915468808081,-3.999873146691424e-05,0.1,0.1,0.1,55000,200,CDU-protocol-fast-v1,0.0039848490810732
334_UCR_id_32_HumanActivity_tr_1671_1st_2764.csv,UCR,TimesNet,UCR,0.2294050764826851,0.2760111658598515,0.236485032187251,0.2758124522124063,-0.0466060893771664,-0.0070799557045659,-0.0464073757297212,0.0001987136474451,0.1,0.1,0.1,6684,231,CDU-protocol-fast-v1,0.0284564471518077
339_UCR_id_37_Sensor_tr_2750_1st_5400.csv,UCR,TimesNet,UCR,0.1661395726686433,0.1666742000209456,0.1684384873818875,0.1665878468414415,-0.0005346273523023,-0.0022989147132442,-0.0004482741727982,8.635317950403398e-05,0.1,0.1,0.1,11000,200,CDU-protocol-fast-v1,0.0359397263979343
341_UCR_id_39_HumanActivity_tr_48812_1st_128430.csv,UCR,TimesNet,UCR,0.0959273969282017,0.1009726138436852,0.0960724204668724,0.1011503441109741,-0.0050452169154835,-0.0001450235386707,-0.0052229471827724,-0.0001777302672889,0.1,0.1,0.1,195250,1,CDU-protocol-fast-v1,1.0521260690542691e-05
344_UCR_id_42_Sensor_tr_2851_1st_5365.csv,UCR,TimesNet,UCR,0.100987515653397,0.0994930978175845,0.100860096000451,0.0994547917695674,0.0014944178358125,0.0001274196529459,0.0015327238838295,3.8306048017078265e-05,0.1,0.1,0.1,11406,15,CDU-protocol-fast-v1,0.0133223456054342
346_UCR_id_44_Medical_tr_7456_1st_17390.csv,UCR,TimesNet,UCR,0.1127438806164159,0.1171284058470091,0.1128473239044523,0.1167790911845272,-0.0043845252305932,-0.0001034432880364,-0.0040352105681113,0.0003493146624819,0.1,0.1,0.1,29826,130,CDU-protocol-fast-v1,0.0051771305537787
349_UCR_id_47_Facility_tr_29954_1st_74900.csv,UCR,TimesNet,UCR,0.0990024875929641,0.0976882223381206,0.0990956162454624,0.0974882480767248,0.0013142652548434,-9.312865249833102e-05,0.0015142395162392,0.0001999742613957,0.1,0.1,0.1,119819,96,CDU-protocol-fast-v1,0.0021936323502893
355_UCR_id_53_HumanActivity_tr_48750_1st_143411.csv,UCR,TimesNet,UCR,0.0978885146963888,0.1027793260202971,0.0979681715090908,0.1029600735349428,-0.0048908113239082,-7.96568127020697e-05,-0.005071558838554,-0.0001807475146457,0.1,0.1,0.1,195000,100,CDU-protocol-fast-v1,0.0028039943278859
358_UCR_id_56_Facility_tr_10500_1st_29080.csv,UCR,TimesNet,UCR,0.1014258386583884,0.0986108272087863,0.1016898713729779,0.0983189979996573,0.002815011449602,-0.0002640327145895,0.003106840658731,0.0002918292091289,0.1,0.1,0.1,42000,60,CDU-protocol-fast-v1,0.0018642113878131
361_UCR_id_59_Medical_tr_3000_1st_7175.csv,UCR,TimesNet,UCR,0.1644715636331076,0.1970000379943486,0.1650910852717548,0.1970125985944149,-0.0325284743612409,-0.0006195216386472,-0.0325410349613072,-1.2560600066297e-05,0.1,0.1,0.1,12000,213,CDU-protocol-fast-v1,0.0256686971826777
364_UCR_id_62_Sensor_tr_2833_1st_5988.csv,UCR,TimesNet,UCR,0.1289663307076008,0.13297061898198,0.1302514406486388,0.1329475545515012,-0.0040042882743792,-0.001285109941038,-0.0039812238439004,2.3064430478753065e-05,0.1,0.1,0.1,11334,97,CDU-protocol-fast-v1,0.0165351345129594
369_UCR_id_67_Sensor_tr_2750_1st_5400.csv,UCR,TimesNet,UCR,0.1661395726686433,0.166349141931808,0.1683881516003478,0.1662456062972069,-0.0002095692631647,-0.0022485789317045,-0.0001060336285636,0.000103535634601,0.1,0.1,0.1,11000,200,CDU-protocol-fast-v1,0.0342604045233522
371_UCR_id_69_Medical_tr_1853_1st_6200.csv,UCR,TimesNet,UCR,0.1844671305137593,0.2065679232548847,0.1815699868006129,0.2064142792944973,-0.0221007927411254,0.0028971437131463,-0.021947148780738,0.0001536439603873,0.1,0.1,0.1,7415,170,CDU-protocol-fast-v1,0.051046779611894
373_UCR_id_71_Sensor_tr_2827_1st_5988.csv,UCR,TimesNet,UCR,0.1290423412004535,0.1230449017027189,0.1287440178754384,0.1229808564086345,0.0059974394977345,0.000298323325015,0.0060614847918189,6.404529408436666e-05,0.1,0.1,0.1,11308,97,CDU-protocol-fast-v1,0.0198008805243533
381_UCR_id_79_HumanActivity_tr_16000_1st_31200.csv,UCR,TimesNet,UCR,0.1351387468437211,0.1361784592362256,0.1354278003047086,0.1362383243040939,-0.0010397123925044,-0.0002890534609875,-0.0010995774603728,-5.9865067868342114e-05,0.1,0.1,0.1,64000,650,CDU-protocol-fast-v1,0.0105374709242971
382_UCR_id_80_Medical_tr_7500_1st_11800.csv,UCR,TimesNet,UCR,0.1345351909427048,0.1248570381131004,0.1337324080134228,0.1248403007436481,0.0096781528296044,0.000802782929282,0.0096948901990566,1.6737369452221595e-05,0.1,0.1,0.1,30000,300,CDU-protocol-fast-v1,0.0244696616884277
385_UCR_id_83_Environment_tr_2046_1st_6006.csv,UCR,TimesNet,UCR,0.1185630840489511,0.1210456169044645,0.1179805371988607,0.1208597688450843,-0.0024825328555133,0.0005825468500903,-0.0022966847961331,0.0001858480593801,0.1,0.1,0.1,8184,48,CDU-protocol-fast-v1,0.0110996276031769
387_UCR_id_85_Environment_tr_2046_1st_5549.csv,UCR,TimesNet,UCR,0.118563084048951,0.1143698838539108,0.1182823347496647,0.1143555402285507,0.0041932001950402,0.0002807492992862,0.0042075438204002,1.4343625360013768e-05,0.1,0.1,0.1,8184,48,CDU-protocol-fast-v1,0.026980938195851
391_UCR_id_89_Medical_tr_1875_1st_5759.csv,UCR,TimesNet,UCR,0.1783131122964121,0.1816617179863321,0.1772940483740693,0.1816588740049643,-0.0033486056899199,0.0010190639223427,-0.0033457617085522,2.843981367739445e-06,0.1,0.1,0.1,7500,160,CDU-protocol-fast-v1,0.031084745693573
393_UCR_id_91_Environment_tr_2046_1st_4852.csv,UCR,TimesNet,UCR,0.1185630840489511,0.1237082154513768,0.1184097133333136,0.1235445498012066,-0.0051451314024256,0.0001533707156374,-0.0049814657522555,0.0001636656501701,0.1,0.1,0.1,8184,48,CDU-protocol-fast-v1,0.0071879439168293
396_UCR_id_94_Medical_tr_1875_1st_5607.csv,UCR,TimesNet,UCR,0.1098116873605375,0.1064036109495425,0.1094572781564833,0.1062408039134567,0.0034080764109949,0.0003544092040541,0.0035708834470807,0.0001628070360857,0.1,0.1,0.1,7501,27,CDU-protocol-fast-v1,0.013033563518358
400_UCR_id_98_Environment_tr_2046_1st_5391.csv,UCR,TimesNet,UCR,0.0963796022520707,0.0955401527676991,0.0965095189300372,0.095486832288305,0.0008394494843716,-0.0001299166779665,0.0008927699637656,5.332047939407558e-05,0.1,0.1,0.1,8184,1,CDU-protocol-fast-v1,0.0023635434759474
401_UCR_id_99_HumanActivity_tr_1671_1st_5920.csv,UCR,TimesNet,UCR,0.1300043679490801,0.1193934825873274,0.1308844619437279,0.1192734700245919,0.0106108853617526,-0.0008800939946478,0.0107308979244881,0.0001200125627354,0.1,0.1,0.1,6684,59,CDU-protocol-fast-v1,0.0240156424362867
405_UCR_id_103_Sensor_tr_2827_1st_5988.csv,UCR,TimesNet,UCR,0.1290423412004535,0.1247824993521574,0.1294877406061348,0.1247741062419531,0.004259841848296,-0.0004453994056813,0.0042682349585003,8.39311020428557e-06,0.1,0.1,0.1,11308,97,CDU-protocol-fast-v1,0.0352570301077954
406_UCR_id_104_Facility_tr_20000_1st_67950.csv,UCR,TimesNet,UCR,0.1079787312979927,0.1094411026475816,0.1074425430636819,0.1095474116660572,-0.0014623713495889,0.0005361882343107,-0.0015686803680645,-0.0001063090184756,0.1,0.1,0.1,80000,250,CDU-protocol-fast-v1,0.0091543519369159
411_UCR_id_109_Environment_tr_2046_1st_4852.csv,UCR,TimesNet,UCR,0.1185630840489511,0.1240104231602162,0.1185319747924152,0.1238451228554034,-0.005447339111265,3.110925653583563e-05,-0.0052820388064523,0.0001653003048127,0.1,0.1,0.1,8184,48,CDU-protocol-fast-v1,0.0071289743388987
415_UCR_id_113_Medical_tr_3000_1st_8612.csv,UCR,TimesNet,UCR,0.1293848472540334,0.1267073059284675,0.1279658153475198,0.1266962504355808,0.0026775413255659,0.0014190319065135,0.0026885968184525,1.1055492886685723e-05,0.1,0.1,0.1,12000,104,CDU-protocol-fast-v1,0.0446658621505445
417_UCR_id_115_Sensor_tr_2750_1st_5400.csv,UCR,TimesNet,UCR,0.1661395726686433,0.1608358609505415,0.168252221641305,0.160696394359801,0.0053037117181017,-0.0021126489726617,0.0054431783088422,0.0001394665907404,0.1,0.1,0.1,11000,200,CDU-protocol-fast-v1,0.0365133770067659
419_UCR_id_117_Facility_tr_3000_1st_6168.csv,UCR,TimesNet,UCR,0.1100710584215155,0.1124714480144066,0.1111820318263927,0.1125147516539901,-0.0024003895928911,-0.0011109734048772,-0.0024436932324746,-4.330363958351957e-05,0.1,0.1,0.1,12000,44,CDU-protocol-fast-v1,0.0109487670120017
420_UCR_id_118_Facility_tr_13750_1st_52600.csv,UCR,TimesNet,UCR,0.1099540051558639,0.0972937176125173,0.1093167392371902,0.0973624266307245,0.0126602875433465,0.0006372659186736,0.0125915785251393,-6.870901820719977e-05,0.1,0.1,0.1,55000,200,CDU-protocol-fast-v1,0.060324809366908
421_UCR_id_119_HumanActivity_tr_48750_1st_130700.csv,UCR,TimesNet,UCR,0.1192822500185625,0.1254996965721977,0.1197308431662297,0.1257016047529647,-0.0062174465536351,-0.0004485931476672,-0.0064193547344022,-0.000201908180767,0.1,0.1,0.1,195000,1180,CDU-protocol-fast-v1,0.0114781971549589
426_UCR_id_124_Sensor_tr_2827_1st_4711.csv,UCR,TimesNet,UCR,0.1293839363336781,0.1321180934816139,0.1298062096339952,0.1320257206957698,-0.0027341571479358,-0.0004222733003171,-0.0026417843620917,9.237278584403597e-05,0.1,0.1,0.1,11308,98,CDU-protocol-fast-v1,0.0392027667657916
430_UCR_id_128_HumanActivity_tr_12500_1st_46500.csv,UCR,TimesNet,UCR,0.1190841598766905,0.1121757640096573,0.1191169038805013,0.1121800667251328,0.0069083958670332,-3.274400381081399e-05,0.0069040931515576,-4.302715475537622e-06,0.1,0.1,0.1,50000,300,CDU-protocol-fast-v1,0.0075169216901372
432_UCR_id_130_Facility_tr_23000_1st_26970.csv,UCR,TimesNet,UCR,0.1085035625162677,0.1028047953014382,0.1085820831447117,0.1028012527269893,0.0056987672148294,-7.852062844400376e-05,0.0057023097892783,3.5425744488448707e-06,0.1,0.1,0.1,92000,300,CDU-protocol-fast-v1,0.005148523236035
436_UCR_id_134_Medical_tr_1875_1st_4526.csv,UCR,TimesNet,UCR,0.1113565844808563,0.1104582342207061,0.1118546714577542,0.1103055451038089,0.0008983502601501,-0.0004980869768979,0.0010510393770473,0.0001526891168971,0.1,0.1,0.1,7501,30,CDU-protocol-fast-v1,0.0088232265609033
437_UCR_id_135_Medical_tr_2499_1st_8000.csv,UCR,TimesNet,UCR,0.1055664394591643,0.1078479284693596,0.1061476225603272,0.108012818062171,-0.0022814890101953,-0.0005811831011628,-0.0024463786030066,-0.0001648895928113,0.1,0.1,0.1,9998,25,CDU-protocol-fast-v1,0.0065360176277423
439_UCR_id_137_HumanActivity_tr_48750_1st_110800.csv,UCR,TimesNet,UCR,0.0959274222918562,0.1013864875275362,0.0960705958871616,0.1015698428021945,-0.00545906523568,-0.0001431735953053,-0.0056424205103383,-0.0001833552746583,0.1,0.1,0.1,195000,1,CDU-protocol-fast-v1,0.3969959453735104
445_UCR_id_143_Environment_tr_6166_1st_19280.csv,UCR,TimesNet,UCR,0.1209630007443481,0.1093531037103283,0.1198212895514296,0.1093907861484628,0.0116098970340197,0.0011417111929184,0.0115722145958852,-3.768243813452588e-05,0.1,0.1,0.1,24667,160,CDU-protocol-fast-v1,0.0294674916115037
449_UCR_id_147_Sensor_tr_2847_1st_9330.csv,UCR,TimesNet,UCR,0.0992995677617782,0.0966774425345316,0.0991500572823357,0.0966328438626138,0.0026221252272465,0.0001495104794424,0.0026667238991644,4.4598671917805977e-05,0.1,0.1,0.1,11388,10,CDU-protocol-fast-v1,0.0142533686649056
452_UCR_id_150_Facility_tr_10000_1st_35774.csv,UCR,TimesNet,UCR,0.105564507693928,0.101140679958303,0.1050204118848583,0.1010112226728448,0.0044238277356249,0.0005440958090696,0.0045532850210831,0.0001294572854581,0.1,0.1,0.1,40000,100,CDU-protocol-fast-v1,0.0221483003158579
459_UCR_id_157_HumanActivity_tr_50000_1st_110260.csv,UCR,TimesNet,UCR,0.0988433091802118,0.1179875297797118,0.0993322215618033,0.1183569771798676,-0.0191442205995,-0.0004889123815915,-0.0195136679996558,-0.0003694474001558,0.1,0.1,0.1,200000,152,CDU-protocol-fast-v1,0.0007481359429896
463_UCR_id_161_Environment_tr_2046_1st_6006.csv,UCR,TimesNet,UCR,0.1185630840489511,0.1196583708489805,0.1180163284463054,0.1194725529802682,-0.0010952868000293,0.0005467556026456,-0.0009094689313171,0.0001858178687122,0.1,0.1,0.1,8184,48,CDU-protocol-fast-v1,0.0100959199277279
467_UCR_id_165_Environment_tr_6166_1st_19280.csv,UCR,TimesNet,UCR,0.1209630007443481,0.1116393572166555,0.1200531496434579,0.1116372528067112,0.0093236435276926,0.0009098511008901,0.0093257479376368,2.104409944206353e-06,0.1,0.1,0.1,24667,160,CDU-protocol-fast-v1,0.0267393124424998
471_UCR_id_169_Facility_tr_10000_1st_35774.csv,UCR,TimesNet,UCR,0.105564507693928,0.1043751544922921,0.1057462905091387,0.1044005387957948,0.0011893532016359,-0.0001817828152107,0.0011639688981331,-2.5384303502795635e-05,0.1,0.1,0.1,40000,100,CDU-protocol-fast-v1,0.0035158539293981
473_UCR_id_171_HumanActivity_tr_2617_1st_7290.csv,UCR,TimesNet,UCR,0.0981216509734105,0.1009039544452113,0.0981753680954478,0.1008052891430329,-0.0027823034718008,-5.371712203738888e-05,-0.0026836381696224,9.86653021783218e-05,0.1,0.1,0.1,10468,6,CDU-protocol-fast-v1,0.0033500199991122
474_UCR_id_172_Environment_tr_2046_1st_6520.csv,UCR,TimesNet,UCR,0.10723534866331,0.1103791402818818,0.1073421085121261,0.1102757952750156,-0.0031437916185717,-0.0001067598488161,-0.0030404466117056,0.0001033450068661,0.1,0.1,0.1,8184,24,CDU-protocol-fast-v1,0.0053267560925419
493_UCR_id_191_Sensor_tr_2847_1st_9330.csv,UCR,TimesNet,UCR,0.0992995677617782,0.0951077209347968,0.0991512177259433,0.0950585980828028,0.0041918468269813,0.0001483500358348,0.0042409696789754,4.912285199400179e-05,0.1,0.1,0.1,11388,10,CDU-protocol-fast-v1,0.0144202115986688
494_UCR_id_192_Facility_tr_22500_1st_72150.csv,UCR,TimesNet,UCR,0.1107148513825994,0.1176258723324208,0.1109109432149669,0.1177571426351563,-0.0069110209498214,-0.0001960918323675,-0.0070422912525568,-0.0001312703027354,0.1,0.1,0.1,90000,345,CDU-protocol-fast-v1,0.0055248169931296
495_UCR_id_193_Environment_tr_2046_1st_6520.csv,UCR,TimesNet,UCR,0.10723534866331,0.109465303789644,0.1073519659574417,0.1093692260223596,-0.002229955126334,-0.0001166172941317,-0.0021338773590496,9.607776728440264e-05,0.1,0.1,0.1,8184,24,CDU-protocol-fast-v1,0.005221001573833
496_UCR_id_194_Environment_tr_2046_1st_5391.csv,UCR,TimesNet,UCR,0.0963796022520707,0.0954090603423968,0.0965075474402308,0.0953468426844035,0.0009705419096739,-0.0001279451881601,0.0010327595676671,6.221765799324652e-05,0.1,0.1,0.1,8184,1,CDU-protocol-fast-v1,0.0023551634509735
499_UCR_id_197_Environment_tr_2046_1st_5703.csv,UCR,TimesNet,UCR,0.10723534866331,0.1103768919333269,0.1071247081627911,0.1102669801288823,-0.0031415432700169,0.0001106405005188,-0.0030316314655723,0.0001099118044445,0.1,0.1,0.1,8184,24,CDU-protocol-fast-v1,0.007081593028156
500_UCR_id_198_Facility_tr_7482_1st_23357.csv,UCR,TimesNet,UCR,0.1423675643632088,0.1708549424138867,0.1443363247857719,0.1705294647070428,-0.0284873780506779,-0.0019687604225631,-0.028161900343834,0.0003254777068439,0.1,0.1,0.1,29931,360,CDU-protocol-fast-v1,0.0098063154376123
504_UCR_id_202_Environment_tr_2046_1st_5549.csv,UCR,TimesNet,UCR,0.118563084048951,0.1144266189270847,0.1182182902701642,0.1143904096735534,0.0041364651218663,0.0003447937787867,0.0041726743753975,3.620925353126081e-05,0.1,0.1,0.1,8184,48,CDU-protocol-fast-v1,0.0255879032870141
506_UCR_id_204_Environment_tr_2046_1st_5549.csv,UCR,TimesNet,UCR,0.118563084048951,0.1137205390491078,0.1181952122665995,0.1136941220312564,0.0048425449998431,0.0003678717823514,0.0048689620176945,2.641701785137396e-05,0.1,0.1,0.1,8184,48,CDU-protocol-fast-v1,0.0266395459620471
516_UCR_id_214_HumanActivity_tr_2108_1st_4702.csv,UCR,TimesNet,UCR,0.0981981480063832,0.1015336485251135,0.0982350289472253,0.1014238014537339,-0.0033355005187303,-3.688094084217109e-05,-0.0032256534473507,0.0001098470713795,0.1,0.1,0.1,8432,5,CDU-protocol-fast-v1,0.002430940917401
517_UCR_id_215_Facility_tr_7482_1st_24005.csv,UCR,TimesNet,UCR,0.105199603494777,0.1094371610742333,0.1051452355949782,0.1092594961155316,-0.0042375575794563,5.436789979872125e-05,-0.0040598926207546,0.0001776649587016,0.1,0.1,0.1,29931,72,CDU-protocol-fast-v1,0.005172847870438
525_UCR_id_223_Facility_tr_50000_1st_250720.csv,UCR,TimesNet,UCR,0.1042827843915398,0.1054694677639835,0.1042867375170615,0.1055301698091891,-0.0011866833724436,-3.953125521732881e-06,-0.0012473854176493,-6.070204520562672e-05,0.1,0.1,0.1,299790,650,CDU-protocol-fast-v1,0.0037394415900056
526_UCR_id_224_Sensor_tr_2827_1st_4711.csv,UCR,TimesNet,UCR,0.1293839363336781,0.1379882863957977,0.129850287198766,0.1379423885987687,-0.0086043500621195,-0.0004663508650879,-0.0085584522650906,4.58977970289598e-05,0.1,0.1,0.1,11308,98,CDU-protocol-fast-v1,0.0210107692077556
530_UCR_id_228_HumanActivity_tr_16250_1st_38500.csv,UCR,TimesNet,UCR,0.1137357260461471,0.1075878731359734,0.1138530045613324,0.1076347813327382,0.0061478529101736,-0.0001172785151853,0.0061009447134088,-4.690819676488045e-05,0.1,0.1,0.1,65000,300,CDU-protocol-fast-v1,0.004884596719705
531_SMAP_id_1_Sensor_tr_1811_1st_4510.csv,SMAP,TimesNet,SMAP,0.1377220089982345,0.135305076146723,0.1346758088093393,0.1349050295464995,0.0024169328515115,0.0030462001888952,0.0028169794517349,0.0004000466002234,0.1,0.1,0.1,7244,81,CDU-protocol-fast-v1,0.3820372231336157
532_SMAP_id_2_Sensor_tr_2075_1st_5550.csv,SMAP,TimesNet,SMAP,0.2586579717482491,0.2427579628868421,0.2579375122996809,0.2426512856257715,0.015900008861407,0.0007204594485681,0.0160066861224775,0.0001066772610705,0.1,0.1,0.1,8302,351,CDU-protocol-fast-v1,0.0853245491043627
533_SMAP_id_3_Sensor_tr_2052_1st_5300.csv,SMAP,TimesNet,SMAP,0.6253025617499648,0.4043252835730163,0.5772464395219712,0.4036884606540257,0.2209772781769485,0.0480561222279936,0.2216141010959391,0.0006368229189905,0.1,0.1,0.1,8209,1121,CDU-protocol-fast-v1,0.95483525721665
534_SMAP_id_4_Sensor_tr_1968_1st_4370.csv,SMAP,TimesNet,SMAP,0.1194258253104484,0.1202021127281363,0.1164670960368988,0.1197955485036051,-0.0007762874176878,0.0029587292735495,-0.0003697231931567,0.0004065642245311,0.1,0.1,0.1,7874,51,CDU-protocol-fast-v1,0.6323824620071338
536_SMAP_id_6_Sensor_tr_2160_1st_5600.csv,SMAP,TimesNet,SMAP,0.1396981700018532,0.12668589887794,0.1388274640787668,0.1267086715593675,0.0130122711239132,0.0008707059230863,0.0129894984424856,-2.277268142752975e-05,0.1,0.1,0.1,8640,101,CDU-protocol-fast-v1,0.3122477050655703
537_SMAP_id_7_Sensor_tr_2077_1st_5394.csv,SMAP,TimesNet,SMAP,0.2257407489654368,0.1726738543664138,0.219049279077088,0.1726692157675917,0.053066894599023,0.0066914698883487,0.053071533197845,4.638598822048756e-06,0.1,0.1,0.1,8310,281,CDU-protocol-fast-v1,0.5037389324502183
538_SMAP_id_8_Sensor_tr_2007_1st_3650.csv,SMAP,TimesNet,SMAP,0.2240464097040339,0.1881823626861062,0.2108370083367043,0.1877226415290687,0.0358640470179277,0.0132094013673295,0.0363237681749651,0.0004597211570374,0.1,0.1,0.1,8029,268,CDU-protocol-fast-v1,0.6017277386427577
539_SMAP_id_9_Sensor_tr_1857_1st_4270.csv,SMAP,TimesNet,SMAP,0.1261608779249332,0.1196230614268964,0.124471097098943,0.1195823687447256,0.0065378164980367,0.0016897808259901,0.0065785091802075,4.069268217080091e-05,0.1,0.1,0.1,7431,61,CDU-protocol-fast-v1,0.5078332153008229
540_SMAP_id_10_Sensor_tr_2051_1st_4575.csv,SMAP,TimesNet,SMAP,0.182396117271583,0.1848312881502736,0.1849945232857525,0.1848185213936203,-0.0024351708786906,-0.0025984060141695,-0.0024224041220373,1.2766756653292964e-05,0.1,0.1,0.1,8205,186,CDU-protocol-fast-v1,0.0695972804343292
541_SMAP_id_11_Sensor_tr_1832_1st_5300.csv,SMAP,TimesNet,SMAP,0.3318923522564446,0.3198631523368086,0.3390307834145666,0.3201096205609474,0.0120291999196359,-0.007138431158122,0.0117827316954972,-0.0002464682241387,0.1,0.1,0.1,7331,448,CDU-protocol-fast-v1,0.1011342269609635
542_SMAP_id_12_Sensor_tr_1908_1st_4690.csv,SMAP,TimesNet,SMAP,0.1100333486114171,0.1130300243989219,0.1084209675696906,0.112811921414743,-0.0029966757875048,0.0016123810417264,-0.0027785728033259,0.0002181029841788,0.1,0.1,0.1,7632,31,CDU-protocol-fast-v1,0.97889891721486
544_SMAP_id_14_Sensor_tr_1978_1st_4450.csv,SMAP,TimesNet,SMAP,0.1487826190130445,0.1730303253664884,0.1524791695382456,0.173073954000771,-0.0242477063534439,-0.0036965505252011,-0.0242913349877265,-4.362863428267194e-05,0.1,0.1,0.1,7914,111,CDU-protocol-fast-v1,0.0152811622982909
545_SMAP_id_15_Sensor_tr_1173_1st_2750.csv,SMAP,TimesNet,SMAP,0.1364992500618687,0.1211535084048017,0.1319399383925343,0.1210115606032089,0.0153457416570669,0.0045593116693344,0.0154876894586597,0.0001419478015927,0.1,0.1,0.1,4693,51,CDU-protocol-fast-v1,0.9759357713238792
546_SMAP_id_16_Sensor_tr_2117_1st_4770.csv,SMAP,TimesNet,SMAP,0.1498000626397371,0.1614007173179638,0.1520380035792276,0.1613669397239018,-0.0116006546782266,-0.0022379409394904,-0.0115668770841647,3.377759406195113e-05,0.1,0.1,0.1,8469,121,CDU-protocol-fast-v1,0.0176847360128945
547_SMAP_id_17_Sensor_tr_2133_1st_5400.csv,SMAP,TimesNet,SMAP,0.3782053894169124,0.3274853848874426,0.3808381468904397,0.3273165397182812,0.0507200045294697,-0.0026327574735273,0.0508888496986312,0.0001688451691614,0.1,0.1,0.1,8532,623,CDU-protocol-fast-v1,0.072201808103604
548_SMAP_id_18_Sensor_tr_2094_1st_5600.csv,SMAP,TimesNet,SMAP,0.1132732088639916,0.1077337556223167,0.1118476554120805,0.1076463333246232,0.0055394532416749,0.001425553451911,0.0056268755393683,8.742229769341525e-05,0.1,0.1,0.1,8376,41,CDU-protocol-fast-v1,0.8193738785603697
549_SMAP_id_19_Sensor_tr_1998_1st_2098.csv,SMAP,TimesNet,SMAP,0.1776462153288513,0.1683522664057888,0.1752070653823502,0.1682022879831114,0.0092939489230625,0.002439149946501,0.0094439273457399,0.0001499784226773,0.1,0.1,0.1,8579,184,CDU-protocol-fast-v1,0.3733704724031421
550_SWaT_id_1_Sensor_tr_43700_1st_43800.csv,SWaT,TimesNet,SWaT,0.5695013226659786,0.8095299149614791,0.6171862437160295,0.8172248683110315,-0.2400285922955004,-0.0476849210500508,-0.2477235456450528,-0.0076949533495523,0.1,0.1,0.1,419919,50653,CDU-protocol-fast-v1,0.102438190184288
551_YAHOO_id_1_Synthetic_tr_500_1st_893.csv,YAHOO,TimesNet,YAHOO,0.0983326645536459,0.0955986661182077,0.0983629940177547,0.0953624800136791,0.0027339984354381,-3.032946410881643e-05,0.0029701845399667,0.0002361861045285,0.1,0.1,0.1,1421,1,CDU-protocol-fast-v1,0.0077294733464564
552_YAHOO_id_2_Synthetic_tr_500_1st_893.csv,YAHOO,TimesNet,YAHOO,0.0983326645536459,0.0955913527988841,0.0985279754775083,0.0955858125366846,0.0027413117547617,-0.0001953109238624,0.0027468520169612,5.540262199496548e-06,0.1,0.1,0.1,1421,1,CDU-protocol-fast-v1,0.3919226689426828
555_YAHOO_id_5_WebService_tr_500_1st_730.csv,YAHOO,TimesNet,YAHOO,0.1048191137585639,0.0979295190684634,0.1049517105982412,0.0978164781252876,0.0068895946901005,-0.0001325968396773,0.0070026356332762,0.0001130409431757,0.1,0.1,0.1,1680,4,CDU-protocol-fast-v1,0.0184171455308326
558_YAHOO_id_8_WebService_tr_500_1st_1125.csv,YAHOO,TimesNet,YAHOO,0.3124225835287523,0.411183101721512,0.3291665466398761,0.4116016604564316,-0.0987605181927597,-0.0167439631111238,-0.0991790769276793,-0.0004185587349196,0.1,0.1,0.1,1427,80,CDU-protocol-fast-v1,0.0554401457137789
562_YAHOO_id_12_Synthetic_tr_500_1st_893.csv,YAHOO,TimesNet,YAHOO,0.0983326645536459,0.0924456409963272,0.0982642911859381,0.0924607907879318,0.0058870235573186,6.837336770774971e-05,0.005871873765714,-1.5149791604676666e-05,0.1,0.1,0.1,1421,1,CDU-protocol-fast-v1,0.6769270312626994
570_YAHOO_id_20_Synthetic_tr_500_1st_658.csv,YAHOO,TimesNet,YAHOO,0.1064974257906056,0.1008862420452337,0.1064949386375547,0.1007739016002301,0.0056111837453718,2.487153050872992e-06,0.0057235241903754,0.0001123404450035,0.1,0.1,0.1,1421,4,CDU-protocol-fast-v1,0.2177499216991725
571_YAHOO_id_21_Synthetic_tr_500_1st_623.csv,YAHOO,TimesNet,YAHOO,0.1201053611855383,0.1057482784774065,0.1190384260748681,0.1057972047163864,0.0143570827081317,0.0010669351106701,0.0143081564691518,-4.892623897992388e-05,0.1,0.1,0.1,1421,9,CDU-protocol-fast-v1,0.3724251416055118
579_YAHOO_id_29_WebService_tr_500_1st_1342.csv,YAHOO,TimesNet,YAHOO,0.0979130865456355,0.0914970985013801,0.0979538772487105,0.0914301579523598,0.0064159880442554,-4.079070307504151e-05,0.0064829285932756,6.694054902027513e-05,0.1,0.1,0.1,1680,1,CDU-protocol-fast-v1,0.0465737581502059
603_YAHOO_id_53_Synthetic_tr_500_1st_893.csv,YAHOO,TimesNet,YAHOO,0.0983326645536459,0.0976889505675179,0.0984025692349259,0.097767743509974,0.0006437139861279,-6.990468128001415e-05,0.0005649210436718,-7.879294245617674e-05,0.1,0.1,0.1,1421,1,CDU-protocol-fast-v1,0.4469821880419696
644_YAHOO_id_94_WebService_tr_500_1st_1078.csv,YAHOO,TimesNet,YAHOO,0.2977387032189041,0.3796034061455574,0.3109913335723108,0.3793738132470753,-0.0818647029266532,-0.0132526303534067,-0.0816351100281712,0.000229592898482,0.1,0.1,0.1,1435,75,CDU-protocol-fast-v1,0.0447177224245313
645_YAHOO_id_95_WebService_tr_500_1st_1047.csv,YAHOO,TimesNet,YAHOO,0.0979130865456355,0.0897913580715925,0.0979576298050114,0.0897526387444536,0.008121728474043,-4.454325937593151e-05,0.0081604478011818,3.871932713886417e-05,0.1,0.1,0.1,1680,1,CDU-protocol-fast-v1,0.0088160289649023
649_YAHOO_id_99_WebService_tr_500_1st_1386.csv,YAHOO,TimesNet,YAHOO,0.0979130865456355,0.0937424040205588,0.0981520774290582,0.0936776005976761,0.0041706825250766,-0.0002389908834227,0.0042354859479593,6.480342288266161e-05,0.1,0.1,0.1,1680,1,CDU-protocol-fast-v1,0.0451028846128604
657_YAHOO_id_107_WebService_tr_500_1st_1260.csv,YAHOO,TimesNet,YAHOO,0.0982967547241315,0.0967903479376156,0.0984802675838586,0.0966970539249935,0.0015064067865159,-0.0001835128597271,0.0015997007991379,9.329401262206384e-05,0.1,0.1,0.1,1440,1,CDU-protocol-fast-v1,0.5729701255909552
658_YAHOO_id_108_Synthetic_tr_500_1st_893.csv,YAHOO,TimesNet,YAHOO,0.0983326645536459,0.0880665487412777,0.0983958943098061,0.0882102096861086,0.0102661158123681,-6.322975616022963e-05,0.0101224548675372,-0.0001436609448309,0.1,0.1,0.1,1421,1,CDU-protocol-fast-v1,0.4879662822755209
672_YAHOO_id_122_WebService_tr_500_1st_857.csv,YAHOO,TimesNet,YAHOO,0.0979130865456355,0.0983346713932742,0.0983287861574073,0.0982136540260852,-0.0004215848476386,-0.0004156996117718,-0.0003005674804496,0.000121017367189,0.1,0.1,0.1,1680,1,CDU-protocol-fast-v1,0.0071861567585211
680_YAHOO_id_130_Synthetic_tr_500_1st_893.csv,YAHOO,TimesNet,YAHOO,0.0983326645536459,0.1001830517148691,0.0984888748606468,0.0999310050260785,-0.0018503871612232,-0.0001562103070009,-0.0015983404724326,0.0002520466887905,0.1,0.1,0.1,1421,1,CDU-protocol-fast-v1,0.4141958014977588
689_YAHOO_id_139_WebService_tr_500_1st_1073.csv,YAHOO,TimesNet,YAHOO,0.0979130865456355,0.0957656139326319,0.0980558769729915,0.0957993686181993,0.0021474726130036,-0.000142790427356,0.0021137179274361,-3.375468556740535e-05,0.1,0.1,0.1,1680,1,CDU-protocol-fast-v1,0.0091658888164791
693_YAHOO_id_143_WebService_tr_500_1st_1003.csv,YAHOO,TimesNet,YAHOO,0.1010313651260117,0.0918877607419639,0.1008441406345909,0.092078217919346,0.0091436043840477,0.0001872244914207,0.0089531472066656,-0.0001904571773821,0.1,0.1,0.1,1427,2,CDU-protocol-fast-v1,0.0838482072527976
701_YAHOO_id_151_Synthetic_tr_500_1st_893.csv,YAHOO,TimesNet,YAHOO,0.0983326645536459,0.0909503657521677,0.0987940420243538,0.0909676523375584,0.0073822988014781,-0.0004613774707079,0.0073650122160874,-1.7286585390755005e-05,0.1,0.1,0.1,1421,1,CDU-protocol-fast-v1,0.4727209613848776
723_YAHOO_id_173_WebService_tr_500_1st_1214.csv,YAHOO,TimesNet,YAHOO,0.1010580848538705,0.1031989026030144,0.1013154007754774,0.1031840456294171,-0.0021408177491439,-0.0002573159216069,-0.0021259607755466,1.4856973597279777e-05,0.1,0.1,0.1,1420,2,CDU-protocol-fast-v1,0.3248977879697393
724_YAHOO_id_174_WebService_tr_500_1st_1030.csv,YAHOO,TimesNet,YAHOO,0.10712112282954,0.0964034489434117,0.1073865490203999,0.0963226507395187,0.0107176738861283,-0.0002654261908599,0.0107984720900212,8.079820389292336e-05,0.1,0.1,0.1,1680,5,CDU-protocol-fast-v1,0.0326321007421685
734_YAHOO_id_184_WebService_tr_500_1st_768.csv,YAHOO,TimesNet,YAHOO,0.7121097988984328,0.4845239900791141,0.6664815288548303,0.4838881091998115,0.2275858088193187,0.0456282700436025,0.2282216896986213,0.0006358808793026,0.1,0.1,0.1,1424,227,CDU-protocol-fast-v1,0.6634126569492448
741_YAHOO_id_191_WebService_tr_500_1st_1114.csv,YAHOO,TimesNet,YAHOO,0.1002150956166116,0.0898240997735813,0.1002815989460337,0.089854757173576,0.0103909958430302,-6.650332942213788e-05,0.0103603384430355,-3.065739999476291e-05,0.1,0.1,0.1,1680,2,CDU-protocol-fast-v1,0.0176600346895619
755_YAHOO_id_205_Synthetic_tr_500_1st_893.csv,YAHOO,TimesNet,YAHOO,0.0983326645536459,0.0962903378989297,0.0983129269370897,0.0963036920171251,0.0020423266547161,1.97376165561175e-05,0.0020289725365207,-1.3354118195432751e-05,0.1,0.1,0.1,1421,1,CDU-protocol-fast-v1,0.5467259520702591
762_YAHOO_id_212_WebService_tr_500_1st_1055.csv,YAHOO,TimesNet,YAHOO,0.1002150956166116,0.1099210290942436,0.1007097250664449,0.1098552271136645,-0.009705933477632,-0.0004946294498333,-0.0096401314970529,6.580198057906661e-05,0.1,0.1,0.1,1680,2,CDU-protocol-fast-v1,0.0048856569389224
780_YAHOO_id_230_Synthetic_tr_500_1st_893.csv,YAHOO,TimesNet,YAHOO,0.0983326645536459,0.0934989980731053,0.0987640021671993,0.0934939248481989,0.0048336664805405,-0.0004313376135534,0.0048387397054469,5.073224906379514e-06,0.1,0.1,0.1,1421,1,CDU-protocol-fast-v1,0.4733613805256834
788_YAHOO_id_238_WebService_tr_500_1st_973.csv,YAHOO,TimesNet,YAHOO,0.0979130865456355,0.0966041045957172,0.0978259511866667,0.0964288092380164,0.0013089819499183,8.713535896871794e-05,0.001484277307619,0.0001752953577007,0.1,0.1,0.1,1680,1,CDU-protocol-fast-v1,0.0093733781346651
797_YAHOO_id_247_Synthetic_tr_500_1st_893.csv,YAHOO,TimesNet,YAHOO,0.0983326645536459,0.0948550639554532,0.0987969029652788,0.0948003778002611,0.0034776005981926,-0.0004642384116329,0.0035322867533847,5.468615519203801e-05,0.1,0.1,0.1,1421,1,CDU-protocol-fast-v1,0.0341295754799648
806_YAHOO_id_256_Synthetic_tr_500_1st_893.csv,YAHOO,TimesNet,YAHOO,0.0983326645536459,0.1071664767249786,0.0985050869765031,0.1068528558738957,-0.0088338121713327,-0.0001724224228572,-0.0085201913202498,0.0003136208510828,0.1,0.1,0.1,1421,1,CDU-protocol-fast-v1,0.0154228975914291
807_YAHOO_id_257_WebService_tr_500_1st_1210.csv,YAHOO,TimesNet,YAHOO,0.1417805852464838,0.1301972019891372,0.1378047667957823,0.1303101538187598,0.0115833832573465,0.0039758184507014,0.0114704314277239,-0.0001129518296226,0.1,0.1,0.1,1424,17,CDU-protocol-fast-v1,0.2266605066814944
810_Exathlon_id_1_Facility_tr_10766_1st_12590.csv,Exathlon,TimesNet,Exathlon,0.5910589381462512,0.6594060583860757,0.5777090701864379,0.6588070929049143,-0.0683471202398244,0.0133498679598133,-0.0677481547586631,0.0005989654811613,0.1,0.1,0.1,43066,5437,CDU-protocol-fast-v1,0.2167428000608769
811_Exathlon_id_2_Facility_tr_10766_1st_12590.csv,Exathlon,TimesNet,Exathlon,0.5910589381462512,0.515289659163302,0.5664045631302081,0.5150328752074975,0.0757692789829491,0.024654375016043,0.0760260629387536,0.0002567839558045,0.1,0.1,0.1,43066,5437,CDU-protocol-fast-v1,0.5999664865971935
812_Exathlon_id_3_Facility_tr_10766_1st_12590.csv,Exathlon,TimesNet,Exathlon,0.5910589381462512,0.3949622386184044,0.561734523837099,0.3947349272264476,0.1960966995278468,0.0293244143091522,0.1963240109198035,0.0002273113919567,0.1,0.1,0.1,43066,5437,CDU-protocol-fast-v1,0.83680745978207
814_Exathlon_id_5_Facility_tr_10766_1st_12590.csv,Exathlon,TimesNet,Exathlon,0.5910589381462512,0.515289659163302,0.5664045631302081,0.5150328752074975,0.0757692789829491,0.024654375016043,0.0760260629387536,0.0002567839558045,0.1,0.1,0.1,43066,5437,CDU-protocol-fast-v1,0.5999664865971935
815_Exathlon_id_6_Facility_tr_10766_1st_12590.csv,Exathlon,TimesNet,Exathlon,0.5910589381462512,0.3949622386184044,0.561734523837099,0.3947349272264476,0.1960966995278468,0.0293244143091522,0.1963240109198035,0.0002273113919567,0.1,0.1,0.1,43066,5437,CDU-protocol-fast-v1,0.83680745978207
816_Exathlon_id_7_Facility_tr_10766_1st_12590.csv,Exathlon,TimesNet,Exathlon,0.5910589381462512,0.447824080505201,0.5675517557040114,0.4476732098008897,0.1432348576410502,0.0235071824422398,0.1433857283453615,0.0001508707043113,0.1,0.1,0.1,43066,5437,CDU-protocol-fast-v1,0.5210311602648704
817_Exathlon_id_8_Facility_tr_10766_1st_12590.csv,Exathlon,TimesNet,Exathlon,0.5910589381462512,0.5907887612902277,0.5800154108864025,0.5907703074118489,0.0002701768560234,0.0110435272598486,0.0002886307344023,1.845387837884349e-05,0.1,0.1,0.1,43066,5437,CDU-protocol-fast-v1,0.2554482462732947
818_Exathlon_id_9_Facility_tr_11665_1st_13484.csv,Exathlon,TimesNet,Exathlon,0.3383966554327336,0.2336089939081875,0.3234332670860549,0.2334999575199641,0.1047876615245461,0.0149633883466787,0.1048966979127694,0.0001090363882233,0.1,0.1,0.1,46660,2928,CDU-protocol-fast-v1,0.8160565037153121
819_Exathlon_id_10_Facility_tr_10766_1st_12590.csv,Exathlon,TimesNet,Exathlon,0.5910589381462512,0.4387458545297075,0.5649233973510023,0.4384999935972806,0.1523130836165437,0.0261355407952489,0.1525589445489706,0.0002458609324269,0.1,0.1,0.1,43066,5437,CDU-protocol-fast-v1,0.7241791893394832
820_Exathlon_id_11_Facility_tr_11665_1st_13484.csv,Exathlon,TimesNet,Exathlon,0.3383966554327336,0.2856122646634518,0.3261781740541389,0.2854808820730849,0.0527843907692818,0.0122184813785947,0.0529157733596487,0.0001313825903668,0.1,0.1,0.1,46660,2928,CDU-protocol-fast-v1,0.5564501059237679
821_Exathlon_id_12_Facility_tr_6985_1st_7085.csv,Exathlon,TimesNet,Exathlon,0.5029142696878764,0.4050369672810656,0.4936981439693344,0.4050891769626095,0.0978773024068108,0.009216125718542,0.0978250927252669,-5.220968154390215e-05,0.1,0.1,0.1,46649,4856,CDU-protocol-fast-v1,0.2713926941777387
822_Exathlon_id_13_Facility_tr_10766_1st_12590.csv,Exathlon,TimesNet,Exathlon,0.5910589381462512,0.5907887612902277,0.5800154108864025,0.5907703074118489,0.0002701768560234,0.0110435272598486,0.0002886307344023,1.845387837884349e-05,0.1,0.1,0.1,43066,5437,CDU-protocol-fast-v1,0.2554482462732947
823_Exathlon_id_14_Facility_tr_10766_1st_12590.csv,Exathlon,TimesNet,Exathlon,0.5910589381462512,0.4417425956896094,0.5642897445869908,0.4415103441646188,0.1493163424566418,0.0267691935592604,0.1495485939816324,0.0002322515249905,0.1,0.1,0.1,43066,5437,CDU-protocol-fast-v1,0.7779042938011501
824_Exathlon_id_15_Facility_tr_10766_1st_12590.csv,Exathlon,TimesNet,Exathlon,0.5910589381462512,0.4367697206179154,0.5741543682757408,0.43685545060429,0.1542892175283358,0.0169045698705103,0.1542034875419611,-8.572998637462748e-05,0.1,0.1,0.1,43066,5437,CDU-protocol-fast-v1,0.4211959923915591
826_Exathlon_id_17_Facility_tr_11665_1st_13484.csv,Exathlon,TimesNet,Exathlon,0.3383966554327336,0.2856122646634518,0.3261781740541389,0.2854808820730849,0.0527843907692818,0.0122184813785947,0.0529157733596487,0.0001313825903668,0.1,0.1,0.1,46660,2928,CDU-protocol-fast-v1,0.5564501059237679
827_Exathlon_id_18_Facility_tr_10766_1st_12590.csv,Exathlon,TimesNet,Exathlon,0.5910589381462512,0.4367697206179154,0.5741543682757408,0.43685545060429,0.1542892175283358,0.0169045698705103,0.1542034875419611,-8.572998637462748e-05,0.1,0.1,0.1,43066,5437,CDU-protocol-fast-v1,0.4211959923915591
828_Exathlon_id_19_Facility_tr_11663_1st_13482.csv,Exathlon,TimesNet,Exathlon,0.3401291997647747,0.3021399170343675,0.3311786302193066,0.3020997233977063,0.0379892827304071,0.008950569545468,0.0380294763670683,4.019363666118991e-05,0.1,0.1,0.1,46655,2948,CDU-protocol-fast-v1,0.3733313575659888
829_Exathlon_id_20_Facility_tr_10766_1st_12590.csv,Exathlon,TimesNet,Exathlon,0.5910589381462512,0.447824080505201,0.5675517557040114,0.4476732098008897,0.1432348576410502,0.0235071824422398,0.1433857283453615,0.0001508707043113,0.1,0.1,0.1,43066,5437,CDU-protocol-fast-v1,0.5210311602648704
830_Exathlon_id_21_Facility_tr_10766_1st_12590.csv,Exathlon,TimesNet,Exathlon,0.5910589381462512,0.5471087903381027,0.5724908550579586,0.5469437572646838,0.0439501478081485,0.0185680830882926,0.0441151808815674,0.0001650330734188,0.1,0.1,0.1,43066,5437,CDU-protocol-fast-v1,0.570540898640094
831_Exathlon_id_22_Facility_tr_11665_1st_13484.csv,Exathlon,TimesNet,Exathlon,0.3383966554327336,0.2856122646634518,0.3261781740541389,0.2854808820730849,0.0527843907692818,0.0122184813785947,0.0529157733596487,0.0001313825903668,0.1,0.1,0.1,46660,2928,CDU-protocol-fast-v1,0.5564501059237679
832_Exathlon_id_23_Facility_tr_10766_1st_12590.csv,Exathlon,TimesNet,Exathlon,0.5910589381462512,0.447824080505201,0.5675517557040114,0.4476732098008897,0.1432348576410502,0.0235071824422398,0.1433857283453615,0.0001508707043113,0.1,0.1,0.1,43066,5437,CDU-protocol-fast-v1,0.5210311602648704
833_Exathlon_id_24_Facility_tr_10766_1st_12590.csv,Exathlon,TimesNet,Exathlon,0.5910589381462512,0.3949622386184044,0.561734523837099,0.3947349272264476,0.1960966995278468,0.0293244143091522,0.1963240109198035,0.0002273113919567,0.1,0.1,0.1,43066,5437,CDU-protocol-fast-v1,0.83680745978207
834_Exathlon_id_25_Facility_tr_11665_1st_13484.csv,Exathlon,TimesNet,Exathlon,0.3383966554327336,0.2856122646634518,0.3261781740541389,0.2854808820730849,0.0527843907692818,0.0122184813785947,0.0529157733596487,0.0001313825903668,0.1,0.1,0.1,46660,2928,CDU-protocol-fast-v1,0.5564501059237679
835_Exathlon_id_26_Facility_tr_10766_1st_12590.csv,Exathlon,TimesNet,Exathlon,0.5910589381462512,0.6540245625665059,0.5785446661837064,0.6537540396134278,-0.0629656244202546,0.0125142719625448,-0.0626951014671766,0.000270522953078,0.1,0.1,0.1,43066,5437,CDU-protocol-fast-v1,0.2562362140964828
836_Exathlon_id_27_Facility_tr_10766_1st_12590.csv,Exathlon,TimesNet,Exathlon,0.5910589381462512,0.3949622386184044,0.561734523837099,0.3947349272264476,0.1960966995278468,0.0293244143091522,0.1963240109198035,0.0002273113919567,0.1,0.1,0.1,43066,5437,CDU-protocol-fast-v1,0.83680745978207
837_Exathlon_id_28_Facility_tr_8898_1st_8998.csv,Exathlon,TimesNet,Exathlon,0.4205924877163967,0.4659297475088861,0.4372120908577222,0.466115101816984,-0.0453372597924894,-0.0166196031413255,-0.0455226141005873,-0.0001853543080979,0.1,0.1,0.1,46650,3891,CDU-protocol-fast-v1,0.081228683478523
838_Exathlon_id_29_Facility_tr_10766_1st_12590.csv,Exathlon,TimesNet,Exathlon,0.5910589381462512,0.5907887612902277,0.5800154108864025,0.5907703074118489,0.0002701768560234,0.0110435272598486,0.0002886307344023,1.845387837884349e-05,0.1,0.1,0.1,43066,5437,CDU-protocol-fast-v1,0.2554482462732947
839_Exathlon_id_30_Facility_tr_10766_1st_12590.csv,Exathlon,TimesNet,Exathlon,0.5910589381462512,0.447824080505201,0.5675517557040114,0.4476732098008897,0.1432348576410502,0.0235071824422398,0.1433857283453615,0.0001508707043113,0.1,0.1,0.1,43066,5437,CDU-protocol-fast-v1,0.5210311602648704
840_Exathlon_id_31_Facility_tr_10766_1st_12590.csv,Exathlon,TimesNet,Exathlon,0.5910589381462512,0.4367697206179154,0.5741543682757408,0.43685545060429,0.1542892175283358,0.0169045698705103,0.1542034875419611,-8.572998637462748e-05,0.1,0.1,0.1,43066,5437,CDU-protocol-fast-v1,0.4211959923915591
841_Exathlon_id_32_Facility_tr_11663_1st_13482.csv,Exathlon,TimesNet,Exathlon,0.3401291997647747,0.2352715670401938,0.3268678339428053,0.235197003077436,0.1048576327245808,0.0132613658219693,0.1049321966873386,7.456396275773436e-05,0.1,0.1,0.1,46655,2948,CDU-protocol-fast-v1,0.7027292811259779
842_OPPORTUNITY_id_1_HumanActivity_tr_7295_1st_27516.csv,OPPORTUNITY,TimesNet,OPPORTUNITY,0.1361741528429222,0.1560156124175955,0.1417189148888495,0.1562839802803009,-0.0198414595746733,-0.0055447620459273,-0.0201098274373787,-0.0002683678627054,0.1,0.1,0.1,29182,330,CDU-protocol-fast-v1,0.0069947702122359
843_OPPORTUNITY_id_2_HumanActivity_tr_808_1st_908.csv,OPPORTUNITY,TimesNet,OPPORTUNITY,0.5871383142152801,0.7917259023505411,0.6408829999498408,0.7971285816577038,-0.204587588135261,-0.0537446857345607,-0.2099902674424237,-0.0054026793071627,0.1,0.1,0.1,9057,1142,CDU-protocol-fast-v1,0.1146990598751113
844_OPPORTUNITY_id_3_HumanActivity_tr_500_1st_566.csv,OPPORTUNITY,TimesNet,OPPORTUNITY,0.3344604207133003,0.359826741030982,0.3469672497554114,0.361253723631907,-0.0253663203176817,-0.0125068290421111,-0.0267933029186067,-0.0014269826009249,0.1,0.1,0.1,15653,967,CDU-protocol-fast-v1,0.0495568797154607
845_OPPORTUNITY_id_4_HumanActivity_tr_7295_1st_27516.csv,OPPORTUNITY,TimesNet,OPPORTUNITY,0.1361741528429222,0.1554119769111372,0.1414704162553226,0.1556030689825692,-0.019237824068215,-0.0052962634124004,-0.019428916139647,-0.000191092071432,0.1,0.1,0.1,29182,330,CDU-protocol-fast-v1,0.0112892456303412
846_OPPORTUNITY_id_5_HumanActivity_tr_2085_1st_2185.csv,OPPORTUNITY,TimesNet,OPPORTUNITY,0.2365509154601663,0.3009542656110027,0.2528172817273551,0.3017928136274506,-0.0644033501508364,-0.0162663662671888,-0.0652418981672842,-0.0008385480164478,0.1,0.1,0.1,22194,818,CDU-protocol-fast-v1,0.0245429334471357
847_OPPORTUNITY_id_6_HumanActivity_tr_808_1st_908.csv,OPPORTUNITY,TimesNet,OPPORTUNITY,0.5871383142152801,0.8632380219754142,0.6374971421600989,0.8651908226595513,-0.2760997077601341,-0.0503588279448188,-0.2780525084442712,-0.001952800684137,0.1,0.1,0.1,9057,1142,CDU-protocol-fast-v1,0.0745895063806471
848_OPPORTUNITY_id_7_HumanActivity_tr_1477_1st_1577.csv,OPPORTUNITY,TimesNet,OPPORTUNITY,0.1781275678879195,0.1663103770423931,0.1757852568969918,0.1662583548289935,0.0118171908455264,0.0023423109909276,0.0118692130589259,5.202221339958846e-05,0.1,0.1,0.1,18011,396,CDU-protocol-fast-v1,0.0507455030801063
849_OPPORTUNITY_id_8_HumanActivity_tr_1100_1st_1200.csv,OPPORTUNITY,TimesNet,OPPORTUNITY,0.1877099177944515,0.2074945180166798,0.1953453073909058,0.2078718964614024,-0.0197846002222283,-0.0076353895964543,-0.0201619786669509,-0.0003773784447226,0.1,0.1,0.1,24892,608,CDU-protocol-fast-v1,0.0635584456573218
850_OPPORTUNITY_id_9_HumanActivity_tr_895_1st_995.csv,OPPORTUNITY,TimesNet,OPPORTUNITY,0.2084048165942393,0.2201727948202856,0.2113379988108305,0.220234582931031,-0.0117679782260463,-0.0029331822165912,-0.0118297663367917,-6.178811074547541e-05,0.1,0.1,0.1,14751,438,CDU-protocol-fast-v1,0.0359420793787112
851_OPPORTUNITY_id_10_HumanActivity_tr_6213_1st_7311.csv,OPPORTUNITY,TimesNet,OPPORTUNITY,0.2296003845866163,0.3405770580164143,0.2479818443403583,0.3413701109268958,-0.110976673429798,-0.018381459753742,-0.1117697263402794,-0.0007930529104814,0.1,0.1,0.1,24852,872,CDU-protocol-fast-v1,0.0201478364105612
853_OPPORTUNITY_id_12_HumanActivity_tr_808_1st_908.csv,OPPORTUNITY,TimesNet,OPPORTUNITY,0.5871383142152801,0.8985644465983316,0.6472513383320947,0.9006075668302408,-0.3114261323830515,-0.0601130241168146,-0.3134692526149607,-0.0020431202319092,0.1,0.1,0.1,9057,1142,CDU-protocol-fast-v1,0.071459882997987
854_OPPORTUNITY_id_13_HumanActivity_tr_1477_1st_1577.csv,OPPORTUNITY,TimesNet,OPPORTUNITY,0.1781275678879195,0.177713748489127,0.1827709662038056,0.177992790979018,0.0004138193987925,-0.0046433983158861,0.0001347769089014,-0.000279042489891,0.1,0.1,0.1,18011,396,CDU-protocol-fast-v1,0.033356267351389
855_OPPORTUNITY_id_14_HumanActivity_tr_808_1st_908.csv,OPPORTUNITY,TimesNet,OPPORTUNITY,0.5871383142152801,0.850462249982976,0.638709035780392,0.852344306166933,-0.2633239357676959,-0.0515707215651118,-0.2652059919516529,-0.0018820561839569,0.1,0.1,0.1,9057,1142,CDU-protocol-fast-v1,0.0748848103433734
856_OPPORTUNITY_id_15_HumanActivity_tr_808_1st_908.csv,OPPORTUNITY,TimesNet,OPPORTUNITY,0.5871383142152801,0.8821147358487812,0.640896602085185,0.8843507711136421,-0.2949764216335011,-0.0537582878699048,-0.297212456898362,-0.0022360352648609,0.1,0.1,0.1,9057,1142,CDU-protocol-fast-v1,0.0736502147800458
857_OPPORTUNITY_id_16_HumanActivity_tr_500_1st_566.csv,OPPORTUNITY,TimesNet,OPPORTUNITY,0.3344604207133003,0.4337740256159521,0.3603868437689647,0.4346369822330754,-0.0993136049026517,-0.0259264230556644,-0.1001765615197751,-0.0008629566171233,0.1,0.1,0.1,15653,967,CDU-protocol-fast-v1,0.0590983866865428
858_OPPORTUNITY_id_17_HumanActivity_tr_808_1st_908.csv,OPPORTUNITY,TimesNet,OPPORTUNITY,0.5871383142152801,0.924768669751845,0.650685908954438,0.9271234654132674,-0.3376303555365649,-0.0635475947391579,-0.3399851511979873,-0.0023547956614223,0.1,0.1,0.1,9057,1142,CDU-protocol-fast-v1,0.0837213000023194
859_OPPORTUNITY_id_18_HumanActivity_tr_895_1st_995.csv,OPPORTUNITY,TimesNet,OPPORTUNITY,0.2084048165942393,0.231208047481942,0.2147425710603626,0.2315835600468155,-0.0228032308877026,-0.0063377544661233,-0.0231787434525762,-0.0003755125648735,0.1,0.1,0.1,14751,438,CDU-protocol-fast-v1,0.0251533328238519
860_OPPORTUNITY_id_19_HumanActivity_tr_808_1st_908.csv,OPPORTUNITY,TimesNet,OPPORTUNITY,0.5871383142152801,0.8533380355622447,0.6394897732974928,0.8546447529051127,-0.2661997213469647,-0.0523514590822127,-0.2675064386898326,-0.0013067173428679,0.1,0.1,0.1,9057,1142,CDU-protocol-fast-v1,0.0741634130014385
861_OPPORTUNITY_id_20_HumanActivity_tr_2085_1st_2185.csv,OPPORTUNITY,TimesNet,OPPORTUNITY,0.2365509154601663,0.2669523683629944,0.2464136007883059,0.26744831871714,-0.0304014529028281,-0.0098626853281396,-0.0308974032569737,-0.0004959503541456,0.1,0.1,0.1,22194,818,CDU-protocol-fast-v1,0.0312059869252811
862_OPPORTUNITY_id_21_HumanActivity_tr_500_1st_566.csv,OPPORTUNITY,TimesNet,OPPORTUNITY,0.3344604207133003,0.4067945500712892,0.3579017402575595,0.4076148676779983,-0.0723341293579888,-0.0234413195442592,-0.073154446964698,-0.0008203176067091,0.1,0.1,0.1,15653,967,CDU-protocol-fast-v1,0.0539531727036575
863_OPPORTUNITY_id_22_HumanActivity_tr_808_1st_908.csv,OPPORTUNITY,TimesNet,OPPORTUNITY,0.5871383142152801,0.8387032793027022,0.6476818528985533,0.8446230947643283,-0.2515649650874221,-0.0605435386832732,-0.2574847805490482,-0.0059198154616261,0.1,0.1,0.1,9057,1142,CDU-protocol-fast-v1,0.1072107457720329
865_OPPORTUNITY_id_24_HumanActivity_tr_2085_1st_2185.csv,OPPORTUNITY,TimesNet,OPPORTUNITY,0.2365509154601663,0.2672391635365892,0.2478141495127215,0.2677031404624348,-0.0306882480764229,-0.0112632340525552,-0.0311522250022685,-0.0004639769258455,0.1,0.1,0.1,22194,818,CDU-protocol-fast-v1,0.0405108722713611
866_OPPORTUNITY_id_25_HumanActivity_tr_6213_1st_7311.csv,OPPORTUNITY,TimesNet,OPPORTUNITY,0.2296003845866163,0.3173672055964974,0.2442546954910217,0.3177319374317757,-0.087766821009881,-0.0146543109044054,-0.0881315528451594,-0.0003647318352783,0.1,0.1,0.1,24852,872,CDU-protocol-fast-v1,0.0226689508263165
867_OPPORTUNITY_id_26_HumanActivity_tr_808_1st_908.csv,OPPORTUNITY,TimesNet,OPPORTUNITY,0.5871383142152801,0.9450234805858582,0.6484836178257661,0.9485583059020828,-0.3578851663705781,-0.061345303610486,-0.3614199916868027,-0.0035348253162246,0.1,0.1,0.1,9057,1142,CDU-protocol-fast-v1,0.0734755884436908
868_OPPORTUNITY_id_27_HumanActivity_tr_2085_1st_2185.csv,OPPORTUNITY,TimesNet,OPPORTUNITY,0.2365509154601663,0.2875607068096743,0.2494403347095351,0.2880080837159879,-0.051009791349508,-0.0128894192493688,-0.0514571682558216,-0.0004473769063136,0.1,0.1,0.1,22194,818,CDU-protocol-fast-v1,0.0250410900784116
869_OPPORTUNITY_id_28_HumanActivity_tr_500_1st_566.csv,OPPORTUNITY,TimesNet,OPPORTUNITY,0.3344604207133003,0.4593897499875343,0.3652616884416786,0.4606926341965203,-0.124929329274234,-0.0308012677283783,-0.12623221348322,-0.001302884208986,0.1,0.1,0.1,15653,967,CDU-protocol-fast-v1,0.0716345061985317
870_OPPORTUNITY_id_29_HumanActivity_tr_1477_1st_1577.csv,OPPORTUNITY,TimesNet,OPPORTUNITY,0.1781275678879195,0.1837525974478287,0.182663638130045,0.1840578117428207,-0.0056250295599092,-0.0045360702421255,-0.0059302438549012,-0.000305214294992,0.1,0.1,0.1,18011,396,CDU-protocol-fast-v1,0.0258294980365692
001_NAB_id_1_Facility_tr_1007_1st_2014.csv,NAB,FITS,NAB,0.4271930261014086,0.4049530644436562,0.4181390684931578,0.4060507315777643,0.0222399616577523,0.0090539576082507,0.0211422945236443,-0.001097667134108,0.1,0.1,0.1,4031,343,CDU-protocol-fast-v1,0.3346006682189567
002_NAB_id_2_WebService_tr_1500_1st_4106.csv,NAB,FITS,NAB,0.5109811005857584,0.5019596616707005,0.5089027092009148,0.5018103239084066,0.0090214389150579,0.0020783913848435,0.0091707766773517,0.0001493377622938,0.1,0.1,0.1,6000,637,CDU-protocol-fast-v1,0.2144810191214915
005_NAB_id_5_Traffic_tr_594_1st_1645.csv,NAB,FITS,NAB,0.4866326352417378,0.4225410306074325,0.4864049923454112,0.4225237156870334,0.0640916046343053,0.0002276428963265,0.0641089195547043,1.731492039902527e-05,0.1,0.1,0.1,2379,238,CDU-protocol-fast-v1,0.1206540448565322
006_NAB_id_6_Traffic_tr_2579_1st_5839.csv,NAB,FITS,NAB,0.4857335332016683,0.5030185169729929,0.4873106435994542,0.501767751543535,-0.0172849837713246,-0.0015771103977859,-0.0160342183418667,0.0012507654294579,0.1,0.1,0.1,10319,1030,CDU-protocol-fast-v1,0.1197802026230894
008_NAB_id_8_Synthetic_tr_1007_1st_2734.csv,NAB,FITS,NAB,0.4853806728505995,0.3491487638325485,0.4625405094297084,0.3469193437053058,0.136231909018051,0.022840163420891,0.1384613291452937,0.0022294201272426,0.1,0.1,0.1,4031,402,CDU-protocol-fast-v1,0.3884522984086935
009_NAB_id_9_Traffic_tr_500_1st_438.csv,NAB,FITS,NAB,0.4862815616001811,0.4577284733710112,0.4748676321021577,0.4575560917236225,0.0285530882291699,0.0114139294980233,0.0287254698765586,0.0001723816473886,0.1,0.1,0.1,2161,216,CDU-protocol-fast-v1,0.2127610362791106
010_NAB_id_10_WebService_tr_500_1st_271.csv,NAB,FITS,NAB,0.6772894492172364,0.6757135752540563,0.6621046509010347,0.6733577867571267,0.0015758739631801,0.0151847983162017,0.0039316624601097,0.0023557884969296,0.1,0.1,0.1,1000,148,CDU-protocol-fast-v1,0.4781592399450615
011_NAB_id_11_Facility_tr_1007_1st_1526.csv,NAB,FITS,NAB,0.5563893265106291,0.4704058326094067,0.536242851421302,0.4692327713110537,0.0859834939012224,0.0201464750893271,0.0871565551995754,0.001173061298353,0.1,0.1,0.1,4031,474,CDU-protocol-fast-v1,0.5515361219838577
013_NAB_id_13_Traffic_tr_623_1st_2084.csv,NAB,FITS,NAB,0.4842338922682348,0.3962528349165996,0.4722766738316953,0.3979735229720535,0.0879810573516352,0.0119572184365394,0.0862603692961813,-0.0017206880554539,0.1,0.1,0.1,2494,248,CDU-protocol-fast-v1,0.3478177779531239
014_NAB_id_14_WebService_tr_500_1st_1045.csv,NAB,FITS,NAB,0.4820684243308183,0.4939130394542483,0.4841116007320636,0.4987558920324755,-0.0118446151234299,-0.0020431764012453,-0.0166874677016571,-0.0048428525782271,0.1,0.1,0.1,1537,152,CDU-protocol-fast-v1,0.1350181726801065
015_NAB_id_15_Synthetic_tr_1007_1st_2787.csv,NAB,FITS,NAB,0.5948523472431452,0.7760293975346706,0.6154309276234038,0.778400446984614,-0.1811770502915254,-0.0205785803802586,-0.1835480997414688,-0.0023710494499433,0.1,0.1,0.1,4031,513,CDU-protocol-fast-v1,0.1295596262921914
016_NAB_id_16_Environment_tr_1816_1st_3540.csv,NAB,FITS,NAB,0.4850429707481395,0.4376926895900296,0.4843148236654842,0.4392938100582634,0.0473502811581099,0.0007281470826553,0.045749160689876,-0.0016011204682338,0.1,0.1,0.1,7266,724,CDU-protocol-fast-v1,0.1174650520377955
017_NAB_id_17_Synthetic_tr_1007_1st_1805.csv,NAB,FITS,NAB,0.4853806728505994,0.5534003198707411,0.4827924136732479,0.5518230908003952,-0.0680196470201417,0.0025882591773515,-0.0664424179497957,0.0015772290703459,0.1,0.1,0.1,4031,402,CDU-protocol-fast-v1,0.121825388024939
018_NAB_id_18_Facility_tr_500_1st_669.csv,NAB,FITS,NAB,0.4862541770224173,0.5522336731389618,0.4850853170244647,0.5510976229320936,-0.0659794961165444,0.0011688599979525,-0.0648434459096763,0.0011360502068681,0.1,0.1,0.1,1881,188,CDU-protocol-fast-v1,0.1648078947196595
019_NAB_id_19_Facility_tr_1007_1st_1171.csv,NAB,FITS,NAB,0.483408210248932,0.4719329833680825,0.4796017290653328,0.4738933843224786,0.0114752268808495,0.0038064811835991,0.0095148259264533,-0.0019604009543961,0.1,0.1,0.1,4031,400,CDU-protocol-fast-v1,0.1356103722173136
020_NAB_id_20_Synthetic_tr_1007_1st_2679.csv,NAB,FITS,NAB,0.7013653277331897,0.8742667449843253,0.7207060676596421,0.8773794644498132,-0.1729014172511356,-0.0193407399264523,-0.1760141367166234,-0.0031127194654878,0.1,0.1,0.1,4031,621,CDU-protocol-fast-v1,0.1632712265697928
022_NAB_id_22_Facility_tr_1007_1st_2980.csv,NAB,FITS,NAB,0.6017559663489813,0.4471628834985517,0.5673636680129304,0.4424867984906223,0.1545930828504296,0.0343922983360509,0.159269167858359,0.0046760850079294,0.1,0.1,0.1,4031,520,CDU-protocol-fast-v1,0.5566038729473559
023_NAB_id_23_Facility_tr_4512_1st_16551.csv,NAB,FITS,NAB,0.4188672974141275,0.4009310411488355,0.4126230990019189,0.4008424952023554,0.0179362562652919,0.0062441984122085,0.018024802211772,8.854594648005643e-05,0.1,0.1,0.1,18049,1498,CDU-protocol-fast-v1,0.1123525009137187
024_NAB_id_24_Synthetic_tr_1007_1st_2787.csv,NAB,FITS,NAB,0.5948523472431452,0.5576899651953611,0.5910796502054614,0.5596676539222734,0.0371623820477841,0.0037726970376837,0.0351846933208718,-0.0019776887269122,0.1,0.1,0.1,4031,513,CDU-protocol-fast-v1,0.2652606329941866
025_NAB_id_25_WebService_tr_3958_1st_4614.csv,NAB,FITS,NAB,0.4856619904702664,0.5141484620284618,0.4875795865750756,0.5148864943117731,-0.0284864715581953,-0.0019175961048091,-0.0292245038415067,-0.0007380322833113,0.1,0.1,0.1,15832,1580,CDU-protocol-fast-v1,0.1147703368608818
026_NAB_id_26_Traffic_tr_624_1st_2261.csv,NAB,FITS,NAB,0.4675345826450365,0.3812191677117147,0.4673221411449039,0.386105339315608,0.0863154149333217,0.0002124415001326,0.0814292433294285,-0.0048861716038932,0.1,0.1,0.1,2499,238,CDU-protocol-fast-v1,0.1261577119377064
027_NAB_id_27_Facility_tr_757_1st_2582.csv,NAB,FITS,NAB,0.3512382483885998,0.2900068948565441,0.3457938393829118,0.2912173145653587,0.0612313535320557,0.0054444090056879,0.060020933823241,-0.0012104197088146,0.1,0.1,0.1,3031,200,CDU-protocol-fast-v1,0.1286885708741683
028_NAB_id_28_Facility_tr_1007_1st_3447.csv,NAB,FITS,NAB,0.5129951492739443,0.4682624740937041,0.5095490186983623,0.4701358789660325,0.0447326751802402,0.0034461305755819,0.0428592703079118,-0.0018734048723283,0.1,0.1,0.1,4031,430,CDU-protocol-fast-v1,0.183072591053984
032_WSD_id_4_WebService_tr_4559_1st_11822.csv,WSD,FITS,WSD,0.1075299854438183,0.1116774515005216,0.1073270780702503,0.1100133269840426,-0.0041474660567032,0.0002029073735679,-0.0024833415402243,0.0016641245164789,0.1,0.1,0.1,10686,32,CDU-protocol-fast-v1,0.0137780101886898
039_WSD_id_11_WebService_tr_1746_1st_1846.csv,WSD,FITS,WSD,0.123945251401589,0.117165915369355,0.1240393935132169,0.1170782406021465,0.006779336032234,-9.414211162797614e-05,0.0068670107994424,8.767476720841771e-05,0.1,0.1,0.1,18219,132,CDU-protocol-fast-v1,0.2707930760989166
040_WSD_id_12_WebService_tr_4559_1st_9714.csv,WSD,FITS,WSD,0.1046479863466841,0.1124326024770673,0.104542839082473,0.1124007039959166,-0.0077846161303831,0.000105147264211,-0.0077527176492325,3.189848115062177e-05,0.1,0.1,0.1,18236,41,CDU-protocol-fast-v1,0.0246470146887702
043_WSD_id_15_WebService_tr_4521_1st_6828.csv,WSD,FITS,WSD,0.097246602480544,0.102515453101583,0.0975301465381446,0.1013608237583438,-0.005268850621039,-0.0002835440576006,-0.0041142212777998,0.0011546293432391,0.1,0.1,0.1,18085,6,CDU-protocol-fast-v1,0.0295460342752362
049_WSD_id_21_WebService_tr_4297_1st_7097.csv,WSD,FITS,WSD,0.1029301495095835,0.104141769354132,0.1028697500665938,0.1035917078764063,-0.0012116198445484,6.039944298963373e-05,-0.0006615583668228,0.0005500614777256,0.1,0.1,0.1,17189,31,CDU-protocol-fast-v1,0.0042609382142325
054_WSD_id_26_WebService_tr_2409_1st_2509.csv,WSD,FITS,WSD,0.1098244691869262,0.1131182814548376,0.1096829943573205,0.1117068721268923,-0.0032938122679113,0.0001414748296056,-0.0018824029399661,0.0014114093279452,0.1,0.1,0.1,18391,66,CDU-protocol-fast-v1,0.1648193051075406
058_WSD_id_30_WebService_tr_1136_1st_1236.csv,WSD,FITS,WSD,0.0976595358796754,0.1041579276002816,0.0977997376285868,0.1034247490397823,-0.0064983917206062,-0.0001402017489114,-0.0057652131601069,0.0007331785604992,0.1,0.1,0.1,18236,8,CDU-protocol-fast-v1,0.0043308960770221
060_WSD_id_32_WebService_tr_4576_1st_4766.csv,WSD,FITS,WSD,0.1174846082653973,0.1171885962943928,0.1174176046084834,0.1160985692823214,0.0002960119710045,6.70036569138388e-05,0.0013860389830758,0.0010900270120713,0.1,0.1,0.1,18305,102,CDU-protocol-fast-v1,0.0174846423435122
068_WSD_id_40_WebService_tr_4549_1st_13322.csv,WSD,FITS,WSD,0.1021198938700692,0.1071976929509372,0.1022969608492462,0.105221784085378,-0.005077799080868,-0.0001770669791769,-0.0031018902153087,0.0019759088655592,0.1,0.1,0.1,18197,29,CDU-protocol-fast-v1,0.0064298728780583
074_WSD_id_46_WebService_tr_990_1st_1090.csv,WSD,FITS,WSD,0.1573790216886592,0.1352386893013269,0.1515844380543342,0.134211518436384,0.0221403323873322,0.0057945836343249,0.0231675032522751,0.0010271708649428,0.1,0.1,0.1,18236,290,CDU-protocol-fast-v1,0.1525044320564258
089_WSD_id_61_WebService_tr_1010_1st_1110.csv,WSD,FITS,WSD,0.1493653476999775,0.128044486996481,0.1442782163387808,0.127148259647543,0.0213208607034965,0.0050871313611966,0.0222170880524344,0.0008962273489379,0.1,0.1,0.1,17429,241,CDU-protocol-fast-v1,0.5323403135637196
094_WSD_id_66_WebService_tr_3309_1st_3914.csv,WSD,FITS,WSD,0.1061765244045372,0.1079952254932525,0.1062302003270082,0.1064782678155398,-0.0018187010887152,-5.367592247100539e-05,-0.0003017434110026,0.0015169576777126,0.1,0.1,0.1,13237,35,CDU-protocol-fast-v1,0.0864265628335718
099_WSD_id_71_WebService_tr_4559_1st_14411.csv,WSD,FITS,WSD,0.1046479863466841,0.111021903213316,0.1043924841620314,0.1092034992179573,-0.0063739168666318,0.0002555021846526,-0.0045555128712732,0.0018184039953586,0.1,0.1,0.1,18236,41,CDU-protocol-fast-v1,0.0116179654806949
106_WSD_id_78_WebService_tr_3363_1st_3463.csv,WSD,FITS,WSD,0.1427668070758227,0.1281631660111524,0.1404312884098636,0.1268324933451104,0.0146036410646702,0.002335518665959,0.0159343137307122,0.0013306726660419,0.1,0.1,0.1,18236,221,CDU-protocol-fast-v1,0.130623796825759
113_WSD_id_85_WebService_tr_500_1st_335.csv,WSD,FITS,WSD,0.1198876437419788,0.1188265995285171,0.1205122060187911,0.1203777224828926,0.0010610442134617,-0.0006245622768123,-0.0004900787409138,-0.0015511229543755,0.1,0.1,0.1,18242,113,CDU-protocol-fast-v1,0.0490136667109485
117_WSD_id_89_WebService_tr_3251_1st_3351.csv,WSD,FITS,WSD,0.0966728392159828,0.1038122200571789,0.0967965799875777,0.1025043485972577,-0.0071393808411961,-0.0001237407715949,-0.0058315093812749,0.0013078714599211,0.1,0.1,0.1,16376,3,CDU-protocol-fast-v1,0.002029778356258
125_WSD_id_97_WebService_tr_2217_1st_2317.csv,WSD,FITS,WSD,0.1302459870741442,0.1302520570592606,0.1293210947610453,0.1288200856977115,-6.069985116402554e-06,0.0009248923130988,0.0014259013764326,0.0014319713615491,0.1,0.1,0.1,18250,162,CDU-protocol-fast-v1,0.0365794612119775
130_WSD_id_102_WebService_tr_2362_1st_2462.csv,WSD,FITS,WSD,0.1372607551927249,0.1338780040566449,0.1369144065703915,0.1334813949659317,0.0033827511360799,0.0003463486223333,0.0037793602267931,0.0003966090907131,0.1,0.1,0.1,18236,195,CDU-protocol-fast-v1,0.0400084490506539
137_WSD_id_109_WebService_tr_4559_1st_14404.csv,WSD,FITS,WSD,0.108459868419598,0.1147442587137088,0.1082295329215877,0.1130371652859275,-0.0062843902941108,0.0002303354980102,-0.0045772968663295,0.0017070934277812,0.1,0.1,0.1,18236,59,CDU-protocol-fast-v1,0.0109407785087773
139_WSD_id_111_WebService_tr_1701_1st_1801.csv,WSD,FITS,WSD,0.1142441227835626,0.1124211147084028,0.113752747502095,0.1120081473252813,0.0018230080751597,0.0004913752814675,0.0022359754582812,0.0004129673831214,0.1,0.1,0.1,18381,87,CDU-protocol-fast-v1,0.3198422760920916
140_MSL_id_1_Sensor_tr_530_1st_630.csv,MSL,FITS,MSL,0.2873686381761706,0.3059045243505106,0.2818337637678221,0.3055116952462789,-0.0185358861743399,0.0055348744083484,-0.0181430570701083,0.0003928291042316,0.1,0.1,0.1,2430,121,CDU-protocol-fast-v1,0.2251373981894653
141_MSL_id_2_Sensor_tr_500_1st_550.csv,MSL,FITS,MSL,0.6332567791885708,0.6388590499559477,0.6256832405063214,0.6387034174307868,-0.0056022707673768,0.0075735386822494,-0.005446638242216,0.0001556325251608,0.1,0.1,0.1,2264,312,CDU-protocol-fast-v1,0.3309752169779749
143_MSL_id_4_Sensor_tr_980_1st_3550.csv,MSL,FITS,MSL,0.2429866472843507,0.1940817129302176,0.2267056004861568,0.1911502530130304,0.0489049343541331,0.0162810467981938,0.0518363942713202,0.0029314599171871,0.1,0.1,0.1,3922,151,CDU-protocol-fast-v1,0.806208586646023
144_MSL_id_5_Sensor_tr_1525_1st_4590.csv,MSL,FITS,MSL,0.1760790536021126,0.169985411306579,0.1783779125194128,0.1703314066993715,0.0060936422955336,-0.0022988589173002,0.005747646902741,-0.0003459953927925,0.1,0.1,0.1,6100,131,CDU-protocol-fast-v1,0.0296875825136552
145_MSL_id_6_Sensor_tr_530_1st_630.csv,MSL,FITS,MSL,0.2873686381761706,0.2761726888593286,0.2738711402235482,0.2732522806778885,0.0111959493168419,0.0134974979526223,0.0141163574982821,0.0029204081814401,0.1,0.1,0.1,2430,121,CDU-protocol-fast-v1,0.20910659889547
147_MSL_id_8_Sensor_tr_590_1st_690.csv,MSL,FITS,MSL,0.4992263389006856,0.3907201765619901,0.4725717864206829,0.3864946032319531,0.1085061623386954,0.0266545524800026,0.1127317356687324,0.0042255733300369,0.1,0.1,0.1,2430,252,CDU-protocol-fast-v1,0.471625465276181
148_MSL_id_9_Sensor_tr_883_1st_1238.csv,MSL,FITS,MSL,0.3451521701195715,0.2882097530028368,0.335160462445491,0.2879243910812791,0.0569424171167347,0.0099917076740804,0.0572277790382924,0.0002853619215577,0.1,0.1,0.1,3535,228,CDU-protocol-fast-v1,0.2127653881826134
149_Stock_id_1_Finance_tr_500_1st_7.csv,Stock,FITS,Stock,0.2842191306939363,0.2454306815710683,0.286814930694449,0.2467444465770744,0.0387884491228679,-0.0025958000005127,0.0374746841168618,-0.0013137650060061,0.1,0.1,0.1,20000,981,CDU-protocol-fast-v1,0.8093806397046327
151_Stock_id_3_Finance_tr_500_1st_62.csv,Stock,FITS,Stock,0.2828372009833035,0.2527133972023364,0.2851751863354396,0.2534806728657278,0.0301238037809671,-0.002337985352136,0.0293565281175757,-0.0007672756633914,0.1,0.1,0.1,10000,487,CDU-protocol-fast-v1,0.8422185394904765
155_Stock_id_7_Finance_tr_500_1st_18.csv,Stock,FITS,Stock,0.2826397824532131,0.2421855532885009,0.2831199199756162,0.2427021525418672,0.0404542291647122,-0.0004801375224031,0.0399376299113458,-0.0005165992533663,0.1,0.1,0.1,20000,973,CDU-protocol-fast-v1,0.9123490492907528
156_Stock_id_8_Finance_tr_500_1st_24.csv,Stock,FITS,Stock,0.2820475268629419,0.2562301892201621,0.2844880129280755,0.2571665578573299,0.0258173376427797,-0.0024404860651336,0.0248809690056119,-0.0009363686371677,0.1,0.1,0.1,10000,485,CDU-protocol-fast-v1,0.1389554325900709
160_Stock_id_12_Finance_tr_500_1st_14.csv,Stock,FITS,Stock,0.2842191306939363,0.2453936984954448,0.2859347723641849,0.2463604352387501,0.0388254321984914,-0.0017156416702486,0.0378586954551861,-0.0009667367433053,0.1,0.1,0.1,20000,981,CDU-protocol-fast-v1,0.6077702381052785
162_Stock_id_14_Finance_tr_500_1st_4.csv,Stock,FITS,Stock,0.6354266957247445,0.5522324078821944,0.6422840955542779,0.554683110291834,0.0831942878425501,-0.0068573998295333,0.0807435854329104,-0.0024507024096396,0.1,0.1,0.1,10000,1380,CDU-protocol-fast-v1,0.9412261465693176
165_Stock_id_17_Finance_tr_500_1st_7.csv,Stock,FITS,Stock,0.6429285998681795,0.5576391440709365,0.6475963174356222,0.5593081945309637,0.085289455797243,-0.0046677175674426,0.0836204053372158,-0.0016690504600271,0.1,0.1,0.1,20000,2798,CDU-protocol-fast-v1,0.9703864394088704
166_Stock_id_18_Finance_tr_500_1st_18.csv,Stock,FITS,Stock,0.642731181338089,0.5600653335879421,0.6469557413330179,0.5614586956262936,0.0826658477501469,-0.0042245599949288,0.0812724857117954,-0.0013933620383514,0.1,0.1,0.1,20000,2797,CDU-protocol-fast-v1,0.856295871200542
169_Daphnet_id_1_HumanActivity_tr_9693_1st_20732.csv,Daphnet,FITS,Daphnet,0.3254223915528967,0.2368700903937531,0.3058161578130234,0.2342225023824811,0.0885523011591436,0.0196062337398733,0.0911998891704155,0.0026475880112719,0.1,0.1,0.1,38774,2306,CDU-protocol-fast-v1,0.4109126629939764
170_MITDB_id_1_Medical_tr_17675_1st_17775.csv,MITDB,FITS,MITDB,0.271582878822378,0.2887418738617924,0.272033370141507,0.2877933849165626,-0.0171589950394143,-0.0004504913191289,-0.0162105060941845,0.0009484889452298,0.1,0.1,0.1,500000,22845,CDU-protocol-fast-v1,0.0540338833393878
171_MITDB_id_2_Medical_tr_50000_1st_88864.csv,MITDB,FITS,MITDB,0.211197624167007,0.1696606055995633,0.2043514753302591,0.1685183452831741,0.0415370185674436,0.0068461488367478,0.0426792788838328,0.0011422603163891,0.1,0.1,0.1,650000,19657,CDU-protocol-fast-v1,0.0883825138829942
172_MITDB_id_3_Medical_tr_27274_1st_27374.csv,MITDB,FITS,MITDB,0.2018886191173119,0.2604056175074725,0.204376555826515,0.2591936555372402,-0.0585169983901605,-0.0024879367092031,-0.0573050364199283,0.0012119619702322,0.1,0.1,0.1,650000,18109,CDU-protocol-fast-v1,0.0366761216081872
173_MITDB_id_4_Medical_tr_13620_1st_13720.csv,MITDB,FITS,MITDB,0.49398571361269,0.5355416748998293,0.5063062003213393,0.536529922012888,-0.0415559612871392,-0.0123204867086493,-0.0425442084001979,-0.0009882471130586,0.1,0.1,0.1,650000,66682,CDU-protocol-fast-v1,0.1166263798983042
175_MITDB_id_6_Medical_tr_27274_1st_27374.csv,MITDB,FITS,MITDB,0.2018886191173119,0.2007848397009577,0.2018747096812079,0.2003198408996108,0.0011037794163542,1.390943610396489e-05,0.0015687782177011,0.0004649988013468,0.1,0.1,0.1,650000,18109,CDU-protocol-fast-v1,0.0383779854452003
176_MITDB_id_7_Medical_tr_6232_1st_6332.csv,MITDB,FITS,MITDB,0.3231402139603378,0.2623315432049894,0.3194708196568223,0.2625437453269869,0.0608086707553484,0.0036693943035155,0.0605964686333508,-0.0002122021219975,0.1,0.1,0.1,650000,38272,CDU-protocol-fast-v1,0.1653699465731843
177_MITDB_id_8_Medical_tr_17675_1st_17775.csv,MITDB,FITS,MITDB,0.2561009450365638,0.2477174295812171,0.2542902990918872,0.2468792178420748,0.0083835154553466,0.0018106459446765,0.0092217271944889,0.0008382117391422,0.1,0.1,0.1,650000,27124,CDU-protocol-fast-v1,0.0548637688979922
178_SMD_id_1_Facility_tr_6000_1st_10609.csv,SMD,FITS,SMD,0.1638312951952854,0.1537953957124617,0.1611592458939756,0.1530714134323422,0.0100358994828236,0.0026720493013097,0.0107598817629431,0.0007239822801194,0.1,0.1,0.1,24000,427,CDU-protocol-fast-v1,0.207427955409278
179_SMD_id_2_Facility_tr_5925_1st_17580.csv,SMD,FITS,SMD,0.1211528492406375,0.1171366726745031,0.1188011924581475,0.1177946179277145,0.0040161765661343,0.0023516567824899,0.0033582313129229,-0.0006579452532114,0.1,0.1,0.1,23703,161,CDU-protocol-fast-v1,0.2280681149661342
180_SMD_id_3_Facility_tr_5925_1st_17580.csv,SMD,FITS,SMD,0.1211528492406375,0.1100294495002292,0.117575062618819,0.1092850202345467,0.0111233997404082,0.0035777866218184,0.0118678290060907,0.0007444292656824,0.1,0.1,0.1,23703,161,CDU-protocol-fast-v1,0.8695380223068919
181_SMD_id_4_Facility_tr_5000_1st_15144.csv,SMD,FITS,SMD,0.2709547640029155,0.2117561266938344,0.252753101740178,0.2102839836340323,0.0591986373090811,0.0182016622627375,0.0606707803688832,0.001472143059802,0.1,0.1,0.1,20000,908,CDU-protocol-fast-v1,0.552890791525668
183_SMD_id_6_Facility_tr_5925_1st_17580.csv,SMD,FITS,SMD,0.1211528492406375,0.1188709987924464,0.1179665818367668,0.1190586379866104,0.002281850448191,0.0031862674038706,0.002094211254027,-0.000187639194164,0.1,0.1,0.1,23703,161,CDU-protocol-fast-v1,0.8173140040838868
184_SMD_id_7_Facility_tr_7119_1st_15849.csv,SMD,FITS,SMD,0.4618409014875731,0.3905077706318494,0.4432047906538551,0.3875780999434705,0.0713331308557237,0.018636110833718,0.0742628015441025,0.0029296706883788,0.1,0.1,0.1,28479,2694,CDU-protocol-fast-v1,0.3439009714104782
185_SMD_id_8_Facility_tr_5000_1st_15144.csv,SMD,FITS,SMD,0.2709547640029155,0.2062684251945096,0.2570809770341661,0.2045640787991811,0.0646863388084059,0.0138737869687494,0.0663906852037344,0.0017043463953284,0.1,0.1,0.1,20000,908,CDU-protocol-fast-v1,0.4489957750387636
187_SMD_id_10_Facility_tr_5000_1st_15849.csv,SMD,FITS,SMD,0.5196700438303502,0.4536615152933103,0.5119497164256163,0.4537678498877314,0.0660085285370399,0.0077203274047339,0.0659021939426187,-0.0001063345944211,0.1,0.1,0.1,20000,2190,CDU-protocol-fast-v1,0.2511771950708448
188_SMD_id_11_Facility_tr_500_1st_392.csv,SMD,FITS,SMD,0.2285381802882731,0.1818046186838234,0.2160493021403787,0.1793556821767039,0.0467335616044497,0.0124888781478944,0.0491824981115691,0.0024489365071194,0.1,0.1,0.1,23703,817,CDU-protocol-fast-v1,0.3062540998269177
189_SMD_id_12_Facility_tr_5925_1st_17580.csv,SMD,FITS,SMD,0.1211528492406375,0.1190850138092801,0.118649025037897,0.1187290488545559,0.0020678354313573,0.0025038242027404,0.0024238003860815,0.0003559649547241,0.1,0.1,0.1,23703,161,CDU-protocol-fast-v1,0.4056362746178918
190_SMD_id_13_Facility_tr_7119_1st_15849.csv,SMD,FITS,SMD,0.4618409014875731,0.3919164966075203,0.4448475370315477,0.3893299123459404,0.0699244048800528,0.0169933644560253,0.0725109891416327,0.0025865842615799,0.1,0.1,0.1,28479,2694,CDU-protocol-fast-v1,0.3948638403567735
191_SMD_id_14_Facility_tr_4596_1st_4696.csv,SMD,FITS,SMD,0.119753404460246,0.1130077511720168,0.1169781324176381,0.1115551036393343,0.0067456532882292,0.0027752720426078,0.0081983008209116,0.0014526475326824,0.1,0.1,0.1,22700,146,CDU-protocol-fast-v1,0.6964481128792123
192_SMD_id_15_Facility_tr_5925_1st_17580.csv,SMD,FITS,SMD,0.1211528492406375,0.1188449945822097,0.1180010580133622,0.117862818139555,0.0023078546584277,0.0031517912272752,0.0032900311010824,0.0009821764426546,0.1,0.1,0.1,23703,161,CDU-protocol-fast-v1,0.6006915597364644
194_SMD_id_17_Facility_tr_5925_1st_17580.csv,SMD,FITS,SMD,0.1211528492406375,0.120780238185619,0.1180538326692995,0.1217194778162009,0.0003726110550184,0.0030990165713379,-0.0005666285755634,-0.0009392396305819,0.1,0.1,0.1,23703,161,CDU-protocol-fast-v1,0.5764347804565391
195_SMD_id_18_Facility_tr_5925_1st_17580.csv,SMD,FITS,SMD,0.1211528492406375,0.1199466435746843,0.118008801394627,0.1203791634710389,0.0012062056659531,0.0031440478460104,0.0007736857695985,-0.0004325198963546,0.1,0.1,0.1,23703,161,CDU-protocol-fast-v1,0.6783390645171151
196_SMD_id_19_Facility_tr_7174_1st_21230.csv,SMD,FITS,SMD,0.1207587804090861,0.1132244898334223,0.1179354594063262,0.1124590127367757,0.0075342905756637,0.0028233210027598,0.0082997676723103,0.0007654770966465,0.1,0.1,0.1,28696,192,CDU-protocol-fast-v1,0.6865883745826176
197_SMD_id_20_Facility_tr_5000_1st_15144.csv,SMD,FITS,SMD,0.2709547640029155,0.2110341991262148,0.2530658694672833,0.2098597473995696,0.0599205648767007,0.0178888945356321,0.0610950166033458,0.0011744517266451,0.1,0.1,0.1,20000,908,CDU-protocol-fast-v1,0.5173643552064054
198_SMD_id_21_Facility_tr_5925_1st_17580.csv,SMD,FITS,SMD,0.1211528492406375,0.1026275190672519,0.1180221455425921,0.102018088714706,0.0185253301733856,0.0031307036980453,0.0191347605259314,0.0006094303525458,0.1,0.1,0.1,23703,161,CDU-protocol-fast-v1,0.5825929655620188
199_SMD_id_22_Facility_tr_5925_1st_17580.csv,SMD,FITS,SMD,0.1211528492406375,0.1183540435536104,0.1188789042246483,0.1178664347824561,0.0027988056870271,0.0022739450159891,0.0032864144581813,0.0004876087711542,0.1,0.1,0.1,23703,161,CDU-protocol-fast-v1,0.3587580560066861
201_SMD_id_24_Facility_tr_7174_1st_21230.csv,SMD,FITS,SMD,0.1215700670490047,0.1156505215331957,0.1187405071894151,0.1150619339687294,0.0059195455158089,0.0028295598595895,0.0065081330802752,0.0005885875644662,0.1,0.1,0.1,28696,198,CDU-protocol-fast-v1,0.6991365658592164
202_SMD_id_25_Facility_tr_6250_1st_21230.csv,SMD,FITS,SMD,0.1050411077560964,0.1013703232409772,0.1040274553463201,0.1011252370555301,0.0036707845151192,0.0010136524097762,0.0039158707005662,0.000245086185447,0.1,0.1,0.1,25000,66,CDU-protocol-fast-v1,0.5189255798681633
203_SMD_id_26_Facility_tr_7174_1st_21230.csv,SMD,FITS,SMD,0.1215700670490047,0.1200077187712047,0.1191638492127267,0.1191775874062711,0.0015623482777999,0.0024062178362779,0.0023924796427335,0.0008301313649335,0.1,0.1,0.1,28696,198,CDU-protocol-fast-v1,0.4786899211652325
204_SMD_id_27_Facility_tr_5000_1st_15144.csv,SMD,FITS,SMD,0.2709547640029155,0.2069648302629172,0.2584090045475468,0.2058827353128184,0.0639899337399983,0.0125457594553686,0.065072028690097,0.0010820949500987,0.1,0.1,0.1,20000,908,CDU-protocol-fast-v1,0.334433586859619
205_SMD_id_28_Facility_tr_5925_1st_17580.csv,SMD,FITS,SMD,0.1211528492406375,0.1193331199463451,0.1180284115910417,0.1195953921533917,0.0018197292942924,0.0031244376495958,0.0015574570872458,-0.0002622722070465,0.1,0.1,0.1,23703,161,CDU-protocol-fast-v1,0.8254683089810737
206_SMD_id_29_Facility_tr_6250_1st_21230.csv,SMD,FITS,SMD,0.1050411077560964,0.0999328127973178,0.1039442626211237,0.0995786139012003,0.0051082949587785,0.0010968451349726,0.005462493854896,0.0003541988961174,0.1,0.1,0.1,25000,66,CDU-protocol-fast-v1,0.5277826405607704
207_SMD_id_30_Facility_tr_7174_1st_21230.csv,SMD,FITS,SMD,0.1215700670490047,0.1169352311823476,0.1186635314685347,0.1162124675725656,0.004634835866657,0.0029065355804699,0.005357599476439,0.0007227636097819,0.1,0.1,0.1,28696,198,CDU-protocol-fast-v1,0.6750839151920714
208_SMD_id_31_Facility_tr_5000_1st_15144.csv,SMD,FITS,SMD,0.2709547640029155,0.206706762159856,0.2551500991238326,0.2048074714212212,0.0642480018430595,0.0158046648790829,0.0661472925816943,0.0018992907386348,0.1,0.1,0.1,20000,908,CDU-protocol-fast-v1,0.5642739864213464
209_SMD_id_32_Facility_tr_5925_1st_17580.csv,SMD,FITS,SMD,0.1211528492406375,0.1135918212557138,0.119295953498298,0.11289295909439,0.0075610279849236,0.0018568957423394,0.0082598901462474,0.0006988621613237,0.1,0.1,0.1,23703,161,CDU-protocol-fast-v1,0.0954806047336057
211_SMD_id_34_Facility_tr_5925_1st_17580.csv,SMD,FITS,SMD,0.1211528492406375,0.1167572483688051,0.1180981530260227,0.1167858004082367,0.0043956008718323,0.0030546962146147,0.0043670488324007,-2.855203943159801e-05,0.1,0.1,0.1,23703,161,CDU-protocol-fast-v1,0.5262426202634961
212_SMD_id_35_Facility_tr_5925_1st_17580.csv,SMD,FITS,SMD,0.1211528492406375,0.1120833026663713,0.1179345284860121,0.1114680650706423,0.0090695465742662,0.0032183207546253,0.0096847841699951,0.0006152375957289,0.1,0.1,0.1,23703,161,CDU-protocol-fast-v1,0.6151563334768857
213_SMD_id_36_Facility_tr_5925_1st_17580.csv,SMD,FITS,SMD,0.1211528492406375,0.1163881516323721,0.1179083991454815,0.1161826493157582,0.0047646976082654,0.003244450095156,0.0049701999248792,0.0002055023166138,0.1,0.1,0.1,23703,161,CDU-protocol-fast-v1,0.8299707416598965
214_SMD_id_37_Facility_tr_5925_1st_17580.csv,SMD,FITS,SMD,0.1211528492406375,0.1171415301151051,0.1188036042674354,0.1178005307043169,0.0040113191255324,0.002349244973202,0.0033523185363205,-0.0006590005892118,0.1,0.1,0.1,23703,161,CDU-protocol-fast-v1,0.223829267108802
215_SMD_id_38_Facility_tr_5925_1st_17580.csv,SMD,FITS,SMD,0.1211528492406375,0.112376640965352,0.1179425574659813,0.1118098211570519,0.0087762082752854,0.0032102917746561,0.0093430280835855,0.0005668198083,0.1,0.1,0.1,23703,161,CDU-protocol-fast-v1,0.4805928935920203
216_LTDB_id_1_Medical_tr_500_1st_266.csv,LTDB,FITS,LTDB,0.6891010258760193,0.8135599863558549,0.716584044484818,0.8145141592951276,-0.1244589604798356,-0.0274830186087987,-0.1254131334191083,-0.0009541729392726,0.1,0.1,0.1,100000,14857,CDU-protocol-fast-v1,0.1648509353835704
218_LTDB_id_3_Medical_tr_500_1st_266.csv,LTDB,FITS,LTDB,0.6891010258760193,0.8116671806914406,0.7145937207045329,0.8117491271762125,-0.1225661548154213,-0.0254926948285135,-0.1226481013001932,-8.19464847718887e-05,0.1,0.1,0.1,100000,14857,CDU-protocol-fast-v1,0.1612643777175115
219_LTDB_id_4_Medical_tr_3618_1st_3718.csv,LTDB,FITS,LTDB,0.6859997535145896,0.5360155259800385,0.6486252445178147,0.5307193316921665,0.1499842275345511,0.0373745089967749,0.1552804218224232,0.005296194287872,0.1,0.1,0.1,100000,14781,CDU-protocol-fast-v1,0.438606604585352
220_LTDB_id_5_Medical_tr_500_1st_26.csv,LTDB,FITS,LTDB,1.370891270807115,1.255518898174517,1.3578092960765626,1.2604784828645508,0.1153723726325981,0.0130819747305523,0.1104127879425642,-0.0049595846900338,0.1,0.1,0.1,100000,31565,CDU-protocol-fast-v1,0.4446385972376282
221_LTDB_id_6_Medical_tr_500_1st_26.csv,LTDB,FITS,LTDB,1.370891270807115,1.3280117005197238,1.3863621010311615,1.3335480763993064,0.0428795702873912,-0.0154708302240464,0.0373431944078086,-0.0055363758795825,0.1,0.1,0.1,100000,31565,CDU-protocol-fast-v1,0.378067902894338
222_LTDB_id_7_Medical_tr_3618_1st_3718.csv,LTDB,FITS,LTDB,0.6859997535145896,0.54009858408009,0.6543757543272377,0.5368414498045964,0.1459011694344996,0.0316239991873519,0.1491583037099932,0.0032571342754936,0.1,0.1,0.1,100000,14781,CDU-protocol-fast-v1,0.4481211509060724
223_LTDB_id_8_Medical_tr_4456_1st_4556.csv,LTDB,FITS,LTDB,0.7422307181731396,0.6884882427890551,0.7638478136096656,0.6931192159949262,0.0537424753840845,-0.021617095436526,0.0491115021782133,-0.0046309732058711,0.1,0.1,0.1,100000,16159,CDU-protocol-fast-v1,0.2020260774906867
224_LTDB_id_9_Medical_tr_4456_1st_4556.csv,LTDB,FITS,LTDB,0.7422307181731396,0.6489258264292193,0.7340278503552721,0.6511566798730581,0.0933048917439203,0.0082028678178674,0.0910740383000814,-0.0022308534438388,0.1,0.1,0.1,100000,16159,CDU-protocol-fast-v1,0.2854742370030489
225_MGAB_id_1_Synthetic_tr_25000_1st_38478.csv,MGAB,FITS,MGAB,0.1039169459995007,0.0979115798404858,0.1042056512990298,0.0975861358188247,0.0060053661590148,-0.000288705299529,0.0063308101806759,0.000325444021661,0.1,0.1,0.1,100000,200,CDU-protocol-fast-v1,0.0041282403836455
226_MGAB_id_2_Synthetic_tr_20000_1st_45134.csv,MGAB,FITS,MGAB,0.1029523934361121,0.0978226278592649,0.10314094987585,0.0973834684405857,0.0051297655768471,-0.0001885564397379,0.0055689249955263,0.0004391594186791,0.1,0.1,0.1,80000,140,CDU-protocol-fast-v1,0.005163480322271
227_MGAB_id_3_Synthetic_tr_25000_1st_44340.csv,MGAB,FITS,MGAB,0.1039169459995007,0.0979524953332422,0.104074364781239,0.0975974476421277,0.0059644506662585,-0.0001574187817383,0.0063194983573729,0.0003550476911144,0.1,0.1,0.1,100000,200,CDU-protocol-fast-v1,0.0049505480487068
228_MGAB_id_4_Synthetic_tr_25000_1st_38948.csv,MGAB,FITS,MGAB,0.1039169459995007,0.0986708666196153,0.1039861148746878,0.0982498163212998,0.0052460793798854,-6.916887518711168e-05,0.0056671296782008,0.0004210502983154,0.1,0.1,0.1,100000,200,CDU-protocol-fast-v1,0.0064767280557796
229_MGAB_id_5_Synthetic_tr_25000_1st_33098.csv,MGAB,FITS,MGAB,0.1039169459995007,0.0981966680969096,0.1040463010347661,0.0977984948395992,0.005720277902591,-0.0001293550352654,0.0061184511599014,0.0003981732573103,0.1,0.1,0.1,100000,200,CDU-protocol-fast-v1,0.0063859760591275
231_MGAB_id_7_Synthetic_tr_25000_1st_35544.csv,MGAB,FITS,MGAB,0.1039169459995007,0.0978956366509571,0.1041586860154279,0.0974961682876267,0.0060213093485435,-0.0002417400159272,0.0064207777118739,0.0003994683633303,0.1,0.1,0.1,100000,200,CDU-protocol-fast-v1,0.0046059458901865
232_MGAB_id_8_Synthetic_tr_25000_1st_32708.csv,MGAB,FITS,MGAB,0.1039169459995007,0.098360244024226,0.1041436887341519,0.0980158423032287,0.0055567019752747,-0.0002267427346512,0.0059011036962719,0.0003444017209972,0.1,0.1,0.1,100000,200,CDU-protocol-fast-v1,0.0053100247726583
233_MGAB_id_9_Synthetic_tr_25000_1st_41300.csv,MGAB,FITS,MGAB,0.1039169459995007,0.0983871495209075,0.1042667387129581,0.0980860007446403,0.0055297964785931,-0.0003497927134574,0.0058309452548604,0.0003011487762672,0.1,0.1,0.1,100000,200,CDU-protocol-fast-v1,0.0104029906900264
234_SED_id_1_Medical_tr_3740_1st_3840.csv,SED,FITS,SED,0.2807100157311135,0.3622889568139242,0.2849284449496839,0.3599559252223063,-0.0815789410828107,-0.0042184292185704,-0.0792459094911928,0.0023330315916179,0.1,0.1,0.1,19999,960,CDU-protocol-fast-v1,0.0704180233365742
236_SED_id_3_Medical_tr_3740_1st_3840.csv,SED,FITS,SED,0.2369935222269394,0.3042156069040745,0.2399072033275169,0.3021304868124929,-0.0672220846771351,-0.0029136811005774,-0.0651369645855534,0.0020851200915816,0.1,0.1,0.1,39999,1472,CDU-protocol-fast-v1,0.0558475986189894
237_SVDB_id_1_Medical_tr_11587_1st_11687.csv,SVDB,FITS,SVDB,0.388165207582728,0.285981930812124,0.3677112772066774,0.2834548440854963,0.102183276770604,0.0204539303760505,0.1047103634972316,0.0025270867266276,0.1,0.1,0.1,130400,9852,CDU-protocol-fast-v1,0.2425302896724595
238_SVDB_id_2_Medical_tr_25000_1st_71963.csv,SVDB,FITS,SVDB,0.1200336852038119,0.1106797733902398,0.1192089959101152,0.1101719224340084,0.0093539118135721,0.0008246892936966,0.0098617627698034,0.0005078509562313,0.1,0.1,0.1,100000,676,CDU-protocol-fast-v1,0.0133797992986717
239_SVDB_id_3_Medical_tr_50000_1st_106634.csv,SVDB,FITS,SVDB,0.1529458823630081,0.1454441598335838,0.1509708452519725,0.1439604862103201,0.0075017225294242,0.0019750371110355,0.0089853961526879,0.0014836736232636,0.1,0.1,0.1,230400,3503,CDU-protocol-fast-v1,0.0357637926176455
240_SVDB_id_4_Medical_tr_18462_1st_18562.csv,SVDB,FITS,SVDB,0.273147030425738,0.2512344580954489,0.2686678156818475,0.2497431048658781,0.021912572330289,0.0044792147438904,0.0234039255598598,0.0014913532295707,0.1,0.1,0.1,130400,6004,CDU-protocol-fast-v1,0.0945250503001493
241_SVDB_id_5_Medical_tr_11587_1st_11687.csv,SVDB,FITS,SVDB,0.388165207582728,0.3260048650495591,0.3827090086433758,0.3267980663082213,0.0621603425331688,0.0054561989393521,0.0613671412745066,-0.0007932012586622,0.1,0.1,0.1,130400,9852,CDU-protocol-fast-v1,0.1160141423375032
243_SVDB_id_7_Medical_tr_11393_1st_11493.csv,SVDB,FITS,SVDB,0.213533155492278,0.210862519827718,0.2121529996169871,0.2097073828701112,0.0026706356645599,0.0013801558752908,0.0038257726221667,0.0011551369576068,0.1,0.1,0.1,180400,5547,CDU-protocol-fast-v1,0.0500720657792035
244_SVDB_id_8_Medical_tr_17803_1st_17903.csv,SVDB,FITS,SVDB,0.211483179210855,0.1833569314321821,0.2087143041825161,0.181899260030527,0.0281262477786728,0.0027688750283388,0.0295839191803279,0.001457671401655,0.1,0.1,0.1,130400,3941,CDU-protocol-fast-v1,0.0572852520231371
245_SVDB_id_9_Medical_tr_12607_1st_12707.csv,SVDB,FITS,SVDB,0.4154187379111702,0.3297470153080774,0.4061438953352343,0.3305130494110705,0.0856717226030928,0.0092748425759358,0.0849056885000996,-0.0007660341029931,0.1,0.1,0.1,180400,14891,CDU-protocol-fast-v1,0.2164736125457073
246_SVDB_id_10_Medical_tr_20100_1st_68460.csv,SVDB,FITS,SVDB,0.119621420445735,0.114088665285106,0.1186950772030218,0.1135053852164064,0.0055327551606289,0.0009263432427131,0.0061160352293285,0.0005832800686995,0.1,0.1,0.1,80400,535,CDU-protocol-fast-v1,0.0147566945063591
247_SVDB_id_11_Medical_tr_20100_1st_23611.csv,SVDB,FITS,SVDB,0.139497778725546,0.1302767391436085,0.1368414138075889,0.12976980216145,0.0092210395819375,0.002656364917957,0.0097279765640959,0.0005069369821584,0.1,0.1,0.1,80400,945,CDU-protocol-fast-v1,0.0665716646011104
248_SVDB_id_12_Medical_tr_18462_1st_18562.csv,SVDB,FITS,SVDB,0.273147030425738,0.2433546891235372,0.267414852820992,0.242205359325956,0.0297923413022008,0.0057321776047459,0.030941671099782,0.0011493297975812,0.1,0.1,0.1,130400,6004,CDU-protocol-fast-v1,0.1021640859732147
249_SVDB_id_13_Medical_tr_50000_1st_54982.csv,SVDB,FITS,SVDB,0.2388002868865439,0.216361872411146,0.2365851898820667,0.2164367677504335,0.0224384144753979,0.0022150970044771,0.0223635191361103,-7.489533928758951e-05,0.1,0.1,0.1,230400,8578,CDU-protocol-fast-v1,0.0686282791443841
250_SVDB_id_14_Medical_tr_50000_1st_107354.csv,SVDB,FITS,SVDB,0.2031220722776498,0.1857485190772914,0.1995885132306998,0.1850476430646334,0.0173735532003584,0.0035335590469499,0.0180744292130164,0.000700876012658,0.1,0.1,0.1,230400,6469,CDU-protocol-fast-v1,0.0488808548888274
251_SVDB_id_15_Medical_tr_5421_1st_5521.csv,SVDB,FITS,SVDB,0.3103766387169045,0.247370481310884,0.294734890859032,0.2442095555728298,0.0630061574060205,0.0156417478578725,0.0661670831440747,0.0031609257380541,0.1,0.1,0.1,230400,12809,CDU-protocol-fast-v1,0.3607097414667095
253_SVDB_id_17_Medical_tr_17803_1st_17903.csv,SVDB,FITS,SVDB,0.211483179210855,0.1771340492479634,0.2090792069261348,0.1759906357503785,0.0343491299628916,0.0024039722847201,0.0354925434604764,0.0011434134975848,0.1,0.1,0.1,130400,3941,CDU-protocol-fast-v1,0.0493649602428242
254_SVDB_id_18_Medical_tr_30824_1st_30924.csv,SVDB,FITS,SVDB,0.2264338692103459,0.2070460778166376,0.2268978053353194,0.2076403103176231,0.0193877913937082,-0.0004639361249735,0.0187935588927227,-0.0005942325009855,0.1,0.1,0.1,230400,7847,CDU-protocol-fast-v1,0.0506857403402511
255_SVDB_id_19_Medical_tr_50000_1st_54982.csv,SVDB,FITS,SVDB,0.2388002868865439,0.2268156172329392,0.2379194192105636,0.2262682396518026,0.0119846696536047,0.0008808676759802,0.0125320472347412,0.0005473775811365,0.1,0.1,0.1,230400,8578,CDU-protocol-fast-v1,0.0653744362974308
256_SVDB_id_20_Medical_tr_6264_1st_6364.csv,SVDB,FITS,SVDB,0.2199546107014761,0.2250920153077216,0.2211246919576667,0.2244991657051275,-0.0051374046062455,-0.0011700812561906,-0.0045445550036514,0.000592849602594,0.1,0.1,0.1,230400,7464,CDU-protocol-fast-v1,0.0451444414464479
257_TAO_id_1_Environment_tr_500_1st_3.csv,TAO,FITS,TAO,0.468621312894117,0.430256857375221,0.4727446509384709,0.4319126547547308,0.038364455518896,-0.0041233380443539,0.0367086581393861,-0.0016557973795098,0.1,0.1,0.1,10000,954,CDU-protocol-fast-v1,0.8766087979507303
258_TAO_id_2_Environment_tr_500_1st_4.csv,TAO,FITS,TAO,0.6385037656405279,0.5969515644455765,0.6452239883708377,0.5996488689627755,0.0415522011949514,-0.0067202227303098,0.0388548966777524,-0.0026973045171989,0.1,0.1,0.1,10000,1380,CDU-protocol-fast-v1,0.9371701503363316
260_IOPS_id_1_WebService_tr_5000_1st_11804.csv,IOPS,FITS,IOPS,0.0979723308130136,0.1037534639417617,0.0980027575884541,0.1026566175560185,-0.0057811331287481,-3.042677544050354e-05,-0.0046842867430049,0.0010968463857431,0.1,0.1,0.1,20000,14,CDU-protocol-fast-v1,0.0117385849336745
261_IOPS_id_2_WebService_tr_2178_1st_2278.csv,IOPS,FITS,IOPS,0.097906725345047,0.0929611708911408,0.0979654386748662,0.0924079843352495,0.0049455544539062,-5.871332981921551e-05,0.0054987410097974,0.0005531865558912,0.1,0.1,0.1,8784,6,CDU-protocol-fast-v1,0.3475944887013721
262_IOPS_id_3_WebService_tr_7028_1st_7128.csv,IOPS,FITS,IOPS,0.1789482131720608,0.156210492951902,0.1733302849670724,0.155391997360278,0.0227377202201587,0.0056179282049883,0.0235562158117828,0.000818495591624,0.1,0.1,0.1,125135,2704,CDU-protocol-fast-v1,0.0871935256375343
263_IOPS_id_4_WebService_tr_3482_1st_3582.csv,IOPS,FITS,IOPS,0.1157782507106415,0.1117566293448858,0.1153694443196338,0.1113049643787078,0.0040216213657557,0.0004088063910076,0.0044732863319337,0.000451664966178,0.1,0.1,0.1,149123,790,CDU-protocol-fast-v1,0.2618081989626055
264_IOPS_id_5_WebService_tr_11665_1st_11765.csv,IOPS,FITS,IOPS,0.1534184746192168,0.1631623585719787,0.1532196745069519,0.162913345161286,-0.0097438839527619,0.0001988001122648,-0.0094948705420692,0.0002490134106926,0.1,0.1,0.1,60000,901,CDU-protocol-fast-v1,0.0681735807095606
266_IOPS_id_7_WebService_tr_4010_1st_4110.csv,IOPS,FITS,IOPS,0.1585090970453211,0.1445908611305169,0.1585575474481312,0.1448154504632534,0.0139182359148042,-4.845040281017954e-05,0.0136936465820676,-0.0002245893327365,0.1,0.1,0.1,89155,1456,CDU-protocol-fast-v1,0.0198522289723643
267_IOPS_id_8_WebService_tr_1534_1st_1882.csv,IOPS,FITS,IOPS,0.1287022791406064,0.1255397389426583,0.1273262855030104,0.1238669073535114,0.003162540197948,0.0013759936375959,0.0048353717870949,0.0016728315891468,0.1,0.1,0.1,6138,53,CDU-protocol-fast-v1,0.2909335543776746
268_IOPS_id_9_WebService_tr_6216_1st_6316.csv,IOPS,FITS,IOPS,0.2809736274044396,0.244889539856972,0.2727904100662496,0.2438212626386753,0.0360840875474675,0.0081832173381899,0.0371523647657643,0.0010682772182967,0.1,0.1,0.1,29133,1397,CDU-protocol-fast-v1,0.1362462433382593
269_IOPS_id_10_WebService_tr_1216_1st_1728.csv,IOPS,FITS,IOPS,0.1342603379941231,0.1153162438858632,0.1324851683588196,0.1153650869271086,0.0189440941082598,0.0017751696353034,0.0188952510670144,-4.884304124547212e-05,0.1,0.1,0.1,4866,49,CDU-protocol-fast-v1,0.0449122397861314
271_IOPS_id_12_WebService_tr_500_1st_341.csv,IOPS,FITS,IOPS,0.1464053911806096,0.1525055190611706,0.1463021790022507,0.1525155368666782,-0.0061001278805609,0.0001032121783588,-0.0061101456860686,-1.0017805507661626e-05,0.1,0.1,0.1,8784,116,CDU-protocol-fast-v1,0.2479202577641428
272_IOPS_id_13_WebService_tr_3442_1st_3542.csv,IOPS,FITS,IOPS,0.1116972028972023,0.1090794746046213,0.1116850222746149,0.1086621989555767,0.002617728292581,1.2180622587398826e-05,0.0030350039416255,0.0004172756490445,0.1,0.1,0.1,149156,633,CDU-protocol-fast-v1,0.207201545269966
273_IOPS_id_14_WebService_tr_5569_1st_5669.csv,IOPS,FITS,IOPS,0.115025230957413,0.1161877990007938,0.1153565389554145,0.1156105937011309,-0.0011625680433808,-0.0003313079980015,-0.0005853627437179,0.0005772052996628,0.1,0.1,0.1,149122,761,CDU-protocol-fast-v1,0.072787721118123
274_IOPS_id_15_WebService_tr_4591_1st_4691.csv,IOPS,FITS,IOPS,0.2712546201996806,0.2337061163941324,0.2645671008652819,0.2331564249027159,0.0375485038055481,0.0066875193343986,0.0380981952969647,0.0005496914914165,0.1,0.1,0.1,149132,6777,CDU-protocol-fast-v1,0.2012787127953039
275_IOPS_id_16_WebService_tr_1482_1st_1582.csv,IOPS,FITS,IOPS,0.1265650278842431,0.1315398594882176,0.1269391183376838,0.1312337580796246,-0.0049748316039744,-0.0003740904534407,-0.0046687301953815,0.0003061014085929,0.1,0.1,0.1,8784,71,CDU-protocol-fast-v1,0.1209580861433563
276_IOPS_id_17_WebService_tr_19197_1st_19297.csv,IOPS,FITS,IOPS,0.2044485280550822,0.2008358287702317,0.2006245645122349,0.199307579544734,0.0036126992848505,0.0038239635428472,0.0051409485103482,0.0015282492254977,0.1,0.1,0.1,91370,2576,CDU-protocol-fast-v1,0.1201306598337681
277_NEK_id_1_WebService_tr_500_1st_17.csv,NEK,FITS,NEK,0.4143751117544829,0.3169886044543096,0.3872936315439837,0.3119520115348426,0.0973865073001732,0.0270814802104991,0.1024231002196402,0.0050365929194669,0.1,0.1,0.1,1073,88,CDU-protocol-fast-v1,0.8957008119333862
278_NEK_id_2_WebService_tr_500_1st_64.csv,NEK,FITS,NEK,0.329735165526574,0.3158793864036325,0.3255291158281334,0.3164381638341623,0.0138557791229415,0.0042060496984406,0.0132970016924117,-0.0005587774305297,0.1,0.1,0.1,1073,65,CDU-protocol-fast-v1,0.1531495671635246
279_NEK_id_3_WebService_tr_500_1st_974.csv,NEK,FITS,NEK,0.4254151047407318,0.3412269868998816,0.4005253474059957,0.3374901141635969,0.0841881178408501,0.024889757334736,0.0879249905771348,0.0037368727362847,0.1,0.1,0.1,1073,91,CDU-protocol-fast-v1,0.6346524253536843
281_NEK_id_5_WebService_tr_500_1st_974.csv,NEK,FITS,NEK,0.4143751117544828,0.339140602898704,0.3895531438214829,0.3346766000562015,0.0752345088557788,0.0248219679329999,0.0796985116982813,0.0044640028425025,0.1,0.1,0.1,1073,88,CDU-protocol-fast-v1,0.6251038461310526
282_NEK_id_6_WebService_tr_500_1st_64.csv,NEK,FITS,NEK,0.3223751702024081,0.3029530015469098,0.3175986344027917,0.3033031780232075,0.0194221686554982,0.0047765357996163,0.0190719921792005,-0.0003501764762977,0.1,0.1,0.1,1073,63,CDU-protocol-fast-v1,0.1685989231094933
283_NEK_id_7_WebService_tr_500_1st_777.csv,NEK,FITS,NEK,0.5321350369411385,0.4443764273923862,0.5022217922489598,0.43956583869177,0.0877586095487523,0.0299132446921787,0.0925691982493684,0.0048105887006161,0.1,0.1,0.1,1073,120,CDU-protocol-fast-v1,0.6461514347116174
284_NEK_id_8_WebService_tr_500_1st_976.csv,NEK,FITS,NEK,0.4180551094165658,0.3351338221072413,0.3947621265841701,0.3313788456929225,0.0829212873093245,0.0232929828323957,0.0866762637236432,0.0037549764143187,0.1,0.1,0.1,1073,89,CDU-protocol-fast-v1,0.4879915098774884
285_NEK_id_9_WebService_tr_500_1st_780.csv,NEK,FITS,NEK,0.4879750649961427,0.3957686584433449,0.4602492583240836,0.3912923606504159,0.0922064065527977,0.027725806672059,0.0966827043457267,0.004476297792929,0.1,0.1,0.1,1073,108,CDU-protocol-fast-v1,0.6422402222164934
286_CATSv2_id_1_Sensor_tr_17792_1st_17892.csv,CATSv2,FITS,CATSv2,0.2858020924202719,0.297887201276486,0.2813667145646165,0.2959726571934067,-0.0120851088562141,0.0044353778556553,-0.0101705647731348,0.0019145440830792,0.1,0.1,0.1,300000,14800,CDU-protocol-fast-v1,0.2507393372428061
287_TODS_id_1_Synthetic_tr_500_1st_11.csv,TODS,FITS,TODS,0.2968561285603248,0.2632115387714191,0.2995733146980553,0.2637468851069361,0.0336445897889056,-0.0027171861377305,0.0331092434533886,-0.0005353463355169,0.1,0.1,0.1,5000,261,CDU-protocol-fast-v1,0.8214750456059874
288_TODS_id_2_Synthetic_tr_500_1st_65.csv,TODS,FITS,TODS,0.3573222301852886,0.3817251963674657,0.3481803901277063,0.3774727358438963,-0.0244029661821771,0.0091418400575822,-0.0201505056586077,0.0042524605235693,0.1,0.1,0.1,5000,338,CDU-protocol-fast-v1,0.7325606858295486
289_TODS_id_3_Synthetic_tr_500_1st_26.csv,TODS,FITS,TODS,0.2685862628655366,0.2766149033540605,0.2697451156366352,0.2759343688636227,-0.0080286404885239,-0.0011588527710986,-0.0073481059980861,0.0006805344904377,0.1,0.1,0.1,5000,225,CDU-protocol-fast-v1,0.6496220443747908
290_TODS_id_4_Synthetic_tr_500_1st_26.csv,TODS,FITS,TODS,0.4287821684693367,0.4898865076333286,0.4194085993075179,0.4836629191894279,-0.0611043391639918,0.0093735691618187,-0.0548807507200911,0.0062235884439006,0.1,0.1,0.1,5000,429,CDU-protocol-fast-v1,0.7006626373240836
292_TODS_id_6_Synthetic_tr_500_1st_11.csv,TODS,FITS,TODS,0.2968561285603248,0.2798892010110749,0.299005802458266,0.2801161204032147,0.0169669275492498,-0.0021496738979412,0.01674000815711,-0.0002269193921398,0.1,0.1,0.1,5000,261,CDU-protocol-fast-v1,0.8042904048170655
293_TODS_id_7_Synthetic_tr_500_1st_7.csv,TODS,FITS,TODS,0.2890033880895503,0.3003444009916962,0.2914239375865236,0.3000043005679953,-0.0113410129021458,-0.0024205494969732,-0.011000912478445,0.0003401004237008,0.1,0.1,0.1,5000,251,CDU-protocol-fast-v1,0.3185155062364663
294_TODS_id_8_Synthetic_tr_500_1st_200.csv,TODS,FITS,TODS,0.4923893662826101,0.5751491892771025,0.4948851795986522,0.5725631489681619,-0.0827598229944923,-0.002495813316042,-0.0801737826855517,0.0025860403089406,0.1,0.1,0.1,5000,510,CDU-protocol-fast-v1,0.321573547325864
295_TODS_id_9_Synthetic_tr_1250_1st_2046.csv,TODS,FITS,TODS,0.3981564806333161,0.3837574069007844,0.3908892972760286,0.379983487400575,0.0143990737325316,0.0072671833572874,0.018172993232741,0.0037739195002093,0.1,0.1,0.1,5000,390,CDU-protocol-fast-v1,0.5476936218763246
296_TODS_id_10_Synthetic_tr_500_1st_26.csv,TODS,FITS,TODS,0.2520955078769101,0.2388564062663503,0.2547931892758335,0.23920857785303,0.0132391016105598,-0.0026976813989234,0.01288693002388,-0.0003521715866797,0.1,0.1,0.1,5000,204,CDU-protocol-fast-v1,0.7233022693162484
297_TODS_id_11_Synthetic_tr_500_1st_7.csv,TODS,FITS,TODS,0.2890033880895503,0.2366447118720453,0.2886329638889912,0.2373908025113563,0.0523586762175049,0.000370424200559,0.0516125855781939,-0.000746090639311,0.1,0.1,0.1,5000,251,CDU-protocol-fast-v1,0.4696190593330845
298_TODS_id_12_Synthetic_tr_500_1st_0.csv,TODS,FITS,TODS,0.3463283935262043,0.3565012412689944,0.3412039803188604,0.3541506031217457,-0.01017284774279,0.0051244132073438,-0.0078222095955414,0.0023506381472486,0.1,0.1,0.1,5000,324,CDU-protocol-fast-v1,0.6032544680225296
299_TODS_id_13_Synthetic_tr_500_1st_65.csv,TODS,FITS,TODS,0.302353046889867,0.2899726326073493,0.3099032045198246,0.2919491069387613,0.0123804142825177,-0.0075501576299575,0.0104039399511056,-0.001976474331412,0.1,0.1,0.1,5000,268,CDU-protocol-fast-v1,0.6507184605982538
301_TODS_id_15_Synthetic_tr_500_1st_245.csv,TODS,FITS,TODS,0.4138619615748651,0.4705356245807724,0.4160488681384999,0.468559608131562,-0.0566736630059073,-0.0021869065636347,-0.0546976465566969,0.0019760164492104,0.1,0.1,0.1,5000,410,CDU-protocol-fast-v1,0.4478234406123071
302_Power_id_1_Facility_tr_7685_1st_7785.csv,Power,FITS,Power,0.4286798769583611,0.5020106680322937,0.4360533468552185,0.501566792975073,-0.0733307910739325,-0.0073734698968574,-0.0728869160167119,0.0004438750572206,0.1,0.1,0.1,35040,3000,CDU-protocol-fast-v1,0.0796761625348344
304_UCR_id_2_Medical_tr_2499_1st_7000.csv,UCR,FITS,UCR,0.1152252656406595,0.1110899096162959,0.1159070171794064,0.1118402141341926,0.0041353560243636,-0.0006817515387469,0.0033850515064668,-0.0007503045178967,0.1,0.1,0.1,9998,50,CDU-protocol-fast-v1,0.00524147157531
307_UCR_id_5_Facility_tr_29895_1st_39240.csv,UCR,FITS,UCR,0.0990086732006021,0.0966392657136543,0.0992515744128042,0.0964788961313162,0.0023694074869477,-0.0002429012122021,0.0025297770692858,0.000160369582338,0.1,0.1,0.1,119580,96,CDU-protocol-fast-v1,0.0012847017485713
309_UCR_id_7_Medical_tr_3000_1st_5948.csv,UCR,FITS,UCR,0.1103929549020575,0.1109068424328983,0.1101141022261423,0.1097501491858009,-0.0005138875308408,0.0002788526759151,0.0006428057162565,0.0011566932470973,0.1,0.1,0.1,12000,45,CDU-protocol-fast-v1,0.0149326934829673
310_UCR_id_8_HumanActivity_tr_2631_1st_8285.csv,UCR,FITS,UCR,0.1069188953942699,0.1127515648017287,0.1072052441880461,0.1134613763900456,-0.0058326694074588,-0.0002863487937762,-0.0065424809957757,-0.0007098115883168,0.1,0.1,0.1,10524,30,CDU-protocol-fast-v1,0.003786642153088
311_UCR_id_9_HumanActivity_tr_16000_1st_38400.csv,UCR,FITS,UCR,0.1441920853589638,0.1515141701194055,0.1434920962319736,0.1509826209485409,-0.0073220847604416,0.0006999891269901,-0.0067905355895771,0.0005315491708645,0.1,0.1,0.1,64000,800,CDU-protocol-fast-v1,0.0233291882863459
313_UCR_id_11_Sensor_tr_2827_1st_4711.csv,UCR,FITS,UCR,0.1293839363336781,0.134219822392986,0.1308270651452643,0.1333073878800142,-0.0048358860593079,-0.0014431288115862,-0.0039234515463361,0.0009124345129717,0.1,0.1,0.1,11308,98,CDU-protocol-fast-v1,0.0102159546200455
315_UCR_id_13_HumanActivity_tr_16000_1st_33070.csv,UCR,FITS,UCR,0.1025467281888471,0.0990009677212396,0.1024908740943498,0.0990165053562907,0.0035457604676074,5.585409449727907e-05,0.0035302228325563,-1.5537635051118825e-05,0.1,0.1,0.1,64000,110,CDU-protocol-fast-v1,0.0070187070864143
316_UCR_id_14_Sensor_tr_2833_1st_5988.csv,UCR,FITS,UCR,0.1289663307076008,0.1296935736331781,0.1273944972988708,0.1279378475789847,-0.0007272429255772,0.0015718334087299,0.0010284831286161,0.0017557260541934,0.1,0.1,0.1,11334,97,CDU-protocol-fast-v1,0.0287848344610754
319_UCR_id_17_Environment_tr_6166_1st_19280.csv,UCR,FITS,UCR,0.1209630007443481,0.1116901804703351,0.1206616130854478,0.1124512071071392,0.0092728202740129,0.0003013876589002,0.0085117936372088,-0.0007610266368041,0.1,0.1,0.1,24667,160,CDU-protocol-fast-v1,0.0133883817633289
326_UCR_id_24_Medical_tr_1875_1st_4187.csv,UCR,FITS,UCR,0.1020872017589439,0.1001795176066661,0.1026271497095265,0.0993492829159077,0.0019076841522777,-0.0005399479505826,0.0027379188430361,0.0008302346907583,0.1,0.1,0.1,7501,12,CDU-protocol-fast-v1,0.0730413048724659
331_UCR_id_29_Facility_tr_50000_1st_837400.csv,UCR,FITS,UCR,0.1032039335032869,0.1004711037257508,0.1033915137201464,0.1006624357860478,0.002732829777536,-0.0001875802168595,0.002541497717239,-0.000191332060297,0.1,0.1,0.1,900000,1700,CDU-protocol-fast-v1,0.0018672685123579
332_UCR_id_30_Facility_tr_13750_1st_52600.csv,UCR,FITS,UCR,0.1099540051558639,0.1076224595435888,0.11049506496376,0.1071677480141946,0.002331545612275,-0.0005410598078961,0.0027862571416692,0.0004547115293941,0.1,0.1,0.1,55000,200,CDU-protocol-fast-v1,0.0044400671183233
334_UCR_id_32_HumanActivity_tr_1671_1st_2764.csv,UCR,FITS,UCR,0.2294050764826851,0.2760111658598515,0.2373423974047367,0.2757537611523405,-0.0466060893771664,-0.0079373209220516,-0.0463486846696554,0.000257404707511,0.1,0.1,0.1,6684,231,CDU-protocol-fast-v1,0.0273637883854553
339_UCR_id_37_Sensor_tr_2750_1st_5400.csv,UCR,FITS,UCR,0.1661395726686433,0.1666742000209456,0.166569118552092,0.167367178810769,-0.0005346273523023,-0.0004295458834487,-0.0012276061421257,-0.0006929787898234,0.1,0.1,0.1,11000,200,CDU-protocol-fast-v1,0.0540198552108665
341_UCR_id_39_HumanActivity_tr_48812_1st_128430.csv,UCR,FITS,UCR,0.0959273969282017,0.1009726138436852,0.0961240883065174,0.1002949992238492,-0.0050452169154835,-0.0001966913783157,-0.0043676022956475,0.0006776146198359,0.1,0.1,0.1,195250,1,CDU-protocol-fast-v1,0.0004576458622384
344_UCR_id_42_Sensor_tr_2851_1st_5365.csv,UCR,FITS,UCR,0.100987515653397,0.0994930978175845,0.1007853362820434,0.0984340050382635,0.0014944178358125,0.0002021793713535,0.0025535106151335,0.001059092779321,0.1,0.1,0.1,11406,15,CDU-protocol-fast-v1,0.0054791801695485
346_UCR_id_44_Medical_tr_7456_1st_17390.csv,UCR,FITS,UCR,0.1127438806164159,0.1171284058470091,0.1127960726093396,0.1157680329584231,-0.0043845252305932,-5.2191992923708574e-05,-0.0030241523420072,0.0013603728885859,0.1,0.1,0.1,29826,130,CDU-protocol-fast-v1,0.0056981431449687
349_UCR_id_47_Facility_tr_29954_1st_74900.csv,UCR,FITS,UCR,0.0990024875929641,0.0976882223381206,0.0992053372490912,0.0974904221897326,0.0013142652548434,-0.0002028496561271,0.0015120654032314,0.0001978001483879,0.1,0.1,0.1,119819,96,CDU-protocol-fast-v1,0.0017923306757463
355_UCR_id_53_HumanActivity_tr_48750_1st_143411.csv,UCR,FITS,UCR,0.0978885146963888,0.1027793260202971,0.0979123946012529,0.1018217154712779,-0.0048908113239082,-2.387990486416025e-05,-0.0039332007748891,0.0009576105490191,0.1,0.1,0.1,195000,100,CDU-protocol-fast-v1,0.0670219471437786
358_UCR_id_56_Facility_tr_10500_1st_29080.csv,UCR,FITS,UCR,0.1014258386583884,0.0986108272087863,0.1013991347638334,0.0981255013181484,0.002815011449602,2.670389455493305e-05,0.0033003373402399,0.0004853258906378,0.1,0.1,0.1,42000,60,CDU-protocol-fast-v1,0.0075962558747836
361_UCR_id_59_Medical_tr_3000_1st_7175.csv,UCR,FITS,UCR,0.1644715636331076,0.1970000379943486,0.1654735146126657,0.1954465914624567,-0.0325284743612409,-0.0010019509795581,-0.030975027829349,0.0015534465318919,0.1,0.1,0.1,12000,213,CDU-protocol-fast-v1,0.0544184227264892
364_UCR_id_62_Sensor_tr_2833_1st_5988.csv,UCR,FITS,UCR,0.1289663307076008,0.13297061898198,0.1281495733478771,0.1315722028620714,-0.0040042882743792,0.0008167573597236,-0.0026058721544706,0.0013984161199085,0.1,0.1,0.1,11334,97,CDU-protocol-fast-v1,0.0202245929954749
369_UCR_id_67_Sensor_tr_2750_1st_5400.csv,UCR,FITS,UCR,0.1661395726686433,0.166349141931808,0.166682414155997,0.1668607130935349,-0.0002095692631647,-0.0005428414873537,-0.0007211404248916,-0.0005115711617269,0.1,0.1,0.1,11000,200,CDU-protocol-fast-v1,0.0430407042248676
371_UCR_id_69_Medical_tr_1853_1st_6200.csv,UCR,FITS,UCR,0.1844671305137593,0.2065679232548847,0.1828585402764921,0.2043561060762209,-0.0221007927411254,0.0016085902372671,-0.0198889755624616,0.0022118171786637,0.1,0.1,0.1,7415,170,CDU-protocol-fast-v1,0.0743854568540521
373_UCR_id_71_Sensor_tr_2827_1st_5988.csv,UCR,FITS,UCR,0.1290423412004535,0.1230449017027189,0.1291563519518522,0.12221965920223,0.0059974394977345,-0.0001140107513987,0.0068226819982234,0.0008252425004888,0.1,0.1,0.1,11308,97,CDU-protocol-fast-v1,0.0117598575497993
381_UCR_id_79_HumanActivity_tr_16000_1st_31200.csv,UCR,FITS,UCR,0.1351387468437211,0.1361784592362256,0.1355249843258157,0.1357309295299506,-0.0010397123925044,-0.0003862374820946,-0.0005921826862295,0.0004475297062749,0.1,0.1,0.1,64000,650,CDU-protocol-fast-v1,0.0119657966811737
382_UCR_id_80_Medical_tr_7500_1st_11800.csv,UCR,FITS,UCR,0.1345351909427048,0.1248570381131004,0.1329810952443084,0.1245319036007728,0.0096781528296044,0.0015540956983963,0.0100032873419319,0.0003251345123275,0.1,0.1,0.1,30000,300,CDU-protocol-fast-v1,0.0400612341186869
385_UCR_id_83_Environment_tr_2046_1st_6006.csv,UCR,FITS,UCR,0.1185630840489511,0.1210456169044645,0.1182951160371097,0.1208483324710044,-0.0024825328555133,0.0002679680118413,-0.0022852484220533,0.00019728443346,0.1,0.1,0.1,8184,48,CDU-protocol-fast-v1,0.0364358200017356
387_UCR_id_85_Environment_tr_2046_1st_5549.csv,UCR,FITS,UCR,0.118563084048951,0.1143698838539108,0.1189417631068149,0.114391752419945,0.0041932001950402,-0.0003786790578639,0.004171331629006,-2.1868566034199954e-05,0.1,0.1,0.1,8184,48,CDU-protocol-fast-v1,0.0081970359845436
391_UCR_id_89_Medical_tr_1875_1st_5759.csv,UCR,FITS,UCR,0.1783131122964121,0.1816617179863321,0.1784882301457136,0.1809471272933282,-0.0033486056899199,-0.0001751178493014,-0.0026340149969161,0.0007145906930038,0.1,0.1,0.1,7500,160,CDU-protocol-fast-v1,0.0314453090148034
393_UCR_id_91_Environment_tr_2046_1st_4852.csv,UCR,FITS,UCR,0.1185630840489511,0.1237082154513768,0.1181011498913937,0.1232560875300518,-0.0051451314024256,0.0004619341575573,-0.0046930034811007,0.0004521279213249,0.1,0.1,0.1,8184,48,CDU-protocol-fast-v1,0.0182920436876117
396_UCR_id_94_Medical_tr_1875_1st_5607.csv,UCR,FITS,UCR,0.1098116873605375,0.1064036109495425,0.1095688857555,0.1046866434538581,0.0034080764109949,0.0002428016050374,0.0051250439066793,0.0017169674956843,0.1,0.1,0.1,7501,27,CDU-protocol-fast-v1,0.2261783463287496
400_UCR_id_98_Environment_tr_2046_1st_5391.csv,UCR,FITS,UCR,0.0963796022520707,0.0955401527676991,0.0965833813090439,0.0952623301331496,0.0008394494843716,-0.0002037790569731,0.001117272118921,0.0002778226345494,0.1,0.1,0.1,8184,1,CDU-protocol-fast-v1,0.0005849639352119
401_UCR_id_99_HumanActivity_tr_1671_1st_5920.csv,UCR,FITS,UCR,0.1300043679490801,0.1193934825873274,0.1276595995290956,0.1186586870298938,0.0106108853617526,0.0023447684199844,0.0113456809191862,0.0007347955574335,0.1,0.1,0.1,6684,59,CDU-protocol-fast-v1,0.1967008091598142
405_UCR_id_103_Sensor_tr_2827_1st_5988.csv,UCR,FITS,UCR,0.1290423412004535,0.1247824993521574,0.1295523387093766,0.1238241897118368,0.004259841848296,-0.0005099975089231,0.0052181514886166,0.0009583096403205,0.1,0.1,0.1,11308,97,CDU-protocol-fast-v1,0.0113964138906633
406_UCR_id_104_Facility_tr_20000_1st_67950.csv,UCR,FITS,UCR,0.1079787312979927,0.1094411026475816,0.1072711679774242,0.1091168698557195,-0.0014623713495889,0.0007075633205684,-0.0011381385577268,0.000324232791862,0.1,0.1,0.1,80000,250,CDU-protocol-fast-v1,0.0092306755573712
411_UCR_id_109_Environment_tr_2046_1st_4852.csv,UCR,FITS,UCR,0.1185630840489511,0.1240104231602162,0.1180472946654104,0.1234273906863857,-0.005447339111265,0.0005157893835407,-0.0048643066374346,0.0005830324738304,0.1,0.1,0.1,8184,48,CDU-protocol-fast-v1,0.0204785390189532
415_UCR_id_113_Medical_tr_3000_1st_8612.csv,UCR,FITS,UCR,0.1293848472540334,0.1267073059284675,0.128196331473755,0.1253973969715215,0.0026775413255659,0.0011885157802783,0.0039874502825118,0.0013099089569459,0.1,0.1,0.1,12000,104,CDU-protocol-fast-v1,0.1323380018121851
417_UCR_id_115_Sensor_tr_2750_1st_5400.csv,UCR,FITS,UCR,0.1661395726686433,0.1608358609505415,0.1666121678186507,0.161551893345444,0.0053037117181017,-0.0004725951500074,0.0045876793231992,-0.0007160323949025,0.1,0.1,0.1,11000,200,CDU-protocol-fast-v1,0.0468132537181528
419_UCR_id_117_Facility_tr_3000_1st_6168.csv,UCR,FITS,UCR,0.1100710584215155,0.1124714480144066,0.1103788944445369,0.1115919033368266,-0.0024003895928911,-0.0003078360230214,-0.0015208449153111,0.0008795446775799,0.1,0.1,0.1,12000,44,CDU-protocol-fast-v1,0.0172313864243361
420_UCR_id_118_Facility_tr_13750_1st_52600.csv,UCR,FITS,UCR,0.1099540051558639,0.0972937176125173,0.1088008150680129,0.0958502890519153,0.0126602875433465,0.001153190087851,0.0141037161039485,0.0014434285606019,0.1,0.1,0.1,55000,200,CDU-protocol-fast-v1,0.0371074968307087
421_UCR_id_119_HumanActivity_tr_48750_1st_130700.csv,UCR,FITS,UCR,0.1192822500185625,0.1254996965721977,0.1192964160988251,0.1245245596012915,-0.0062174465536351,-1.4166080262653646e-05,-0.005242309582729,0.0009751369709061,0.1,0.1,0.1,195000,1180,CDU-protocol-fast-v1,0.0098972908050667
426_UCR_id_124_Sensor_tr_2827_1st_4711.csv,UCR,FITS,UCR,0.1293839363336781,0.1321180934816139,0.1306660589603453,0.1316681188103329,-0.0027341571479358,-0.0012821226266672,-0.0022841824766548,0.0004499746712809,0.1,0.1,0.1,11308,98,CDU-protocol-fast-v1,0.0100114133469978
430_UCR_id_128_HumanActivity_tr_12500_1st_46500.csv,UCR,FITS,UCR,0.1190841598766905,0.1121757640096573,0.1197385891419164,0.1119958204313705,0.0069083958670332,-0.0006544292652259,0.0070883394453199,0.0001799435782867,0.1,0.1,0.1,50000,300,CDU-protocol-fast-v1,0.0074198806942008
432_UCR_id_130_Facility_tr_23000_1st_26970.csv,UCR,FITS,UCR,0.1085035625162677,0.1028047953014382,0.1086977842471039,0.1025315659952339,0.0056987672148294,-0.0001942217308362,0.0059719965210337,0.0002732293062042,0.1,0.1,0.1,92000,300,CDU-protocol-fast-v1,0.005170961976916
436_UCR_id_134_Medical_tr_1875_1st_4526.csv,UCR,FITS,UCR,0.1113565844808563,0.1104582342207061,0.1117945147735285,0.1086277711646937,0.0008983502601501,-0.0004379302926722,0.0027288133161625,0.0018304630560123,0.1,0.1,0.1,7501,30,CDU-protocol-fast-v1,0.0247711486715734
437_UCR_id_135_Medical_tr_2499_1st_8000.csv,UCR,FITS,UCR,0.1055664394591643,0.1078479284693596,0.1055173889177685,0.1079055154258025,-0.0022814890101953,4.9050541395756486e-05,-0.0023390759666382,-5.758695644297873e-05,0.1,0.1,0.1,9998,25,CDU-protocol-fast-v1,0.0125785069563199
439_UCR_id_137_HumanActivity_tr_48750_1st_110800.csv,UCR,FITS,UCR,0.0959274222918562,0.1013864875275362,0.0961263251857964,0.1005127609438452,-0.00545906523568,-0.0001989028939402,-0.004585338651989,0.0008737265836909,0.1,0.1,0.1,195000,1,CDU-protocol-fast-v1,0.1111449055547166
445_UCR_id_143_Environment_tr_6166_1st_19280.csv,UCR,FITS,UCR,0.1209630007443481,0.1093531037103283,0.1207417434400179,0.1098262280041956,0.0116098970340197,0.0002212573043301,0.0111367727401524,-0.0004731242938673,0.1,0.1,0.1,24667,160,CDU-protocol-fast-v1,0.0136117283599882
449_UCR_id_147_Sensor_tr_2847_1st_9330.csv,UCR,FITS,UCR,0.0992995677617782,0.0966774425345316,0.0998167835971051,0.0958874292870664,0.0026221252272465,-0.0005172158353269,0.0034121384747117,0.0007900132474651,0.1,0.1,0.1,11388,10,CDU-protocol-fast-v1,0.0037297153239937
452_UCR_id_150_Facility_tr_10000_1st_35774.csv,UCR,FITS,UCR,0.105564507693928,0.101140679958303,0.1050223862778502,0.1002023149721631,0.0044238277356249,0.0005421214160777,0.0053621927217648,0.0009383649861398,0.1,0.1,0.1,40000,100,CDU-protocol-fast-v1,0.0191059565463693
459_UCR_id_157_HumanActivity_tr_50000_1st_110260.csv,UCR,FITS,UCR,0.0988433091802118,0.1179875297797118,0.0993434323237083,0.1199153471666484,-0.0191442205995,-0.0005001231434965,-0.0210720379864366,-0.0019278173869366,0.1,0.1,0.1,200000,152,CDU-protocol-fast-v1,0.0006615723862251
463_UCR_id_161_Environment_tr_2046_1st_6006.csv,UCR,FITS,UCR,0.1185630840489511,0.1196583708489805,0.1182167161297438,0.1194086730039134,-0.0010952868000293,0.0003463679192072,-0.0008455889549623,0.000249697845067,0.1,0.1,0.1,8184,48,CDU-protocol-fast-v1,0.0371984724211163
467_UCR_id_165_Environment_tr_6166_1st_19280.csv,UCR,FITS,UCR,0.1209630007443481,0.1116393572166555,0.1210098656471823,0.1116986884409599,0.0093236435276926,-4.6864902834231614e-05,0.0092643123033881,-5.933122430443194e-05,0.1,0.1,0.1,24667,160,CDU-protocol-fast-v1,0.013366108839558
471_UCR_id_169_Facility_tr_10000_1st_35774.csv,UCR,FITS,UCR,0.105564507693928,0.1043751544922921,0.1059550007538053,0.1043333629937431,0.0011893532016359,-0.0003904930598773,0.0012311447001848,4.179149854890985e-05,0.1,0.1,0.1,40000,100,CDU-protocol-fast-v1,0.0037490223748278
473_UCR_id_171_HumanActivity_tr_2617_1st_7290.csv,UCR,FITS,UCR,0.0981216509734105,0.1009039544452113,0.0981998300649172,0.1016358064103706,-0.0027823034718008,-7.817909150677205e-05,-0.0035141554369601,-0.0007318519651593,0.1,0.1,0.1,10468,6,CDU-protocol-fast-v1,0.0024378826117875
474_UCR_id_172_Environment_tr_2046_1st_6520.csv,UCR,FITS,UCR,0.10723534866331,0.1103791402818818,0.1077029005322967,0.1099701080231203,-0.0031437916185717,-0.0004675518689867,-0.0027347593598103,0.0004090322587614,0.1,0.1,0.1,8184,24,CDU-protocol-fast-v1,0.003934681309574
493_UCR_id_191_Sensor_tr_2847_1st_9330.csv,UCR,FITS,UCR,0.0992995677617782,0.0951077209347968,0.0999600372624491,0.0942301180836506,0.0041918468269813,-0.0006604695006709,0.0050694496781275,0.0008776028511461,0.1,0.1,0.1,11388,10,CDU-protocol-fast-v1,0.0092342486241535
494_UCR_id_192_Facility_tr_22500_1st_72150.csv,UCR,FITS,UCR,0.1107148513825994,0.1176258723324208,0.1109094964565453,0.1179035636167964,-0.0069110209498214,-0.0001946450739459,-0.007188712234197,-0.0002776912843756,0.1,0.1,0.1,90000,345,CDU-protocol-fast-v1,0.0049567680495009
495_UCR_id_193_Environment_tr_2046_1st_6520.csv,UCR,FITS,UCR,0.10723534866331,0.109465303789644,0.1077269040702418,0.1090888641388097,-0.002229955126334,-0.0004915554069318,-0.0018535154754997,0.0003764396508342,0.1,0.1,0.1,8184,24,CDU-protocol-fast-v1,0.0037429801185519
496_UCR_id_194_Environment_tr_2046_1st_5391.csv,UCR,FITS,UCR,0.0963796022520707,0.0954090603423968,0.0965837478372823,0.0950798347533864,0.0009705419096739,-0.0002041455852116,0.0012997674986842,0.0003292255890103,0.1,0.1,0.1,8184,1,CDU-protocol-fast-v1,0.0005207587071194
499_UCR_id_197_Environment_tr_2046_1st_5703.csv,UCR,FITS,UCR,0.10723534866331,0.1103768919333269,0.107035793757537,0.1098636275802433,-0.0031415432700169,0.0001995549057729,-0.0026282789169333,0.0005132643530835,0.1,0.1,0.1,8184,24,CDU-protocol-fast-v1,0.0104179877808289
500_UCR_id_198_Facility_tr_7482_1st_23357.csv,UCR,FITS,UCR,0.1423675643632088,0.1708549424138867,0.1443290335618562,0.1702768512565607,-0.0284873780506779,-0.0019614691986473,-0.0279092868933519,0.0005780911573259,0.1,0.1,0.1,29931,360,CDU-protocol-fast-v1,0.0112071201914632
504_UCR_id_202_Environment_tr_2046_1st_5549.csv,UCR,FITS,UCR,0.118563084048951,0.1144266189270847,0.1187492458549598,0.114378009010722,0.0041364651218663,-0.0001861618060088,0.0041850750382289,4.860991636260192e-05,0.1,0.1,0.1,8184,48,CDU-protocol-fast-v1,0.0089003502425201
506_UCR_id_204_Environment_tr_2046_1st_5549.csv,UCR,FITS,UCR,0.118563084048951,0.1137205390491078,0.1188174159779088,0.1138314275759244,0.0048425449998431,-0.0002543319289578,0.0047316564730265,-0.0001108885268166,0.1,0.1,0.1,8184,48,CDU-protocol-fast-v1,0.0083373718702302
516_UCR_id_214_HumanActivity_tr_2108_1st_4702.csv,UCR,FITS,UCR,0.0981981480063832,0.1015336485251135,0.0982535923428441,0.102179771843455,-0.0033355005187303,-5.544433646093028e-05,-0.0039816238370718,-0.0006461233183415,0.1,0.1,0.1,8432,5,CDU-protocol-fast-v1,0.0053098356120268
517_UCR_id_215_Facility_tr_7482_1st_24005.csv,UCR,FITS,UCR,0.105199603494777,0.1094371610742333,0.1048345293012824,0.1089778851854828,-0.0042375575794563,0.0003650741934945,-0.0037782816907058,0.0004592758887504,0.1,0.1,0.1,29931,72,CDU-protocol-fast-v1,0.0373466172733859
525_UCR_id_223_Facility_tr_50000_1st_250720.csv,UCR,FITS,UCR,0.1042827843915398,0.1054694677639835,0.104405719318352,0.1048911219066098,-0.0011866833724436,-0.0001229349268122,-0.00060833751507,0.0005783458573736,0.1,0.1,0.1,299790,650,CDU-protocol-fast-v1,0.0029474598124835
526_UCR_id_224_Sensor_tr_2827_1st_4711.csv,UCR,FITS,UCR,0.1293839363336781,0.1379882863957977,0.1318643972891224,0.1376507352721608,-0.0086043500621195,-0.0024804609554443,-0.0082667989384827,0.0003375511236368,0.1,0.1,0.1,11308,98,CDU-protocol-fast-v1,0.0084940582070991
530_UCR_id_228_HumanActivity_tr_16250_1st_38500.csv,UCR,FITS,UCR,0.1137357260461471,0.1075878731359734,0.1138022278433638,0.1074268955496462,0.0061478529101736,-6.65017972167753e-05,0.0063088304965008,0.0001609775863272,0.1,0.1,0.1,65000,300,CDU-protocol-fast-v1,0.0058691631152487
531_SMAP_id_1_Sensor_tr_1811_1st_4510.csv,SMAP,FITS,SMAP,0.1377220089982345,0.135305076146723,0.1346192585298171,0.1333968474668489,0.0024169328515115,0.0031027504684173,0.0043251615313855,0.001908228679874,0.1,0.1,0.1,7244,81,CDU-protocol-fast-v1,0.030646624523319
532_SMAP_id_2_Sensor_tr_2075_1st_5550.csv,SMAP,FITS,SMAP,0.2586579717482491,0.2427579628868421,0.2580086541274425,0.2431294720097215,0.015900008861407,0.0006493176208066,0.0155284997385275,-0.0003715091228794,0.1,0.1,0.1,8302,351,CDU-protocol-fast-v1,0.1666744525792732
533_SMAP_id_3_Sensor_tr_2052_1st_5300.csv,SMAP,FITS,SMAP,0.6253025617499648,0.4043252835730163,0.5655100478097111,0.3928663125054847,0.2209772781769485,0.0597925139402536,0.2324362492444801,0.0114589710675315,0.1,0.1,0.1,8209,1121,CDU-protocol-fast-v1,0.9904281032764732
534_SMAP_id_4_Sensor_tr_1968_1st_4370.csv,SMAP,FITS,SMAP,0.1194258253104484,0.1202021127281363,0.116855913528574,0.1181682268483028,-0.0007762874176878,0.0025699117818743,0.0012575984621455,0.0020338858798334,0.1,0.1,0.1,7874,51,CDU-protocol-fast-v1,0.0190623137379252
536_SMAP_id_6_Sensor_tr_2160_1st_5600.csv,SMAP,FITS,SMAP,0.1396981700018532,0.12668589887794,0.1340072658587152,0.1252221730572942,0.0130122711239132,0.0056909041431379,0.0144759969445589,0.0014637258206457,0.1,0.1,0.1,8640,101,CDU-protocol-fast-v1,0.959037563198449
537_SMAP_id_7_Sensor_tr_2077_1st_5394.csv,SMAP,FITS,SMAP,0.2257407489654368,0.1726738543664138,0.2134121678556397,0.1706897315215642,0.053066894599023,0.012328581109797,0.0550510174438726,0.0019841228448496,0.1,0.1,0.1,8310,281,CDU-protocol-fast-v1,0.7589227609149346
538_SMAP_id_8_Sensor_tr_2007_1st_3650.csv,SMAP,FITS,SMAP,0.2240464097040339,0.1881823626861062,0.2076190900155954,0.1841361939558842,0.0358640470179277,0.0164273196884384,0.0399102157481496,0.0040461687302219,0.1,0.1,0.1,8029,268,CDU-protocol-fast-v1,0.4613543502320085
539_SMAP_id_9_Sensor_tr_1857_1st_4270.csv,SMAP,FITS,SMAP,0.1261608779249332,0.1196230614268964,0.1220505117723667,0.1193851531633108,0.0065378164980367,0.0041103661525664,0.0067757247616223,0.0002379082635855,0.1,0.1,0.1,7431,61,CDU-protocol-fast-v1,0.9114036111765988
540_SMAP_id_10_Sensor_tr_2051_1st_4575.csv,SMAP,FITS,SMAP,0.182396117271583,0.1848312881502736,0.1842082944028076,0.1860356883545962,-0.0024351708786906,-0.0018121771312246,-0.0036395710830132,-0.0012044002043226,0.1,0.1,0.1,8205,186,CDU-protocol-fast-v1,0.0354936698101069
541_SMAP_id_11_Sensor_tr_1832_1st_5300.csv,SMAP,FITS,SMAP,0.3318923522564446,0.3198631523368086,0.3375842519924948,0.3228205602852278,0.0120291999196359,-0.0056918997360502,0.0090717919712167,-0.0029574079484191,0.1,0.1,0.1,7331,448,CDU-protocol-fast-v1,0.0920621324141816
542_SMAP_id_12_Sensor_tr_1908_1st_4690.csv,SMAP,FITS,SMAP,0.1100333486114171,0.1130300243989219,0.1096799318145472,0.1132594019734779,-0.0029966757875048,0.0003534167968698,-0.0032260533620608,-0.000229377574556,0.1,0.1,0.1,7632,31,CDU-protocol-fast-v1,0.4689559461743637
544_SMAP_id_14_Sensor_tr_1978_1st_4450.csv,SMAP,FITS,SMAP,0.1487826190130445,0.1730303253664884,0.1514455063091903,0.1732687569962147,-0.0242477063534439,-0.0026628872961458,-0.0244861379831702,-0.0002384316297263,0.1,0.1,0.1,7914,111,CDU-protocol-fast-v1,0.0245695113268136
545_SMAP_id_15_Sensor_tr_1173_1st_2750.csv,SMAP,FITS,SMAP,0.1364992500618687,0.1211535084048017,0.1311913163909403,0.1198551244308309,0.0153457416570669,0.0053079336709283,0.0166441256310377,0.0012983839739707,0.1,0.1,0.1,4693,51,CDU-protocol-fast-v1,0.6746344987844967
546_SMAP_id_16_Sensor_tr_2117_1st_4770.csv,SMAP,FITS,SMAP,0.1498000626397371,0.1614007173179638,0.1517741038021353,0.1613530027167069,-0.0116006546782266,-0.0019740411623982,-0.0115529400769698,4.771460125688187e-05,0.1,0.1,0.1,8469,121,CDU-protocol-fast-v1,0.0204921801003375
547_SMAP_id_17_Sensor_tr_2133_1st_5400.csv,SMAP,FITS,SMAP,0.3782053894169124,0.3274853848874426,0.381710682186533,0.3286389080327588,0.0507200045294697,-0.0035052927696205,0.0495664813841535,-0.0011535231453161,0.1,0.1,0.1,8532,623,CDU-protocol-fast-v1,0.0864846497044663
548_SMAP_id_18_Sensor_tr_2094_1st_5600.csv,SMAP,FITS,SMAP,0.1132732088639916,0.1077337556223167,0.111178758325162,0.10678530334019,0.0055394532416749,0.0020944505388295,0.0064879055238015,0.0009484522821266,0.1,0.1,0.1,8376,41,CDU-protocol-fast-v1,0.7329636337217611
549_SMAP_id_19_Sensor_tr_1998_1st_2098.csv,SMAP,FITS,SMAP,0.1776462153288513,0.1683522664057888,0.1762108978282621,0.1691969145939353,0.0092939489230625,0.0014353175005892,0.0084493007349159,-0.0008446481881465,0.1,0.1,0.1,8579,184,CDU-protocol-fast-v1,0.236423730077239
550_SWaT_id_1_Sensor_tr_43700_1st_43800.csv,SWaT,FITS,SWaT,0.5695013226659786,0.8095299149614791,0.6280034787306418,0.8276242573336836,-0.2400285922955004,-0.0585021560646631,-0.258122934667705,-0.0180943423722045,0.1,0.1,0.1,419919,50653,CDU-protocol-fast-v1,0.1034433878245905
551_YAHOO_id_1_Synthetic_tr_500_1st_893.csv,YAHOO,FITS,YAHOO,0.0983326645536459,0.0955986661182077,0.0987673855281829,0.094575610799682,0.0027339984354381,-0.000434720974537,0.0037570537539638,0.0010230553185256,0.1,0.1,0.1,1421,1,CDU-protocol-fast-v1,0.164283999525631
552_YAHOO_id_2_Synthetic_tr_500_1st_893.csv,YAHOO,FITS,YAHOO,0.0983326645536459,0.0955913527988841,0.0985222881792351,0.0951161654897014,0.0027413117547617,-0.0001896236255892,0.0032164990639444,0.0004751873091826,0.1,0.1,0.1,1421,1,CDU-protocol-fast-v1,0.1216074261238765
555_YAHOO_id_5_WebService_tr_500_1st_730.csv,YAHOO,FITS,YAHOO,0.1048191137585639,0.0979295190684634,0.1044687580658429,0.0987737137309996,0.0068895946901005,0.000350355692721,0.0060454000275642,-0.0008441946625362,0.1,0.1,0.1,1680,4,CDU-protocol-fast-v1,0.1101709958678785
558_YAHOO_id_8_WebService_tr_500_1st_1125.csv,YAHOO,FITS,YAHOO,0.3124225835287523,0.411183101721512,0.3223423831376058,0.412068511602482,-0.0987605181927597,-0.0099197996088535,-0.0996459280737297,-0.00088540988097,0.1,0.1,0.1,1427,80,CDU-protocol-fast-v1,0.0578669597173901
562_YAHOO_id_12_Synthetic_tr_500_1st_893.csv,YAHOO,FITS,YAHOO,0.0983326645536459,0.0924456409963272,0.0983088936159049,0.0927159249196963,0.0058870235573186,2.377093774094674e-05,0.0056167396339495,-0.0002702839233691,0.1,0.1,0.1,1421,1,CDU-protocol-fast-v1,0.3631066726858186
570_YAHOO_id_20_Synthetic_tr_500_1st_658.csv,YAHOO,FITS,YAHOO,0.1064974257906056,0.1008862420452337,0.1067360401289791,0.0991288332213435,0.0056111837453718,-0.0002386143383734,0.007368592569262,0.0017574088238901,0.1,0.1,0.1,1421,4,CDU-protocol-fast-v1,0.4012882247491244
571_YAHOO_id_21_Synthetic_tr_500_1st_623.csv,YAHOO,FITS,YAHOO,0.1201053611855383,0.1057482784774065,0.1201279795120991,0.1060093585927228,0.0143570827081317,-2.261832656086371e-05,0.0140960025928154,-0.0002610801153163,0.1,0.1,0.1,1421,9,CDU-protocol-fast-v1,0.2257831312220686
579_YAHOO_id_29_WebService_tr_500_1st_1342.csv,YAHOO,FITS,YAHOO,0.0979130865456355,0.0914970985013801,0.0981702886831323,0.0927399075008325,0.0064159880442554,-0.0002572021374968,0.0051731790448029,-0.0012428089994524,0.1,0.1,0.1,1680,1,CDU-protocol-fast-v1,0.1930860054736404
603_YAHOO_id_53_Synthetic_tr_500_1st_893.csv,YAHOO,FITS,YAHOO,0.0983326645536459,0.0976889505675179,0.0983175168318676,0.0978756376982942,0.0006437139861279,1.5147721778269174e-05,0.0004570268553516,-0.0001866871307763,0.1,0.1,0.1,1421,1,CDU-protocol-fast-v1,0.2880906708337121
644_YAHOO_id_94_WebService_tr_500_1st_1078.csv,YAHOO,FITS,YAHOO,0.2977387032189041,0.3796034061455574,0.3019072365889518,0.3773913803325704,-0.0818647029266532,-0.0041685333700476,-0.0796526771136663,0.0022120258129869,0.1,0.1,0.1,1435,75,CDU-protocol-fast-v1,0.0555722228079547
645_YAHOO_id_95_WebService_tr_500_1st_1047.csv,YAHOO,FITS,YAHOO,0.0979130865456355,0.0897913580715925,0.0983530310532102,0.09083181263532,0.008121728474043,-0.0004399445075747,0.0070812739103154,-0.0010404545637275,0.1,0.1,0.1,1680,1,CDU-protocol-fast-v1,0.0090495554064825
649_YAHOO_id_99_WebService_tr_500_1st_1386.csv,YAHOO,FITS,YAHOO,0.0979130865456355,0.0937424040205588,0.0979393829050369,0.0955231764282677,0.0041706825250766,-2.6296359401448144e-05,0.0023899101173677,-0.0017807724077089,0.1,0.1,0.1,1680,1,CDU-protocol-fast-v1,0.3984641449717603
657_YAHOO_id_107_WebService_tr_500_1st_1260.csv,YAHOO,FITS,YAHOO,0.0982967547241315,0.0967903479376156,0.0989083299962962,0.096420970819336,0.0015064067865159,-0.0006115752721647,0.0018757839047954,0.0003693771182795,0.1,0.1,0.1,1440,1,CDU-protocol-fast-v1,0.4010805071883759
658_YAHOO_id_108_Synthetic_tr_500_1st_893.csv,YAHOO,FITS,YAHOO,0.0983326645536459,0.0880665487412777,0.0988738016892178,0.0878443452299321,0.0102661158123681,-0.0005411371355719,0.0104883193237137,0.0002222035113455,0.1,0.1,0.1,1421,1,CDU-protocol-fast-v1,0.3873942764997632
672_YAHOO_id_122_WebService_tr_500_1st_857.csv,YAHOO,FITS,YAHOO,0.0979130865456355,0.0983346713932742,0.0982661852641138,0.09970724090643,-0.0004215848476386,-0.0003530987184783,-0.0017941543607945,-0.0013725695131558,0.1,0.1,0.1,1680,1,CDU-protocol-fast-v1,0.0023957708113034
680_YAHOO_id_130_Synthetic_tr_500_1st_893.csv,YAHOO,FITS,YAHOO,0.0983326645536459,0.1001830517148691,0.0989042865637495,0.0980115671993303,-0.0018503871612232,-0.0005716220101036,0.0003210973543155,0.0021714845155387,0.1,0.1,0.1,1421,1,CDU-protocol-fast-v1,0.2380939007063768
689_YAHOO_id_139_WebService_tr_500_1st_1073.csv,YAHOO,FITS,YAHOO,0.0979130865456355,0.0957656139326319,0.0979323836152418,0.0968700144059939,0.0021474726130036,-1.9297069606349915e-05,0.0010430721396415,-0.001104400473362,0.1,0.1,0.1,1680,1,CDU-protocol-fast-v1,0.0151511824619024
693_YAHOO_id_143_WebService_tr_500_1st_1003.csv,YAHOO,FITS,YAHOO,0.1010313651260117,0.0918877607419639,0.101165666390749,0.0930915078357722,0.0091436043840477,-0.0001343012647373,0.0079398572902394,-0.0012037470938083,0.1,0.1,0.1,1427,2,CDU-protocol-fast-v1,0.0333138761896607
701_YAHOO_id_151_Synthetic_tr_500_1st_893.csv,YAHOO,FITS,YAHOO,0.0983326645536459,0.0909503657521677,0.0986304546151708,0.0906754959342797,0.0073822988014781,-0.0002977900615249,0.0076571686193661,0.0002748698178879,0.1,0.1,0.1,1421,1,CDU-protocol-fast-v1,0.3546828631679249
723_YAHOO_id_173_WebService_tr_500_1st_1214.csv,YAHOO,FITS,YAHOO,0.1010580848538705,0.1031989026030144,0.1011806507470665,0.1029632512230186,-0.0021408177491439,-0.000122565893196,-0.0019051663691481,0.0002356513799957,0.1,0.1,0.1,1420,2,CDU-protocol-fast-v1,0.2362470778215132
724_YAHOO_id_174_WebService_tr_500_1st_1030.csv,YAHOO,FITS,YAHOO,0.10712112282954,0.0964034489434117,0.107248485675295,0.0969882566646688,0.0107176738861283,-0.000127362845755,0.0101328661648711,-0.0005848077212571,0.1,0.1,0.1,1680,5,CDU-protocol-fast-v1,0.0781852222855763
734_YAHOO_id_184_WebService_tr_500_1st_768.csv,YAHOO,FITS,YAHOO,0.7121097988984328,0.4845239900791141,0.6755589734217773,0.4812373025375321,0.2275858088193187,0.0365508254766555,0.2308724963609006,0.0032866875415819,0.1,0.1,0.1,1424,227,CDU-protocol-fast-v1,0.3632528912544338
741_YAHOO_id_191_WebService_tr_500_1st_1114.csv,YAHOO,FITS,YAHOO,0.1002150956166116,0.0898240997735813,0.1006528297958345,0.0913206838985097,0.0103909958430302,-0.0004377341792229,0.0088944117181018,-0.0014965841249284,0.1,0.1,0.1,1680,2,CDU-protocol-fast-v1,0.0107969056045172
755_YAHOO_id_205_Synthetic_tr_500_1st_893.csv,YAHOO,FITS,YAHOO,0.0983326645536459,0.0962903378989297,0.0981989821387116,0.0963129368226329,0.0020423266547161,0.0001336824149342,0.0020197277310129,-2.259892370327921e-05,0.1,0.1,0.1,1421,1,CDU-protocol-fast-v1,0.3630092316626824
762_YAHOO_id_212_WebService_tr_500_1st_1055.csv,YAHOO,FITS,YAHOO,0.1002150956166116,0.1099210290942436,0.1003021719227182,0.1119512857797171,-0.009705933477632,-8.707630610664541e-05,-0.0117361901631055,-0.0020302566854735,0.1,0.1,0.1,1680,2,CDU-protocol-fast-v1,0.0036193811952882
780_YAHOO_id_230_Synthetic_tr_500_1st_893.csv,YAHOO,FITS,YAHOO,0.0983326645536459,0.0934989980731053,0.0985084877282261,0.0932986864188441,0.0048336664805405,-0.0001758231745802,0.0050339781348017,0.0002003116542611,0.1,0.1,0.1,1421,1,CDU-protocol-fast-v1,0.2903990268266904
788_YAHOO_id_238_WebService_tr_500_1st_973.csv,YAHOO,FITS,YAHOO,0.0979130865456355,0.0966041045957172,0.0980822047726921,0.097541044869956,0.0013089819499183,-0.0001691182270566,0.0003720416756794,-0.0009369402742388,0.1,0.1,0.1,1680,1,CDU-protocol-fast-v1,0.0025629451796509
797_YAHOO_id_247_Synthetic_tr_500_1st_893.csv,YAHOO,FITS,YAHOO,0.0983326645536459,0.0948550639554532,0.0986701473165855,0.0942290891684437,0.0034776005981926,-0.0003374827629396,0.0041035753852021,0.0006259747870094,0.1,0.1,0.1,1421,1,CDU-protocol-fast-v1,0.3074757244409351
806_YAHOO_id_256_Synthetic_tr_500_1st_893.csv,YAHOO,FITS,YAHOO,0.0983326645536459,0.1071664767249786,0.0989405306237968,0.1045851524851816,-0.0088338121713327,-0.0006078660701509,-0.0062524879315357,0.0025813242397969,0.1,0.1,0.1,1421,1,CDU-protocol-fast-v1,0.2092230604334326
807_YAHOO_id_257_WebService_tr_500_1st_1210.csv,YAHOO,FITS,YAHOO,0.1417805852464838,0.1301972019891372,0.1399896609163116,0.1321562278521605,0.0115833832573465,0.0017909243301721,0.0096243573943232,-0.0019590258630233,0.1,0.1,0.1,1424,17,CDU-protocol-fast-v1,0.1304032181531247
810_Exathlon_id_1_Facility_tr_10766_1st_12590.csv,Exathlon,FITS,Exathlon,0.5910589381462512,0.6594060583860757,0.5905299218402285,0.6590929790785783,-0.0683471202398244,0.0005290163060227,-0.0680340409323271,0.0003130793074973,0.1,0.1,0.1,43066,5437,CDU-protocol-fast-v1,0.1407977819639637
811_Exathlon_id_2_Facility_tr_10766_1st_12590.csv,Exathlon,FITS,Exathlon,0.5910589381462512,0.515289659163302,0.5584254181409228,0.5096924186010078,0.0757692789829491,0.0326335200053283,0.0813665195452434,0.0055972405622942,0.1,0.1,0.1,43066,5437,CDU-protocol-fast-v1,0.6901994382163963
812_Exathlon_id_3_Facility_tr_10766_1st_12590.csv,Exathlon,FITS,Exathlon,0.5910589381462512,0.3949622386184044,0.5512314896298253,0.3881526517947609,0.1960966995278468,0.0398274485164259,0.2029062863514902,0.0068095868236434,0.1,0.1,0.1,43066,5437,CDU-protocol-fast-v1,0.8645418604450608
814_Exathlon_id_5_Facility_tr_10766_1st_12590.csv,Exathlon,FITS,Exathlon,0.5910589381462512,0.515289659163302,0.5584254181409228,0.5096924186010078,0.0757692789829491,0.0326335200053283,0.0813665195452434,0.0055972405622942,0.1,0.1,0.1,43066,5437,CDU-protocol-fast-v1,0.6901994382163963
815_Exathlon_id_6_Facility_tr_10766_1st_12590.csv,Exathlon,FITS,Exathlon,0.5910589381462512,0.3949622386184044,0.5512314896298253,0.3881526517947609,0.1960966995278468,0.0398274485164259,0.2029062863514902,0.0068095868236434,0.1,0.1,0.1,43066,5437,CDU-protocol-fast-v1,0.8645418604450608
816_Exathlon_id_7_Facility_tr_10766_1st_12590.csv,Exathlon,FITS,Exathlon,0.5910589381462512,0.447824080505201,0.5603447907800903,0.4430541483851376,0.1432348576410502,0.0307141473661609,0.1480047897611136,0.0047699321200633,0.1,0.1,0.1,43066,5437,CDU-protocol-fast-v1,0.4929455898428744
817_Exathlon_id_8_Facility_tr_10766_1st_12590.csv,Exathlon,FITS,Exathlon,0.5910589381462512,0.5907887612902277,0.5797912165077883,0.5900327030618219,0.0002701768560234,0.0112677216384629,0.0010262350844293,0.0007560582284058,0.1,0.1,0.1,43066,5437,CDU-protocol-fast-v1,0.2316886251820009
818_Exathlon_id_9_Facility_tr_11665_1st_13484.csv,Exathlon,FITS,Exathlon,0.3383966554327336,0.2336089939081875,0.3168082894839027,0.2298142256994721,0.1047876615245461,0.0215883659488309,0.1085824297332615,0.0037947682087154,0.1,0.1,0.1,46660,2928,CDU-protocol-fast-v1,0.9092741987044752
819_Exathlon_id_10_Facility_tr_10766_1st_12590.csv,Exathlon,FITS,Exathlon,0.5910589381462512,0.4387458545297075,0.5569776019851989,0.4329700777547719,0.1523130836165437,0.0340813361610523,0.1580888603914793,0.0057757767749355,0.1,0.1,0.1,43066,5437,CDU-protocol-fast-v1,0.6937550885290725
820_Exathlon_id_11_Facility_tr_11665_1st_13484.csv,Exathlon,FITS,Exathlon,0.3383966554327336,0.2856122646634518,0.3210681147342355,0.2824926584566677,0.0527843907692818,0.017328540698498,0.0559039969760659,0.003119606206784,0.1,0.1,0.1,46660,2928,CDU-protocol-fast-v1,0.5538515101268814
821_Exathlon_id_12_Facility_tr_6985_1st_7085.csv,Exathlon,FITS,Exathlon,0.5029142696878764,0.4050369672810656,0.4890094645061131,0.4042070205499755,0.0978773024068108,0.0139048051817633,0.0987072491379009,0.00082994673109,0.1,0.1,0.1,46649,4856,CDU-protocol-fast-v1,0.3115075346329742
822_Exathlon_id_13_Facility_tr_10766_1st_12590.csv,Exathlon,FITS,Exathlon,0.5910589381462512,0.5907887612902277,0.5797912165077883,0.5900327030618219,0.0002701768560234,0.0112677216384629,0.0010262350844293,0.0007560582284058,0.1,0.1,0.1,43066,5437,CDU-protocol-fast-v1,0.2316886251820009
823_Exathlon_id_14_Facility_tr_10766_1st_12590.csv,Exathlon,FITS,Exathlon,0.5910589381462512,0.4417425956896094,0.549874995142209,0.4337852387803327,0.1493163424566418,0.0411839430040421,0.1572736993659184,0.0079573569092766,0.1,0.1,0.1,43066,5437,CDU-protocol-fast-v1,0.9300497101570347
824_Exathlon_id_15_Facility_tr_10766_1st_12590.csv,Exathlon,FITS,Exathlon,0.5910589381462512,0.4367697206179154,0.5657096396173706,0.4339819628534446,0.1542892175283358,0.0253492985288805,0.1570769752928066,0.0027877577644708,0.1,0.1,0.1,43066,5437,CDU-protocol-fast-v1,0.4842818004550182
826_Exathlon_id_17_Facility_tr_11665_1st_13484.csv,Exathlon,FITS,Exathlon,0.3383966554327336,0.2856122646634518,0.3210681147342355,0.2824926584566677,0.0527843907692818,0.017328540698498,0.0559039969760659,0.003119606206784,0.1,0.1,0.1,46660,2928,CDU-protocol-fast-v1,0.5538515101268814
827_Exathlon_id_18_Facility_tr_10766_1st_12590.csv,Exathlon,FITS,Exathlon,0.5910589381462512,0.4367697206179154,0.5657096396173706,0.4339819628534446,0.1542892175283358,0.0253492985288805,0.1570769752928066,0.0027877577644708,0.1,0.1,0.1,43066,5437,CDU-protocol-fast-v1,0.4842818004550182
828_Exathlon_id_19_Facility_tr_11663_1st_13482.csv,Exathlon,FITS,Exathlon,0.3401291997647747,0.3021399170343675,0.3272700876446431,0.300365100887229,0.0379892827304071,0.0128591121201315,0.0397640988775456,0.0017748161471384,0.1,0.1,0.1,46655,2948,CDU-protocol-fast-v1,0.3273138390040532
829_Exathlon_id_20_Facility_tr_10766_1st_12590.csv,Exathlon,FITS,Exathlon,0.5910589381462512,0.447824080505201,0.5603447907800903,0.4430541483851376,0.1432348576410502,0.0307141473661609,0.1480047897611136,0.0047699321200633,0.1,0.1,0.1,43066,5437,CDU-protocol-fast-v1,0.4929455898428744
830_Exathlon_id_21_Facility_tr_10766_1st_12590.csv,Exathlon,FITS,Exathlon,0.5910589381462512,0.5471087903381027,0.567072453499862,0.5433692840109855,0.0439501478081485,0.0239864846463891,0.0476896541352657,0.0037395063271171,0.1,0.1,0.1,43066,5437,CDU-protocol-fast-v1,0.5167139452318404
831_Exathlon_id_22_Facility_tr_11665_1st_13484.csv,Exathlon,FITS,Exathlon,0.3383966554327336,0.2856122646634518,0.3210681147342355,0.2824926584566677,0.0527843907692818,0.017328540698498,0.0559039969760659,0.003119606206784,0.1,0.1,0.1,46660,2928,CDU-protocol-fast-v1,0.5538515101268814
832_Exathlon_id_23_Facility_tr_10766_1st_12590.csv,Exathlon,FITS,Exathlon,0.5910589381462512,0.447824080505201,0.5603447907800903,0.4430541483851376,0.1432348576410502,0.0307141473661609,0.1480047897611136,0.0047699321200633,0.1,0.1,0.1,43066,5437,CDU-protocol-fast-v1,0.4929455898428744
833_Exathlon_id_24_Facility_tr_10766_1st_12590.csv,Exathlon,FITS,Exathlon,0.5910589381462512,0.3949622386184044,0.5512314896298253,0.3881526517947609,0.1960966995278468,0.0398274485164259,0.2029062863514902,0.0068095868236434,0.1,0.1,0.1,43066,5437,CDU-protocol-fast-v1,0.8645418604450608
834_Exathlon_id_25_Facility_tr_11665_1st_13484.csv,Exathlon,FITS,Exathlon,0.3383966554327336,0.2856122646634518,0.3210681147342355,0.2824926584566677,0.0527843907692818,0.017328540698498,0.0559039969760659,0.003119606206784,0.1,0.1,0.1,46660,2928,CDU-protocol-fast-v1,0.5538515101268814
835_Exathlon_id_26_Facility_tr_10766_1st_12590.csv,Exathlon,FITS,Exathlon,0.5910589381462512,0.6540245625665059,0.5832012397839202,0.653598695828057,-0.0629656244202546,0.0078576983623309,-0.0625397576818057,0.0004258667384489,0.1,0.1,0.1,43066,5437,CDU-protocol-fast-v1,0.1832369047868914
836_Exathlon_id_27_Facility_tr_10766_1st_12590.csv,Exathlon,FITS,Exathlon,0.5910589381462512,0.3949622386184044,0.5512314896298253,0.3881526517947609,0.1960966995278468,0.0398274485164259,0.2029062863514902,0.0068095868236434,0.1,0.1,0.1,43066,5437,CDU-protocol-fast-v1,0.8645418604450608
837_Exathlon_id_28_Facility_tr_8898_1st_8998.csv,Exathlon,FITS,Exathlon,0.4205924877163967,0.4659297475088861,0.4384554011263605,0.4696981585106006,-0.0453372597924894,-0.0178629134099638,-0.0491056707942039,-0.0037684110017144,0.1,0.1,0.1,46650,3891,CDU-protocol-fast-v1,0.0809527360541328
838_Exathlon_id_29_Facility_tr_10766_1st_12590.csv,Exathlon,FITS,Exathlon,0.5910589381462512,0.5907887612902277,0.5797912165077883,0.5900327030618219,0.0002701768560234,0.0112677216384629,0.0010262350844293,0.0007560582284058,0.1,0.1,0.1,43066,5437,CDU-protocol-fast-v1,0.2316886251820009
839_Exathlon_id_30_Facility_tr_10766_1st_12590.csv,Exathlon,FITS,Exathlon,0.5910589381462512,0.447824080505201,0.5603447907800903,0.4430541483851376,0.1432348576410502,0.0307141473661609,0.1480047897611136,0.0047699321200633,0.1,0.1,0.1,43066,5437,CDU-protocol-fast-v1,0.4929455898428744
840_Exathlon_id_31_Facility_tr_10766_1st_12590.csv,Exathlon,FITS,Exathlon,0.5910589381462512,0.4367697206179154,0.5657096396173706,0.4339819628534446,0.1542892175283358,0.0253492985288805,0.1570769752928066,0.0027877577644708,0.1,0.1,0.1,43066,5437,CDU-protocol-fast-v1,0.4842818004550182
841_Exathlon_id_32_Facility_tr_11663_1st_13482.csv,Exathlon,FITS,Exathlon,0.3401291997647747,0.2352715670401938,0.3188262523818534,0.2314225615481379,0.1048576327245808,0.0213029473829212,0.1087066382166367,0.0038490054920558,0.1,0.1,0.1,46655,2948,CDU-protocol-fast-v1,0.8688701637527797
842_OPPORTUNITY_id_1_HumanActivity_tr_7295_1st_27516.csv,OPPORTUNITY,FITS,OPPORTUNITY,0.1361741528429222,0.1560156124175955,0.1409747688643625,0.1576123995277595,-0.0198414595746733,-0.0048006160214403,-0.0214382466848373,-0.001596787110164,0.1,0.1,0.1,29182,330,CDU-protocol-fast-v1,0.0080081679794283
843_OPPORTUNITY_id_2_HumanActivity_tr_808_1st_908.csv,OPPORTUNITY,FITS,OPPORTUNITY,0.5871383142152801,0.7917259023505411,0.6332185292534862,0.8070228249987271,-0.204587588135261,-0.0460802150382061,-0.219884510783447,-0.015296922648186,0.1,0.1,0.1,9057,1142,CDU-protocol-fast-v1,0.1183562538172645
844_OPPORTUNITY_id_3_HumanActivity_tr_500_1st_566.csv,OPPORTUNITY,FITS,OPPORTUNITY,0.3344604207133003,0.359826741030982,0.3434747115983173,0.3651628987241653,-0.0253663203176817,-0.009014290885017,-0.030702478010865,-0.0053361576931832,0.1,0.1,0.1,15653,967,CDU-protocol-fast-v1,0.0583574346766384
845_OPPORTUNITY_id_4_HumanActivity_tr_7295_1st_27516.csv,OPPORTUNITY,FITS,OPPORTUNITY,0.1361741528429222,0.1554119769111372,0.140255317186808,0.1575102236681933,-0.019237824068215,-0.0040811643438858,-0.0213360708252711,-0.0020982467570561,0.1,0.1,0.1,29182,330,CDU-protocol-fast-v1,0.0126887886051534
846_OPPORTUNITY_id_5_HumanActivity_tr_2085_1st_2185.csv,OPPORTUNITY,FITS,OPPORTUNITY,0.2365509154601663,0.3009542656110027,0.2502344101614146,0.3058052157108001,-0.0644033501508364,-0.0136834947012483,-0.0692543002506338,-0.0048509500997974,0.1,0.1,0.1,22194,818,CDU-protocol-fast-v1,0.0287991195952594
847_OPPORTUNITY_id_6_HumanActivity_tr_808_1st_908.csv,OPPORTUNITY,FITS,OPPORTUNITY,0.5871383142152801,0.8632380219754142,0.6457922071531289,0.879556904383433,-0.2760997077601341,-0.0586538929378488,-0.2924185901681529,-0.0163188824080188,0.1,0.1,0.1,9057,1142,CDU-protocol-fast-v1,0.0735470309843805
848_OPPORTUNITY_id_7_HumanActivity_tr_1477_1st_1577.csv,OPPORTUNITY,FITS,OPPORTUNITY,0.1781275678879195,0.1663103770423931,0.1785374354918752,0.1680746275289661,0.0118171908455264,-0.0004098676039557,0.0100529403589533,-0.001764250486573,0.1,0.1,0.1,18011,396,CDU-protocol-fast-v1,0.0258357340521653
849_OPPORTUNITY_id_8_HumanActivity_tr_1100_1st_1200.csv,OPPORTUNITY,FITS,OPPORTUNITY,0.1877099177944515,0.2074945180166798,0.1911106924268657,0.2094863093138026,-0.0197846002222283,-0.0034007746324142,-0.0217763915193511,-0.0019917912971228,0.1,0.1,0.1,24892,608,CDU-protocol-fast-v1,0.0450253641902198
850_OPPORTUNITY_id_9_HumanActivity_tr_895_1st_995.csv,OPPORTUNITY,FITS,OPPORTUNITY,0.2084048165942393,0.2201727948202856,0.2115418825090564,0.2211715312963172,-0.0117679782260463,-0.0031370659148171,-0.0127667147020779,-0.0009987364760316,0.1,0.1,0.1,14751,438,CDU-protocol-fast-v1,0.0368525441474234
851_OPPORTUNITY_id_10_HumanActivity_tr_6213_1st_7311.csv,OPPORTUNITY,FITS,OPPORTUNITY,0.2296003845866163,0.3405770580164143,0.2466864966423727,0.3450572108005009,-0.110976673429798,-0.0170861120557563,-0.1154568262138846,-0.0044801527840866,0.1,0.1,0.1,24852,872,CDU-protocol-fast-v1,0.0214313883895279
853_OPPORTUNITY_id_12_HumanActivity_tr_808_1st_908.csv,OPPORTUNITY,FITS,OPPORTUNITY,0.5871383142152801,0.8985644465983316,0.6483730630449911,0.9125279928498076,-0.3114261323830515,-0.061234748829711,-0.3253896786345276,-0.0139635462514761,0.1,0.1,0.1,9057,1142,CDU-protocol-fast-v1,0.078099504789302
854_OPPORTUNITY_id_13_HumanActivity_tr_1477_1st_1577.csv,OPPORTUNITY,FITS,OPPORTUNITY,0.1781275678879195,0.177713748489127,0.1794818582931569,0.1792318069713466,0.0004138193987925,-0.0013542904052374,-0.0011042390834271,-0.0015180584822196,0.1,0.1,0.1,18011,396,CDU-protocol-fast-v1,0.0365233612507468
855_OPPORTUNITY_id_14_HumanActivity_tr_808_1st_908.csv,OPPORTUNITY,FITS,OPPORTUNITY,0.5871383142152801,0.850462249982976,0.6428755591111398,0.8637883533969679,-0.2633239357676959,-0.0557372448958597,-0.2766500391816878,-0.0133261034139918,0.1,0.1,0.1,9057,1142,CDU-protocol-fast-v1,0.077135345547579
856_OPPORTUNITY_id_15_HumanActivity_tr_808_1st_908.csv,OPPORTUNITY,FITS,OPPORTUNITY,0.5871383142152801,0.8821147358487812,0.6482254768335445,0.898063857938457,-0.2949764216335011,-0.0610871626182644,-0.3109255437231769,-0.0159491220896758,0.1,0.1,0.1,9057,1142,CDU-protocol-fast-v1,0.0742152835124913
857_OPPORTUNITY_id_16_HumanActivity_tr_500_1st_566.csv,OPPORTUNITY,FITS,OPPORTUNITY,0.3344604207133003,0.4337740256159521,0.356829865552914,0.4396515975392782,-0.0993136049026517,-0.0223694448396137,-0.1051911768259779,-0.0058775719233261,0.1,0.1,0.1,15653,967,CDU-protocol-fast-v1,0.0803224156523852
858_OPPORTUNITY_id_17_HumanActivity_tr_808_1st_908.csv,OPPORTUNITY,FITS,OPPORTUNITY,0.5871383142152801,0.924768669751845,0.6526839371023835,0.9399477029187367,-0.3376303555365649,-0.0655456228871034,-0.3528093887034568,-0.0151790331668918,0.1,0.1,0.1,9057,1142,CDU-protocol-fast-v1,0.0776157823239961
859_OPPORTUNITY_id_18_HumanActivity_tr_895_1st_995.csv,OPPORTUNITY,FITS,OPPORTUNITY,0.2084048165942393,0.231208047481942,0.2155361651547424,0.2348844658573017,-0.0228032308877026,-0.0071313485605031,-0.0264796492630624,-0.0036764183753597,0.1,0.1,0.1,14751,438,CDU-protocol-fast-v1,0.0226218844615309
860_OPPORTUNITY_id_19_HumanActivity_tr_808_1st_908.csv,OPPORTUNITY,FITS,OPPORTUNITY,0.5871383142152801,0.8533380355622447,0.6407029315134446,0.8651670950470862,-0.2661997213469647,-0.0535646172981645,-0.2780287808318061,-0.0118290594848414,0.1,0.1,0.1,9057,1142,CDU-protocol-fast-v1,0.0799687463651406
861_OPPORTUNITY_id_20_HumanActivity_tr_2085_1st_2185.csv,OPPORTUNITY,FITS,OPPORTUNITY,0.2365509154601663,0.2669523683629944,0.24271224742904,0.2696495775354353,-0.0304014529028281,-0.0061613319688737,-0.0330986620752689,-0.0026972091724408,0.1,0.1,0.1,22194,818,CDU-protocol-fast-v1,0.0329394992728281
862_OPPORTUNITY_id_21_HumanActivity_tr_500_1st_566.csv,OPPORTUNITY,FITS,OPPORTUNITY,0.3344604207133003,0.4067945500712892,0.3528199876734866,0.4119262821665049,-0.0723341293579888,-0.0183595669601863,-0.0774658614532046,-0.0051317320952157,0.1,0.1,0.1,15653,967,CDU-protocol-fast-v1,0.1218683201345184
863_OPPORTUNITY_id_22_HumanActivity_tr_808_1st_908.csv,OPPORTUNITY,FITS,OPPORTUNITY,0.5871383142152801,0.8387032793027022,0.641551670089103,0.853640346744348,-0.2515649650874221,-0.0544133558738229,-0.2665020325290679,-0.0149370674416458,0.1,0.1,0.1,9057,1142,CDU-protocol-fast-v1,0.1116767402779422
865_OPPORTUNITY_id_24_HumanActivity_tr_2085_1st_2185.csv,OPPORTUNITY,FITS,OPPORTUNITY,0.2365509154601663,0.2672391635365892,0.2450532456460357,0.2700621825972663,-0.0306882480764229,-0.0085023301858694,-0.0335112671371,-0.0028230190606771,0.1,0.1,0.1,22194,818,CDU-protocol-fast-v1,0.0326517283856523
866_OPPORTUNITY_id_25_HumanActivity_tr_6213_1st_7311.csv,OPPORTUNITY,FITS,OPPORTUNITY,0.2296003845866163,0.3173672055964974,0.2426606189679964,0.3202620822169404,-0.087766821009881,-0.01306023438138,-0.0906616976303241,-0.002894876620443,0.1,0.1,0.1,24852,872,CDU-protocol-fast-v1,0.0259913813322231
867_OPPORTUNITY_id_26_HumanActivity_tr_808_1st_908.csv,OPPORTUNITY,FITS,OPPORTUNITY,0.5871383142152801,0.9450234805858582,0.6548914565282065,0.9650968528446114,-0.3578851663705781,-0.0677531423129264,-0.3779585386293314,-0.0200733722587532,0.1,0.1,0.1,9057,1142,CDU-protocol-fast-v1,0.0759944362190235
868_OPPORTUNITY_id_27_HumanActivity_tr_2085_1st_2185.csv,OPPORTUNITY,FITS,OPPORTUNITY,0.2365509154601663,0.2875607068096743,0.2488699442679575,0.2910509189496578,-0.051009791349508,-0.0123190288077912,-0.0545000034894914,-0.0034902121399834,0.1,0.1,0.1,22194,818,CDU-protocol-fast-v1,0.0261726538644859
869_OPPORTUNITY_id_28_HumanActivity_tr_500_1st_566.csv,OPPORTUNITY,FITS,OPPORTUNITY,0.3344604207133003,0.4593897499875343,0.3620327199660971,0.4671869771649709,-0.124929329274234,-0.0275722992527968,-0.1327265564516705,-0.0077972271774365,0.1,0.1,0.1,15653,967,CDU-protocol-fast-v1,0.0826089151901745
870_OPPORTUNITY_id_29_HumanActivity_tr_1477_1st_1577.csv,OPPORTUNITY,FITS,OPPORTUNITY,0.1781275678879195,0.1837525974478287,0.1790042290486778,0.1853905897950439,-0.0056250295599092,-0.0008766611607583,-0.0072630219071243,-0.0016379923472151,0.1,0.1,0.1,18011,396,CDU-protocol-fast-v1,0.0368399010240047
001_NAB_id_1_Facility_tr_1007_1st_2014.csv,NAB,AnomalyTransformer,NAB,0.4271930261014086,0.4049530644436562,0.4276349942470333,0.4052104977732188,0.0222399616577523,-0.0004419681456246,0.0219825283281897,-0.0002574333295626,0.1,0.1,0.1,4031,343,CDU-protocol-fast-v1,0.0866954121068764
002_NAB_id_2_WebService_tr_1500_1st_4106.csv,NAB,AnomalyTransformer,NAB,0.5109811005857584,0.5019596616707005,0.5123951469981219,0.5028202400716013,0.0090214389150579,-0.0014140464123635,0.008160860514157,-0.0008605784009008,0.1,0.1,0.1,6000,637,CDU-protocol-fast-v1,0.1188396903179396
005_NAB_id_5_Traffic_tr_594_1st_1645.csv,NAB,AnomalyTransformer,NAB,0.4866326352417378,0.4225410306074325,0.4881683444911091,0.423196863767127,0.0640916046343053,-0.0015357092493713,0.0634357714746107,-0.0006558331596945,0.1,0.1,0.1,2379,238,CDU-protocol-fast-v1,0.1080582992858835
006_NAB_id_6_Traffic_tr_2579_1st_5839.csv,NAB,AnomalyTransformer,NAB,0.4857335332016683,0.5030185169729929,0.4877500486636151,0.5040883112271165,-0.0172849837713246,-0.0020165154619468,-0.0183547780254482,-0.0010697942541235,0.1,0.1,0.1,10319,1030,CDU-protocol-fast-v1,0.1346511031194005
008_NAB_id_8_Synthetic_tr_1007_1st_2734.csv,NAB,AnomalyTransformer,NAB,0.4853806728505995,0.3491487638325485,0.4853549512683665,0.3475859225966564,0.136231909018051,2.5721582233018125e-05,0.137794750253943,0.001562841235892,0.1,0.1,0.1,4031,402,CDU-protocol-fast-v1,0.1068506780340222
009_NAB_id_9_Traffic_tr_500_1st_438.csv,NAB,AnomalyTransformer,NAB,0.4862815616001811,0.4577284733710112,0.4911316588591764,0.462334897024393,0.0285530882291699,-0.0048500972589953,0.023946664575788,-0.0046064236533818,0.1,0.1,0.1,2161,216,CDU-protocol-fast-v1,0.141198518202833
010_NAB_id_10_WebService_tr_500_1st_271.csv,NAB,AnomalyTransformer,NAB,0.6772894492172364,0.6757135752540563,0.6781716068481717,0.6804562621640622,0.0015758739631801,-0.0008821576309352,-0.0031668129468257,-0.0047426869100059,0.1,0.1,0.1,1000,148,CDU-protocol-fast-v1,0.2981077126954553
011_NAB_id_11_Facility_tr_1007_1st_1526.csv,NAB,AnomalyTransformer,NAB,0.5563893265106291,0.4704058326094067,0.5565843973719009,0.4699090969788025,0.0859834939012224,-0.0001950708612717,0.0864802295318266,0.0004967356306042,0.1,0.1,0.1,4031,474,CDU-protocol-fast-v1,0.1428709029521941
013_NAB_id_13_Traffic_tr_623_1st_2084.csv,NAB,AnomalyTransformer,NAB,0.4842338922682348,0.3962528349165996,0.4826541375956904,0.3921797710820637,0.0879810573516352,0.0015797546725443,0.092054121186171,0.0040730638345358,0.1,0.1,0.1,2494,248,CDU-protocol-fast-v1,0.176948561121008
014_NAB_id_14_WebService_tr_500_1st_1045.csv,NAB,AnomalyTransformer,NAB,0.4820684243308183,0.4939130394542483,0.4836775259857827,0.4948473095932388,-0.0118446151234299,-0.0016091016549644,-0.0127788852624204,-0.0009342701389905,0.1,0.1,0.1,1537,152,CDU-protocol-fast-v1,0.1063133659210938
015_NAB_id_15_Synthetic_tr_1007_1st_2787.csv,NAB,AnomalyTransformer,NAB,0.5948523472431452,0.7760293975346706,0.5949764811789265,0.7768612375302917,-0.1811770502915254,-0.0001241339357813,-0.1820088902871465,-0.000831839995621,0.1,0.1,0.1,4031,513,CDU-protocol-fast-v1,0.1568004494721047
016_NAB_id_16_Environment_tr_1816_1st_3540.csv,NAB,AnomalyTransformer,NAB,0.4850429707481395,0.4376926895900296,0.4891561097648809,0.4415145071065093,0.0473502811581099,-0.0041131390167414,0.0435284636416301,-0.0038218175164797,0.1,0.1,0.1,7266,724,CDU-protocol-fast-v1,0.1133963375426394
017_NAB_id_17_Synthetic_tr_1007_1st_1805.csv,NAB,AnomalyTransformer,NAB,0.4853806728505994,0.5534003198707411,0.4858854098591707,0.5537498578479217,-0.0680196470201417,-0.0005047370085713,-0.0683691849973223,-0.0003495379771806,0.1,0.1,0.1,4031,402,CDU-protocol-fast-v1,0.1102492620903555
018_NAB_id_18_Facility_tr_500_1st_669.csv,NAB,AnomalyTransformer,NAB,0.4862541770224173,0.5522336731389618,0.4854640829492724,0.5493220920063723,-0.0659794961165444,0.0007900940731448,-0.0630679149839549,0.0029115811325894,0.1,0.1,0.1,1881,188,CDU-protocol-fast-v1,0.1560436089634669
019_NAB_id_19_Facility_tr_1007_1st_1171.csv,NAB,AnomalyTransformer,NAB,0.483408210248932,0.4719329833680825,0.4847810648193416,0.4739064173241674,0.0114752268808495,-0.0013728545704096,0.0095017929247646,-0.0019734339560849,0.1,0.1,0.1,4031,400,CDU-protocol-fast-v1,0.1028495817946312
020_NAB_id_20_Synthetic_tr_1007_1st_2679.csv,NAB,AnomalyTransformer,NAB,0.7013653277331897,0.8742667449843253,0.7046779210271973,0.876656292581123,-0.1729014172511356,-0.0033125932940075,-0.1752909648479332,-0.0023895475967976,0.1,0.1,0.1,4031,621,CDU-protocol-fast-v1,0.1936239184058041
022_NAB_id_22_Facility_tr_1007_1st_2980.csv,NAB,AnomalyTransformer,NAB,0.6017559663489813,0.4471628834985517,0.6042196541825648,0.4473414715456097,0.1545930828504296,-0.0024636878335835,0.1544144948033716,-0.000178588047058,0.1,0.1,0.1,4031,520,CDU-protocol-fast-v1,0.1661944254270958
023_NAB_id_23_Facility_tr_4512_1st_16551.csv,NAB,AnomalyTransformer,NAB,0.4188672974141275,0.4009310411488355,0.4192940253447437,0.4018194526382221,0.0179362562652919,-0.0004267279306162,0.0170478447759053,-0.0008884114893866,0.1,0.1,0.1,18049,1498,CDU-protocol-fast-v1,0.083859231051211
024_NAB_id_24_Synthetic_tr_1007_1st_2787.csv,NAB,AnomalyTransformer,NAB,0.5948523472431452,0.5576899651953611,0.5990764080298687,0.5604347271970543,0.0371623820477841,-0.0042240607867235,0.0344176200460908,-0.0027447620016932,0.1,0.1,0.1,4031,513,CDU-protocol-fast-v1,0.2034274611565032
025_NAB_id_25_WebService_tr_3958_1st_4614.csv,NAB,AnomalyTransformer,NAB,0.4856619904702664,0.5141484620284618,0.486888528061419,0.5153117412163597,-0.0284864715581953,-0.0012265375911525,-0.0296497507460932,-0.0011632791878979,0.1,0.1,0.1,15832,1580,CDU-protocol-fast-v1,0.1036456842835931
026_NAB_id_26_Traffic_tr_624_1st_2261.csv,NAB,AnomalyTransformer,NAB,0.4675345826450365,0.3812191677117147,0.4692134698298751,0.3799326556188703,0.0863154149333217,-0.0016788871848386,0.0876019270261662,0.0012865120928444,0.1,0.1,0.1,2499,238,CDU-protocol-fast-v1,0.1038170873981886
027_NAB_id_27_Facility_tr_757_1st_2582.csv,NAB,AnomalyTransformer,NAB,0.3512382483885998,0.2900068948565441,0.3507735731545283,0.2890453228311033,0.0612313535320557,0.0004646752340715,0.0621929255574964,0.0009615720254407,0.1,0.1,0.1,3031,200,CDU-protocol-fast-v1,0.083954064979959
028_NAB_id_28_Facility_tr_1007_1st_3447.csv,NAB,AnomalyTransformer,NAB,0.5129951492739443,0.4682624740937041,0.515795292820998,0.4707546610374151,0.0447326751802402,-0.0028001435470537,0.0422404882365291,-0.002492186943711,0.1,0.1,0.1,4031,430,CDU-protocol-fast-v1,0.1504347146941665
032_WSD_id_4_WebService_tr_4559_1st_11822.csv,WSD,AnomalyTransformer,WSD,0.1075299854438183,0.1116774515005216,0.10743349986298,0.1113341322458673,-0.0041474660567032,9.648558083828752e-05,-0.003804146802049,0.0003433192546542,0.1,0.1,0.1,10686,32,CDU-protocol-fast-v1,0.0060526371098124
039_WSD_id_11_WebService_tr_1746_1st_1846.csv,WSD,AnomalyTransformer,WSD,0.123945251401589,0.117165915369355,0.1237126435481421,0.1166124465867384,0.006779336032234,0.0002326078534468,0.0073328048148505,0.0005534687826165,0.1,0.1,0.1,18219,132,CDU-protocol-fast-v1,0.1050972675177287
040_WSD_id_12_WebService_tr_4559_1st_9714.csv,WSD,AnomalyTransformer,WSD,0.1046479863466841,0.1124326024770673,0.1046807799542376,0.1132550112146916,-0.0077846161303831,-3.279360755355232e-05,-0.0086070248680075,-0.0008224087376243,0.1,0.1,0.1,18236,41,CDU-protocol-fast-v1,0.0067681699491556
043_WSD_id_15_WebService_tr_4521_1st_6828.csv,WSD,AnomalyTransformer,WSD,0.097246602480544,0.102515453101583,0.097548197101391,0.1018420465829047,-0.005268850621039,-0.000301594620847,-0.0045954441023607,0.0006734065186782,0.1,0.1,0.1,18085,6,CDU-protocol-fast-v1,0.040913242011777
049_WSD_id_21_WebService_tr_4297_1st_7097.csv,WSD,AnomalyTransformer,WSD,0.1029301495095835,0.104141769354132,0.1024535737570252,0.1036202160469537,-0.0012116198445484,0.0004765757525583,-0.0006900665373702,0.0005215533071782,0.1,0.1,0.1,17189,31,CDU-protocol-fast-v1,0.0021626239554507
054_WSD_id_26_WebService_tr_2409_1st_2509.csv,WSD,AnomalyTransformer,WSD,0.1098244691869262,0.1131182814548376,0.1097801866413377,0.1132789623992742,-0.0032938122679113,4.4282545588497646e-05,-0.003454493212348,-0.0001606809444366,0.1,0.1,0.1,18391,66,CDU-protocol-fast-v1,0.0195828395744619
058_WSD_id_30_WebService_tr_1136_1st_1236.csv,WSD,AnomalyTransformer,WSD,0.0976595358796754,0.1041579276002816,0.097499971767969,0.1035425477175458,-0.0064983917206062,0.0001595641117063,-0.0058830118378704,0.0006153798827357,0.1,0.1,0.1,18236,8,CDU-protocol-fast-v1,0.0006187193646034
060_WSD_id_32_WebService_tr_4576_1st_4766.csv,WSD,AnomalyTransformer,WSD,0.1174846082653973,0.1171885962943928,0.1171859353897175,0.1168383049249107,0.0002960119710045,0.0002986728756797,0.0006463033404865,0.000350291369482,0.1,0.1,0.1,18305,102,CDU-protocol-fast-v1,0.0090753279260998
068_WSD_id_40_WebService_tr_4549_1st_13322.csv,WSD,AnomalyTransformer,WSD,0.1021198938700692,0.1071976929509372,0.1027686676847065,0.1090180441157763,-0.005077799080868,-0.0006487738146373,-0.0068981502457071,-0.0018203511648391,0.1,0.1,0.1,18197,29,CDU-protocol-fast-v1,0.0022090740930388
074_WSD_id_46_WebService_tr_990_1st_1090.csv,WSD,AnomalyTransformer,WSD,0.1573790216886592,0.1352386893013269,0.1570018766283263,0.1347553352604059,0.0221403323873322,0.0003771450603329,0.0226236864282532,0.0004833540409209,0.1,0.1,0.1,18236,290,CDU-protocol-fast-v1,0.0231585759989693
089_WSD_id_61_WebService_tr_1010_1st_1110.csv,WSD,AnomalyTransformer,WSD,0.1493653476999775,0.128044486996481,0.1490910474507912,0.1283861189529971,0.0213208607034965,0.0002743002491863,0.0209792287469803,-0.0003416319565161,0.1,0.1,0.1,17429,241,CDU-protocol-fast-v1,0.0768984307766599
094_WSD_id_66_WebService_tr_3309_1st_3914.csv,WSD,AnomalyTransformer,WSD,0.1061765244045372,0.1079952254932525,0.106326034211365,0.1062473515662004,-0.0018187010887152,-0.0001495098068278,-7.082716166326164e-05,0.001747873927052,0.1,0.1,0.1,13237,35,CDU-protocol-fast-v1,0.0143817100752672
099_WSD_id_71_WebService_tr_4559_1st_14411.csv,WSD,AnomalyTransformer,WSD,0.1046479863466841,0.111021903213316,0.1046985990888385,0.1110803446515448,-0.0063739168666318,-5.06127421544128e-05,-0.0064323583048607,-5.844143822887615e-05,0.1,0.1,0.1,18236,41,CDU-protocol-fast-v1,0.0067512877748996
106_WSD_id_78_WebService_tr_3363_1st_3463.csv,WSD,AnomalyTransformer,WSD,0.1427668070758227,0.1281631660111524,0.1433743324099279,0.1265213438942277,0.0146036410646702,-0.0006075253341051,0.0162454631815949,0.0016418221169246,0.1,0.1,0.1,18236,221,CDU-protocol-fast-v1,0.0252698094383052
113_WSD_id_85_WebService_tr_500_1st_335.csv,WSD,AnomalyTransformer,WSD,0.1198876437419788,0.1188265995285171,0.1194527966844777,0.1176804644922337,0.0010610442134617,0.000434847057501,0.0022071792497451,0.0011461350362833,0.1,0.1,0.1,18242,113,CDU-protocol-fast-v1,0.0323993977678065
117_WSD_id_89_WebService_tr_3251_1st_3351.csv,WSD,AnomalyTransformer,WSD,0.0966728392159828,0.1038122200571789,0.0961511314773638,0.1031454656553307,-0.0071393808411961,0.0005217077386189,-0.0064726264393479,0.0006667544018481,0.1,0.1,0.1,16376,3,CDU-protocol-fast-v1,0.0003317222917552
125_WSD_id_97_WebService_tr_2217_1st_2317.csv,WSD,AnomalyTransformer,WSD,0.1302459870741442,0.1302520570592606,0.129733160889371,0.129745044803366,-6.069985116402554e-06,0.0005128261847731,0.0005009422707782,0.0005070122558946,0.1,0.1,0.1,18250,162,CDU-protocol-fast-v1,0.0156075975443757
130_WSD_id_102_WebService_tr_2362_1st_2462.csv,WSD,AnomalyTransformer,WSD,0.1372607551927249,0.1338780040566449,0.1358641178863961,0.133536643530606,0.0033827511360799,0.0013966373063287,0.0037241116621188,0.0003413605260388,0.1,0.1,0.1,18236,195,CDU-protocol-fast-v1,0.0156142818961415
137_WSD_id_109_WebService_tr_4559_1st_14404.csv,WSD,AnomalyTransformer,WSD,0.108459868419598,0.1147442587137088,0.1083696615120578,0.1143106076321222,-0.0062843902941108,9.02069075401496e-05,-0.0058507392125242,0.0004336510815865,0.1,0.1,0.1,18236,59,CDU-protocol-fast-v1,0.0045118269312563
139_WSD_id_111_WebService_tr_1701_1st_1801.csv,WSD,AnomalyTransformer,WSD,0.1142441227835626,0.1124211147084028,0.1138158991012037,0.1119324007032557,0.0018230080751597,0.0004282236823588,0.0023117220803068,0.000488714005147,0.1,0.1,0.1,18381,87,CDU-protocol-fast-v1,0.036105516259566
140_MSL_id_1_Sensor_tr_530_1st_630.csv,MSL,AnomalyTransformer,MSL,0.2873686381761706,0.3059045243505106,0.2878507070344583,0.3061697355431602,-0.0185358861743399,-0.0004820688582877,-0.0188010973669895,-0.0002652111926496,0.1,0.1,0.1,2430,121,CDU-protocol-fast-v1,0.0793711661657013
141_MSL_id_2_Sensor_tr_500_1st_550.csv,MSL,AnomalyTransformer,MSL,0.6332567791885708,0.6388590499559477,0.6298909343072963,0.6350134155765589,-0.0056022707673768,0.0033658448812745,-0.001756636387988,0.0038456343793887,0.1,0.1,0.1,2264,312,CDU-protocol-fast-v1,0.2234315322813251
143_MSL_id_4_Sensor_tr_980_1st_3550.csv,MSL,AnomalyTransformer,MSL,0.2429866472843507,0.1940817129302176,0.2419408464073081,0.1928485554313493,0.0489049343541331,0.0010458008770425,0.0501380918530013,0.0012331574988682,0.1,0.1,0.1,3922,151,CDU-protocol-fast-v1,0.1057032961571398
144_MSL_id_5_Sensor_tr_1525_1st_4590.csv,MSL,AnomalyTransformer,MSL,0.1760790536021126,0.169985411306579,0.1755915025576847,0.169688022204559,0.0060936422955336,0.0004875510444278,0.0063910313975535,0.0002973891020199,0.1,0.1,0.1,6100,131,CDU-protocol-fast-v1,0.0376589663168298
145_MSL_id_6_Sensor_tr_530_1st_630.csv,MSL,AnomalyTransformer,MSL,0.2873686381761706,0.2761726888593286,0.287263896724277,0.276409414970853,0.0111959493168419,0.0001047414518935,0.0109592232053175,-0.0002367261115244,0.1,0.1,0.1,2430,121,CDU-protocol-fast-v1,0.1112789187283239
147_MSL_id_8_Sensor_tr_590_1st_690.csv,MSL,AnomalyTransformer,MSL,0.4992263389006856,0.3907201765619901,0.4994647672370872,0.3906930673903023,0.1085061623386954,-0.0002384283364016,0.1085332715103832,2.7109171687744738e-05,0.1,0.1,0.1,2430,252,CDU-protocol-fast-v1,0.147513744771613
148_MSL_id_9_Sensor_tr_883_1st_1238.csv,MSL,AnomalyTransformer,MSL,0.3451521701195715,0.2882097530028368,0.3481184771616656,0.2912812843016071,0.0569424171167347,-0.0029663070420941,0.0538708858179643,-0.0030715312987703,0.1,0.1,0.1,3535,228,CDU-protocol-fast-v1,0.1101489935917831
149_Stock_id_1_Finance_tr_500_1st_7.csv,Stock,AnomalyTransformer,Stock,0.2842191306939363,0.2454306815710683,0.2839921150787468,0.2461664633876539,0.0387884491228679,0.0002270156151895,0.0380526673062823,-0.0007357818165856,0.1,0.1,0.1,20000,981,CDU-protocol-fast-v1,0.798894943492041
151_Stock_id_3_Finance_tr_500_1st_62.csv,Stock,AnomalyTransformer,Stock,0.2828372009833035,0.2527133972023364,0.2825206872045694,0.2535753960907159,0.0301238037809671,0.000316513778734,0.0292618048925876,-0.0008619988883795,0.1,0.1,0.1,10000,487,CDU-protocol-fast-v1,0.8143256683927829
155_Stock_id_7_Finance_tr_500_1st_18.csv,Stock,AnomalyTransformer,Stock,0.2826397824532131,0.2421855532885009,0.282339139159794,0.2427621362922312,0.0404542291647122,0.000300643293419,0.0398776461609818,-0.0005765830037303,0.1,0.1,0.1,20000,973,CDU-protocol-fast-v1,0.9041917238981444
156_Stock_id_8_Finance_tr_500_1st_24.csv,Stock,AnomalyTransformer,Stock,0.2820475268629419,0.2562301892201621,0.2819278640480775,0.2575426246481572,0.0258173376427797,0.0001196628148643,0.0245049022147846,-0.001312435427995,0.1,0.1,0.1,10000,485,CDU-protocol-fast-v1,0.1370891053184307
160_Stock_id_12_Finance_tr_500_1st_14.csv,Stock,AnomalyTransformer,Stock,0.2842191306939363,0.2453936984954448,0.2838981680663946,0.2460609811393288,0.0388254321984914,0.0003209626275416,0.0381581495546074,-0.000667282643884,0.1,0.1,0.1,20000,981,CDU-protocol-fast-v1,0.5561937896741181
162_Stock_id_14_Finance_tr_500_1st_4.csv,Stock,AnomalyTransformer,Stock,0.6354266957247445,0.5522324078821944,0.6361537686585295,0.5553766279148977,0.0831942878425501,-0.0007270729337849,0.0800500678098468,-0.0031442200327033,0.1,0.1,0.1,10000,1380,CDU-protocol-fast-v1,0.9365787716808472
165_Stock_id_17_Finance_tr_500_1st_7.csv,Stock,AnomalyTransformer,Stock,0.6429285998681795,0.5576391440709365,0.6433860326676031,0.5603493914274998,0.085289455797243,-0.0004574327994235,0.0825792084406796,-0.0027102473565633,0.1,0.1,0.1,20000,2798,CDU-protocol-fast-v1,0.969560137262388
166_Stock_id_18_Finance_tr_500_1st_18.csv,Stock,AnomalyTransformer,Stock,0.642731181338089,0.5600653335879421,0.6433670711125887,0.5630059786801043,0.0826658477501469,-0.0006358897744996,0.0797252026579847,-0.0029406450921621,0.1,0.1,0.1,20000,2797,CDU-protocol-fast-v1,0.8498955078955965
169_Daphnet_id_1_HumanActivity_tr_9693_1st_20732.csv,Daphnet,AnomalyTransformer,Daphnet,0.3254223915528967,0.2368700903937531,0.3261471276790488,0.2364984882812945,0.0885523011591436,-0.0007247361261521,0.0889239032716021,0.0003716021124585,0.1,0.1,0.1,38774,2306,CDU-protocol-fast-v1,0.0686876735956535
170_MITDB_id_1_Medical_tr_17675_1st_17775.csv,MITDB,AnomalyTransformer,MITDB,0.271582878822378,0.2887418738617924,0.2728062598349176,0.2918069169321219,-0.0171589950394143,-0.0012233810125395,-0.0202240381097439,-0.0030650430703295,0.1,0.1,0.1,500000,22845,CDU-protocol-fast-v1,0.0527338615365787
171_MITDB_id_2_Medical_tr_50000_1st_88864.csv,MITDB,AnomalyTransformer,MITDB,0.211197624167007,0.1696606055995633,0.2137888095293374,0.1733736047255884,0.0415370185674436,-0.0025911853623304,0.0378240194414185,-0.0037129991260251,0.1,0.1,0.1,650000,19657,CDU-protocol-fast-v1,0.1063012953583852
172_MITDB_id_3_Medical_tr_27274_1st_27374.csv,MITDB,AnomalyTransformer,MITDB,0.2018886191173119,0.2604056175074725,0.2028074505329106,0.2606494384662921,-0.0585169983901605,-0.0009188314155987,-0.0587608193489802,-0.0002438209588196,0.1,0.1,0.1,650000,18109,CDU-protocol-fast-v1,0.0320839873089322
173_MITDB_id_4_Medical_tr_13620_1st_13720.csv,MITDB,AnomalyTransformer,MITDB,0.49398571361269,0.5355416748998293,0.503128506970785,0.550264116849489,-0.0415559612871392,-0.009142793358095,-0.0562784032367989,-0.0147224419496596,0.1,0.1,0.1,650000,66682,CDU-protocol-fast-v1,0.178516081923084
175_MITDB_id_6_Medical_tr_27274_1st_27374.csv,MITDB,AnomalyTransformer,MITDB,0.2018886191173119,0.2007848397009577,0.2031656329092059,0.2028761499677926,0.0011037794163542,-0.001277013791894,-0.0009875308504807,-0.0020913102668349,0.1,0.1,0.1,650000,18109,CDU-protocol-fast-v1,0.046346236019954
176_MITDB_id_7_Medical_tr_6232_1st_6332.csv,MITDB,AnomalyTransformer,MITDB,0.3231402139603378,0.2623315432049894,0.3251138125837156,0.2646178202927415,0.0608086707553484,-0.0019735986233778,0.0585223936675962,-0.0022862770877521,0.1,0.1,0.1,650000,38272,CDU-protocol-fast-v1,0.0890868578598456
177_MITDB_id_8_Medical_tr_17675_1st_17775.csv,MITDB,AnomalyTransformer,MITDB,0.2561009450365638,0.2477174295812171,0.2565972025848214,0.2492884378661118,0.0083835154553466,-0.0004962575482576,0.0068125071704519,-0.0015710082848947,0.1,0.1,0.1,650000,27124,CDU-protocol-fast-v1,0.0477934724733556
178_SMD_id_1_Facility_tr_6000_1st_10609.csv,SMD,AnomalyTransformer,SMD,0.1638312951952854,0.1537953957124617,0.1635317757088994,0.1518316351749721,0.0100358994828236,0.0002995194863859,0.0119996600203132,0.0019637605374895,0.1,0.1,0.1,24000,427,CDU-protocol-fast-v1,0.0302559954942556
179_SMD_id_2_Facility_tr_5925_1st_17580.csv,SMD,AnomalyTransformer,SMD,0.1211528492406375,0.1171366726745031,0.1230693953416202,0.1135246635201118,0.0040161765661343,-0.0019165461009827,0.0076281857205256,0.0036120091543912,0.1,0.1,0.1,23703,161,CDU-protocol-fast-v1,0.2438297412043776
180_SMD_id_3_Facility_tr_5925_1st_17580.csv,SMD,AnomalyTransformer,SMD,0.1211528492406375,0.1100294495002292,0.1206099742753361,0.1092424552348003,0.0111233997404082,0.0005428749653013,0.0119103940058371,0.0007869942654289,0.1,0.1,0.1,23703,161,CDU-protocol-fast-v1,0.0069669337081104
181_SMD_id_4_Facility_tr_5000_1st_15144.csv,SMD,AnomalyTransformer,SMD,0.2709547640029155,0.2117561266938344,0.2702259845275178,0.2078143727243292,0.0591986373090811,0.0007287794753977,0.0631403912785862,0.0039417539695051,0.1,0.1,0.1,20000,908,CDU-protocol-fast-v1,0.1286512001392541
183_SMD_id_6_Facility_tr_5925_1st_17580.csv,SMD,AnomalyTransformer,SMD,0.1211528492406375,0.1188709987924464,0.1218315913950518,0.111244567949431,0.002281850448191,-0.0006787421544143,0.0099082812912064,0.0076264308430153,0.1,0.1,0.1,23703,161,CDU-protocol-fast-v1,0.2391649411674406
184_SMD_id_7_Facility_tr_7119_1st_15849.csv,SMD,AnomalyTransformer,SMD,0.4618409014875731,0.3905077706318494,0.4594948224505955,0.3890337768498167,0.0713331308557237,0.0023460790369776,0.0728071246377564,0.0014739937820326,0.1,0.1,0.1,28479,2694,CDU-protocol-fast-v1,0.1024249981683658
185_SMD_id_8_Facility_tr_5000_1st_15144.csv,SMD,AnomalyTransformer,SMD,0.2709547640029155,0.2062684251945096,0.2725936747531131,0.2060197416580431,0.0646863388084059,-0.0016389107501976,0.0649350223448723,0.0002486835364664,0.1,0.1,0.1,20000,908,CDU-protocol-fast-v1,0.0728789356587315
187_SMD_id_10_Facility_tr_5000_1st_15849.csv,SMD,AnomalyTransformer,SMD,0.5196700438303502,0.4536615152933103,0.5198246876896203,0.4520234726517834,0.0660085285370399,-0.0001546438592701,0.0676465711785668,0.0016380426415268,0.1,0.1,0.1,20000,2190,CDU-protocol-fast-v1,0.1222127388591836
188_SMD_id_11_Facility_tr_500_1st_392.csv,SMD,AnomalyTransformer,SMD,0.2285381802882731,0.1818046186838234,0.2287438126173285,0.1823072877641113,0.0467335616044497,-0.0002056323290554,0.0462308925241617,-0.0005026690802879,0.1,0.1,0.1,23703,817,CDU-protocol-fast-v1,0.0367707483547641
189_SMD_id_12_Facility_tr_5925_1st_17580.csv,SMD,AnomalyTransformer,SMD,0.1211528492406375,0.1190850138092801,0.1202778248541207,0.120128207323665,0.0020678354313573,0.0008750243865168,0.0010246419169724,-0.0010431935143849,0.1,0.1,0.1,23703,161,CDU-protocol-fast-v1,0.0262074985968092
190_SMD_id_13_Facility_tr_7119_1st_15849.csv,SMD,AnomalyTransformer,SMD,0.4618409014875731,0.3919164966075203,0.4588446332824451,0.3895823850163066,0.0699244048800528,0.0029962682051279,0.0722585164712664,0.0023341115912136,0.1,0.1,0.1,28479,2694,CDU-protocol-fast-v1,0.1244223968952505
191_SMD_id_14_Facility_tr_4596_1st_4696.csv,SMD,AnomalyTransformer,SMD,0.119753404460246,0.1130077511720168,0.1194605954005136,0.1104028038786766,0.0067456532882292,0.0002928090597323,0.0093506005815693,0.0026049472933401,0.1,0.1,0.1,22700,146,CDU-protocol-fast-v1,0.0135193139754286
192_SMD_id_15_Facility_tr_5925_1st_17580.csv,SMD,AnomalyTransformer,SMD,0.1211528492406375,0.1188449945822097,0.1216227616334637,0.1188201998450303,0.0023078546584277,-0.0004699123928262,0.0023326493956071,2.479473717932612e-05,0.1,0.1,0.1,23703,161,CDU-protocol-fast-v1,0.1328137208269504
194_SMD_id_17_Facility_tr_5925_1st_17580.csv,SMD,AnomalyTransformer,SMD,0.1211528492406375,0.120780238185619,0.1211888498397071,0.1256322187228072,0.0003726110550184,-3.6000599069635486e-05,-0.0044793694821697,-0.0048519805371882,0.1,0.1,0.1,23703,161,CDU-protocol-fast-v1,0.0188815065562003
195_SMD_id_18_Facility_tr_5925_1st_17580.csv,SMD,AnomalyTransformer,SMD,0.1211528492406375,0.1199466435746843,0.1235473354008653,0.1126286550751282,0.0012062056659531,-0.0023944861602278,0.0085241941655092,0.007317988499556,0.1,0.1,0.1,23703,161,CDU-protocol-fast-v1,0.4256141650149256
196_SMD_id_19_Facility_tr_7174_1st_21230.csv,SMD,AnomalyTransformer,SMD,0.1207587804090861,0.1132244898334223,0.1233575746828342,0.1106333275649491,0.0075342905756637,-0.0025987942737481,0.0101254528441369,0.0025911622684731,0.1,0.1,0.1,28696,192,CDU-protocol-fast-v1,0.276242152222521
197_SMD_id_20_Facility_tr_5000_1st_15144.csv,SMD,AnomalyTransformer,SMD,0.2709547640029155,0.2110341991262148,0.2736208899755369,0.2087954300978831,0.0599205648767007,-0.0026661259726213,0.0621593339050324,0.0022387690283316,0.1,0.1,0.1,20000,908,CDU-protocol-fast-v1,0.0970575710326184
198_SMD_id_21_Facility_tr_5925_1st_17580.csv,SMD,AnomalyTransformer,SMD,0.1211528492406375,0.1026275190672519,0.1207279567450682,0.1041028419908717,0.0185253301733856,0.0004248924955692,0.0170500072497657,-0.0014753229236198,0.1,0.1,0.1,23703,161,CDU-protocol-fast-v1,0.01061701419171
199_SMD_id_22_Facility_tr_5925_1st_17580.csv,SMD,AnomalyTransformer,SMD,0.1211528492406375,0.1183540435536104,0.1192385860119611,0.1164587249081669,0.0027988056870271,0.0019142632286763,0.0046941243324705,0.0018953186454434,0.1,0.1,0.1,23703,161,CDU-protocol-fast-v1,0.0138360588474973
201_SMD_id_24_Facility_tr_7174_1st_21230.csv,SMD,AnomalyTransformer,SMD,0.1215700670490047,0.1156505215331957,0.1241035511170296,0.1126507587889452,0.0059195455158089,-0.0025334840680249,0.0089193082600594,0.0029997627442504,0.1,0.1,0.1,28696,198,CDU-protocol-fast-v1,0.228915040136498
202_SMD_id_25_Facility_tr_6250_1st_21230.csv,SMD,AnomalyTransformer,SMD,0.1050411077560964,0.1013703232409772,0.1067212560715102,0.0972644802396171,0.0036707845151192,-0.0016801483154138,0.0077766275164792,0.00410584300136,0.1,0.1,0.1,25000,66,CDU-protocol-fast-v1,0.0241339048794492
203_SMD_id_26_Facility_tr_7174_1st_21230.csv,SMD,AnomalyTransformer,SMD,0.1215700670490047,0.1200077187712047,0.1219708846588687,0.1203945917046955,0.0015623482777999,-0.000400817609864,0.0011754753443091,-0.0003868729334908,0.1,0.1,0.1,28696,198,CDU-protocol-fast-v1,0.0296889944351562
204_SMD_id_27_Facility_tr_5000_1st_15144.csv,SMD,AnomalyTransformer,SMD,0.2709547640029155,0.2069648302629172,0.2726882421457507,0.2074888132707755,0.0639899337399983,-0.0017334781428351,0.06346595073214,-0.0005239830078583,0.1,0.1,0.1,20000,908,CDU-protocol-fast-v1,0.1226114162871378
205_SMD_id_28_Facility_tr_5925_1st_17580.csv,SMD,AnomalyTransformer,SMD,0.1211528492406375,0.1193331199463451,0.1229787036631424,0.1124456619660093,0.0018197292942924,-0.0018258544225049,0.0087071872746281,0.0068874579803357,0.1,0.1,0.1,23703,161,CDU-protocol-fast-v1,0.3740601555048103
206_SMD_id_29_Facility_tr_6250_1st_21230.csv,SMD,AnomalyTransformer,SMD,0.1050411077560964,0.0999328127973178,0.1045806569191519,0.0994086207603135,0.0051082949587785,0.0004604508369444,0.0056324869957828,0.0005241920370042,0.1,0.1,0.1,25000,66,CDU-protocol-fast-v1,0.02398757246552
207_SMD_id_30_Facility_tr_7174_1st_21230.csv,SMD,AnomalyTransformer,SMD,0.1215700670490047,0.1169352311823476,0.1216826638121133,0.1141163291379571,0.004634835866657,-0.0001125967631086,0.0074537379110475,0.0028189020443904,0.1,0.1,0.1,28696,198,CDU-protocol-fast-v1,0.0368114363268453
208_SMD_id_31_Facility_tr_5000_1st_15144.csv,SMD,AnomalyTransformer,SMD,0.2709547640029155,0.206706762159856,0.2760163131553533,0.2088184906525294,0.0642480018430595,-0.0050615491524378,0.062136273350386,-0.0021117284926734,0.1,0.1,0.1,20000,908,CDU-protocol-fast-v1,0.2039943091546183
209_SMD_id_32_Facility_tr_5925_1st_17580.csv,SMD,AnomalyTransformer,SMD,0.1211528492406375,0.1135918212557138,0.1221438447164273,0.1143279768513883,0.0075610279849236,-0.0009909954757898,0.0068248723892491,-0.0007361555956745,0.1,0.1,0.1,23703,161,CDU-protocol-fast-v1,0.0870627599815834
211_SMD_id_34_Facility_tr_5925_1st_17580.csv,SMD,AnomalyTransformer,SMD,0.1211528492406375,0.1167572483688051,0.1209295634390677,0.1173947154026335,0.0043956008718323,0.0002232858015697,0.0037581338380039,-0.0006374670338284,0.1,0.1,0.1,23703,161,CDU-protocol-fast-v1,0.0148194918460389
212_SMD_id_35_Facility_tr_5925_1st_17580.csv,SMD,AnomalyTransformer,SMD,0.1211528492406375,0.1120833026663713,0.1209306491719945,0.1112274616093258,0.0090695465742662,0.0002222000686429,0.0099253876313116,0.0008558410570454,0.1,0.1,0.1,23703,161,CDU-protocol-fast-v1,0.011422292478826
213_SMD_id_36_Facility_tr_5925_1st_17580.csv,SMD,AnomalyTransformer,SMD,0.1211528492406375,0.1163881516323721,0.122349687324862,0.1140905757442465,0.0047646976082654,-0.0011968380842245,0.007062273496391,0.0022975758881255,0.1,0.1,0.1,23703,161,CDU-protocol-fast-v1,0.4362385362992738
214_SMD_id_37_Facility_tr_5925_1st_17580.csv,SMD,AnomalyTransformer,SMD,0.1211528492406375,0.1171415301151051,0.1231054990559609,0.1125187981586111,0.0040113191255324,-0.0019526498153234,0.0086340510820263,0.0046227319564939,0.1,0.1,0.1,23703,161,CDU-protocol-fast-v1,0.2689190487773195
215_SMD_id_38_Facility_tr_5925_1st_17580.csv,SMD,AnomalyTransformer,SMD,0.1211528492406375,0.112376640965352,0.1192733616689338,0.1092261429839542,0.0087762082752854,0.0018794875717036,0.0119267062566832,0.0031504979813977,0.1,0.1,0.1,23703,161,CDU-protocol-fast-v1,0.0154411749012543
216_LTDB_id_1_Medical_tr_500_1st_266.csv,LTDB,AnomalyTransformer,LTDB,0.6891010258760193,0.8135599863558549,0.6901933827991915,0.8176440963839754,-0.1244589604798356,-0.0010923569231722,-0.1285430705079561,-0.0040841100281204,0.1,0.1,0.1,100000,14857,CDU-protocol-fast-v1,0.2003793917473944
218_LTDB_id_3_Medical_tr_500_1st_266.csv,LTDB,AnomalyTransformer,LTDB,0.6891010258760193,0.8116671806914406,0.6872946103736133,0.8112214112900508,-0.1225661548154213,0.001806415502406,-0.1221203854140314,0.0004457694013898,0.1,0.1,0.1,100000,14857,CDU-protocol-fast-v1,0.1933133814525974
219_LTDB_id_4_Medical_tr_3618_1st_3718.csv,LTDB,AnomalyTransformer,LTDB,0.6859997535145896,0.5360155259800385,0.6875111359671965,0.5336213172775326,0.1499842275345511,-0.0015113824526068,0.152378436237057,0.0023942087025059,0.1,0.1,0.1,100000,14781,CDU-protocol-fast-v1,0.2148775677455553
220_LTDB_id_5_Medical_tr_500_1st_26.csv,LTDB,AnomalyTransformer,LTDB,1.370891270807115,1.255518898174517,1.3762639264712182,1.2567782475975773,0.1153723726325981,-0.0053726556641031,0.1141130232095377,-0.0012593494230603,0.1,0.1,0.1,100000,31565,CDU-protocol-fast-v1,0.3998358645550816
221_LTDB_id_6_Medical_tr_500_1st_26.csv,LTDB,AnomalyTransformer,LTDB,1.370891270807115,1.3280117005197238,1.3689715408959129,1.3255841464630294,0.0428795702873912,0.0019197299112021,0.0453071243440856,0.0024275540566944,0.1,0.1,0.1,100000,31565,CDU-protocol-fast-v1,0.3933388939585675
222_LTDB_id_7_Medical_tr_3618_1st_3718.csv,LTDB,AnomalyTransformer,LTDB,0.6859997535145896,0.54009858408009,0.6780853346163132,0.530972820944147,0.1459011694344996,0.0079144188982764,0.1550269325704426,0.009125763135943,0.1,0.1,0.1,100000,14781,CDU-protocol-fast-v1,0.207593862655639
223_LTDB_id_8_Medical_tr_4456_1st_4556.csv,LTDB,AnomalyTransformer,LTDB,0.7422307181731396,0.6884882427890551,0.7470231607755488,0.6946441845428419,0.0537424753840845,-0.0047924426024091,0.0475865336302976,-0.0061559417537868,0.1,0.1,0.1,100000,16159,CDU-protocol-fast-v1,0.2661768959160719
224_LTDB_id_9_Medical_tr_4456_1st_4556.csv,LTDB,AnomalyTransformer,LTDB,0.7422307181731396,0.6489258264292193,0.7480305799148445,0.6527364201488074,0.0933048917439203,-0.0057998617417048,0.0894942980243321,-0.0038105937195881,0.1,0.1,0.1,100000,16159,CDU-protocol-fast-v1,0.2309589991414478
225_MGAB_id_1_Synthetic_tr_25000_1st_38478.csv,MGAB,AnomalyTransformer,MGAB,0.1039169459995007,0.0979115798404858,0.1036389449583547,0.0979979041959601,0.0060053661590148,0.0002780010411459,0.0059190418035405,-8.63243554743709e-05,0.1,0.1,0.1,100000,200,CDU-protocol-fast-v1,0.0042769749267741
226_MGAB_id_2_Synthetic_tr_20000_1st_45134.csv,MGAB,AnomalyTransformer,MGAB,0.1029523934361121,0.0978226278592649,0.1026002201803668,0.0976583243904838,0.0051297655768471,0.0003521732557452,0.0052940690456282,0.000164303468781,0.1,0.1,0.1,80000,140,CDU-protocol-fast-v1,0.0035111930152267
227_MGAB_id_3_Synthetic_tr_25000_1st_44340.csv,MGAB,AnomalyTransformer,MGAB,0.1039169459995007,0.0979524953332422,0.1035940159785829,0.0978543422878736,0.0059644506662585,0.0003229300209177,0.006062603711627,9.815304536858747e-05,0.1,0.1,0.1,100000,200,CDU-protocol-fast-v1,0.0039143236742605
228_MGAB_id_4_Synthetic_tr_25000_1st_38948.csv,MGAB,AnomalyTransformer,MGAB,0.1039169459995007,0.0986708666196153,0.1036117128181816,0.0986145164846038,0.0052460793798854,0.000305233181319,0.0053024295148968,5.635013501148478e-05,0.1,0.1,0.1,100000,200,CDU-protocol-fast-v1,0.0041564527671811
229_MGAB_id_5_Synthetic_tr_25000_1st_33098.csv,MGAB,AnomalyTransformer,MGAB,0.1039169459995007,0.0981966680969096,0.1035708994448865,0.0980318452632135,0.005720277902591,0.0003460465546141,0.0058851007362871,0.000164822833696,0.1,0.1,0.1,100000,200,CDU-protocol-fast-v1,0.004086840046044
231_MGAB_id_7_Synthetic_tr_25000_1st_35544.csv,MGAB,AnomalyTransformer,MGAB,0.1039169459995007,0.0978956366509571,0.1035834120973635,0.0976284903865816,0.0060213093485435,0.0003335339021371,0.0062884556129191,0.0002671462643755,0.1,0.1,0.1,100000,200,CDU-protocol-fast-v1,0.0039722307801502
232_MGAB_id_8_Synthetic_tr_25000_1st_32708.csv,MGAB,AnomalyTransformer,MGAB,0.1039169459995007,0.098360244024226,0.1036287439064085,0.098233907873287,0.0055567019752747,0.0002882020930921,0.0056830381262136,0.0001263361509389,0.1,0.1,0.1,100000,200,CDU-protocol-fast-v1,0.0043359441149287
233_MGAB_id_9_Synthetic_tr_25000_1st_41300.csv,MGAB,AnomalyTransformer,MGAB,0.1039169459995007,0.0983871495209075,0.1037011369479245,0.0984148033825907,0.0055297964785931,0.0002158090515761,0.0055021426169099,-2.76538616831995e-05,0.1,0.1,0.1,100000,200,CDU-protocol-fast-v1,0.0075077258747861
234_SED_id_1_Medical_tr_3740_1st_3840.csv,SED,AnomalyTransformer,SED,0.2807100157311135,0.3622889568139242,0.2771712212301415,0.3572044630907576,-0.0815789410828107,0.0035387945009719,-0.0764944473596441,0.0050844937231666,0.1,0.1,0.1,19999,960,CDU-protocol-fast-v1,0.0789786964078207
236_SED_id_3_Medical_tr_3740_1st_3840.csv,SED,AnomalyTransformer,SED,0.2369935222269394,0.3042156069040745,0.2342960927012035,0.2999964274012223,-0.0672220846771351,0.0026974295257359,-0.0630029051742828,0.0042191795028522,0.1,0.1,0.1,39999,1472,CDU-protocol-fast-v1,0.0603041297942538
237_SVDB_id_1_Medical_tr_11587_1st_11687.csv,SVDB,AnomalyTransformer,SVDB,0.388165207582728,0.285981930812124,0.3898706847943299,0.2862407029599979,0.102183276770604,-0.0017054772116019,0.10192450462273,-0.0002587721478739,0.1,0.1,0.1,130400,9852,CDU-protocol-fast-v1,0.1956939073236158
238_SVDB_id_2_Medical_tr_25000_1st_71963.csv,SVDB,AnomalyTransformer,SVDB,0.1200336852038119,0.1106797733902398,0.1199080121643516,0.1106903606935713,0.0093539118135721,0.0001256730394602,0.0093433245102405,-1.0587303331588416e-05,0.1,0.1,0.1,100000,676,CDU-protocol-fast-v1,0.0071740147067281
239_SVDB_id_3_Medical_tr_50000_1st_106634.csv,SVDB,AnomalyTransformer,SVDB,0.1529458823630081,0.1454441598335838,0.1535588181886626,0.1453351539329508,0.0075017225294242,-0.0006129358256544,0.0076107284300573,0.000109005900633,0.1,0.1,0.1,230400,3503,CDU-protocol-fast-v1,0.0281975875229851
240_SVDB_id_4_Medical_tr_18462_1st_18562.csv,SVDB,AnomalyTransformer,SVDB,0.273147030425738,0.2512344580954489,0.2722984358573231,0.2508205084466801,0.021912572330289,0.0008485945684149,0.0223265219790578,0.0004139496487687,0.1,0.1,0.1,130400,6004,CDU-protocol-fast-v1,0.065764736357128
241_SVDB_id_5_Medical_tr_11587_1st_11687.csv,SVDB,AnomalyTransformer,SVDB,0.388165207582728,0.3260048650495591,0.3835821827706501,0.3225083165011266,0.0621603425331688,0.0045830248120778,0.0656568910816013,0.0034965485484324,0.1,0.1,0.1,130400,9852,CDU-protocol-fast-v1,0.1013292868586582
243_SVDB_id_7_Medical_tr_11393_1st_11493.csv,SVDB,AnomalyTransformer,SVDB,0.213533155492278,0.210862519827718,0.2152522604922637,0.2132874221427932,0.0026706356645599,-0.0017191049999857,0.0002457333494847,-0.0024249023150752,0.1,0.1,0.1,180400,5547,CDU-protocol-fast-v1,0.0518319091647319
244_SVDB_id_8_Medical_tr_17803_1st_17903.csv,SVDB,AnomalyTransformer,SVDB,0.211483179210855,0.1833569314321821,0.2127872613557818,0.1842032609091767,0.0281262477786728,-0.0013040821449268,0.0272799183016782,-0.0008463294769946,0.1,0.1,0.1,130400,3941,CDU-protocol-fast-v1,0.0729938715161011
245_SVDB_id_9_Medical_tr_12607_1st_12707.csv,SVDB,AnomalyTransformer,SVDB,0.4154187379111702,0.3297470153080774,0.4181477207704634,0.3301610502069355,0.0856717226030928,-0.0027289828592932,0.0852576877042346,-0.0004140348988581,0.1,0.1,0.1,180400,14891,CDU-protocol-fast-v1,0.1342267789311003
246_SVDB_id_10_Medical_tr_20100_1st_68460.csv,SVDB,AnomalyTransformer,SVDB,0.119621420445735,0.114088665285106,0.119533129017235,0.1144831374438316,0.0055327551606289,8.829142849992033e-05,0.0051382830019033,-0.0003944721587256,0.1,0.1,0.1,80400,535,CDU-protocol-fast-v1,0.0105403140342804
247_SVDB_id_11_Medical_tr_20100_1st_23611.csv,SVDB,AnomalyTransformer,SVDB,0.139497778725546,0.1302767391436085,0.1402494483847289,0.1307953260268163,0.0092210395819375,-0.0007516696591829,0.0087024526987296,-0.0005185868832078,0.1,0.1,0.1,80400,945,CDU-protocol-fast-v1,0.0246567759348616
248_SVDB_id_12_Medical_tr_18462_1st_18562.csv,SVDB,AnomalyTransformer,SVDB,0.273147030425738,0.2433546891235372,0.272691478827897,0.2430951873324535,0.0297923413022008,0.0004555515978409,0.0300518430932844,0.0002595017910836,0.1,0.1,0.1,130400,6004,CDU-protocol-fast-v1,0.1007467271883997
249_SVDB_id_13_Medical_tr_50000_1st_54982.csv,SVDB,AnomalyTransformer,SVDB,0.2388002868865439,0.216361872411146,0.2404946153188584,0.2177009825179156,0.0224384144753979,-0.0016943284323145,0.0210993043686282,-0.0013391101067696,0.1,0.1,0.1,230400,8578,CDU-protocol-fast-v1,0.057637352894436
250_SVDB_id_14_Medical_tr_50000_1st_107354.csv,SVDB,AnomalyTransformer,SVDB,0.2031220722776498,0.1857485190772914,0.2025224879338146,0.1846167069548054,0.0173735532003584,0.0005995843438351,0.0185053653228444,0.001131812122486,0.1,0.1,0.1,230400,6469,CDU-protocol-fast-v1,0.0296272120389324
251_SVDB_id_15_Medical_tr_5421_1st_5521.csv,SVDB,AnomalyTransformer,SVDB,0.3103766387169045,0.247370481310884,0.3157263133089222,0.2521069519383258,0.0630061574060205,-0.0053496745920177,0.0582696867785787,-0.0047364706274417,0.1,0.1,0.1,230400,12809,CDU-protocol-fast-v1,0.1302672238461104
253_SVDB_id_17_Medical_tr_17803_1st_17903.csv,SVDB,AnomalyTransformer,SVDB,0.211483179210855,0.1771340492479634,0.2104996347354146,0.1764405348913708,0.0343491299628916,0.0009835444754403,0.0350426443194841,0.0006935143565925,0.1,0.1,0.1,130400,3941,CDU-protocol-fast-v1,0.0369808398875268
254_SVDB_id_18_Medical_tr_30824_1st_30924.csv,SVDB,AnomalyTransformer,SVDB,0.2264338692103459,0.2070460778166376,0.2264848515523219,0.2075588793200281,0.0193877913937082,-5.098234197606355e-05,0.0188749898903177,-0.0005128015033905,0.1,0.1,0.1,230400,7847,CDU-protocol-fast-v1,0.0459693911950922
255_SVDB_id_19_Medical_tr_50000_1st_54982.csv,SVDB,AnomalyTransformer,SVDB,0.2388002868865439,0.2268156172329392,0.2396220253168375,0.2274571772403995,0.0119846696536047,-0.0008217384302935,0.0113431096461443,-0.0006415600074603,0.1,0.1,0.1,230400,8578,CDU-protocol-fast-v1,0.0554489662567879
256_SVDB_id_20_Medical_tr_6264_1st_6364.csv,SVDB,AnomalyTransformer,SVDB,0.2199546107014761,0.2250920153077216,0.2224383841258276,0.2292081827789054,-0.0051374046062455,-0.0024837734243515,-0.0092535720774293,-0.0041161674711838,0.1,0.1,0.1,230400,7464,CDU-protocol-fast-v1,0.051795103940737
257_TAO_id_1_Environment_tr_500_1st_3.csv,TAO,AnomalyTransformer,TAO,0.468621312894117,0.430256857375221,0.4689048648191499,0.4314278212191468,0.038364455518896,-0.0002835519250329,0.0371934916749701,-0.0011709638439258,0.1,0.1,0.1,10000,954,CDU-protocol-fast-v1,0.8705586680482804
258_TAO_id_2_Environment_tr_500_1st_4.csv,TAO,AnomalyTransformer,TAO,0.6385037656405279,0.5969515644455765,0.6395830447957919,0.599305562251657,0.0415522011949514,-0.0010792791552639,0.0391982033888709,-0.0023539978060804,0.1,0.1,0.1,10000,1380,CDU-protocol-fast-v1,0.9351962757828512
260_IOPS_id_1_WebService_tr_5000_1st_11804.csv,IOPS,AnomalyTransformer,IOPS,0.0979723308130136,0.1037534639417617,0.0987728646377728,0.1051279085906133,-0.0057811331287481,-0.0008005338247592,-0.0071555777775997,-0.0013744446488516,0.1,0.1,0.1,20000,14,CDU-protocol-fast-v1,0.0008447583660649
261_IOPS_id_2_WebService_tr_2178_1st_2278.csv,IOPS,AnomalyTransformer,IOPS,0.097906725345047,0.0929611708911408,0.0986066838389712,0.0953360086084653,0.0049455544539062,-0.0006999584939242,0.0025707167365816,-0.0023748377173245,0.1,0.1,0.1,8784,6,CDU-protocol-fast-v1,0.0709587051383337
262_IOPS_id_3_WebService_tr_7028_1st_7128.csv,IOPS,AnomalyTransformer,IOPS,0.1789482131720608,0.156210492951902,0.1767963368307231,0.1559522346619454,0.0227377202201587,0.0021518763413376,0.0229959785101153,0.0002582582899565,0.1,0.1,0.1,125135,2704,CDU-protocol-fast-v1,0.0242194614008828
263_IOPS_id_4_WebService_tr_3482_1st_3582.csv,IOPS,AnomalyTransformer,IOPS,0.1157782507106415,0.1117566293448858,0.1155458622840726,0.1115775421548745,0.0040216213657557,0.0002323884265688,0.0042007085557669,0.0001790871900112,0.1,0.1,0.1,149123,790,CDU-protocol-fast-v1,0.0316845230703463
264_IOPS_id_5_WebService_tr_11665_1st_11765.csv,IOPS,AnomalyTransformer,IOPS,0.1534184746192168,0.1631623585719787,0.1527016300411678,0.1632931070129048,-0.0097438839527619,0.0007168445780489,-0.009874632393688,-0.0001307484409261,0.1,0.1,0.1,60000,901,CDU-protocol-fast-v1,0.017095798825598
266_IOPS_id_7_WebService_tr_4010_1st_4110.csv,IOPS,AnomalyTransformer,IOPS,0.1585090970453211,0.1445908611305169,0.1585401353744863,0.1443941954321684,0.0139182359148042,-3.103832916528937e-05,0.0141149016131526,0.0001966656983484,0.1,0.1,0.1,89155,1456,CDU-protocol-fast-v1,0.0178409672201066
267_IOPS_id_8_WebService_tr_1534_1st_1882.csv,IOPS,AnomalyTransformer,IOPS,0.1287022791406064,0.1255397389426583,0.1289242286092477,0.1242423100297132,0.003162540197948,-0.0002219494686413,0.0044599691108931,0.001297428912945,0.1,0.1,0.1,6138,53,CDU-protocol-fast-v1,0.1156921573570078
268_IOPS_id_9_WebService_tr_6216_1st_6316.csv,IOPS,AnomalyTransformer,IOPS,0.2809736274044396,0.244889539856972,0.2779470610815311,0.2427815621675933,0.0360840875474675,0.0030265663229084,0.0381920652368462,0.0021079776893786,0.1,0.1,0.1,29133,1397,CDU-protocol-fast-v1,0.0527425138920596
269_IOPS_id_10_WebService_tr_1216_1st_1728.csv,IOPS,AnomalyTransformer,IOPS,0.1342603379941231,0.1153162438858632,0.1337348022967331,0.1146027833755865,0.0189440941082598,0.00052553569739,0.0196575546185365,0.0007134605102766,0.1,0.1,0.1,4866,49,CDU-protocol-fast-v1,0.0124748307241262
271_IOPS_id_12_WebService_tr_500_1st_341.csv,IOPS,AnomalyTransformer,IOPS,0.1464053911806096,0.1525055190611706,0.146049494763764,0.1520953178150895,-0.0061001278805609,0.0003558964168455,-0.0056899266344799,0.000410201246081,0.1,0.1,0.1,8784,116,CDU-protocol-fast-v1,0.1410968766384406
272_IOPS_id_13_WebService_tr_3442_1st_3542.csv,IOPS,AnomalyTransformer,IOPS,0.1116972028972023,0.1090794746046213,0.1114267955840238,0.1088700955986062,0.002617728292581,0.0002704073131784,0.002827107298596,0.000209379006015,0.1,0.1,0.1,149156,633,CDU-protocol-fast-v1,0.1163549528676929
273_IOPS_id_14_WebService_tr_5569_1st_5669.csv,IOPS,AnomalyTransformer,IOPS,0.115025230957413,0.1161877990007938,0.1148280658129567,0.1156047098980057,-0.0011625680433808,0.0001971651444562,-0.0005794789405926,0.0005830891027881,0.1,0.1,0.1,149122,761,CDU-protocol-fast-v1,0.020134804823808
274_IOPS_id_15_WebService_tr_4591_1st_4691.csv,IOPS,AnomalyTransformer,IOPS,0.2712546201996806,0.2337061163941324,0.2711641285893709,0.2335682734461992,0.0375485038055481,9.049161030966202e-05,0.0376863467534813,0.0001378429479331,0.1,0.1,0.1,149132,6777,CDU-protocol-fast-v1,0.078325025507746
275_IOPS_id_16_WebService_tr_1482_1st_1582.csv,IOPS,AnomalyTransformer,IOPS,0.1265650278842431,0.1315398594882176,0.1273421901604908,0.1348004289596266,-0.0049748316039744,-0.0007771622762477,-0.0082354010753835,-0.003260569471409,0.1,0.1,0.1,8784,71,CDU-protocol-fast-v1,0.0970820762180895
276_IOPS_id_17_WebService_tr_19197_1st_19297.csv,IOPS,AnomalyTransformer,IOPS,0.2044485280550822,0.2008358287702317,0.2049058837951748,0.2025591965776996,0.0036126992848505,-0.0004573557400926,0.0018893314773825,-0.0017233678074679,0.1,0.1,0.1,91370,2576,CDU-protocol-fast-v1,0.0406516544228361
277_NEK_id_1_WebService_tr_500_1st_17.csv,NEK,AnomalyTransformer,NEK,0.4143751117544829,0.3169886044543096,0.409259230220004,0.3118215514734587,0.0973865073001732,0.0051158815344788,0.1025535602810241,0.0051670529808509,0.1,0.1,0.1,1073,88,CDU-protocol-fast-v1,0.4308730506937758
278_NEK_id_2_WebService_tr_500_1st_64.csv,NEK,AnomalyTransformer,NEK,0.329735165526574,0.3158793864036325,0.3285230689140893,0.314623437739899,0.0138557791229415,0.0012120966124847,0.0151117277866749,0.0012559486637334,0.1,0.1,0.1,1073,65,CDU-protocol-fast-v1,0.1066332571462771
279_NEK_id_3_WebService_tr_500_1st_974.csv,NEK,AnomalyTransformer,NEK,0.4254151047407318,0.3412269868998816,0.4251232034908717,0.3406926374599765,0.0841881178408501,0.00029190124986,0.0847224672807552,0.0005343494399051,0.1,0.1,0.1,1073,91,CDU-protocol-fast-v1,0.0919081340202778
281_NEK_id_5_WebService_tr_500_1st_974.csv,NEK,AnomalyTransformer,NEK,0.4143751117544828,0.339140602898704,0.4128719532421571,0.3359572541470464,0.0752345088557788,0.0015031585123256,0.0784178576074363,0.0031833487516575,0.1,0.1,0.1,1073,88,CDU-protocol-fast-v1,0.0912853227234808
282_NEK_id_6_WebService_tr_500_1st_64.csv,NEK,AnomalyTransformer,NEK,0.3223751702024081,0.3029530015469098,0.3230442103985485,0.3040139271129716,0.0194221686554982,-0.0006690401961404,0.0183612430894364,-0.0010609255660618,0.1,0.1,0.1,1073,63,CDU-protocol-fast-v1,0.1263747940073103
283_NEK_id_7_WebService_tr_500_1st_777.csv,NEK,AnomalyTransformer,NEK,0.5321350369411385,0.4443764273923862,0.541526270899317,0.4526639712028554,0.0877586095487523,-0.0093912339581785,0.079471065738283,-0.0082875438104692,0.1,0.1,0.1,1073,120,CDU-protocol-fast-v1,0.2300049165527964
284_NEK_id_8_WebService_tr_500_1st_976.csv,NEK,AnomalyTransformer,NEK,0.4180551094165658,0.3351338221072413,0.4189180286289514,0.3349277096834313,0.0829212873093245,-0.0008629192123855,0.0831273997331345,0.00020611242381,0.1,0.1,0.1,1073,89,CDU-protocol-fast-v1,0.0930126371012278
285_NEK_id_9_WebService_tr_500_1st_780.csv,NEK,AnomalyTransformer,NEK,0.4879750649961427,0.3957686584433449,0.4974934962805087,0.4044731886851961,0.0922064065527977,-0.009518431284366,0.0835018763109465,-0.0087045302418512,0.1,0.1,0.1,1073,108,CDU-protocol-fast-v1,0.213400082576771
286_CATSv2_id_1_Sensor_tr_17792_1st_17892.csv,CATSv2,AnomalyTransformer,CATSv2,0.2858020924202719,0.297887201276486,0.2852203060457815,0.296725084574876,-0.0120851088562141,0.0005817863744903,-0.0109229921546041,0.0011621167016099,0.1,0.1,0.1,300000,14800,CDU-protocol-fast-v1,0.058371317281501
287_TODS_id_1_Synthetic_tr_500_1st_11.csv,TODS,AnomalyTransformer,TODS,0.2968561285603248,0.2632115387714191,0.2974083539645804,0.2648643005422981,0.0336445897889056,-0.0005522254042555,0.0319918280180266,-0.001652761770879,0.1,0.1,0.1,5000,261,CDU-protocol-fast-v1,0.7932406044410248
288_TODS_id_2_Synthetic_tr_500_1st_65.csv,TODS,AnomalyTransformer,TODS,0.3573222301852886,0.3817251963674657,0.3586520086174553,0.3854502184962939,-0.0244029661821771,-0.0013297784321666,-0.0281279883110053,-0.0037250221288282,0.1,0.1,0.1,5000,338,CDU-protocol-fast-v1,0.6299938010730619
289_TODS_id_3_Synthetic_tr_500_1st_26.csv,TODS,AnomalyTransformer,TODS,0.2685862628655366,0.2766149033540605,0.2701818747056184,0.2796118607388522,-0.0080286404885239,-0.0015956118400818,-0.0110255978733156,-0.0029969573847917,0.1,0.1,0.1,5000,225,CDU-protocol-fast-v1,0.674134149363673
290_TODS_id_4_Synthetic_tr_500_1st_26.csv,TODS,AnomalyTransformer,TODS,0.4287821684693367,0.4898865076333286,0.4322058736621456,0.4954829428434685,-0.0611043391639918,-0.0034237051928088,-0.0667007743741318,-0.0055964352101399,0.1,0.1,0.1,5000,429,CDU-protocol-fast-v1,0.5942386650982637
292_TODS_id_6_Synthetic_tr_500_1st_11.csv,TODS,AnomalyTransformer,TODS,0.2968561285603248,0.2798892010110749,0.2979500724917261,0.2823590972234475,0.0169669275492498,-0.0010939439314013,0.0144970313368772,-0.0024698962123725,0.1,0.1,0.1,5000,261,CDU-protocol-fast-v1,0.7964240672302707
293_TODS_id_7_Synthetic_tr_500_1st_7.csv,TODS,AnomalyTransformer,TODS,0.2890033880895503,0.3003444009916962,0.2908078535894157,0.303688675587832,-0.0113410129021458,-0.0018044654998654,-0.0146852874982817,-0.0033442745961358,0.1,0.1,0.1,5000,251,CDU-protocol-fast-v1,0.2786831567990996
294_TODS_id_8_Synthetic_tr_500_1st_200.csv,TODS,AnomalyTransformer,TODS,0.4923893662826101,0.5751491892771025,0.4958506221620854,0.580627529899457,-0.0827598229944923,-0.0034612558794753,-0.0882381636168468,-0.0054783406223545,0.1,0.1,0.1,5000,510,CDU-protocol-fast-v1,0.2581100691922495
295_TODS_id_9_Synthetic_tr_1250_1st_2046.csv,TODS,AnomalyTransformer,TODS,0.3981564806333161,0.3837574069007844,0.3941585853249501,0.3811285986008158,0.0143990737325316,0.003997895308366,0.0170278820325002,0.0026288082999685,0.1,0.1,0.1,5000,390,CDU-protocol-fast-v1,0.1416235105678765
296_TODS_id_10_Synthetic_tr_500_1st_26.csv,TODS,AnomalyTransformer,TODS,0.2520955078769101,0.2388564062663503,0.2557087476944905,0.2440928130086641,0.0132391016105598,-0.0036132398175803,0.0080026948682459,-0.0052364067423138,0.1,0.1,0.1,5000,204,CDU-protocol-fast-v1,0.7271955071069665
297_TODS_id_11_Synthetic_tr_500_1st_7.csv,TODS,AnomalyTransformer,TODS,0.2890033880895503,0.2366447118720453,0.2873746853267551,0.2351745121162087,0.0523586762175049,0.0016287027627951,0.0538288759733415,0.0014701997558365,0.1,0.1,0.1,5000,251,CDU-protocol-fast-v1,0.2134875013086186
298_TODS_id_12_Synthetic_tr_500_1st_0.csv,TODS,AnomalyTransformer,TODS,0.3463283935262043,0.3565012412689944,0.3455268211208547,0.3568193265147759,-0.01017284774279,0.0008015724053495,-0.0104909329885716,-0.0003180852457815,0.1,0.1,0.1,5000,324,CDU-protocol-fast-v1,0.43854155058779
299_TODS_id_13_Synthetic_tr_500_1st_65.csv,TODS,AnomalyTransformer,TODS,0.302353046889867,0.2899726326073493,0.3011029220352465,0.2890774363256012,0.0123804142825177,0.0012501248546205,0.0132756105642657,0.000895196281748,0.1,0.1,0.1,5000,268,CDU-protocol-fast-v1,0.500105526008392
301_TODS_id_15_Synthetic_tr_500_1st_245.csv,TODS,AnomalyTransformer,TODS,0.4138619615748651,0.4705356245807724,0.4116058137565447,0.4691006808696665,-0.0566736630059073,0.0022561478183203,-0.0552387192948014,0.0014349437111058,0.1,0.1,0.1,5000,410,CDU-protocol-fast-v1,0.154313111229343
302_Power_id_1_Facility_tr_7685_1st_7785.csv,Power,AnomalyTransformer,Power,0.4286798769583611,0.5020106680322937,0.4278078563014511,0.5002579361077113,-0.0733307910739325,0.0008720206569099,-0.0715780591493502,0.0017527319245823,0.1,0.1,0.1,35040,3000,CDU-protocol-fast-v1,0.0861151772411347
304_UCR_id_2_Medical_tr_2499_1st_7000.csv,UCR,AnomalyTransformer,UCR,0.1152252656406595,0.1110899096162959,0.1150519762591693,0.1106188156837122,0.0041353560243636,0.0001732893814901,0.0046064499569472,0.0004710939325836,0.1,0.1,0.1,9998,50,CDU-protocol-fast-v1,0.0078136203156899
307_UCR_id_5_Facility_tr_29895_1st_39240.csv,UCR,AnomalyTransformer,UCR,0.0990086732006021,0.0966392657136543,0.0997636777375092,0.0966399188280504,0.0023694074869477,-0.0007550045369071,0.0023687543725516,-6.531143961485686e-07,0.1,0.1,0.1,119580,96,CDU-protocol-fast-v1,0.0016033258873179
309_UCR_id_7_Medical_tr_3000_1st_5948.csv,UCR,AnomalyTransformer,UCR,0.1103929549020575,0.1109068424328983,0.110785785327557,0.111290277811816,-0.0005138875308408,-0.0003928304254995,-0.0008973229097585,-0.0003834353789177,0.1,0.1,0.1,12000,45,CDU-protocol-fast-v1,0.0977801715618432
310_UCR_id_8_HumanActivity_tr_2631_1st_8285.csv,UCR,AnomalyTransformer,UCR,0.1069188953942699,0.1127515648017287,0.1065518286803176,0.1112926555664092,-0.0058326694074588,0.0003670667139522,-0.0043737601721393,0.0014589092353194,0.1,0.1,0.1,10524,30,CDU-protocol-fast-v1,0.0037044771606381
311_UCR_id_9_HumanActivity_tr_16000_1st_38400.csv,UCR,AnomalyTransformer,UCR,0.1441920853589638,0.1515141701194055,0.1453670767523773,0.1554766196596951,-0.0073220847604416,-0.0011749913934135,-0.0112845343007313,-0.0039624495402896,0.1,0.1,0.1,64000,800,CDU-protocol-fast-v1,0.0176331710108932
313_UCR_id_11_Sensor_tr_2827_1st_4711.csv,UCR,AnomalyTransformer,UCR,0.1293839363336781,0.134219822392986,0.1289558907332436,0.1352469569620914,-0.0048358860593079,0.0004280456004344,-0.0058630206284133,-0.0010271345691054,0.1,0.1,0.1,11308,98,CDU-protocol-fast-v1,0.0122157426602853
315_UCR_id_13_HumanActivity_tr_16000_1st_33070.csv,UCR,AnomalyTransformer,UCR,0.1025467281888471,0.0990009677212396,0.1038079002686798,0.1030094791874338,0.0035457604676074,-0.0012611720798327,-0.0004627509985867,-0.0040085114661942,0.1,0.1,0.1,64000,110,CDU-protocol-fast-v1,0.012794773505037
316_UCR_id_14_Sensor_tr_2833_1st_5988.csv,UCR,AnomalyTransformer,UCR,0.1289663307076008,0.1296935736331781,0.1289326816783106,0.1315265382808473,-0.0007272429255772,3.3649029290150345e-05,-0.0025602075732464,-0.0018329646476691,0.1,0.1,0.1,11334,97,CDU-protocol-fast-v1,0.0140661726427571
319_UCR_id_17_Environment_tr_6166_1st_19280.csv,UCR,AnomalyTransformer,UCR,0.1209630007443481,0.1116901804703351,0.1211338880948269,0.1170379941602194,0.0092728202740129,-0.0001708873504788,0.0039250065841286,-0.0053478136898843,0.1,0.1,0.1,24667,160,CDU-protocol-fast-v1,0.0065511213092613
326_UCR_id_24_Medical_tr_1875_1st_4187.csv,UCR,AnomalyTransformer,UCR,0.1020872017589439,0.1001795176066661,0.1034736857414749,0.098619325495392,0.0019076841522777,-0.001386483982531,0.0034678762635518,0.001560192111274,0.1,0.1,0.1,7501,12,CDU-protocol-fast-v1,0.0135221632064943
331_UCR_id_29_Facility_tr_50000_1st_837400.csv,UCR,AnomalyTransformer,UCR,0.1032039335032869,0.1004711037257508,0.1042868134315646,0.102877420963717,0.002732829777536,-0.0010828799282777,0.0003265125395698,-0.0024063172379662,0.1,0.1,0.1,900000,1700,CDU-protocol-fast-v1,0.0030506178171903
332_UCR_id_30_Facility_tr_13750_1st_52600.csv,UCR,AnomalyTransformer,UCR,0.1099540051558639,0.1076224595435888,0.1109417963684598,0.1109921645347667,0.002331545612275,-0.0009877912125959,-0.0010381593789028,-0.0033697049911779,0.1,0.1,0.1,55000,200,CDU-protocol-fast-v1,0.0068071546781699
334_UCR_id_32_HumanActivity_tr_1671_1st_2764.csv,UCR,AnomalyTransformer,UCR,0.2294050764826851,0.2760111658598515,0.2309871488554511,0.277647365520584,-0.0466060893771664,-0.001582072372766,-0.0482422890378989,-0.0016361996607324,0.1,0.1,0.1,6684,231,CDU-protocol-fast-v1,0.0481873376417845
339_UCR_id_37_Sensor_tr_2750_1st_5400.csv,UCR,AnomalyTransformer,UCR,0.1661395726686433,0.1666742000209456,0.1646474202797891,0.1647157311375121,-0.0005346273523023,0.0014921523888541,0.0014238415311311,0.0019584688834334,0.1,0.1,0.1,11000,200,CDU-protocol-fast-v1,0.0309674175140555
341_UCR_id_39_HumanActivity_tr_48812_1st_128430.csv,UCR,AnomalyTransformer,UCR,0.0959273969282017,0.1009726138436852,0.0961761652849041,0.0993682279955085,-0.0050452169154835,-0.0002487683567024,-0.0034408310673068,0.0016043858481766,0.1,0.1,0.1,195250,1,CDU-protocol-fast-v1,0.0002042427628687
344_UCR_id_42_Sensor_tr_2851_1st_5365.csv,UCR,AnomalyTransformer,UCR,0.100987515653397,0.0994930978175845,0.1006804740067992,0.0997335215413842,0.0014944178358125,0.0003070416465977,0.0012539941120127,-0.0002404237237997,0.1,0.1,0.1,11406,15,CDU-protocol-fast-v1,0.0051106524556608
346_UCR_id_44_Medical_tr_7456_1st_17390.csv,UCR,AnomalyTransformer,UCR,0.1127438806164159,0.1171284058470091,0.1123277256106255,0.1167423898737111,-0.0043845252305932,0.0004161550057903,-0.0039985092572952,0.000386015973298,0.1,0.1,0.1,29826,130,CDU-protocol-fast-v1,0.0050096245663379
349_UCR_id_47_Facility_tr_29954_1st_74900.csv,UCR,AnomalyTransformer,UCR,0.0990024875929641,0.0976882223381206,0.0997830760101177,0.0993347037506302,0.0013142652548434,-0.0007805884171536,-0.0003322161576661,-0.0016464814125096,0.1,0.1,0.1,119819,96,CDU-protocol-fast-v1,0.0011350101956262
355_UCR_id_53_HumanActivity_tr_48750_1st_143411.csv,UCR,AnomalyTransformer,UCR,0.0978885146963888,0.1027793260202971,0.0988954367948018,0.1036088764408019,-0.0048908113239082,-0.001006922098413,-0.0057203617444131,-0.0008295504205048,0.1,0.1,0.1,195000,100,CDU-protocol-fast-v1,0.0007992207812522
358_UCR_id_56_Facility_tr_10500_1st_29080.csv,UCR,AnomalyTransformer,UCR,0.1014258386583884,0.0986108272087863,0.1014823343361582,0.1005323024227654,0.002815011449602,-5.649567776987163e-05,0.0008935362356229,-0.0019214752139791,0.1,0.1,0.1,42000,60,CDU-protocol-fast-v1,0.0021890617179949
361_UCR_id_59_Medical_tr_3000_1st_7175.csv,UCR,AnomalyTransformer,UCR,0.1644715636331076,0.1970000379943486,0.1651400275112287,0.1978047846391904,-0.0325284743612409,-0.0006684638781211,-0.0333332210060828,-0.0008047466448418,0.1,0.1,0.1,12000,213,CDU-protocol-fast-v1,0.040532086013441
364_UCR_id_62_Sensor_tr_2833_1st_5988.csv,UCR,AnomalyTransformer,UCR,0.1289663307076008,0.13297061898198,0.1285330209205418,0.1328308739124196,-0.0040042882743792,0.0004333097870589,-0.0038645432048188,0.0001397450695603,0.1,0.1,0.1,11334,97,CDU-protocol-fast-v1,0.0121318390883815
369_UCR_id_67_Sensor_tr_2750_1st_5400.csv,UCR,AnomalyTransformer,UCR,0.1661395726686433,0.166349141931808,0.1648839822259382,0.1651601326416553,-0.0002095692631647,0.001255590442705,0.0009794400269879,0.0011890092901526,0.1,0.1,0.1,11000,200,CDU-protocol-fast-v1,0.023075251935337
371_UCR_id_69_Medical_tr_1853_1st_6200.csv,UCR,AnomalyTransformer,UCR,0.1844671305137593,0.2065679232548847,0.1841717944183112,0.2061319062068378,-0.0221007927411254,0.000295336095448,-0.0216647756930785,0.0004360170480468,0.1,0.1,0.1,7415,170,CDU-protocol-fast-v1,0.0297862968839722
373_UCR_id_71_Sensor_tr_2827_1st_5988.csv,UCR,AnomalyTransformer,UCR,0.1290423412004535,0.1230449017027189,0.1285098312352592,0.1224771485102632,0.0059974394977345,0.0005325099651942,0.0065651926901902,0.0005677531924556,0.1,0.1,0.1,11308,97,CDU-protocol-fast-v1,0.0122566308816958
381_UCR_id_79_HumanActivity_tr_16000_1st_31200.csv,UCR,AnomalyTransformer,UCR,0.1351387468437211,0.1361784592362256,0.1355735848278557,0.1369049238986394,-0.0010397123925044,-0.0004348379841346,-0.0017661770549182,-0.0007264646624138,0.1,0.1,0.1,64000,650,CDU-protocol-fast-v1,0.0091596424827559
382_UCR_id_80_Medical_tr_7500_1st_11800.csv,UCR,AnomalyTransformer,UCR,0.1345351909427048,0.1248570381131004,0.1346252096157291,0.1248081801920714,0.0096781528296044,-9.001867302432798e-05,0.0097270107506333,4.885792102894693e-05,0.1,0.1,0.1,30000,300,CDU-protocol-fast-v1,0.0320010347983149
385_UCR_id_83_Environment_tr_2046_1st_6006.csv,UCR,AnomalyTransformer,UCR,0.1185630840489511,0.1210456169044645,0.1182110731626329,0.1207428159592835,-0.0024825328555133,0.0003520108863181,-0.0021797319103324,0.0003028009451809,0.1,0.1,0.1,8184,48,CDU-protocol-fast-v1,0.0072333180581191
387_UCR_id_85_Environment_tr_2046_1st_5549.csv,UCR,AnomalyTransformer,UCR,0.118563084048951,0.1143698838539108,0.1180792170044645,0.1140589144083082,0.0041932001950402,0.0004838670444864,0.0045041696406427,0.0003109694456025,0.1,0.1,0.1,8184,48,CDU-protocol-fast-v1,0.007210318085177
391_UCR_id_89_Medical_tr_1875_1st_5759.csv,UCR,AnomalyTransformer,UCR,0.1783131122964121,0.1816617179863321,0.1805746986117094,0.1811269142513269,-0.0033486056899199,-0.0022615863152973,-0.0028138019549148,0.0005348037350051,0.1,0.1,0.1,7500,160,CDU-protocol-fast-v1,0.1074299456448669
393_UCR_id_91_Environment_tr_2046_1st_4852.csv,UCR,AnomalyTransformer,UCR,0.1185630840489511,0.1237082154513768,0.118079769329037,0.1231971251959558,-0.0051451314024256,0.000483314719914,-0.0046340411470047,0.0005110902554209,0.1,0.1,0.1,8184,48,CDU-protocol-fast-v1,0.0070543643080109
396_UCR_id_94_Medical_tr_1875_1st_5607.csv,UCR,AnomalyTransformer,UCR,0.1098116873605375,0.1064036109495425,0.1104034965694743,0.1066806287953025,0.0034080764109949,-0.0005918092089368,0.0031310585652349,-0.00027701784576,0.1,0.1,0.1,7501,27,CDU-protocol-fast-v1,0.0128803439196025
400_UCR_id_98_Environment_tr_2046_1st_5391.csv,UCR,AnomalyTransformer,UCR,0.0963796022520707,0.0955401527676991,0.0959717771086634,0.0951135955589234,0.0008394494843716,0.0004078251434072,0.0012660066931473,0.0004265572087756,0.1,0.1,0.1,8184,1,CDU-protocol-fast-v1,0.0156753022658124
401_UCR_id_99_HumanActivity_tr_1671_1st_5920.csv,UCR,AnomalyTransformer,UCR,0.1300043679490801,0.1193934825873274,0.1297839048046586,0.1191060058670769,0.0106108853617526,0.0002204631444215,0.0108983620820031,0.0002874767202504,0.1,0.1,0.1,6684,59,CDU-protocol-fast-v1,0.0459409887201249
405_UCR_id_103_Sensor_tr_2827_1st_5988.csv,UCR,AnomalyTransformer,UCR,0.1290423412004535,0.1247824993521574,0.1290021447700491,0.1260270267971111,0.004259841848296,4.019643040431564e-05,0.0030153144033423,-0.0012445274449537,0.1,0.1,0.1,11308,97,CDU-protocol-fast-v1,0.0125186102674815
406_UCR_id_104_Facility_tr_20000_1st_67950.csv,UCR,AnomalyTransformer,UCR,0.1079787312979927,0.1094411026475816,0.1094147603896412,0.1078421865179324,-0.0014623713495889,-0.0014360290916485,0.0001365447800602,0.0015989161296491,0.1,0.1,0.1,80000,250,CDU-protocol-fast-v1,0.0214195237684627
411_UCR_id_109_Environment_tr_2046_1st_4852.csv,UCR,AnomalyTransformer,UCR,0.1185630840489511,0.1240104231602162,0.1182676539556936,0.1237648852823627,-0.005447339111265,0.0002954300932574,-0.0052018012334116,0.0002455378778534,0.1,0.1,0.1,8184,48,CDU-protocol-fast-v1,0.0109664404059534
415_UCR_id_113_Medical_tr_3000_1st_8612.csv,UCR,AnomalyTransformer,UCR,0.1293848472540334,0.1267073059284675,0.1301804534869747,0.1277348361223355,0.0026775413255659,-0.0007956062329413,0.0016500111316978,-0.001027530193868,0.1,0.1,0.1,12000,104,CDU-protocol-fast-v1,0.0258910777999163
417_UCR_id_115_Sensor_tr_2750_1st_5400.csv,UCR,AnomalyTransformer,UCR,0.1661395726686433,0.1608358609505415,0.1653184274779532,0.1604584640234907,0.0053037117181017,0.00082114519069,0.0056811086451525,0.0003773969270507,0.1,0.1,0.1,11000,200,CDU-protocol-fast-v1,0.0314883705168083
419_UCR_id_117_Facility_tr_3000_1st_6168.csv,UCR,AnomalyTransformer,UCR,0.1100710584215155,0.1124714480144066,0.1103794467891684,0.1142219938657592,-0.0024003895928911,-0.0003083883676529,-0.0041509354442437,-0.0017505458513526,0.1,0.1,0.1,12000,44,CDU-protocol-fast-v1,0.1133976754022432
420_UCR_id_118_Facility_tr_13750_1st_52600.csv,UCR,AnomalyTransformer,UCR,0.1099540051558639,0.0972937176125173,0.1105695048883616,0.0994024107245038,0.0126602875433465,-0.0006154997324977,0.01055159443136,-0.0021086931119865,0.1,0.1,0.1,55000,200,CDU-protocol-fast-v1,0.0160643965655987
421_UCR_id_119_HumanActivity_tr_48750_1st_130700.csv,UCR,AnomalyTransformer,UCR,0.1192822500185625,0.1254996965721977,0.1206520485103957,0.1235873765796934,-0.0062174465536351,-0.0013697984918332,-0.0043051265611309,0.0019123199925042,0.1,0.1,0.1,195000,1180,CDU-protocol-fast-v1,0.0105293466516036
426_UCR_id_124_Sensor_tr_2827_1st_4711.csv,UCR,AnomalyTransformer,UCR,0.1293839363336781,0.1321180934816139,0.1290295287532233,0.1338290406405324,-0.0027341571479358,0.0003544075804547,-0.0044451043068543,-0.0017109471589185,0.1,0.1,0.1,11308,98,CDU-protocol-fast-v1,0.0127385294103381
430_UCR_id_128_HumanActivity_tr_12500_1st_46500.csv,UCR,AnomalyTransformer,UCR,0.1190841598766905,0.1121757640096573,0.1198379972346335,0.1122194479655201,0.0069083958670332,-0.000753837357943,0.0068647119111703,-4.368395586286378e-05,0.1,0.1,0.1,50000,300,CDU-protocol-fast-v1,0.0064551903700663
432_UCR_id_130_Facility_tr_23000_1st_26970.csv,UCR,AnomalyTransformer,UCR,0.1085035625162677,0.1028047953014382,0.1085503538288184,0.1032933128659278,0.0056987672148294,-4.679131255072577e-05,0.0052102496503398,-0.0004885175644896,0.1,0.1,0.1,92000,300,CDU-protocol-fast-v1,0.0045673184265805
436_UCR_id_134_Medical_tr_1875_1st_4526.csv,UCR,AnomalyTransformer,UCR,0.1113565844808563,0.1104582342207061,0.1121439570914351,0.1104457694273904,0.0008983502601501,-0.0007873726105788,0.0009108150534658,1.2464793315625222e-05,0.1,0.1,0.1,7501,30,CDU-protocol-fast-v1,0.0179699682364252
437_UCR_id_135_Medical_tr_2499_1st_8000.csv,UCR,AnomalyTransformer,UCR,0.1055664394591643,0.1078479284693596,0.1051180758175583,0.1069177004366791,-0.0022814890101953,0.0004483636416059,-0.0013512609775148,0.0009302280326804,0.1,0.1,0.1,9998,25,CDU-protocol-fast-v1,0.0035479734327409
439_UCR_id_137_HumanActivity_tr_48750_1st_110800.csv,UCR,AnomalyTransformer,UCR,0.0959274222918562,0.1013864875275362,0.0969932160579916,0.1016291293063194,-0.00545906523568,-0.0010657937661354,-0.0057017070144632,-0.0002426417787832,0.1,0.1,0.1,195000,1,CDU-protocol-fast-v1,0.3059815709577889
445_UCR_id_143_Environment_tr_6166_1st_19280.csv,UCR,AnomalyTransformer,UCR,0.1209630007443481,0.1093531037103283,0.1210417643310615,0.1139081692492238,0.0116098970340197,-7.87635867134373e-05,0.0070548314951242,-0.0045550655388955,0.1,0.1,0.1,24667,160,CDU-protocol-fast-v1,0.0059436394851039
449_UCR_id_147_Sensor_tr_2847_1st_9330.csv,UCR,AnomalyTransformer,UCR,0.0992995677617782,0.0966774425345316,0.099076301497515,0.0977908370989323,0.0026221252272465,0.0002232662642631,0.0015087306628458,-0.0011133945644007,0.1,0.1,0.1,11388,10,CDU-protocol-fast-v1,0.0057642805913839
452_UCR_id_150_Facility_tr_10000_1st_35774.csv,UCR,AnomalyTransformer,UCR,0.105564507693928,0.101140679958303,0.1055375188700734,0.1020050712939565,0.0044238277356249,2.6988823854573463e-05,0.0035594363999714,-0.0008643913356534,0.1,0.1,0.1,40000,100,CDU-protocol-fast-v1,0.0175219390854046
459_UCR_id_157_HumanActivity_tr_50000_1st_110260.csv,UCR,AnomalyTransformer,UCR,0.0988433091802118,0.1179875297797118,0.0999427935494586,0.1187700384066818,-0.0191442205995,-0.0010994843692468,-0.01992672922647,-0.00078250862697,0.1,0.1,0.1,200000,152,CDU-protocol-fast-v1,0.0015074483496992
463_UCR_id_161_Environment_tr_2046_1st_6006.csv,UCR,AnomalyTransformer,UCR,0.1185630840489511,0.1196583708489805,0.1183262024379395,0.119425373391231,-0.0010952868000293,0.0002368816110115,-0.0008622893422799,0.0002329974577494,0.1,0.1,0.1,8184,48,CDU-protocol-fast-v1,0.00749072523781
467_UCR_id_165_Environment_tr_6166_1st_19280.csv,UCR,AnomalyTransformer,UCR,0.1209630007443481,0.1116393572166555,0.1209471482218419,0.1136566920425863,0.0093236435276926,1.5852522506132338e-05,0.0073063087017617,-0.0020173348259308,0.1,0.1,0.1,24667,160,CDU-protocol-fast-v1,0.0070338361508993
471_UCR_id_169_Facility_tr_10000_1st_35774.csv,UCR,AnomalyTransformer,UCR,0.105564507693928,0.1043751544922921,0.1057777694108509,0.103363363151529,0.0011893532016359,-0.0002132617169229,0.0022011445423989,0.001011791340763,0.1,0.1,0.1,40000,100,CDU-protocol-fast-v1,0.0032379272462015
473_UCR_id_171_HumanActivity_tr_2617_1st_7290.csv,UCR,AnomalyTransformer,UCR,0.0981216509734105,0.1009039544452113,0.0978355923933973,0.0997362324758759,-0.0027823034718008,0.0002860585800131,-0.0016145815024654,0.0011677219693353,0.1,0.1,0.1,10468,6,CDU-protocol-fast-v1,0.0015168924883351
474_UCR_id_172_Environment_tr_2046_1st_6520.csv,UCR,AnomalyTransformer,UCR,0.10723534866331,0.1103791402818818,0.106814507156188,0.110242752353539,-0.0031437916185717,0.0004208415071219,-0.003007403690229,0.0001363879283427,0.1,0.1,0.1,8184,24,CDU-protocol-fast-v1,0.0041218129883628
493_UCR_id_191_Sensor_tr_2847_1st_9330.csv,UCR,AnomalyTransformer,UCR,0.0992995677617782,0.0951077209347968,0.0992305764832423,0.0964787742377567,0.0041918468269813,6.899127853583764e-05,0.0028207935240214,-0.0013710533029599,0.1,0.1,0.1,11388,10,CDU-protocol-fast-v1,0.0057560922461104
494_UCR_id_192_Facility_tr_22500_1st_72150.csv,UCR,AnomalyTransformer,UCR,0.1107148513825994,0.1176258723324208,0.1116914768358253,0.1191548961737069,-0.0069110209498214,-0.0009766254532259,-0.0084400447911075,-0.0015290238412861,0.1,0.1,0.1,90000,345,CDU-protocol-fast-v1,0.0048250208297635
495_UCR_id_193_Environment_tr_2046_1st_6520.csv,UCR,AnomalyTransformer,UCR,0.10723534866331,0.109465303789644,0.1067916854237276,0.1091646941063001,-0.002229955126334,0.0004436632395823,-0.0019293454429901,0.0003006096833438,0.1,0.1,0.1,8184,24,CDU-protocol-fast-v1,0.0040734209789494
496_UCR_id_194_Environment_tr_2046_1st_5391.csv,UCR,AnomalyTransformer,UCR,0.0963796022520707,0.0954090603423968,0.0961415216395294,0.0953367215164294,0.0009705419096739,0.0002380806125412,0.0010428807356412,7.233882596731356e-05,0.1,0.1,0.1,8184,1,CDU-protocol-fast-v1,0.0048971205591367
499_UCR_id_197_Environment_tr_2046_1st_5703.csv,UCR,AnomalyTransformer,UCR,0.10723534866331,0.1103768919333269,0.1070935642840604,0.1102537564082262,-0.0031415432700169,0.0001417843792495,-0.0030184077449162,0.0001231355251006,0.1,0.1,0.1,8184,24,CDU-protocol-fast-v1,0.0048528864311548
500_UCR_id_198_Facility_tr_7482_1st_23357.csv,UCR,AnomalyTransformer,UCR,0.1423675643632088,0.1708549424138867,0.1423969359550256,0.1707921573778448,-0.0284873780506779,-2.937159181679028e-05,-0.028424593014636,6.278503604190133e-05,0.1,0.1,0.1,29931,360,CDU-protocol-fast-v1,0.014597543794411
504_UCR_id_202_Environment_tr_2046_1st_5549.csv,UCR,AnomalyTransformer,UCR,0.118563084048951,0.1144266189270847,0.1183369625992583,0.1149629145802404,0.0041364651218663,0.0002261214496926,0.0036001694687105,-0.0005362956531557,0.1,0.1,0.1,8184,48,CDU-protocol-fast-v1,0.007612082838935
506_UCR_id_204_Environment_tr_2046_1st_5549.csv,UCR,AnomalyTransformer,UCR,0.118563084048951,0.1137205390491078,0.118085236750487,0.1134927868502176,0.0048425449998431,0.0004778472984639,0.0050702971987333,0.0002277521988901,0.1,0.1,0.1,8184,48,CDU-protocol-fast-v1,0.0072625044109315
516_UCR_id_214_HumanActivity_tr_2108_1st_4702.csv,UCR,AnomalyTransformer,UCR,0.0981981480063832,0.1015336485251135,0.0980562289965856,0.1000761735512959,-0.0033355005187303,0.0001419190097975,-0.0018780255449127,0.0014574749738175,0.1,0.1,0.1,8432,5,CDU-protocol-fast-v1,0.0020297660747971
517_UCR_id_215_Facility_tr_7482_1st_24005.csv,UCR,AnomalyTransformer,UCR,0.105199603494777,0.1094371610742333,0.10503155587183,0.1090535799697118,-0.0042375575794563,0.0001680476229469,-0.0038539764749348,0.0003835811045214,0.1,0.1,0.1,29931,72,CDU-protocol-fast-v1,0.005175801839852
525_UCR_id_223_Facility_tr_50000_1st_250720.csv,UCR,AnomalyTransformer,UCR,0.1042827843915398,0.1054694677639835,0.1054985102604245,0.1064370675485586,-0.0011866833724436,-0.0012157258688847,-0.0021542831570188,-0.0009675997845751,0.1,0.1,0.1,299790,650,CDU-protocol-fast-v1,0.0093482702449314
526_UCR_id_224_Sensor_tr_2827_1st_4711.csv,UCR,AnomalyTransformer,UCR,0.1293839363336781,0.1379882863957977,0.1290390335615768,0.1391122662887212,-0.0086043500621195,0.0003449027721012,-0.0097283299550431,-0.0011239798929235,0.1,0.1,0.1,11308,98,CDU-protocol-fast-v1,0.0119038617386526
530_UCR_id_228_HumanActivity_tr_16250_1st_38500.csv,UCR,AnomalyTransformer,UCR,0.1137357260461471,0.1075878731359734,0.1139638600029914,0.1103518407608689,0.0061478529101736,-0.0002281339568443,0.0033838852852781,-0.0027639676248955,0.1,0.1,0.1,65000,300,CDU-protocol-fast-v1,0.0049655488227084
531_SMAP_id_1_Sensor_tr_1811_1st_4510.csv,SMAP,AnomalyTransformer,SMAP,0.1377220089982345,0.135305076146723,0.1372710661946685,0.1343998400605719,0.0024169328515115,0.000450942803566,0.0033221689376625,0.000905236086151,0.1,0.1,0.1,7244,81,CDU-protocol-fast-v1,0.0
532_SMAP_id_2_Sensor_tr_2075_1st_5550.csv,SMAP,AnomalyTransformer,SMAP,0.2586579717482491,0.2427579628868421,0.2594177417704731,0.2451620494070363,0.015900008861407,-0.0007597700222239,0.0134959223412128,-0.0024040865201941,0.1,0.1,0.1,8302,351,CDU-protocol-fast-v1,0.1324269172991732
533_SMAP_id_3_Sensor_tr_2052_1st_5300.csv,SMAP,AnomalyTransformer,SMAP,0.6253025617499648,0.4043252835730163,0.6204380195071122,0.3967396896886614,0.2209772781769485,0.0048645422428525,0.2285628720613033,0.0075855938843548,0.1,0.1,0.1,8209,1121,CDU-protocol-fast-v1,0.1401686169111186
534_SMAP_id_4_Sensor_tr_1968_1st_4370.csv,SMAP,AnomalyTransformer,SMAP,0.1194258253104484,0.1202021127281363,0.1189342742155695,0.1192431526559821,-0.0007762874176878,0.0004915510948788,0.0001826726544663,0.0009589600721542,0.1,0.1,0.1,7874,51,CDU-protocol-fast-v1,0.0283740658351822
536_SMAP_id_6_Sensor_tr_2160_1st_5600.csv,SMAP,AnomalyTransformer,SMAP,0.1396981700018532,0.12668589887794,0.1392516446578988,0.1260847433682396,0.0130122711239132,0.0004465253439543,0.0136134266336135,0.0006011555097003,0.1,0.1,0.1,8640,101,CDU-protocol-fast-v1,0.0
537_SMAP_id_7_Sensor_tr_2077_1st_5394.csv,SMAP,AnomalyTransformer,SMAP,0.2257407489654368,0.1726738543664138,0.2253226718365146,0.1717413023197305,0.053066894599023,0.0004180771289221,0.0539994466457063,0.0009325520466832,0.1,0.1,0.1,8310,281,CDU-protocol-fast-v1,0.0422822450335095
538_SMAP_id_8_Sensor_tr_2007_1st_3650.csv,SMAP,AnomalyTransformer,SMAP,0.2240464097040339,0.1881823626861062,0.2142212398569397,0.1802855831395535,0.0358640470179277,0.0098251698470941,0.0437608265644803,0.0078967795465526,0.1,0.1,0.1,8029,268,CDU-protocol-fast-v1,0.0375584498364576
539_SMAP_id_9_Sensor_tr_1857_1st_4270.csv,SMAP,AnomalyTransformer,SMAP,0.1261608779249332,0.1196230614268964,0.1257484747373813,0.119109753495043,0.0065378164980367,0.0004124031875518,0.0070511244298901,0.0005133079318533,0.1,0.1,0.1,7431,61,CDU-protocol-fast-v1,0.0315134251371648
540_SMAP_id_10_Sensor_tr_2051_1st_4575.csv,SMAP,AnomalyTransformer,SMAP,0.182396117271583,0.1848312881502736,0.1809915947046874,0.1851283370419944,-0.0024351708786906,0.0014045225668955,-0.0027322197704114,-0.0002970488917208,0.1,0.1,0.1,8205,186,CDU-protocol-fast-v1,0.0304214956346488
541_SMAP_id_11_Sensor_tr_1832_1st_5300.csv,SMAP,AnomalyTransformer,SMAP,0.3318923522564446,0.3198631523368086,0.3322629347944295,0.3199065701491675,0.0120291999196359,-0.0003705825379849,0.011985782107277,-4.3417812358892416e-05,0.1,0.1,0.1,7331,448,CDU-protocol-fast-v1,0.0712081873696773
542_SMAP_id_12_Sensor_tr_1908_1st_4690.csv,SMAP,AnomalyTransformer,SMAP,0.1100333486114171,0.1130300243989219,0.1099074524776737,0.1133621653955254,-0.0029966757875048,0.0001258961337433,-0.0033288167841083,-0.0003321409966035,0.1,0.1,0.1,7632,31,CDU-protocol-fast-v1,0.0071542429420211
544_SMAP_id_14_Sensor_tr_1978_1st_4450.csv,SMAP,AnomalyTransformer,SMAP,0.1487826190130445,0.1730303253664884,0.1482239975273103,0.172828216625043,-0.0242477063534439,0.0005586214857341,-0.0240455976119985,0.0002021087414453,0.1,0.1,0.1,7914,111,CDU-protocol-fast-v1,0.0160821729374326
545_SMAP_id_15_Sensor_tr_1173_1st_2750.csv,SMAP,AnomalyTransformer,SMAP,0.1364992500618687,0.1211535084048017,0.1346058161322745,0.1190923556962442,0.0153457416570669,0.0018934339295942,0.0174068943656244,0.0020611527085574,0.1,0.1,0.1,4693,51,CDU-protocol-fast-v1,0.0393884963959955
546_SMAP_id_16_Sensor_tr_2117_1st_4770.csv,SMAP,AnomalyTransformer,SMAP,0.1498000626397371,0.1614007173179638,0.1503836401990411,0.1625690463585057,-0.0116006546782266,-0.000583577559304,-0.0127689837187685,-0.0011683290405418,0.1,0.1,0.1,8469,121,CDU-protocol-fast-v1,0.0212284616010197
547_SMAP_id_17_Sensor_tr_2133_1st_5400.csv,SMAP,AnomalyTransformer,SMAP,0.3782053894169124,0.3274853848874426,0.3772017744422895,0.3278190753180344,0.0507200045294697,0.0010036149746229,0.050386314098878,-0.0003336904305917,0.1,0.1,0.1,8532,623,CDU-protocol-fast-v1,0.0875244157438759
548_SMAP_id_18_Sensor_tr_2094_1st_5600.csv,SMAP,AnomalyTransformer,SMAP,0.1132732088639916,0.1077337556223167,0.1128088333789316,0.1068829716719942,0.0055394532416749,0.0004643754850599,0.0063902371919973,0.0008507839503224,0.1,0.1,0.1,8376,41,CDU-protocol-fast-v1,0.01124990447678
549_SMAP_id_19_Sensor_tr_1998_1st_2098.csv,SMAP,AnomalyTransformer,SMAP,0.1776462153288513,0.1683522664057888,0.1759512332677673,0.1680388612109995,0.0092939489230625,0.0016949820610839,0.0096073541178517,0.0003134051947892,0.1,0.1,0.1,8579,184,CDU-protocol-fast-v1,0.0328443480425395
550_SWaT_id_1_Sensor_tr_43700_1st_43800.csv,SWaT,AnomalyTransformer,SWaT,0.5695013226659786,0.8095299149614791,0.5625557303644245,0.799844641744653,-0.2400285922955004,0.0069455923015541,-0.2303433190786743,0.0096852732168261,0.1,0.1,0.1,419919,50653,CDU-protocol-fast-v1,0.1109473221317438
551_YAHOO_id_1_Synthetic_tr_500_1st_893.csv,YAHOO,AnomalyTransformer,YAHOO,0.0983326645536459,0.0955986661182077,0.0987496266930756,0.0954752896463544,0.0027339984354381,-0.0004169621394297,0.0028573749072914,0.0001233764718532,0.1,0.1,0.1,1421,1,CDU-protocol-fast-v1,0.0154231495938401
552_YAHOO_id_2_Synthetic_tr_500_1st_893.csv,YAHOO,AnomalyTransformer,YAHOO,0.0983326645536459,0.0955913527988841,0.0987182555334943,0.0974174659407375,0.0027413117547617,-0.0003855909798484,0.0009151986129083,-0.0018261131418534,0.1,0.1,0.1,1421,1,CDU-protocol-fast-v1,0.0333704959572624
555_YAHOO_id_5_WebService_tr_500_1st_730.csv,YAHOO,AnomalyTransformer,YAHOO,0.1048191137585639,0.0979295190684634,0.1043955857844461,0.0975293339590309,0.0068895946901005,0.0004235279741177,0.0072897797995329,0.0004001851094324,0.1,0.1,0.1,1680,4,CDU-protocol-fast-v1,0.0249158943112532
558_YAHOO_id_8_WebService_tr_500_1st_1125.csv,YAHOO,AnomalyTransformer,YAHOO,0.3124225835287523,0.411183101721512,0.314978177783027,0.4146116254138966,-0.0987605181927597,-0.0025555942542747,-0.1021890418851443,-0.0034285236923846,0.1,0.1,0.1,1427,80,CDU-protocol-fast-v1,0.0730242878878685
562_YAHOO_id_12_Synthetic_tr_500_1st_893.csv,YAHOO,AnomalyTransformer,YAHOO,0.0983326645536459,0.0924456409963272,0.0982805838508349,0.0926275590166533,0.0058870235573186,5.20807028109721e-05,0.0057051055369925,-0.0001819180203261,0.1,0.1,0.1,1421,1,CDU-protocol-fast-v1,0.018062842019593
570_YAHOO_id_20_Synthetic_tr_500_1st_658.csv,YAHOO,AnomalyTransformer,YAHOO,0.1064974257906056,0.1008862420452337,0.1071673946543206,0.102999469464579,0.0056111837453718,-0.000669968863715,0.0034979563260265,-0.0021132274193453,0.1,0.1,0.1,1421,4,CDU-protocol-fast-v1,0.0474531567553785
571_YAHOO_id_21_Synthetic_tr_500_1st_623.csv,YAHOO,AnomalyTransformer,YAHOO,0.1201053611855383,0.1057482784774065,0.1196584072818462,0.104904858558946,0.0143570827081317,0.000446953903692,0.0152005026265922,0.0008434199184604,0.1,0.1,0.1,1421,9,CDU-protocol-fast-v1,0.0361953579730304
579_YAHOO_id_29_WebService_tr_500_1st_1342.csv,YAHOO,AnomalyTransformer,YAHOO,0.0979130865456355,0.0914970985013801,0.0975175757237008,0.0909898201517445,0.0064159880442554,0.0003955108219346,0.0069232663938909,0.0005072783496355,0.1,0.1,0.1,1680,1,CDU-protocol-fast-v1,0.00638864136712
603_YAHOO_id_53_Synthetic_tr_500_1st_893.csv,YAHOO,AnomalyTransformer,YAHOO,0.0983326645536459,0.0976889505675179,0.098113849980743,0.0974740970202457,0.0006437139861279,0.0002188145729028,0.0008585675334001,0.0002148535472721,0.1,0.1,0.1,1421,1,CDU-protocol-fast-v1,0.0281513349431424
644_YAHOO_id_94_WebService_tr_500_1st_1078.csv,YAHOO,AnomalyTransformer,YAHOO,0.2977387032189041,0.3796034061455574,0.2980731319788359,0.3800768585235407,-0.0818647029266532,-0.0003344287599318,-0.0823381553046366,-0.0004734523779833,0.1,0.1,0.1,1435,75,CDU-protocol-fast-v1,0.0687073584940848
645_YAHOO_id_95_WebService_tr_500_1st_1047.csv,YAHOO,AnomalyTransformer,YAHOO,0.0979130865456355,0.0897913580715925,0.0975032305745353,0.0893352349146121,0.008121728474043,0.0004098559711001,0.0085778516310234,0.0004561231569804,0.1,0.1,0.1,1680,1,CDU-protocol-fast-v1,0.0318635795869074
649_YAHOO_id_99_WebService_tr_500_1st_1386.csv,YAHOO,AnomalyTransformer,YAHOO,0.0979130865456355,0.0937424040205588,0.0975647229292778,0.0934036346613815,0.0041706825250766,0.0003483636163576,0.0045094518842539,0.0003387693591772,0.1,0.1,0.1,1680,1,CDU-protocol-fast-v1,0.0973006634935465
657_YAHOO_id_107_WebService_tr_500_1st_1260.csv,YAHOO,AnomalyTransformer,YAHOO,0.0982967547241315,0.0967903479376156,0.0978104095203423,0.0963074638986333,0.0015064067865159,0.0004863452037891,0.0019892908254981,0.0004828840389822,0.1,0.1,0.1,1440,1,CDU-protocol-fast-v1,0.0797584450959314
658_YAHOO_id_108_Synthetic_tr_500_1st_893.csv,YAHOO,AnomalyTransformer,YAHOO,0.0983326645536459,0.0880665487412777,0.0988547959940652,0.0893172279398999,0.0102661158123681,-0.0005221314404193,0.0090154366137459,-0.0012506791986222,0.1,0.1,0.1,1421,1,CDU-protocol-fast-v1,0.0421387262656926
672_YAHOO_id_122_WebService_tr_500_1st_857.csv,YAHOO,AnomalyTransformer,YAHOO,0.0979130865456355,0.0983346713932742,0.0975483394928331,0.0979602602870665,-0.0004215848476386,0.0003647470528023,-4.717374143099751e-05,0.0003744111062077,0.1,0.1,0.1,1680,1,CDU-protocol-fast-v1,0.00638864136712
680_YAHOO_id_130_Synthetic_tr_500_1st_893.csv,YAHOO,AnomalyTransformer,YAHOO,0.0983326645536459,0.1001830517148691,0.0984812197689896,0.1015019472319982,-0.0018503871612232,-0.0001485552153437,-0.0031692826783523,-0.0013188955171291,0.1,0.1,0.1,1421,1,CDU-protocol-fast-v1,0.0288282327654519
689_YAHOO_id_139_WebService_tr_500_1st_1073.csv,YAHOO,AnomalyTransformer,YAHOO,0.0979130865456355,0.0957656139326319,0.0975577174913706,0.0950737081504752,0.0021474726130036,0.0003553690542648,0.0028393783951602,0.0006919057821566,0.1,0.1,0.1,1680,1,CDU-protocol-fast-v1,0.0140452816711338
693_YAHOO_id_143_WebService_tr_500_1st_1003.csv,YAHOO,AnomalyTransformer,YAHOO,0.1010313651260117,0.0918877607419639,0.1005188446125676,0.0913799818266316,0.0091436043840477,0.000512520513444,0.00965138329938,0.0005077789153322,0.1,0.1,0.1,1427,2,CDU-protocol-fast-v1,0.0150426313899953
701_YAHOO_id_151_Synthetic_tr_500_1st_893.csv,YAHOO,AnomalyTransformer,YAHOO,0.0983326645536459,0.0909503657521677,0.0984532328993563,0.0913640989852467,0.0073822988014781,-0.0001205683457104,0.0069685655683991,-0.000413733233079,0.1,0.1,0.1,1421,1,CDU-protocol-fast-v1,0.1812614224640313
723_YAHOO_id_173_WebService_tr_500_1st_1214.csv,YAHOO,AnomalyTransformer,YAHOO,0.1010580848538705,0.1031989026030144,0.100535228638568,0.1026330335829869,-0.0021408177491439,0.0005228562153024,-0.0015749487291164,0.0005658690200274,0.1,0.1,0.1,1420,2,CDU-protocol-fast-v1,0.0222609426674374
724_YAHOO_id_174_WebService_tr_500_1st_1030.csv,YAHOO,AnomalyTransformer,YAHOO,0.10712112282954,0.0964034489434117,0.106703226393531,0.0961758623206044,0.0107176738861283,0.0004178964360089,0.0109452605089356,0.0002275866228072,0.1,0.1,0.1,1680,5,CDU-protocol-fast-v1,0.0319916611567873
734_YAHOO_id_184_WebService_tr_500_1st_768.csv,YAHOO,AnomalyTransformer,YAHOO,0.7121097988984328,0.4845239900791141,0.7169757398664285,0.4873125688375942,0.2275858088193187,-0.0048659409679956,0.2247972300608386,-0.00278857875848,0.1,0.1,0.1,1424,227,CDU-protocol-fast-v1,0.228651698469906
741_YAHOO_id_191_WebService_tr_500_1st_1114.csv,YAHOO,AnomalyTransformer,YAHOO,0.1002150956166116,0.0898240997735813,0.0998036160006143,0.0894325902336783,0.0103909958430302,0.0004114796159972,0.0107825053829332,0.0003915095399029,0.1,0.1,0.1,1680,2,CDU-protocol-fast-v1,0.0129277502480297
755_YAHOO_id_205_Synthetic_tr_500_1st_893.csv,YAHOO,AnomalyTransformer,YAHOO,0.0983326645536459,0.0962903378989297,0.0982851776331217,0.0968075895182913,0.0020423266547161,4.748692052411463e-05,0.0015250750353545,-0.0005172516193616,0.1,0.1,0.1,1421,1,CDU-protocol-fast-v1,0.0381627022501828
762_YAHOO_id_212_WebService_tr_500_1st_1055.csv,YAHOO,AnomalyTransformer,YAHOO,0.1002150956166116,0.1099210290942436,0.0998408783055938,0.1096140617174008,-0.009705933477632,0.0003742173110178,-0.0093989661007892,0.0003069673768427,0.1,0.1,0.1,1680,2,CDU-protocol-fast-v1,0.0222570710752718
780_YAHOO_id_230_Synthetic_tr_500_1st_893.csv,YAHOO,AnomalyTransformer,YAHOO,0.0983326645536459,0.0934989980731053,0.0982268698331643,0.0937724105443085,0.0048336664805405,0.0001057947204815,0.0045602540093373,-0.0002734124712032,0.1,0.1,0.1,1421,1,CDU-protocol-fast-v1,0.0451270618640987
788_YAHOO_id_238_WebService_tr_500_1st_973.csv,YAHOO,AnomalyTransformer,YAHOO,0.0979130865456355,0.0966041045957172,0.0975717051398668,0.0961597150689687,0.0013089819499183,0.0003413814057687,0.0017533714766667,0.0004443895267484,0.1,0.1,0.1,1680,1,CDU-protocol-fast-v1,0.00638864136712
797_YAHOO_id_247_Synthetic_tr_500_1st_893.csv,YAHOO,AnomalyTransformer,YAHOO,0.0983326645536459,0.0948550639554532,0.0984552619733723,0.0959153111344527,0.0034776005981926,-0.0001225974197264,0.0024173534191931,-0.0010602471789995,0.1,0.1,0.1,1421,1,CDU-protocol-fast-v1,0.4362199622960811
806_YAHOO_id_256_Synthetic_tr_500_1st_893.csv,YAHOO,AnomalyTransformer,YAHOO,0.0983326645536459,0.1071664767249786,0.0983168792891645,0.1077295228191432,-0.0088338121713327,1.578526448137163e-05,-0.0093968582654973,-0.0005630460941646,0.1,0.1,0.1,1421,1,CDU-protocol-fast-v1,0.0758969939193124
807_YAHOO_id_257_WebService_tr_500_1st_1210.csv,YAHOO,AnomalyTransformer,YAHOO,0.1417805852464838,0.1301972019891372,0.1412639974645988,0.1297313022067886,0.0115833832573465,0.0005165877818849,0.0120492830396951,0.0004658997823485,0.1,0.1,0.1,1424,17,CDU-protocol-fast-v1,0.0323981890946397
810_Exathlon_id_1_Facility_tr_10766_1st_12590.csv,Exathlon,AnomalyTransformer,Exathlon,0.5910589381462512,0.6594060583860757,0.591286608551597,0.6620387470576742,-0.0683471202398244,-0.0002276704053457,-0.0709798089114229,-0.0026326886715984,0.1,0.1,0.1,43066,5437,CDU-protocol-fast-v1,0.1255136546040139
811_Exathlon_id_2_Facility_tr_10766_1st_12590.csv,Exathlon,AnomalyTransformer,Exathlon,0.5910589381462512,0.515289659163302,0.5897565570844414,0.5143909288474376,0.0757692789829491,0.0013023810618097,0.0766680092988135,0.0008987303158644,0.1,0.1,0.1,43066,5437,CDU-protocol-fast-v1,0.1513996081285032
812_Exathlon_id_3_Facility_tr_10766_1st_12590.csv,Exathlon,AnomalyTransformer,Exathlon,0.5910589381462512,0.3949622386184044,0.5834203955588458,0.3861160572378521,0.1960966995278468,0.0076385425874053,0.204942880908399,0.0088461813805522,0.1,0.1,0.1,43066,5437,CDU-protocol-fast-v1,0.1271175605266724
814_Exathlon_id_5_Facility_tr_10766_1st_12590.csv,Exathlon,AnomalyTransformer,Exathlon,0.5910589381462512,0.515289659163302,0.5897565570844414,0.5143909288474376,0.0757692789829491,0.0013023810618097,0.0766680092988135,0.0008987303158644,0.1,0.1,0.1,43066,5437,CDU-protocol-fast-v1,0.1513996081285032
815_Exathlon_id_6_Facility_tr_10766_1st_12590.csv,Exathlon,AnomalyTransformer,Exathlon,0.5910589381462512,0.3949622386184044,0.5834203955588458,0.3861160572378521,0.1960966995278468,0.0076385425874053,0.204942880908399,0.0088461813805522,0.1,0.1,0.1,43066,5437,CDU-protocol-fast-v1,0.1271175605266724
816_Exathlon_id_7_Facility_tr_10766_1st_12590.csv,Exathlon,AnomalyTransformer,Exathlon,0.5910589381462512,0.447824080505201,0.5883689342809743,0.4445243218797733,0.1432348576410502,0.0026900038652769,0.1465346162664778,0.0032997586254276,0.1,0.1,0.1,43066,5437,CDU-protocol-fast-v1,0.1240667372823896
817_Exathlon_id_8_Facility_tr_10766_1st_12590.csv,Exathlon,AnomalyTransformer,Exathlon,0.5910589381462512,0.5907887612902277,0.5903816696975799,0.5907729122792177,0.0002701768560234,0.0006772684486713,0.0002860258670335,1.584901101003844e-05,0.1,0.1,0.1,43066,5437,CDU-protocol-fast-v1,0.127842271227915
818_Exathlon_id_9_Facility_tr_11665_1st_13484.csv,Exathlon,AnomalyTransformer,Exathlon,0.3383966554327336,0.2336089939081875,0.3358860721052303,0.2311418954630723,0.1047876615245461,0.0025105833275033,0.1072547599696612,0.0024670984451151,0.1,0.1,0.1,46660,2928,CDU-protocol-fast-v1,0.1645578803474675
819_Exathlon_id_10_Facility_tr_10766_1st_12590.csv,Exathlon,AnomalyTransformer,Exathlon,0.5910589381462512,0.4387458545297075,0.5816964937316824,0.428339879151734,0.1523130836165437,0.0093624444145687,0.1627190589945171,0.0104059753779734,0.1,0.1,0.1,43066,5437,CDU-protocol-fast-v1,0.1714218686945261
820_Exathlon_id_11_Facility_tr_11665_1st_13484.csv,Exathlon,AnomalyTransformer,Exathlon,0.3383966554327336,0.2856122646634518,0.3291216696071725,0.2756433594074414,0.0527843907692818,0.0092749858255611,0.0627532960252922,0.0099689052560104,0.1,0.1,0.1,46660,2928,CDU-protocol-fast-v1,0.0959383542363001
821_Exathlon_id_12_Facility_tr_6985_1st_7085.csv,Exathlon,AnomalyTransformer,Exathlon,0.5029142696878764,0.4050369672810656,0.5022264684477421,0.4025538274637176,0.0978773024068108,0.0006878012401343,0.1003604422241588,0.0024831398173479,0.1,0.1,0.1,46649,4856,CDU-protocol-fast-v1,0.1028168163273806
822_Exathlon_id_13_Facility_tr_10766_1st_12590.csv,Exathlon,AnomalyTransformer,Exathlon,0.5910589381462512,0.5907887612902277,0.5903816696975799,0.5907729122792177,0.0002701768560234,0.0006772684486713,0.0002860258670335,1.584901101003844e-05,0.1,0.1,0.1,43066,5437,CDU-protocol-fast-v1,0.127842271227915
823_Exathlon_id_14_Facility_tr_10766_1st_12590.csv,Exathlon,AnomalyTransformer,Exathlon,0.5910589381462512,0.4417425956896094,0.5867749753619435,0.4378156931683226,0.1493163424566418,0.0042839627843077,0.1532432449779285,0.0039269025212867,0.1,0.1,0.1,43066,5437,CDU-protocol-fast-v1,0.2100455224648592
824_Exathlon_id_15_Facility_tr_10766_1st_12590.csv,Exathlon,AnomalyTransformer,Exathlon,0.5910589381462512,0.4367697206179154,0.5914776545097256,0.4360036091554951,0.1542892175283358,-0.0004187163634743,0.155055328990756,0.0007661114624202,0.1,0.1,0.1,43066,5437,CDU-protocol-fast-v1,0.1420222755725586
826_Exathlon_id_17_Facility_tr_11665_1st_13484.csv,Exathlon,AnomalyTransformer,Exathlon,0.3383966554327336,0.2856122646634518,0.3291216696071725,0.2756433594074414,0.0527843907692818,0.0092749858255611,0.0627532960252922,0.0099689052560104,0.1,0.1,0.1,46660,2928,CDU-protocol-fast-v1,0.0959383542363001
827_Exathlon_id_18_Facility_tr_10766_1st_12590.csv,Exathlon,AnomalyTransformer,Exathlon,0.5910589381462512,0.4367697206179154,0.5914776545097256,0.4360036091554951,0.1542892175283358,-0.0004187163634743,0.155055328990756,0.0007661114624202,0.1,0.1,0.1,43066,5437,CDU-protocol-fast-v1,0.1420222755725586
828_Exathlon_id_19_Facility_tr_11663_1st_13482.csv,Exathlon,AnomalyTransformer,Exathlon,0.3401291997647747,0.3021399170343675,0.3293454886681262,0.2913441164448517,0.0379892827304071,0.0107837110966484,0.0487850833199229,0.0107958005895157,0.1,0.1,0.1,46655,2948,CDU-protocol-fast-v1,0.0815826054338458
829_Exathlon_id_20_Facility_tr_10766_1st_12590.csv,Exathlon,AnomalyTransformer,Exathlon,0.5910589381462512,0.447824080505201,0.5883689342809743,0.4445243218797733,0.1432348576410502,0.0026900038652769,0.1465346162664778,0.0032997586254276,0.1,0.1,0.1,43066,5437,CDU-protocol-fast-v1,0.1240667372823896
830_Exathlon_id_21_Facility_tr_10766_1st_12590.csv,Exathlon,AnomalyTransformer,Exathlon,0.5910589381462512,0.5471087903381027,0.5869931128115633,0.5437456517752387,0.0439501478081485,0.0040658253346879,0.0473132863710125,0.0033631385628639,0.1,0.1,0.1,43066,5437,CDU-protocol-fast-v1,0.1264065460972551
831_Exathlon_id_22_Facility_tr_11665_1st_13484.csv,Exathlon,AnomalyTransformer,Exathlon,0.3383966554327336,0.2856122646634518,0.3291216696071725,0.2756433594074414,0.0527843907692818,0.0092749858255611,0.0627532960252922,0.0099689052560104,0.1,0.1,0.1,46660,2928,CDU-protocol-fast-v1,0.0959383542363001
832_Exathlon_id_23_Facility_tr_10766_1st_12590.csv,Exathlon,AnomalyTransformer,Exathlon,0.5910589381462512,0.447824080505201,0.5883689342809743,0.4445243218797733,0.1432348576410502,0.0026900038652769,0.1465346162664778,0.0032997586254276,0.1,0.1,0.1,43066,5437,CDU-protocol-fast-v1,0.1240667372823896
833_Exathlon_id_24_Facility_tr_10766_1st_12590.csv,Exathlon,AnomalyTransformer,Exathlon,0.5910589381462512,0.3949622386184044,0.5834203955588458,0.3861160572378521,0.1960966995278468,0.0076385425874053,0.204942880908399,0.0088461813805522,0.1,0.1,0.1,43066,5437,CDU-protocol-fast-v1,0.1271175605266724
834_Exathlon_id_25_Facility_tr_11665_1st_13484.csv,Exathlon,AnomalyTransformer,Exathlon,0.3383966554327336,0.2856122646634518,0.3291216696071725,0.2756433594074414,0.0527843907692818,0.0092749858255611,0.0627532960252922,0.0099689052560104,0.1,0.1,0.1,46660,2928,CDU-protocol-fast-v1,0.0959383542363001
835_Exathlon_id_26_Facility_tr_10766_1st_12590.csv,Exathlon,AnomalyTransformer,Exathlon,0.5910589381462512,0.6540245625665059,0.5902241487736887,0.6547731090272101,-0.0629656244202546,0.0008347893725625,-0.0637141708809588,-0.0007485464607042,0.1,0.1,0.1,43066,5437,CDU-protocol-fast-v1,0.1262919133877649
836_Exathlon_id_27_Facility_tr_10766_1st_12590.csv,Exathlon,AnomalyTransformer,Exathlon,0.5910589381462512,0.3949622386184044,0.5834203955588458,0.3861160572378521,0.1960966995278468,0.0076385425874053,0.204942880908399,0.0088461813805522,0.1,0.1,0.1,43066,5437,CDU-protocol-fast-v1,0.1271175605266724
837_Exathlon_id_28_Facility_tr_8898_1st_8998.csv,Exathlon,AnomalyTransformer,Exathlon,0.4205924877163967,0.4659297475088861,0.4149254080644843,0.4601036457796956,-0.0453372597924894,0.0056670796519123,-0.0395111580632989,0.0058261017291905,0.1,0.1,0.1,46650,3891,CDU-protocol-fast-v1,0.0909315877405304
838_Exathlon_id_29_Facility_tr_10766_1st_12590.csv,Exathlon,AnomalyTransformer,Exathlon,0.5910589381462512,0.5907887612902277,0.5903816696975799,0.5907729122792177,0.0002701768560234,0.0006772684486713,0.0002860258670335,1.584901101003844e-05,0.1,0.1,0.1,43066,5437,CDU-protocol-fast-v1,0.127842271227915
839_Exathlon_id_30_Facility_tr_10766_1st_12590.csv,Exathlon,AnomalyTransformer,Exathlon,0.5910589381462512,0.447824080505201,0.5883689342809743,0.4445243218797733,0.1432348576410502,0.0026900038652769,0.1465346162664778,0.0032997586254276,0.1,0.1,0.1,43066,5437,CDU-protocol-fast-v1,0.1240667372823896
840_Exathlon_id_31_Facility_tr_10766_1st_12590.csv,Exathlon,AnomalyTransformer,Exathlon,0.5910589381462512,0.4367697206179154,0.5914776545097256,0.4360036091554951,0.1542892175283358,-0.0004187163634743,0.155055328990756,0.0007661114624202,0.1,0.1,0.1,43066,5437,CDU-protocol-fast-v1,0.1420222755725586
841_Exathlon_id_32_Facility_tr_11663_1st_13482.csv,Exathlon,AnomalyTransformer,Exathlon,0.3401291997647747,0.2352715670401938,0.3276997570681313,0.2227641673947832,0.1048576327245808,0.0124294426966433,0.1173650323699914,0.0125073996454105,0.1,0.1,0.1,46655,2948,CDU-protocol-fast-v1,0.0720705168870796
842_OPPORTUNITY_id_1_HumanActivity_tr_7295_1st_27516.csv,OPPORTUNITY,AnomalyTransformer,OPPORTUNITY,0.1361741528429222,0.1560156124175955,0.1355238337512149,0.1555328206504078,-0.0198414595746733,0.0006503190917072,-0.0193586678074856,0.0004827917671877,0.1,0.1,0.1,29182,330,CDU-protocol-fast-v1,0.01170231924512
843_OPPORTUNITY_id_2_HumanActivity_tr_808_1st_908.csv,OPPORTUNITY,AnomalyTransformer,OPPORTUNITY,0.5871383142152801,0.7917259023505411,0.5879535728394526,0.7903447064501138,-0.204587588135261,-0.0008152586241725,-0.2032063922348337,0.0013811959004272,0.1,0.1,0.1,9057,1142,CDU-protocol-fast-v1,0.1508995184891483
844_OPPORTUNITY_id_3_HumanActivity_tr_500_1st_566.csv,OPPORTUNITY,AnomalyTransformer,OPPORTUNITY,0.3344604207133003,0.359826741030982,0.3273307302006098,0.3539551809377572,-0.0253663203176817,0.0071296905126904,-0.0194947602244568,0.0058715600932248,0.1,0.1,0.1,15653,967,CDU-protocol-fast-v1,0.0707408378303044
845_OPPORTUNITY_id_4_HumanActivity_tr_7295_1st_27516.csv,OPPORTUNITY,AnomalyTransformer,OPPORTUNITY,0.1361741528429222,0.1554119769111372,0.135566527986628,0.1551839023028793,-0.019237824068215,0.0006076248562941,-0.019009749459957,0.0002280746082579,0.1,0.1,0.1,29182,330,CDU-protocol-fast-v1,0.0113979304515725
846_OPPORTUNITY_id_5_HumanActivity_tr_2085_1st_2185.csv,OPPORTUNITY,AnomalyTransformer,OPPORTUNITY,0.2365509154601663,0.3009542656110027,0.2363043712136828,0.3016610975790472,-0.0644033501508364,0.0002465442464834,-0.0651101821188809,-0.0007068319680444,0.1,0.1,0.1,22194,818,CDU-protocol-fast-v1,0.0427584896661509
847_OPPORTUNITY_id_6_HumanActivity_tr_808_1st_908.csv,OPPORTUNITY,AnomalyTransformer,OPPORTUNITY,0.5871383142152801,0.8632380219754142,0.5890023117185894,0.8662550326751165,-0.2760997077601341,-0.0018639975033093,-0.2791167184598364,-0.0030170106997022,0.1,0.1,0.1,9057,1142,CDU-protocol-fast-v1,0.1349511648713589
848_OPPORTUNITY_id_7_HumanActivity_tr_1477_1st_1577.csv,OPPORTUNITY,AnomalyTransformer,OPPORTUNITY,0.1781275678879195,0.1663103770423931,0.1803394053757087,0.1683762616763689,0.0118171908455264,-0.0022118374877892,0.0097513062115505,-0.0020658846339758,0.1,0.1,0.1,18011,396,CDU-protocol-fast-v1,0.051567562808234
849_OPPORTUNITY_id_8_HumanActivity_tr_1100_1st_1200.csv,OPPORTUNITY,AnomalyTransformer,OPPORTUNITY,0.1877099177944515,0.2074945180166798,0.1885421565559047,0.2094246515085702,-0.0197846002222283,-0.0008322387614532,-0.0217147337141186,-0.0019301334918903,0.1,0.1,0.1,24892,608,CDU-protocol-fast-v1,0.0798886165860275
850_OPPORTUNITY_id_9_HumanActivity_tr_895_1st_995.csv,OPPORTUNITY,AnomalyTransformer,OPPORTUNITY,0.2084048165942393,0.2201727948202856,0.2080452432170998,0.2207429142362755,-0.0117679782260463,0.0003595733771394,-0.0123380976420362,-0.0005701194159899,0.1,0.1,0.1,14751,438,CDU-protocol-fast-v1,0.0355774244397511
851_OPPORTUNITY_id_10_HumanActivity_tr_6213_1st_7311.csv,OPPORTUNITY,AnomalyTransformer,OPPORTUNITY,0.2296003845866163,0.3405770580164143,0.2289243994485865,0.3408289466453439,-0.110976673429798,0.0006759851380297,-0.1112285620587276,-0.0002518886289296,0.1,0.1,0.1,24852,872,CDU-protocol-fast-v1,0.0360971087682445
853_OPPORTUNITY_id_12_HumanActivity_tr_808_1st_908.csv,OPPORTUNITY,AnomalyTransformer,OPPORTUNITY,0.5871383142152801,0.8985644465983316,0.5845099530141341,0.8986513647672082,-0.3114261323830515,0.0026283612011459,-0.3115130505519281,-8.691816887662629e-05,0.1,0.1,0.1,9057,1142,CDU-protocol-fast-v1,0.1292804434585417
854_OPPORTUNITY_id_13_HumanActivity_tr_1477_1st_1577.csv,OPPORTUNITY,AnomalyTransformer,OPPORTUNITY,0.1781275678879195,0.177713748489127,0.1789829449147012,0.1792751429948437,0.0004138193987925,-0.0008553770267817,-0.0011475751069242,-0.0015613945057167,0.1,0.1,0.1,18011,396,CDU-protocol-fast-v1,0.0303941585410156
855_OPPORTUNITY_id_14_HumanActivity_tr_808_1st_908.csv,OPPORTUNITY,AnomalyTransformer,OPPORTUNITY,0.5871383142152801,0.850462249982976,0.6169352869908998,0.8892513473601935,-0.2633239357676959,-0.0297969727756197,-0.3021130331449134,-0.0387890973772174,0.1,0.1,0.1,9057,1142,CDU-protocol-fast-v1,0.2690397187865522
856_OPPORTUNITY_id_15_HumanActivity_tr_808_1st_908.csv,OPPORTUNITY,AnomalyTransformer,OPPORTUNITY,0.5871383142152801,0.8821147358487812,0.5867926064792097,0.8836759197269564,-0.2949764216335011,0.0003457077360703,-0.2965376055116763,-0.0015611838781751,0.1,0.1,0.1,9057,1142,CDU-protocol-fast-v1,0.1269812854748856
857_OPPORTUNITY_id_16_HumanActivity_tr_500_1st_566.csv,OPPORTUNITY,AnomalyTransformer,OPPORTUNITY,0.3344604207133003,0.4337740256159521,0.33516458878105,0.4354020166710101,-0.0993136049026517,-0.0007041680677496,-0.1009415959577098,-0.001627991055058,0.1,0.1,0.1,15653,967,CDU-protocol-fast-v1,0.0994807150554722
858_OPPORTUNITY_id_17_HumanActivity_tr_808_1st_908.csv,OPPORTUNITY,AnomalyTransformer,OPPORTUNITY,0.5871383142152801,0.924768669751845,0.586517728808576,0.926712936965998,-0.3376303555365649,0.000620585406704,-0.339574622750718,-0.001944267214153,0.1,0.1,0.1,9057,1142,CDU-protocol-fast-v1,0.12633825239044
859_OPPORTUNITY_id_18_HumanActivity_tr_895_1st_995.csv,OPPORTUNITY,AnomalyTransformer,OPPORTUNITY,0.2084048165942393,0.231208047481942,0.2080416563729889,0.2312291498712424,-0.0228032308877026,0.0003631602212503,-0.0228243332770031,-2.11023893004203e-05,0.1,0.1,0.1,14751,438,CDU-protocol-fast-v1,0.0304200635610489
860_OPPORTUNITY_id_19_HumanActivity_tr_808_1st_908.csv,OPPORTUNITY,AnomalyTransformer,OPPORTUNITY,0.5871383142152801,0.8533380355622447,0.5822060972307602,0.8503963713553907,-0.2661997213469647,0.0049322169845198,-0.2632580571401106,0.002941664206854,0.1,0.1,0.1,9057,1142,CDU-protocol-fast-v1,0.1284796442704165
861_OPPORTUNITY_id_20_HumanActivity_tr_2085_1st_2185.csv,OPPORTUNITY,AnomalyTransformer,OPPORTUNITY,0.2365509154601663,0.2669523683629944,0.2368752114179343,0.2682337004744543,-0.0304014529028281,-0.000324295957768,-0.0316827850142879,-0.0012813321114598,0.1,0.1,0.1,22194,818,CDU-protocol-fast-v1,0.0533727127173557
862_OPPORTUNITY_id_21_HumanActivity_tr_500_1st_566.csv,OPPORTUNITY,AnomalyTransformer,OPPORTUNITY,0.3344604207133003,0.4067945500712892,0.3347121984406264,0.4080260911784983,-0.0723341293579888,-0.000251777727326,-0.073565670465198,-0.0012315411072091,0.1,0.1,0.1,15653,967,CDU-protocol-fast-v1,0.0763519467191624
863_OPPORTUNITY_id_22_HumanActivity_tr_808_1st_908.csv,OPPORTUNITY,AnomalyTransformer,OPPORTUNITY,0.5871383142152801,0.8387032793027022,0.5699727951689892,0.820273294894874,-0.2515649650874221,0.0171655190462908,-0.2331349806795939,0.0184299844078281,0.1,0.1,0.1,9057,1142,CDU-protocol-fast-v1,0.1273531594412862
865_OPPORTUNITY_id_24_HumanActivity_tr_2085_1st_2185.csv,OPPORTUNITY,AnomalyTransformer,OPPORTUNITY,0.2365509154601663,0.2672391635365892,0.2372063972202421,0.2708118299423652,-0.0306882480764229,-0.0006554817600758,-0.0342609144821989,-0.003572666405776,0.1,0.1,0.1,22194,818,CDU-protocol-fast-v1,0.0494578443803807
866_OPPORTUNITY_id_25_HumanActivity_tr_6213_1st_7311.csv,OPPORTUNITY,AnomalyTransformer,OPPORTUNITY,0.2296003845866163,0.3173672055964974,0.2324456758226042,0.3208326451012109,-0.087766821009881,-0.0028452912359879,-0.0912322605145946,-0.0034654395047135,0.1,0.1,0.1,24852,872,CDU-protocol-fast-v1,0.0432566306836957
867_OPPORTUNITY_id_26_HumanActivity_tr_808_1st_908.csv,OPPORTUNITY,AnomalyTransformer,OPPORTUNITY,0.5871383142152801,0.9450234805858582,0.5792315409454832,0.9426969545894892,-0.3578851663705781,0.0079067732697968,-0.3555586403742092,0.0023265259963688,0.1,0.1,0.1,9057,1142,CDU-protocol-fast-v1,0.1145365191520255
868_OPPORTUNITY_id_27_HumanActivity_tr_2085_1st_2185.csv,OPPORTUNITY,AnomalyTransformer,OPPORTUNITY,0.2365509154601663,0.2875607068096743,0.2377934608395748,0.2901939241608009,-0.051009791349508,-0.0012425453794085,-0.0536430087006346,-0.0026332173511265,0.1,0.1,0.1,22194,818,CDU-protocol-fast-v1,0.0622247779298596
869_OPPORTUNITY_id_28_HumanActivity_tr_500_1st_566.csv,OPPORTUNITY,AnomalyTransformer,OPPORTUNITY,0.3344604207133003,0.4593897499875343,0.3575990792588915,0.4884256702259739,-0.124929329274234,-0.0231386585455912,-0.1539652495126736,-0.0290359202384395,0.1,0.1,0.1,15653,967,CDU-protocol-fast-v1,0.3320062056839076
870_OPPORTUNITY_id_29_HumanActivity_tr_1477_1st_1577.csv,OPPORTUNITY,AnomalyTransformer,OPPORTUNITY,0.1781275678879195,0.1837525974478287,0.178612307727747,0.1852446783627051,-0.0056250295599092,-0.0004847398398274,-0.0071171104747856,-0.0014920809148764,0.1,0.1,0.1,18011,396,CDU-protocol-fast-v1,0.0429425558209658
