series_id,source_dataset,detector,outer_fold,L_null,L_basis,L_detector,L_basis_detector,basis_utility,detector_utility,basis_detector_utility,CDU,C_basis,C_detector,C_basis_detector,n_points,n_anomalies,protocol_version,control
001_NAB_id_1_Facility_tr_1007_1st_2014.csv,NAB,duplicate_Var-96,NAB,0.4271930261014086,0.4049530644436562,0.3825779457650519,0.4049534364133591,0.0222399616577523,0.0446150803363566,0.0222395896880494,-3.719697029280767e-07,0.1,0.1,0.1,4031,343,CDU-protocol-fast-v1,duplicate_Var-96
002_NAB_id_2_WebService_tr_1500_1st_4106.csv,NAB,duplicate_Var-96,NAB,0.5109811005857584,0.5019596616707005,0.5154282230542432,0.50196021952632,0.0090214389150579,-0.0044471224684847,0.0090208810594384,-5.578556194762996e-07,0.1,0.1,0.1,6000,637,CDU-protocol-fast-v1,duplicate_Var-96
005_NAB_id_5_Traffic_tr_594_1st_1645.csv,NAB,duplicate_Var-96,NAB,0.4866326352417378,0.4225410306074325,0.4975213859520831,0.4225441277782761,0.0640916046343053,-0.0108887507103453,0.0640885074634616,-3.097170843624486e-06,0.1,0.1,0.1,2379,238,CDU-protocol-fast-v1,duplicate_Var-96
006_NAB_id_6_Traffic_tr_2579_1st_5839.csv,NAB,duplicate_Var-96,NAB,0.4857335332016683,0.5030185169729929,0.514662276672599,0.5030179651637097,-0.0172849837713246,-0.0289287434709307,-0.0172844319620413,5.518092832668131e-07,0.1,0.1,0.1,10319,1030,CDU-protocol-fast-v1,duplicate_Var-96
008_NAB_id_8_Synthetic_tr_1007_1st_2734.csv,NAB,duplicate_Var-96,NAB,0.4853806728505995,0.3491487638325485,0.444625489924121,0.3491501737279744,0.136231909018051,0.0407551829264785,0.136230499122625,-1.40989542596337e-06,0.1,0.1,0.1,4031,402,CDU-protocol-fast-v1,duplicate_Var-96
009_NAB_id_9_Traffic_tr_500_1st_438.csv,NAB,duplicate_Var-96,NAB,0.4862815616001811,0.4577284733710112,0.4624669439103309,0.4577294264968383,0.0285530882291699,0.0238146176898501,0.0285521351033427,-9.531258271522348e-07,0.1,0.1,0.1,2161,216,CDU-protocol-fast-v1,duplicate_Var-96
010_NAB_id_10_WebService_tr_500_1st_271.csv,NAB,duplicate_Var-96,NAB,0.6772894492172364,0.6757135752540563,0.6040974202810503,0.675712283155598,0.0015758739631801,0.0731920289361861,0.0015771660616384,1.292098458338664e-06,0.1,0.1,0.1,1000,148,CDU-protocol-fast-v1,duplicate_Var-96
011_NAB_id_11_Facility_tr_1007_1st_1526.csv,NAB,duplicate_Var-96,NAB,0.5563893265106291,0.4704058326094067,0.4993849627517884,0.4704078279075859,0.0859834939012224,0.0570043637588406,0.0859814986030432,-1.995298179180427e-06,0.1,0.1,0.1,4031,474,CDU-protocol-fast-v1,duplicate_Var-96
013_NAB_id_13_Traffic_tr_623_1st_2084.csv,NAB,duplicate_Var-96,NAB,0.4842338922682348,0.3962528349165996,0.427902222348442,0.3962538375060596,0.0879810573516352,0.0563316699197928,0.0879800547621751,-1.0025894600640406e-06,0.1,0.1,0.1,2494,248,CDU-protocol-fast-v1,duplicate_Var-96
014_NAB_id_14_WebService_tr_500_1st_1045.csv,NAB,duplicate_Var-96,NAB,0.4820684243308183,0.4939130394542483,0.4543467623965916,0.4939125616436514,-0.0118446151234299,0.0277216619342266,-0.0118441373128331,4.77810596866135e-07,0.1,0.1,0.1,1537,152,CDU-protocol-fast-v1,duplicate_Var-96
015_NAB_id_15_Synthetic_tr_1007_1st_2787.csv,NAB,duplicate_Var-96,NAB,0.5948523472431452,0.7760293975346706,0.6226244260567724,0.776024396414148,-0.1811770502915254,-0.0277720788136272,-0.1811720491710028,5.001120522596381e-06,0.1,0.1,0.1,4031,513,CDU-protocol-fast-v1,duplicate_Var-96
016_NAB_id_16_Environment_tr_1816_1st_3540.csv,NAB,duplicate_Var-96,NAB,0.4850429707481395,0.4376926895900296,0.4735999804690392,0.4376937802897802,0.0473502811581099,0.0114429902791002,0.0473491904583593,-1.0906997505721885e-06,0.1,0.1,0.1,7266,724,CDU-protocol-fast-v1,duplicate_Var-96
017_NAB_id_17_Synthetic_tr_1007_1st_1805.csv,NAB,duplicate_Var-96,NAB,0.4853806728505994,0.5534003198707411,0.4718262406713329,0.5533983462691402,-0.0680196470201417,0.0135544321792664,-0.0680176734185408,1.973601600924191e-06,0.1,0.1,0.1,4031,402,CDU-protocol-fast-v1,duplicate_Var-96
018_NAB_id_18_Facility_tr_500_1st_669.csv,NAB,duplicate_Var-96,NAB,0.4862541770224173,0.5522336731389618,0.494829317727734,0.5522328040964156,-0.0659794961165444,-0.0085751407053166,-0.0659786270739983,8.690425461477247e-07,0.1,0.1,0.1,1881,188,CDU-protocol-fast-v1,duplicate_Var-96
019_NAB_id_19_Facility_tr_1007_1st_1171.csv,NAB,duplicate_Var-96,NAB,0.483408210248932,0.4719329833680825,0.4488519989407254,0.4719322797789115,0.0114752268808495,0.0345562113082065,0.0114759304700204,7.035891709250564e-07,0.1,0.1,0.1,4031,400,CDU-protocol-fast-v1,duplicate_Var-96
020_NAB_id_20_Synthetic_tr_1007_1st_2679.csv,NAB,duplicate_Var-96,NAB,0.7013653277331897,0.8742667449843253,0.7314859143064336,0.8742609744327591,-0.1729014172511356,-0.0301205865732439,-0.1728956466995693,5.770551566253168e-06,0.1,0.1,0.1,4031,621,CDU-protocol-fast-v1,duplicate_Var-96
022_NAB_id_22_Facility_tr_1007_1st_2980.csv,NAB,duplicate_Var-96,NAB,0.6017559663489813,0.4471628834985517,0.5373047908652145,0.4471636693950668,0.1545930828504296,0.0644511754837667,0.1545922969539144,-7.858965151430475e-07,0.1,0.1,0.1,4031,520,CDU-protocol-fast-v1,duplicate_Var-96
023_NAB_id_23_Facility_tr_4512_1st_16551.csv,NAB,duplicate_Var-96,NAB,0.4188672974141275,0.4009310411488355,0.4131130214149151,0.400931617875769,0.0179362562652919,0.0057542759992123,0.0179356795383585,-5.767269334877589e-07,0.1,0.1,0.1,18049,1498,CDU-protocol-fast-v1,duplicate_Var-96
024_NAB_id_24_Synthetic_tr_1007_1st_2787.csv,NAB,duplicate_Var-96,NAB,0.5948523472431452,0.5576899651953611,0.5863404305870746,0.5576921865043208,0.0371623820477841,0.0085119166560705,0.0371601607388243,-2.221308959771129e-06,0.1,0.1,0.1,4031,513,CDU-protocol-fast-v1,duplicate_Var-96
025_NAB_id_25_WebService_tr_3958_1st_4614.csv,NAB,duplicate_Var-96,NAB,0.4856619904702664,0.5141484620284618,0.4853394730109765,0.514147984904953,-0.0284864715581953,0.0003225174592899,-0.0284859944346865,4.771235088130155e-07,0.1,0.1,0.1,15832,1580,CDU-protocol-fast-v1,duplicate_Var-96
026_NAB_id_26_Traffic_tr_624_1st_2261.csv,NAB,duplicate_Var-96,NAB,0.4675345826450365,0.3812191677117147,0.4331111262265388,0.3812218016268122,0.0863154149333217,0.0344234564184977,0.0863127810182243,-2.633915097471906e-06,0.1,0.1,0.1,2499,238,CDU-protocol-fast-v1,duplicate_Var-96
027_NAB_id_27_Facility_tr_757_1st_2582.csv,NAB,duplicate_Var-96,NAB,0.3512382483885998,0.2900068948565441,0.3286691228427696,0.2900093974449906,0.0612313535320557,0.0225691255458301,0.0612288509436091,-2.502588446584575e-06,0.1,0.1,0.1,3031,200,CDU-protocol-fast-v1,duplicate_Var-96
028_NAB_id_28_Facility_tr_1007_1st_3447.csv,NAB,duplicate_Var-96,NAB,0.5129951492739443,0.4682624740937041,0.4846243805457461,0.4682654367668141,0.0447326751802402,0.0283707687281981,0.0447297125071301,-2.96267311006293e-06,0.1,0.1,0.1,4031,430,CDU-protocol-fast-v1,duplicate_Var-96
032_WSD_id_4_WebService_tr_4559_1st_11822.csv,WSD,duplicate_Var-96,WSD,0.1075299854438183,0.1116774515005216,0.1056575525813531,0.1116713194167744,-0.0041474660567032,0.0018724328624651,-0.0041413339729561,6.132083747112382e-06,0.1,0.1,0.1,10686,32,CDU-protocol-fast-v1,duplicate_Var-96
039_WSD_id_11_WebService_tr_1746_1st_1846.csv,WSD,duplicate_Var-96,WSD,0.123945251401589,0.117165915369355,0.1190269733481616,0.1171605514444586,0.006779336032234,0.0049182780534273,0.0067846999571303,5.363924896389927e-06,0.1,0.1,0.1,18219,132,CDU-protocol-fast-v1,duplicate_Var-96
040_WSD_id_12_WebService_tr_4559_1st_9714.csv,WSD,duplicate_Var-96,WSD,0.1046479863466841,0.1124326024770673,0.1038845984299069,0.1124327638821466,-0.0077846161303831,0.0007633879167771,-0.0077847775354625,-1.6140507937134618e-07,0.1,0.1,0.1,18236,41,CDU-protocol-fast-v1,duplicate_Var-96
043_WSD_id_15_WebService_tr_4521_1st_6828.csv,WSD,duplicate_Var-96,WSD,0.097246602480544,0.102515453101583,0.0973537866115786,0.1025093645473179,-0.005268850621039,-0.0001071841310346,-0.0052627620667739,6.088554265065715e-06,0.1,0.1,0.1,18085,6,CDU-protocol-fast-v1,duplicate_Var-96
049_WSD_id_21_WebService_tr_4297_1st_7097.csv,WSD,duplicate_Var-96,WSD,0.1029301495095835,0.104141769354132,0.1021681603071013,0.1041365989867111,-0.0012116198445484,0.0007619892024821,-0.0012064494771276,5.170367420828659e-06,0.1,0.1,0.1,17189,31,CDU-protocol-fast-v1,duplicate_Var-96
054_WSD_id_26_WebService_tr_2409_1st_2509.csv,WSD,duplicate_Var-96,WSD,0.1098244691869262,0.1131182814548376,0.1078683995858101,0.1131114954015388,-0.0032938122679113,0.0019560696011161,-0.0032870262146126,6.786053298707406e-06,0.1,0.1,0.1,18391,66,CDU-protocol-fast-v1,duplicate_Var-96
058_WSD_id_30_WebService_tr_1136_1st_1236.csv,WSD,duplicate_Var-96,WSD,0.0976595358796754,0.1041579276002816,0.0976503909421742,0.1041513692158021,-0.0064983917206062,9.144937501190388e-06,-0.0064918333361267,6.558384479465884e-06,0.1,0.1,0.1,18236,8,CDU-protocol-fast-v1,duplicate_Var-96
060_WSD_id_32_WebService_tr_4576_1st_4766.csv,WSD,duplicate_Var-96,WSD,0.1174846082653973,0.1171885962943928,0.1138185998264498,0.1171791754447494,0.0002960119710045,0.0036660084389475,0.0003054328206478,9.420849643324014e-06,0.1,0.1,0.1,18305,102,CDU-protocol-fast-v1,duplicate_Var-96
068_WSD_id_40_WebService_tr_4549_1st_13322.csv,WSD,duplicate_Var-96,WSD,0.1021198938700692,0.1071976929509372,0.1024550085270378,0.1071911087702882,-0.005077799080868,-0.0003351146569686,-0.005071214900219,6.5841806489858046e-06,0.1,0.1,0.1,18197,29,CDU-protocol-fast-v1,duplicate_Var-96
074_WSD_id_46_WebService_tr_990_1st_1090.csv,WSD,duplicate_Var-96,WSD,0.1573790216886592,0.1352386893013269,0.1467376404458018,0.1352278499859466,0.0221403323873322,0.0106413812428573,0.0221511717027125,1.0839315380234416e-05,0.1,0.1,0.1,18236,290,CDU-protocol-fast-v1,duplicate_Var-96
089_WSD_id_61_WebService_tr_1010_1st_1110.csv,WSD,duplicate_Var-96,WSD,0.1493653476999775,0.128044486996481,0.1400847853251479,0.1280341356632715,0.0213208607034965,0.0092805623748295,0.0213312120367059,1.0351333209424052e-05,0.1,0.1,0.1,17429,241,CDU-protocol-fast-v1,duplicate_Var-96
094_WSD_id_66_WebService_tr_3309_1st_3914.csv,WSD,duplicate_Var-96,WSD,0.1061765244045372,0.1079952254932525,0.1047727248685266,0.1079880756087116,-0.0018187010887152,0.0014037995360106,-0.0018115512041744,7.149884540841311e-06,0.1,0.1,0.1,13237,35,CDU-protocol-fast-v1,duplicate_Var-96
099_WSD_id_71_WebService_tr_4559_1st_14411.csv,WSD,duplicate_Var-96,WSD,0.1046479863466841,0.111021903213316,0.103305007777064,0.1110176570313011,-0.0063739168666318,0.00134297856962,-0.006369670684617,4.246182014888689e-06,0.1,0.1,0.1,18236,41,CDU-protocol-fast-v1,duplicate_Var-96
106_WSD_id_78_WebService_tr_3363_1st_3463.csv,WSD,duplicate_Var-96,WSD,0.1427668070758227,0.1281631660111524,0.134217390750192,0.1281582960935962,0.0146036410646702,0.0085494163256306,0.0146085109822265,4.86991755621613e-06,0.1,0.1,0.1,18236,221,CDU-protocol-fast-v1,duplicate_Var-96
113_WSD_id_85_WebService_tr_500_1st_335.csv,WSD,duplicate_Var-96,WSD,0.1198876437419788,0.1188265995285171,0.1163202512309283,0.1188150809307853,0.0010610442134617,0.0035673925110504,0.0010725628111934,1.1518597731741131e-05,0.1,0.1,0.1,18242,113,CDU-protocol-fast-v1,duplicate_Var-96
117_WSD_id_89_WebService_tr_3251_1st_3351.csv,WSD,duplicate_Var-96,WSD,0.0966728392159828,0.1038122200571789,0.0968683286736122,0.1038057125941952,-0.0071393808411961,-0.0001954894576294,-0.0071328733782124,6.507462983668111e-06,0.1,0.1,0.1,16376,3,CDU-protocol-fast-v1,duplicate_Var-96
125_WSD_id_97_WebService_tr_2217_1st_2317.csv,WSD,duplicate_Var-96,WSD,0.1302459870741442,0.1302520570592606,0.1253895912534458,0.1302421976413833,-6.069985116402554e-06,0.0048563958206983,3.789432760886724e-06,9.859417877289278e-06,0.1,0.1,0.1,18250,162,CDU-protocol-fast-v1,duplicate_Var-96
130_WSD_id_102_WebService_tr_2362_1st_2462.csv,WSD,duplicate_Var-96,WSD,0.1372607551927249,0.1338780040566449,0.1298616472234366,0.1338639757453136,0.0033827511360799,0.0073991079692883,0.0033967794474112,1.4028311331293342e-05,0.1,0.1,0.1,18236,195,CDU-protocol-fast-v1,duplicate_Var-96
137_WSD_id_109_WebService_tr_4559_1st_14404.csv,WSD,duplicate_Var-96,WSD,0.108459868419598,0.1147442587137088,0.1064024585063021,0.1147373382475821,-0.0062843902941108,0.0020574099132958,-0.0062774698279841,6.920466126658642e-06,0.1,0.1,0.1,18236,59,CDU-protocol-fast-v1,duplicate_Var-96
139_WSD_id_111_WebService_tr_1701_1st_1801.csv,WSD,duplicate_Var-96,WSD,0.1142441227835626,0.1124211147084028,0.1118362763097349,0.1124140729592567,0.0018230080751597,0.0024078464738276,0.0018300498243058,7.0417491460778026e-06,0.1,0.1,0.1,18381,87,CDU-protocol-fast-v1,duplicate_Var-96
140_MSL_id_1_Sensor_tr_530_1st_630.csv,MSL,duplicate_Var-96,MSL,0.2873686381761706,0.3059045243505106,0.2661763534619778,0.3058920203601746,-0.0185358861743399,0.0211922847141927,-0.018523382184004,1.2503990335921422e-05,0.1,0.1,0.1,2430,121,CDU-protocol-fast-v1,duplicate_Var-96
141_MSL_id_2_Sensor_tr_500_1st_550.csv,MSL,duplicate_Var-96,MSL,0.6332567791885708,0.6388590499559477,0.5936127214339821,0.6388845860566774,-0.0056022707673768,0.0396440577545886,-0.0056278068681066,-2.5536100729750544e-05,0.1,0.1,0.1,2264,312,CDU-protocol-fast-v1,duplicate_Var-96
143_MSL_id_4_Sensor_tr_980_1st_3550.csv,MSL,duplicate_Var-96,MSL,0.2429866472843507,0.1940817129302176,0.2183481807560133,0.1940720614867068,0.0489049343541331,0.0246384665283374,0.0489145857976438,9.651443510755309e-06,0.1,0.1,0.1,3922,151,CDU-protocol-fast-v1,duplicate_Var-96
144_MSL_id_5_Sensor_tr_1525_1st_4590.csv,MSL,duplicate_Var-96,MSL,0.1760790536021126,0.169985411306579,0.1850280540116083,0.1699935820936477,0.0060936422955336,-0.0089490004094957,0.0060854715084648,-8.170787068717544e-06,0.1,0.1,0.1,6100,131,CDU-protocol-fast-v1,duplicate_Var-96
145_MSL_id_6_Sensor_tr_530_1st_630.csv,MSL,duplicate_Var-96,MSL,0.2873686381761706,0.2761726888593286,0.2641364400162307,0.2761637204860128,0.0111959493168419,0.0232321981599398,0.0112049176901578,8.968373315820788e-06,0.1,0.1,0.1,2430,121,CDU-protocol-fast-v1,duplicate_Var-96
147_MSL_id_8_Sensor_tr_590_1st_690.csv,MSL,duplicate_Var-96,MSL,0.4992263389006856,0.3907201765619901,0.454467582220304,0.3907081788712394,0.1085061623386954,0.0447587566803815,0.1085181600294461,1.1997690750664702e-05,0.1,0.1,0.1,2430,252,CDU-protocol-fast-v1,duplicate_Var-96
148_MSL_id_9_Sensor_tr_883_1st_1238.csv,MSL,duplicate_Var-96,MSL,0.3451521701195715,0.2882097530028368,0.3059113544515376,0.2881961344192765,0.0569424171167347,0.0392408156680338,0.056956035700295,1.361858356030421e-05,0.1,0.1,0.1,3535,228,CDU-protocol-fast-v1,duplicate_Var-96
149_Stock_id_1_Finance_tr_500_1st_7.csv,Stock,duplicate_Var-96,Stock,0.2842191306939363,0.2454306815710683,0.2798369322092676,0.2454304802559483,0.0387884491228679,0.0043821984846686,0.0387886504379879,2.013151199908858e-07,0.1,0.1,0.1,20000,981,CDU-protocol-fast-v1,duplicate_Var-96
151_Stock_id_3_Finance_tr_500_1st_62.csv,Stock,duplicate_Var-96,Stock,0.2828372009833035,0.2527133972023364,0.2796002644071003,0.252711896721254,0.0301238037809671,0.0032369365762032,0.0301253042620494,1.5004810823282533e-06,0.1,0.1,0.1,10000,487,CDU-protocol-fast-v1,duplicate_Var-96
155_Stock_id_7_Finance_tr_500_1st_18.csv,Stock,duplicate_Var-96,Stock,0.2826397824532131,0.2421855532885009,0.2780666450435571,0.2421854052748874,0.0404542291647122,0.0045731374096559,0.0404543771783256,1.480136134490717e-07,0.1,0.1,0.1,20000,973,CDU-protocol-fast-v1,duplicate_Var-96
156_Stock_id_8_Finance_tr_500_1st_24.csv,Stock,duplicate_Var-96,Stock,0.2820475268629419,0.2562301892201621,0.2802795227951243,0.2562285533577962,0.0258173376427797,0.0017680040678175,0.0258189735051456,1.635862365900742e-06,0.1,0.1,0.1,10000,485,CDU-protocol-fast-v1,duplicate_Var-96
160_Stock_id_12_Finance_tr_500_1st_14.csv,Stock,duplicate_Var-96,Stock,0.2842191306939363,0.2453936984954448,0.2804184385748411,0.2453933877748771,0.0388254321984914,0.0038006921190951,0.0388257429190591,3.107205676922131e-07,0.1,0.1,0.1,20000,981,CDU-protocol-fast-v1,duplicate_Var-96
162_Stock_id_14_Finance_tr_500_1st_4.csv,Stock,duplicate_Var-96,Stock,0.6354266957247445,0.5522324078821944,0.6322022608453278,0.5522319469342798,0.0831942878425501,0.0032244348794167,0.0831947487904647,4.609479146155948e-07,0.1,0.1,0.1,10000,1380,CDU-protocol-fast-v1,duplicate_Var-96
165_Stock_id_17_Finance_tr_500_1st_7.csv,Stock,duplicate_Var-96,Stock,0.6429285998681795,0.5576391440709365,0.6405738631565542,0.5576399788231674,0.085289455797243,0.0023547367116253,0.0852886210450121,-8.347522308937982e-07,0.1,0.1,0.1,20000,2798,CDU-protocol-fast-v1,duplicate_Var-96
166_Stock_id_18_Finance_tr_500_1st_18.csv,Stock,duplicate_Var-96,Stock,0.642731181338089,0.5600653335879421,0.6390724719374931,0.5600657817165182,0.0826658477501469,0.0036587094005959,0.0826653996215708,-4.4812857613596446e-07,0.1,0.1,0.1,20000,2797,CDU-protocol-fast-v1,duplicate_Var-96
169_Daphnet_id_1_HumanActivity_tr_9693_1st_20732.csv,Daphnet,duplicate_Var-96,Daphnet,0.3254223915528967,0.2368700903937531,0.2934818404041698,0.236870694567184,0.0885523011591436,0.0319405511487269,0.0885516969857126,-6.041734309514268e-07,0.1,0.1,0.1,38774,2306,CDU-protocol-fast-v1,duplicate_Var-96
170_MITDB_id_1_Medical_tr_17675_1st_17775.csv,MITDB,duplicate_Var-96,MITDB,0.271582878822378,0.2887418738617924,0.2700432427896409,0.2887389733483462,-0.0171589950394143,0.0015396360327371,-0.0171560945259682,2.900513446146835e-06,0.1,0.1,0.1,500000,22845,CDU-protocol-fast-v1,duplicate_Var-96
171_MITDB_id_2_Medical_tr_50000_1st_88864.csv,MITDB,duplicate_Var-96,MITDB,0.211197624167007,0.1696606055995633,0.2011608087785849,0.1696612309940617,0.0415370185674436,0.010036815388422,0.0415363931729452,-6.253944984380144e-07,0.1,0.1,0.1,650000,19657,CDU-protocol-fast-v1,duplicate_Var-96
172_MITDB_id_3_Medical_tr_27274_1st_27374.csv,MITDB,duplicate_Var-96,MITDB,0.2018886191173119,0.2604056175074725,0.2115549575130437,0.2604032065053518,-0.0585169983901605,-0.0096663383957318,-0.0585145873880399,2.4110021206169563e-06,0.1,0.1,0.1,650000,18109,CDU-protocol-fast-v1,duplicate_Var-96
173_MITDB_id_4_Medical_tr_13620_1st_13720.csv,MITDB,duplicate_Var-96,MITDB,0.49398571361269,0.5355416748998293,0.523365655450691,0.5355277165445708,-0.0415559612871392,-0.029379941838001,-0.0415420029318807,1.39583552585254e-05,0.1,0.1,0.1,650000,66682,CDU-protocol-fast-v1,duplicate_Var-96
175_MITDB_id_6_Medical_tr_27274_1st_27374.csv,MITDB,duplicate_Var-96,MITDB,0.2018886191173119,0.2007848397009577,0.2034829398464716,0.200785265086351,0.0011037794163542,-0.0015943207291596,0.0011033540309608,-4.2538539338221604e-07,0.1,0.1,0.1,650000,18109,CDU-protocol-fast-v1,duplicate_Var-96
176_MITDB_id_7_Medical_tr_6232_1st_6332.csv,MITDB,duplicate_Var-96,MITDB,0.3231402139603378,0.2623315432049894,0.3200339807501259,0.2623322257361297,0.0608086707553484,0.0031062332102118,0.060807988224208,-6.825311403280132e-07,0.1,0.1,0.1,650000,38272,CDU-protocol-fast-v1,duplicate_Var-96
177_MITDB_id_8_Medical_tr_17675_1st_17775.csv,MITDB,duplicate_Var-96,MITDB,0.2561009450365638,0.2477174295812171,0.2522321987906836,0.2477175455622634,0.0083835154553466,0.0038687462458801,0.0083833994743003,-1.1598104637799977e-07,0.1,0.1,0.1,650000,27124,CDU-protocol-fast-v1,duplicate_Var-96
178_SMD_id_1_Facility_tr_6000_1st_10609.csv,SMD,duplicate_Var-96,SMD,0.1638312951952854,0.1537953957124617,0.1574323497131987,0.1538028514389394,0.0100358994828236,0.0063989454820866,0.0100284437563459,-7.45572647772863e-06,0.1,0.1,0.1,24000,427,CDU-protocol-fast-v1,duplicate_Var-96
179_SMD_id_2_Facility_tr_5925_1st_17580.csv,SMD,duplicate_Var-96,SMD,0.1211528492406375,0.1171366726745031,0.116543985910191,0.1171332025373794,0.0040161765661343,0.0046088633304464,0.004019646703258,3.47013712367894e-06,0.1,0.1,0.1,23703,161,CDU-protocol-fast-v1,duplicate_Var-96
180_SMD_id_3_Facility_tr_5925_1st_17580.csv,SMD,duplicate_Var-96,SMD,0.1211528492406375,0.1100294495002292,0.1165381859232953,0.1100291188094629,0.0111233997404082,0.0046146633173421,0.0111237304311745,3.3069076624259175e-07,0.1,0.1,0.1,23703,161,CDU-protocol-fast-v1,duplicate_Var-96
181_SMD_id_4_Facility_tr_5000_1st_15144.csv,SMD,duplicate_Var-96,SMD,0.2709547640029155,0.2117561266938344,0.2429543206212285,0.2117634531016877,0.0591986373090811,0.028000443381687,0.0591913109012277,-7.326407853364136e-06,0.1,0.1,0.1,20000,908,CDU-protocol-fast-v1,duplicate_Var-96
183_SMD_id_6_Facility_tr_5925_1st_17580.csv,SMD,duplicate_Var-96,SMD,0.1211528492406375,0.1188709987924464,0.116542956934649,0.1188771859817231,0.002281850448191,0.0046098923059885,0.0022756632589143,-6.187189276737892e-06,0.1,0.1,0.1,23703,161,CDU-protocol-fast-v1,duplicate_Var-96
184_SMD_id_7_Facility_tr_7119_1st_15849.csv,SMD,duplicate_Var-96,SMD,0.4618409014875731,0.3905077706318494,0.4139903563207863,0.390535711469987,0.0713331308557237,0.0478505451667868,0.0713051900175861,-2.794083813761894e-05,0.1,0.1,0.1,28479,2694,CDU-protocol-fast-v1,duplicate_Var-96
185_SMD_id_8_Facility_tr_5000_1st_15144.csv,SMD,duplicate_Var-96,SMD,0.2709547640029155,0.2062684251945096,0.2427939563438591,0.2062672235544571,0.0646863388084059,0.0281608076590564,0.0646875404484583,1.20164005243395e-06,0.1,0.1,0.1,20000,908,CDU-protocol-fast-v1,duplicate_Var-96
187_SMD_id_10_Facility_tr_5000_1st_15849.csv,SMD,duplicate_Var-96,SMD,0.5196700438303502,0.4536615152933103,0.4947608135572883,0.453643089514775,0.0660085285370399,0.0249092302730619,0.0660269543155751,1.8425778535224868e-05,0.1,0.1,0.1,20000,2190,CDU-protocol-fast-v1,duplicate_Var-96
188_SMD_id_11_Facility_tr_500_1st_392.csv,SMD,duplicate_Var-96,SMD,0.2285381802882731,0.1818046186838234,0.2073043059907937,0.1818096795387801,0.0467335616044497,0.0212338742974793,0.046728500749493,-5.0608549567177086e-06,0.1,0.1,0.1,23703,817,CDU-protocol-fast-v1,duplicate_Var-96
189_SMD_id_12_Facility_tr_5925_1st_17580.csv,SMD,duplicate_Var-96,SMD,0.1211528492406375,0.1190850138092801,0.1165456081029071,0.1190782081390826,0.0020678354313573,0.0046072411377303,0.0020746411015548,6.805670197423952e-06,0.1,0.1,0.1,23703,161,CDU-protocol-fast-v1,duplicate_Var-96
190_SMD_id_13_Facility_tr_7119_1st_15849.csv,SMD,duplicate_Var-96,SMD,0.4618409014875731,0.3919164966075203,0.4169846729383504,0.3919360215771437,0.0699244048800528,0.0448562285492227,0.0699048799104293,-1.952496962343009e-05,0.1,0.1,0.1,28479,2694,CDU-protocol-fast-v1,duplicate_Var-96
191_SMD_id_14_Facility_tr_4596_1st_4696.csv,SMD,duplicate_Var-96,SMD,0.119753404460246,0.1130077511720168,0.1154183532398669,0.1130137921904206,0.0067456532882292,0.004335051220379,0.0067396122698253,-6.041018403873943e-06,0.1,0.1,0.1,22700,146,CDU-protocol-fast-v1,duplicate_Var-96
192_SMD_id_15_Facility_tr_5925_1st_17580.csv,SMD,duplicate_Var-96,SMD,0.1211528492406375,0.1188449945822097,0.1165458498996079,0.1188596371532007,0.0023078546584277,0.0046069993410295,0.0022932120874367,-1.4642570991027504e-05,0.1,0.1,0.1,23703,161,CDU-protocol-fast-v1,duplicate_Var-96
194_SMD_id_17_Facility_tr_5925_1st_17580.csv,SMD,duplicate_Var-96,SMD,0.1211528492406375,0.120780238185619,0.1165491223989957,0.1207807261026794,0.0003726110550184,0.0046037268416417,0.000372123137958,-4.879170604765726e-07,0.1,0.1,0.1,23703,161,CDU-protocol-fast-v1,duplicate_Var-96
195_SMD_id_18_Facility_tr_5925_1st_17580.csv,SMD,duplicate_Var-96,SMD,0.1211528492406375,0.1199466435746843,0.1165412700615637,0.119952459516736,0.0012062056659531,0.0046115791790738,0.0012003897239015,-5.815942051692891e-06,0.1,0.1,0.1,23703,161,CDU-protocol-fast-v1,duplicate_Var-96
196_SMD_id_19_Facility_tr_7174_1st_21230.csv,SMD,duplicate_Var-96,SMD,0.1207587804090861,0.1132244898334223,0.1165842442337871,0.1132265913143955,0.0075342905756637,0.0041745361752989,0.0075321890946905,-2.1014809732516904e-06,0.1,0.1,0.1,28696,192,CDU-protocol-fast-v1,duplicate_Var-96
197_SMD_id_20_Facility_tr_5000_1st_15144.csv,SMD,duplicate_Var-96,SMD,0.2709547640029155,0.2110341991262148,0.2429341655462129,0.2110405128178579,0.0599205648767007,0.0280205984567026,0.0599142511850576,-6.313691643111685e-06,0.1,0.1,0.1,20000,908,CDU-protocol-fast-v1,duplicate_Var-96
198_SMD_id_21_Facility_tr_5925_1st_17580.csv,SMD,duplicate_Var-96,SMD,0.1211528492406375,0.1026275190672519,0.1165593391526658,0.1026222492662499,0.0185253301733856,0.0045935100879716,0.0185305999743875,5.269801001961394e-06,0.1,0.1,0.1,23703,161,CDU-protocol-fast-v1,duplicate_Var-96
199_SMD_id_22_Facility_tr_5925_1st_17580.csv,SMD,duplicate_Var-96,SMD,0.1211528492406375,0.1183540435536104,0.1165464684145755,0.1183430135281773,0.0027988056870271,0.0046063808260619,0.0028098357124601,1.1030025433053647e-05,0.1,0.1,0.1,23703,161,CDU-protocol-fast-v1,duplicate_Var-96
201_SMD_id_24_Facility_tr_7174_1st_21230.csv,SMD,duplicate_Var-96,SMD,0.1215700670490047,0.1156505215331957,0.1173759818118185,0.1156516552235309,0.0059195455158089,0.0041940852371861,0.0059184118254737,-1.1336903352615613e-06,0.1,0.1,0.1,28696,198,CDU-protocol-fast-v1,duplicate_Var-96
202_SMD_id_25_Facility_tr_6250_1st_21230.csv,SMD,duplicate_Var-96,SMD,0.1050411077560964,0.1013703232409772,0.1034218533184966,0.101371694194614,0.0036707845151192,0.0016192544375997,0.0036694135614823,-1.3709536368922135e-06,0.1,0.1,0.1,25000,66,CDU-protocol-fast-v1,duplicate_Var-96
203_SMD_id_26_Facility_tr_7174_1st_21230.csv,SMD,duplicate_Var-96,SMD,0.1215700670490047,0.1200077187712047,0.11721488637458,0.1200072879337183,0.0015623482777999,0.0043551806744246,0.0015627791152863,4.30837486381508e-07,0.1,0.1,0.1,28696,198,CDU-protocol-fast-v1,duplicate_Var-96
204_SMD_id_27_Facility_tr_5000_1st_15144.csv,SMD,duplicate_Var-96,SMD,0.2709547640029155,0.2069648302629172,0.2425555541498744,0.2069641443826754,0.0639899337399983,0.028399209853041,0.06399061962024,6.858802417408771e-07,0.1,0.1,0.1,20000,908,CDU-protocol-fast-v1,duplicate_Var-96
205_SMD_id_28_Facility_tr_5925_1st_17580.csv,SMD,duplicate_Var-96,SMD,0.1211528492406375,0.1193331199463451,0.1165449642901458,0.1193393416163847,0.0018197292942924,0.0046078849504916,0.0018135076242527,-6.221670039621707e-06,0.1,0.1,0.1,23703,161,CDU-protocol-fast-v1,duplicate_Var-96
206_SMD_id_29_Facility_tr_6250_1st_21230.csv,SMD,duplicate_Var-96,SMD,0.1050411077560964,0.0999328127973178,0.1034321747554894,0.0999354049386822,0.0051082949587785,0.001608933000607,0.0051057028174141,-2.592141364415878e-06,0.1,0.1,0.1,25000,66,CDU-protocol-fast-v1,duplicate_Var-96
207_SMD_id_30_Facility_tr_7174_1st_21230.csv,SMD,duplicate_Var-96,SMD,0.1215700670490047,0.1169352311823476,0.1172198487308744,0.1169343582900433,0.004634835866657,0.0043502183181302,0.0046357087589613,8.728923042850001e-07,0.1,0.1,0.1,28696,198,CDU-protocol-fast-v1,duplicate_Var-96
208_SMD_id_31_Facility_tr_5000_1st_15144.csv,SMD,duplicate_Var-96,SMD,0.2709547640029155,0.206706762159856,0.2433507729578496,0.2067073955690221,0.0642480018430595,0.0276039910450659,0.0642473684338934,-6.334091660897823e-07,0.1,0.1,0.1,20000,908,CDU-protocol-fast-v1,duplicate_Var-96
209_SMD_id_32_Facility_tr_5925_1st_17580.csv,SMD,duplicate_Var-96,SMD,0.1211528492406375,0.1135918212557138,0.1165478122838974,0.1135907918717178,0.0075610279849236,0.00460503695674,0.0075620573689196,1.0293839959318871e-06,0.1,0.1,0.1,23703,161,CDU-protocol-fast-v1,duplicate_Var-96
211_SMD_id_34_Facility_tr_5925_1st_17580.csv,SMD,duplicate_Var-96,SMD,0.1211528492406375,0.1167572483688051,0.1165487794150924,0.1167534333900087,0.0043956008718323,0.004604069825545,0.0043994158506287,3.814978796326529e-06,0.1,0.1,0.1,23703,161,CDU-protocol-fast-v1,duplicate_Var-96
212_SMD_id_35_Facility_tr_5925_1st_17580.csv,SMD,duplicate_Var-96,SMD,0.1211528492406375,0.1120833026663713,0.1165450514481746,0.1120865151126798,0.0090695465742662,0.0046077977924628,0.0090663341279577,-3.2124463084926003e-06,0.1,0.1,0.1,23703,161,CDU-protocol-fast-v1,duplicate_Var-96
213_SMD_id_36_Facility_tr_5925_1st_17580.csv,SMD,duplicate_Var-96,SMD,0.1211528492406375,0.1163881516323721,0.1165477588642041,0.1163865872933346,0.0047646976082654,0.0046050903764333,0.0047662619473028,1.564339037474216e-06,0.1,0.1,0.1,23703,161,CDU-protocol-fast-v1,duplicate_Var-96
214_SMD_id_37_Facility_tr_5925_1st_17580.csv,SMD,duplicate_Var-96,SMD,0.1211528492406375,0.1171415301151051,0.116543985910191,0.1171380654969524,0.0040113191255324,0.0046088633304464,0.004014783743685,3.464618152621002e-06,0.1,0.1,0.1,23703,161,CDU-protocol-fast-v1,duplicate_Var-96
215_SMD_id_38_Facility_tr_5925_1st_17580.csv,SMD,duplicate_Var-96,SMD,0.1211528492406375,0.112376640965352,0.1165519478952276,0.1123816618193914,0.0087762082752854,0.0046009013454099,0.008771187421246,-5.0208540394725e-06,0.1,0.1,0.1,23703,161,CDU-protocol-fast-v1,duplicate_Var-96
216_LTDB_id_1_Medical_tr_500_1st_266.csv,LTDB,duplicate_Var-96,LTDB,0.6891010258760193,0.8135599863558549,0.7706438821654553,0.8135563830905834,-0.1244589604798356,-0.081542856289436,-0.1244553572145641,3.6032652714901295e-06,0.1,0.1,0.1,100000,14857,CDU-protocol-fast-v1,duplicate_Var-96
218_LTDB_id_3_Medical_tr_500_1st_266.csv,LTDB,duplicate_Var-96,LTDB,0.6891010258760193,0.8116671806914406,0.7832428001149168,0.8116674557096742,-0.1225661548154213,-0.0941417742388974,-0.1225664298336549,-2.7501823363085265e-07,0.1,0.1,0.1,100000,14857,CDU-protocol-fast-v1,duplicate_Var-96
219_LTDB_id_4_Medical_tr_3618_1st_3718.csv,LTDB,duplicate_Var-96,LTDB,0.6859997535145896,0.5360155259800385,0.6005267646282058,0.5360195630247089,0.1499842275345511,0.0854729888863838,0.1499801904898807,-4.037044670335277e-06,0.1,0.1,0.1,100000,14781,CDU-protocol-fast-v1,duplicate_Var-96
220_LTDB_id_5_Medical_tr_500_1st_26.csv,LTDB,duplicate_Var-96,LTDB,1.370891270807115,1.255518898174517,1.2871988523596174,1.2555174650875431,0.1153723726325981,0.0836924184474976,0.1153738057195719,1.4330869737566587e-06,0.1,0.1,0.1,100000,31565,CDU-protocol-fast-v1,duplicate_Var-96
221_LTDB_id_6_Medical_tr_500_1st_26.csv,LTDB,duplicate_Var-96,LTDB,1.370891270807115,1.3280117005197238,1.3669085818182094,1.328064737707929,0.0428795702873912,0.0039826889889056,0.0428265330991859,-5.303718820526271e-05,0.1,0.1,0.1,100000,31565,CDU-protocol-fast-v1,duplicate_Var-96
222_LTDB_id_7_Medical_tr_3618_1st_3718.csv,LTDB,duplicate_Var-96,LTDB,0.6859997535145896,0.54009858408009,0.5998090510935522,0.5401010606686413,0.1459011694344996,0.0861907024210374,0.1458986928459483,-2.47658855123678e-06,0.1,0.1,0.1,100000,14781,CDU-protocol-fast-v1,duplicate_Var-96
223_LTDB_id_8_Medical_tr_4456_1st_4556.csv,LTDB,duplicate_Var-96,LTDB,0.7422307181731396,0.6884882427890551,0.7764557691353823,0.6885541889520106,0.0537424753840845,-0.0342250509622427,0.0536765292211289,-6.594616295552136e-05,0.1,0.1,0.1,100000,16159,CDU-protocol-fast-v1,duplicate_Var-96
224_LTDB_id_9_Medical_tr_4456_1st_4556.csv,LTDB,duplicate_Var-96,LTDB,0.7422307181731396,0.6489258264292193,0.6953132918831564,0.6489518896563897,0.0933048917439203,0.0469174262899831,0.0932788285167498,-2.606322717046972e-05,0.1,0.1,0.1,100000,16159,CDU-protocol-fast-v1,duplicate_Var-96
225_MGAB_id_1_Synthetic_tr_25000_1st_38478.csv,MGAB,duplicate_Var-96,MGAB,0.1039169459995007,0.0979115798404858,0.1045266770479232,0.0979112215207072,0.0060053661590148,-0.0006097310484225,0.0060057244787934,3.583197785705927e-07,0.1,0.1,0.1,100000,200,CDU-protocol-fast-v1,duplicate_Var-96
226_MGAB_id_2_Synthetic_tr_20000_1st_45134.csv,MGAB,duplicate_Var-96,MGAB,0.1029523934361121,0.0978226278592649,0.1036648377958775,0.0978222732624758,0.0051297655768471,-0.0007124443597654,0.0051301201736362,3.545967890150603e-07,0.1,0.1,0.1,80000,140,CDU-protocol-fast-v1,duplicate_Var-96
227_MGAB_id_3_Synthetic_tr_25000_1st_44340.csv,MGAB,duplicate_Var-96,MGAB,0.1039169459995007,0.0979524953332422,0.1040078708116373,0.0979521432600637,0.0059644506662585,-9.09248121366002e-05,0.0059648027394369,3.520731784306675e-07,0.1,0.1,0.1,100000,200,CDU-protocol-fast-v1,duplicate_Var-96
228_MGAB_id_4_Synthetic_tr_25000_1st_38948.csv,MGAB,duplicate_Var-96,MGAB,0.1039169459995007,0.0986708666196153,0.1040326228349975,0.0986704996784154,0.0052460793798854,-0.0001156768354968,0.0052464463210852,3.669411998696859e-07,0.1,0.1,0.1,100000,200,CDU-protocol-fast-v1,duplicate_Var-96
229_MGAB_id_5_Synthetic_tr_25000_1st_33098.csv,MGAB,duplicate_Var-96,MGAB,0.1039169459995007,0.0981966680969096,0.1041906228950722,0.098196355863632,0.005720277902591,-0.0002736768955715,0.0057205901358686,3.122332775662429e-07,0.1,0.1,0.1,100000,200,CDU-protocol-fast-v1,duplicate_Var-96
231_MGAB_id_7_Synthetic_tr_25000_1st_35544.csv,MGAB,duplicate_Var-96,MGAB,0.1039169459995007,0.0978956366509571,0.1045035645812063,0.0978952795110717,0.0060213093485435,-0.0005866185817055,0.0060216664884289,3.571398853735586e-07,0.1,0.1,0.1,100000,200,CDU-protocol-fast-v1,duplicate_Var-96
232_MGAB_id_8_Synthetic_tr_25000_1st_32708.csv,MGAB,duplicate_Var-96,MGAB,0.1039169459995007,0.098360244024226,0.1045878795864424,0.0983599169763828,0.0055567019752747,-0.0006709335869417,0.0055570290231178,3.27047843112771e-07,0.1,0.1,0.1,100000,200,CDU-protocol-fast-v1,duplicate_Var-96
233_MGAB_id_9_Synthetic_tr_25000_1st_41300.csv,MGAB,duplicate_Var-96,MGAB,0.1039169459995007,0.0983871495209075,0.104946933335678,0.0983868474331497,0.0055297964785931,-0.0010299873361773,0.0055300985663509,3.020877577669667e-07,0.1,0.1,0.1,100000,200,CDU-protocol-fast-v1,duplicate_Var-96
234_SED_id_1_Medical_tr_3740_1st_3840.csv,SED,duplicate_Var-96,SED,0.2807100157311135,0.3622889568139242,0.3295514970395236,0.3622889397930766,-0.0815789410828107,-0.0488414813084101,-0.0815789240619631,1.7020847620230484e-08,0.1,0.1,0.1,19999,960,CDU-protocol-fast-v1,duplicate_Var-96
236_SED_id_3_Medical_tr_3740_1st_3840.csv,SED,duplicate_Var-96,SED,0.2369935222269394,0.3042156069040745,0.2746334874431092,0.3042159507153324,-0.0672220846771351,-0.0376399652161698,-0.067222428488393,-3.438112579079444e-07,0.1,0.1,0.1,39999,1472,CDU-protocol-fast-v1,duplicate_Var-96
237_SVDB_id_1_Medical_tr_11587_1st_11687.csv,SVDB,duplicate_Var-96,SVDB,0.388165207582728,0.285981930812124,0.3463935851297743,0.2859820503987342,0.102183276770604,0.0417716224529536,0.1021831571839937,-1.1958661028099726e-07,0.1,0.1,0.1,130400,9852,CDU-protocol-fast-v1,duplicate_Var-96
238_SVDB_id_2_Medical_tr_25000_1st_71963.csv,SVDB,duplicate_Var-96,SVDB,0.1200336852038119,0.1106797733902398,0.1176908684485666,0.1106793473363207,0.0093539118135721,0.0023428167552452,0.0093543378674911,4.26053919019842e-07,0.1,0.1,0.1,100000,676,CDU-protocol-fast-v1,duplicate_Var-96
239_SVDB_id_3_Medical_tr_50000_1st_106634.csv,SVDB,duplicate_Var-96,SVDB,0.1529458823630081,0.1454441598335838,0.147916231651748,0.1454433381941126,0.0075017225294242,0.00502965071126,0.0075025441688954,8.21639471154656e-07,0.1,0.1,0.1,230400,3503,CDU-protocol-fast-v1,duplicate_Var-96
240_SVDB_id_4_Medical_tr_18462_1st_18562.csv,SVDB,duplicate_Var-96,SVDB,0.273147030425738,0.2512344580954489,0.2639653388989311,0.251233655988121,0.021912572330289,0.0091816915268068,0.021913374437617,8.021073279462776e-07,0.1,0.1,0.1,130400,6004,CDU-protocol-fast-v1,duplicate_Var-96
241_SVDB_id_5_Medical_tr_11587_1st_11687.csv,SVDB,duplicate_Var-96,SVDB,0.388165207582728,0.3260048650495591,0.3619961897738196,0.3259974919914539,0.0621603425331688,0.0261690178089083,0.0621677155912741,7.373058105220043e-06,0.1,0.1,0.1,130400,9852,CDU-protocol-fast-v1,duplicate_Var-96
243_SVDB_id_7_Medical_tr_11393_1st_11493.csv,SVDB,duplicate_Var-96,SVDB,0.213533155492278,0.210862519827718,0.2118187717261417,0.2108645678834561,0.0026706356645599,0.0017143837661362,0.0026685876088219,-2.048055738085308e-06,0.1,0.1,0.1,180400,5547,CDU-protocol-fast-v1,duplicate_Var-96
244_SVDB_id_8_Medical_tr_17803_1st_17903.csv,SVDB,duplicate_Var-96,SVDB,0.211483179210855,0.1833569314321821,0.207357293813511,0.1833565688503136,0.0281262477786728,0.0041258853973439,0.0281266103605413,3.625818684738213e-07,0.1,0.1,0.1,130400,3941,CDU-protocol-fast-v1,duplicate_Var-96
245_SVDB_id_9_Medical_tr_12607_1st_12707.csv,SVDB,duplicate_Var-96,SVDB,0.4154187379111702,0.3297470153080774,0.3677994854615011,0.3297484984031703,0.0856717226030928,0.047619252449669,0.0856702395079999,-1.4830950929023423e-06,0.1,0.1,0.1,180400,14891,CDU-protocol-fast-v1,duplicate_Var-96
246_SVDB_id_10_Medical_tr_20100_1st_68460.csv,SVDB,duplicate_Var-96,SVDB,0.119621420445735,0.114088665285106,0.1189757617907518,0.1140885320128055,0.0055327551606289,0.0006456586549831,0.0055328884329294,1.3327230045934169e-07,0.1,0.1,0.1,80400,535,CDU-protocol-fast-v1,duplicate_Var-96
247_SVDB_id_11_Medical_tr_20100_1st_23611.csv,SVDB,duplicate_Var-96,SVDB,0.139497778725546,0.1302767391436085,0.1338834959344039,0.1302770773508361,0.0092210395819375,0.005614282791142,0.0092207013747099,-3.382072276125747e-07,0.1,0.1,0.1,80400,945,CDU-protocol-fast-v1,duplicate_Var-96
248_SVDB_id_12_Medical_tr_18462_1st_18562.csv,SVDB,duplicate_Var-96,SVDB,0.273147030425738,0.2433546891235372,0.2621084300637571,0.2433549388658251,0.0297923413022008,0.0110386003619809,0.0297920915599128,-2.497422879610412e-07,0.1,0.1,0.1,130400,6004,CDU-protocol-fast-v1,duplicate_Var-96
249_SVDB_id_13_Medical_tr_50000_1st_54982.csv,SVDB,duplicate_Var-96,SVDB,0.2388002868865439,0.216361872411146,0.2328327736014844,0.2163616939297983,0.0224384144753979,0.0059675132850594,0.0224385929567456,1.784813477012648e-07,0.1,0.1,0.1,230400,8578,CDU-protocol-fast-v1,duplicate_Var-96
250_SVDB_id_14_Medical_tr_50000_1st_107354.csv,SVDB,duplicate_Var-96,SVDB,0.2031220722776498,0.1857485190772914,0.1868675512079398,0.1857485928453711,0.0173735532003584,0.01625452106971,0.0173734794322786,-7.376807978354273e-08,0.1,0.1,0.1,230400,6469,CDU-protocol-fast-v1,duplicate_Var-96
251_SVDB_id_15_Medical_tr_5421_1st_5521.csv,SVDB,duplicate_Var-96,SVDB,0.3103766387169045,0.247370481310884,0.2880469378784986,0.2473697872692606,0.0630061574060205,0.0223297008384059,0.0630068514476438,6.940416233114366e-07,0.1,0.1,0.1,230400,12809,CDU-protocol-fast-v1,duplicate_Var-96
253_SVDB_id_17_Medical_tr_17803_1st_17903.csv,SVDB,duplicate_Var-96,SVDB,0.211483179210855,0.1771340492479634,0.2062958372824323,0.1771326765284516,0.0343491299628916,0.0051873419284226,0.0343505026824033,1.3727195117274604e-06,0.1,0.1,0.1,130400,3941,CDU-protocol-fast-v1,duplicate_Var-96
254_SVDB_id_18_Medical_tr_30824_1st_30924.csv,SVDB,duplicate_Var-96,SVDB,0.2264338692103459,0.2070460778166376,0.2187733902699747,0.2070435176548377,0.0193877913937082,0.0076604789403711,0.0193903515555081,2.5601617998360915e-06,0.1,0.1,0.1,230400,7847,CDU-protocol-fast-v1,duplicate_Var-96
255_SVDB_id_19_Medical_tr_50000_1st_54982.csv,SVDB,duplicate_Var-96,SVDB,0.2388002868865439,0.2268156172329392,0.2363782968426867,0.2268181772857209,0.0119846696536047,0.0024219900438571,0.0119821096008229,-2.5600527817915e-06,0.1,0.1,0.1,230400,8578,CDU-protocol-fast-v1,duplicate_Var-96
256_SVDB_id_20_Medical_tr_6264_1st_6364.csv,SVDB,duplicate_Var-96,SVDB,0.2199546107014761,0.2250920153077216,0.2195125141017185,0.2250930134705493,-0.0051374046062455,0.0004420965997575,-0.0051384027690732,-9.981628276978238e-07,0.1,0.1,0.1,230400,7464,CDU-protocol-fast-v1,duplicate_Var-96
257_TAO_id_1_Environment_tr_500_1st_3.csv,TAO,duplicate_Var-96,TAO,0.468621312894117,0.430256857375221,0.4628373865467347,0.4302121261691736,0.038364455518896,0.0057839263473822,0.0384091867249433,4.473120604736591e-05,0.1,0.1,0.1,10000,954,CDU-protocol-fast-v1,duplicate_Var-96
258_TAO_id_2_Environment_tr_500_1st_4.csv,TAO,duplicate_Var-96,TAO,0.6385037656405279,0.5969515644455765,0.632645756401004,0.5968528943460369,0.0415522011949514,0.0058580092395239,0.0416508712944909,9.867009953956618e-05,0.1,0.1,0.1,10000,1380,CDU-protocol-fast-v1,duplicate_Var-96
260_IOPS_id_1_WebService_tr_5000_1st_11804.csv,IOPS,duplicate_Var-96,IOPS,0.0979723308130136,0.1037534639417617,0.0977614347171036,0.1037530228437525,-0.0057811331287481,0.0002108960959099,-0.0057806920307389,4.410980091323902e-07,0.1,0.1,0.1,20000,14,CDU-protocol-fast-v1,duplicate_Var-96
261_IOPS_id_2_WebService_tr_2178_1st_2278.csv,IOPS,duplicate_Var-96,IOPS,0.097906725345047,0.0929611708911408,0.0979474664478072,0.0929608722484598,0.0049455544539062,-4.074110276021392e-05,0.0049458530965871,2.986426809320486e-07,0.1,0.1,0.1,8784,6,CDU-protocol-fast-v1,duplicate_Var-96
262_IOPS_id_3_WebService_tr_7028_1st_7128.csv,IOPS,duplicate_Var-96,IOPS,0.1789482131720608,0.156210492951902,0.1662597897813651,0.1562097760158537,0.0227377202201587,0.0126884233906956,0.022738437156207,7.169360482783826e-07,0.1,0.1,0.1,125135,2704,CDU-protocol-fast-v1,duplicate_Var-96
263_IOPS_id_4_WebService_tr_3482_1st_3582.csv,IOPS,duplicate_Var-96,IOPS,0.1157782507106415,0.1117566293448858,0.1122570008838685,0.1117561707144686,0.0040216213657557,0.0035212498267729,0.0040220799961728,4.5863041711613494e-07,0.1,0.1,0.1,149123,790,CDU-protocol-fast-v1,duplicate_Var-96
264_IOPS_id_5_WebService_tr_11665_1st_11765.csv,IOPS,duplicate_Var-96,IOPS,0.1534184746192168,0.1631623585719787,0.1456997461537593,0.1631629704580029,-0.0097438839527619,0.0077187284654574,-0.0097444958387861,-6.118860242654289e-07,0.1,0.1,0.1,60000,901,CDU-protocol-fast-v1,duplicate_Var-96
266_IOPS_id_7_WebService_tr_4010_1st_4110.csv,IOPS,duplicate_Var-96,IOPS,0.1585090970453211,0.1445908611305169,0.1542096370225905,0.1445904631733172,0.0139182359148042,0.0042994600227306,0.0139186338720038,3.979571996381992e-07,0.1,0.1,0.1,89155,1456,CDU-protocol-fast-v1,duplicate_Var-96
267_IOPS_id_8_WebService_tr_1534_1st_1882.csv,IOPS,duplicate_Var-96,IOPS,0.1287022791406064,0.1255397389426583,0.1315087084340465,0.1255397117904732,0.003162540197948,-0.0028064292934401,0.0031625673501331,2.7152185028134213e-08,0.1,0.1,0.1,6138,53,CDU-protocol-fast-v1,duplicate_Var-96
268_IOPS_id_9_WebService_tr_6216_1st_6316.csv,IOPS,duplicate_Var-96,IOPS,0.2809736274044396,0.244889539856972,0.253545865549812,0.2448894934378101,0.0360840875474675,0.0274277618546275,0.0360841339666294,4.64191619031773e-08,0.1,0.1,0.1,29133,1397,CDU-protocol-fast-v1,duplicate_Var-96
269_IOPS_id_10_WebService_tr_1216_1st_1728.csv,IOPS,duplicate_Var-96,IOPS,0.1342603379941231,0.1153162438858632,0.1272593371981062,0.1153159029840696,0.0189440941082598,0.0070010007960168,0.0189444350100534,3.40901793571824e-07,0.1,0.1,0.1,4866,49,CDU-protocol-fast-v1,duplicate_Var-96
271_IOPS_id_12_WebService_tr_500_1st_341.csv,IOPS,duplicate_Var-96,IOPS,0.1464053911806096,0.1525055190611706,0.1458671184577537,0.1525055029612641,-0.0061001278805609,0.0005382727228558,-0.0061001117806545,1.6099906463562522e-08,0.1,0.1,0.1,8784,116,CDU-protocol-fast-v1,duplicate_Var-96
272_IOPS_id_13_WebService_tr_3442_1st_3542.csv,IOPS,duplicate_Var-96,IOPS,0.1116972028972023,0.1090794746046213,0.1089643592988883,0.1090790121481795,0.002617728292581,0.0027328435983139,0.0026181907490227,4.624564417937682e-07,0.1,0.1,0.1,149156,633,CDU-protocol-fast-v1,duplicate_Var-96
273_IOPS_id_14_WebService_tr_5569_1st_5669.csv,IOPS,duplicate_Var-96,IOPS,0.115025230957413,0.1161877990007938,0.1133331611220976,0.1161873954539178,-0.0011625680433808,0.0016920698353153,-0.0011621644965048,4.035468759849836e-07,0.1,0.1,0.1,149122,761,CDU-protocol-fast-v1,duplicate_Var-96
274_IOPS_id_15_WebService_tr_4591_1st_4691.csv,IOPS,duplicate_Var-96,IOPS,0.2712546201996806,0.2337061163941324,0.2458633996046335,0.2337059969723205,0.0375485038055481,0.0253912205950471,0.03754862322736,1.1942181188384637e-07,0.1,0.1,0.1,149132,6777,CDU-protocol-fast-v1,duplicate_Var-96
275_IOPS_id_16_WebService_tr_1482_1st_1582.csv,IOPS,duplicate_Var-96,IOPS,0.1265650278842431,0.1315398594882176,0.1257113996143026,0.1315399574902866,-0.0049748316039744,0.0008536282699404,-0.0049749296060435,-9.800206901555697e-08,0.1,0.1,0.1,8784,71,CDU-protocol-fast-v1,duplicate_Var-96
276_IOPS_id_17_WebService_tr_19197_1st_19297.csv,IOPS,duplicate_Var-96,IOPS,0.2044485280550822,0.2008358287702317,0.1943531994581584,0.2008355460215346,0.0036126992848505,0.0100953285969237,0.0036129820335475,2.82748697039148e-07,0.1,0.1,0.1,91370,2576,CDU-protocol-fast-v1,duplicate_Var-96
277_NEK_id_1_WebService_tr_500_1st_17.csv,NEK,duplicate_Var-96,NEK,0.4143751117544829,0.3169886044543096,0.3708488344390908,0.3169906477895726,0.0973865073001732,0.0435262773153921,0.0973844639649102,-2.043335263046675e-06,0.1,0.1,0.1,1073,88,CDU-protocol-fast-v1,duplicate_Var-96
278_NEK_id_2_WebService_tr_500_1st_64.csv,NEK,duplicate_Var-96,NEK,0.329735165526574,0.3158793864036325,0.3046229710996476,0.3158801519506838,0.0138557791229415,0.0251121944269263,0.0138550135758901,-7.655470513623364e-07,0.1,0.1,0.1,1073,65,CDU-protocol-fast-v1,duplicate_Var-96
279_NEK_id_3_WebService_tr_500_1st_974.csv,NEK,duplicate_Var-96,NEK,0.4254151047407318,0.3412269868998816,0.3813546880636373,0.3412340174767252,0.0841881178408501,0.0440604166770944,0.0841810872640065,-7.030576843647385e-06,0.1,0.1,0.1,1073,91,CDU-protocol-fast-v1,duplicate_Var-96
281_NEK_id_5_WebService_tr_500_1st_974.csv,NEK,duplicate_Var-96,NEK,0.4143751117544828,0.339140602898704,0.3716743553299543,0.3391458228171886,0.0752345088557788,0.0427007564245284,0.0752292889372941,-5.219918484622443e-06,0.1,0.1,0.1,1073,88,CDU-protocol-fast-v1,duplicate_Var-96
282_NEK_id_6_WebService_tr_500_1st_64.csv,NEK,duplicate_Var-96,NEK,0.3223751702024081,0.3029530015469098,0.3044728886776157,0.3029571131431487,0.0194221686554982,0.0179022815247923,0.0194180570592593,-4.111596238975945e-06,0.1,0.1,0.1,1073,63,CDU-protocol-fast-v1,duplicate_Var-96
283_NEK_id_7_WebService_tr_500_1st_777.csv,NEK,duplicate_Var-96,NEK,0.5321350369411385,0.4443764273923862,0.4769084928206491,0.4443829162213276,0.0877586095487523,0.0552265441204893,0.0877521207198108,-6.488828941442204e-06,0.1,0.1,0.1,1073,120,CDU-protocol-fast-v1,duplicate_Var-96
284_NEK_id_8_WebService_tr_500_1st_976.csv,NEK,duplicate_Var-96,NEK,0.4180551094165658,0.3351338221072413,0.375773255683383,0.3351417634115827,0.0829212873093245,0.0422818537331827,0.0829133460049831,-7.941304341396727e-06,0.1,0.1,0.1,1073,89,CDU-protocol-fast-v1,duplicate_Var-96
285_NEK_id_9_WebService_tr_500_1st_780.csv,NEK,duplicate_Var-96,NEK,0.4879750649961427,0.3957686584433449,0.4383935422860419,0.3957741639035506,0.0922064065527977,0.0495815227101007,0.092200901092592,-5.505460205723622e-06,0.1,0.1,0.1,1073,108,CDU-protocol-fast-v1,duplicate_Var-96
286_CATSv2_id_1_Sensor_tr_17792_1st_17892.csv,CATSv2,duplicate_Var-96,CATSv2,0.2858020924202719,0.297887201276486,0.2771734742135651,0.2979017384827496,-0.0120851088562141,0.0086286182067067,-0.0120996460624777,-1.4537206263653957e-05,0.1,0.1,0.1,300000,14800,CDU-protocol-fast-v1,duplicate_Var-96
287_TODS_id_1_Synthetic_tr_500_1st_11.csv,TODS,duplicate_Var-96,TODS,0.2968561285603248,0.2632115387714191,0.2941875608847517,0.2632087527524863,0.0336445897889056,0.0026685676755731,0.0336473758078385,2.786018932832146e-06,0.1,0.1,0.1,5000,261,CDU-protocol-fast-v1,duplicate_Var-96
288_TODS_id_2_Synthetic_tr_500_1st_65.csv,TODS,duplicate_Var-96,TODS,0.3573222301852886,0.3817251963674657,0.3930450234558961,0.3817225601739163,-0.0244029661821771,-0.0357227932706075,-0.0244003299886277,2.636193549343524e-06,0.1,0.1,0.1,5000,338,CDU-protocol-fast-v1,duplicate_Var-96
289_TODS_id_3_Synthetic_tr_500_1st_26.csv,TODS,duplicate_Var-96,TODS,0.2685862628655366,0.2766149033540605,0.2697414338019822,0.2766010055817776,-0.0080286404885239,-0.0011551709364456,-0.0080147427162409,1.3897772282944754e-05,0.1,0.1,0.1,5000,225,CDU-protocol-fast-v1,duplicate_Var-96
290_TODS_id_4_Synthetic_tr_500_1st_26.csv,TODS,duplicate_Var-96,TODS,0.4287821684693367,0.4898865076333286,0.4683975393004266,0.4898659983042844,-0.0611043391639918,-0.0396153708310899,-0.0610838298349477,2.050932904418268e-05,0.1,0.1,0.1,5000,429,CDU-protocol-fast-v1,duplicate_Var-96
292_TODS_id_6_Synthetic_tr_500_1st_11.csv,TODS,duplicate_Var-96,TODS,0.2968561285603248,0.2798892010110749,0.3009794824835333,0.2798677240729458,0.0169669275492498,-0.0041233539232085,0.0169884044873789,2.147693812903917e-05,0.1,0.1,0.1,5000,261,CDU-protocol-fast-v1,duplicate_Var-96
293_TODS_id_7_Synthetic_tr_500_1st_7.csv,TODS,duplicate_Var-96,TODS,0.2890033880895503,0.3003444009916962,0.2840895865755541,0.3003496768402511,-0.0113410129021458,0.0049138015139961,-0.0113462887507008,-5.275848554975315e-06,0.1,0.1,0.1,5000,251,CDU-protocol-fast-v1,duplicate_Var-96
294_TODS_id_8_Synthetic_tr_500_1st_200.csv,TODS,duplicate_Var-96,TODS,0.4923893662826101,0.5751491892771025,0.5351425973838629,0.5751604634530755,-0.0827598229944923,-0.0427532311012528,-0.0827710971704653,-1.1274175973019496e-05,0.1,0.1,0.1,5000,510,CDU-protocol-fast-v1,duplicate_Var-96
295_TODS_id_9_Synthetic_tr_1250_1st_2046.csv,TODS,duplicate_Var-96,TODS,0.3981564806333161,0.3837574069007844,0.439499377259737,0.3837655669372237,0.0143990737325316,-0.0413428966264208,0.0143909136960923,-8.160036439330831e-06,0.1,0.1,0.1,5000,390,CDU-protocol-fast-v1,duplicate_Var-96
296_TODS_id_10_Synthetic_tr_500_1st_26.csv,TODS,duplicate_Var-96,TODS,0.2520955078769101,0.2388564062663503,0.2478508026654154,0.2388294387173884,0.0132391016105598,0.0042447052114946,0.0132660691595216,2.6967548961892573e-05,0.1,0.1,0.1,5000,204,CDU-protocol-fast-v1,duplicate_Var-96
297_TODS_id_11_Synthetic_tr_500_1st_7.csv,TODS,duplicate_Var-96,TODS,0.2890033880895503,0.2366447118720453,0.2770341437173655,0.2366482248715379,0.0523586762175049,0.0119692443721847,0.0523551632180123,-3.512999492666369e-06,0.1,0.1,0.1,5000,251,CDU-protocol-fast-v1,duplicate_Var-96
298_TODS_id_12_Synthetic_tr_500_1st_0.csv,TODS,duplicate_Var-96,TODS,0.3463283935262043,0.3565012412689944,0.3594862237186275,0.3565223766249949,-0.01017284774279,-0.0131578301924231,-0.0101939830987906,-2.1135356000512303e-05,0.1,0.1,0.1,5000,324,CDU-protocol-fast-v1,duplicate_Var-96
299_TODS_id_13_Synthetic_tr_500_1st_65.csv,TODS,duplicate_Var-96,TODS,0.302353046889867,0.2899726326073493,0.3019180512213325,0.2899756304275653,0.0123804142825177,0.0004349956685344,0.0123774164623017,-2.9978202160108047e-06,0.1,0.1,0.1,5000,268,CDU-protocol-fast-v1,duplicate_Var-96
301_TODS_id_15_Synthetic_tr_500_1st_245.csv,TODS,duplicate_Var-96,TODS,0.4138619615748651,0.4705356245807724,0.4542221034397715,0.4705344369203097,-0.0566736630059073,-0.0403601418649063,-0.0566724753454446,1.1876604626981369e-06,0.1,0.1,0.1,5000,410,CDU-protocol-fast-v1,duplicate_Var-96
302_Power_id_1_Facility_tr_7685_1st_7785.csv,Power,duplicate_Var-96,Power,0.4286798769583611,0.5020106680322937,0.4490817741823599,0.5020084107933404,-0.0733307910739325,-0.0204018972239988,-0.0733285338349792,2.2572389533070947e-06,0.1,0.1,0.1,35040,3000,CDU-protocol-fast-v1,duplicate_Var-96
304_UCR_id_2_Medical_tr_2499_1st_7000.csv,UCR,duplicate_Var-96,UCR,0.1152252656406595,0.1110899096162959,0.1123619237318723,0.1110929863022714,0.0041353560243636,0.0028633419087871,0.004132279338388,-3.076685975586524e-06,0.1,0.1,0.1,9998,50,CDU-protocol-fast-v1,duplicate_Var-96
307_UCR_id_5_Facility_tr_29895_1st_39240.csv,UCR,duplicate_Var-96,UCR,0.0990086732006021,0.0966392657136543,0.0989777779718922,0.0966392294720207,0.0023694074869477,3.089522870985961e-05,0.0023694437285813,3.624163351367837e-08,0.1,0.1,0.1,119580,96,CDU-protocol-fast-v1,duplicate_Var-96
309_UCR_id_7_Medical_tr_3000_1st_5948.csv,UCR,duplicate_Var-96,UCR,0.1103929549020575,0.1109068424328983,0.1094945494135079,0.1109076866263843,-0.0005138875308408,0.0008984054885495,-0.0005147317243268,-8.441934860742295e-07,0.1,0.1,0.1,12000,45,CDU-protocol-fast-v1,duplicate_Var-96
310_UCR_id_8_HumanActivity_tr_2631_1st_8285.csv,UCR,duplicate_Var-96,UCR,0.1069188953942699,0.1127515648017287,0.1081115112764216,0.1127506560179194,-0.0058326694074588,-0.0011926158821517,-0.0058317606236495,9.08783809275282e-07,0.1,0.1,0.1,10524,30,CDU-protocol-fast-v1,duplicate_Var-96
311_UCR_id_9_HumanActivity_tr_16000_1st_38400.csv,UCR,duplicate_Var-96,UCR,0.1441920853589638,0.1515141701194055,0.145090584505283,0.1515136422678942,-0.0073220847604416,-0.0008984991463192,-0.0073215569089304,5.278515112783211e-07,0.1,0.1,0.1,64000,800,CDU-protocol-fast-v1,duplicate_Var-96
313_UCR_id_11_Sensor_tr_2827_1st_4711.csv,UCR,duplicate_Var-96,UCR,0.1293839363336781,0.134219822392986,0.131043431185108,0.1342197914932505,-0.0048358860593079,-0.0016594948514299,-0.0048358551595724,3.0899735437017746e-08,0.1,0.1,0.1,11308,98,CDU-protocol-fast-v1,duplicate_Var-96
315_UCR_id_13_HumanActivity_tr_16000_1st_33070.csv,UCR,duplicate_Var-96,UCR,0.1025467281888471,0.0990009677212396,0.1026475432762023,0.0990002113165108,0.0035457604676074,-0.0001008150873552,0.0035465168723362,7.56404728727289e-07,0.1,0.1,0.1,64000,110,CDU-protocol-fast-v1,duplicate_Var-96
316_UCR_id_14_Sensor_tr_2833_1st_5988.csv,UCR,duplicate_Var-96,UCR,0.1289663307076008,0.1296935736331781,0.127702005661124,0.1296925335791942,-0.0007272429255772,0.0012643250464767,-0.0007262028715934,1.0400539838251175e-06,0.1,0.1,0.1,11334,97,CDU-protocol-fast-v1,duplicate_Var-96
319_UCR_id_17_Environment_tr_6166_1st_19280.csv,UCR,duplicate_Var-96,UCR,0.1209630007443481,0.1116901804703351,0.1165173276894873,0.1116894029876056,0.0092728202740129,0.0044456730548607,0.0092735977567424,7.774827294748654e-07,0.1,0.1,0.1,24667,160,CDU-protocol-fast-v1,duplicate_Var-96
326_UCR_id_24_Medical_tr_1875_1st_4187.csv,UCR,duplicate_Var-96,UCR,0.1020872017589439,0.1001795176066661,0.1016308393780191,0.1001796479643919,0.0019076841522777,0.0004563623809247,0.0019075537945519,-1.3035772586378336e-07,0.1,0.1,0.1,7501,12,CDU-protocol-fast-v1,duplicate_Var-96
331_UCR_id_29_Facility_tr_50000_1st_837400.csv,UCR,duplicate_Var-96,UCR,0.1032039335032869,0.1004711037257508,0.1034608944061387,0.1004696779062289,0.002732829777536,-0.0002569609028518,0.0027342555970579,1.425819521880256e-06,0.1,0.1,0.1,900000,1700,CDU-protocol-fast-v1,duplicate_Var-96
332_UCR_id_30_Facility_tr_13750_1st_52600.csv,UCR,duplicate_Var-96,UCR,0.1099540051558639,0.1076224595435888,0.1109640002503599,0.1076223554073536,0.002331545612275,-0.001009995094496,0.0023316497485102,1.0413623519056615e-07,0.1,0.1,0.1,55000,200,CDU-protocol-fast-v1,duplicate_Var-96
334_UCR_id_32_HumanActivity_tr_1671_1st_2764.csv,UCR,duplicate_Var-96,UCR,0.2294050764826851,0.2760111658598515,0.2555065628480394,0.2760109248094075,-0.0466060893771664,-0.0261014863653543,-0.0466058483267223,2.4105044404976184e-07,0.1,0.1,0.1,6684,231,CDU-protocol-fast-v1,duplicate_Var-96
339_UCR_id_37_Sensor_tr_2750_1st_5400.csv,UCR,duplicate_Var-96,UCR,0.1661395726686433,0.1666742000209456,0.1675020811272164,0.1666728460176317,-0.0005346273523023,-0.0013625084585731,-0.0005332733489884,1.3540033138581542e-06,0.1,0.1,0.1,11000,200,CDU-protocol-fast-v1,duplicate_Var-96
341_UCR_id_39_HumanActivity_tr_48812_1st_128430.csv,UCR,duplicate_Var-96,UCR,0.0959273969282017,0.1009726138436852,0.0962651386743446,0.1009722591311194,-0.0050452169154835,-0.0003377417461429,-0.0050448622029177,3.5471256577823684e-07,0.1,0.1,0.1,195250,1,CDU-protocol-fast-v1,duplicate_Var-96
344_UCR_id_42_Sensor_tr_2851_1st_5365.csv,UCR,duplicate_Var-96,UCR,0.100987515653397,0.0994930978175845,0.1016734248793208,0.0994929497466617,0.0014944178358125,-0.0006859092259238,0.0014945659067352,1.480709227869026e-07,0.1,0.1,0.1,11406,15,CDU-protocol-fast-v1,duplicate_Var-96
346_UCR_id_44_Medical_tr_7456_1st_17390.csv,UCR,duplicate_Var-96,UCR,0.1127438806164159,0.1171284058470091,0.1129145170566964,0.1171288705337137,-0.0043845252305932,-0.0001706364402805,-0.0043849899172978,-4.6468670467092476e-07,0.1,0.1,0.1,29826,130,CDU-protocol-fast-v1,duplicate_Var-96
349_UCR_id_47_Facility_tr_29954_1st_74900.csv,UCR,duplicate_Var-96,UCR,0.0990024875929641,0.0976882223381206,0.0989891568125605,0.0976883214122838,0.0013142652548434,1.33307804035393e-05,0.0013141661806802,-9.907416320675821e-08,0.1,0.1,0.1,119819,96,CDU-protocol-fast-v1,duplicate_Var-96
355_UCR_id_53_HumanActivity_tr_48750_1st_143411.csv,UCR,duplicate_Var-96,UCR,0.0978885146963888,0.1027793260202971,0.0980843312067312,0.1027789634548501,-0.0048908113239082,-0.0001958165103424,-0.0048904487584613,3.625654469430195e-07,0.1,0.1,0.1,195000,100,CDU-protocol-fast-v1,duplicate_Var-96
358_UCR_id_56_Facility_tr_10500_1st_29080.csv,UCR,duplicate_Var-96,UCR,0.1014258386583884,0.0986108272087863,0.1021491151538644,0.0986113066809052,0.002815011449602,-0.000723276495476,0.0028145319774831,-4.794721189249618e-07,0.1,0.1,0.1,42000,60,CDU-protocol-fast-v1,duplicate_Var-96
361_UCR_id_59_Medical_tr_3000_1st_7175.csv,UCR,duplicate_Var-96,UCR,0.1644715636331076,0.1970000379943486,0.1682707224163469,0.197002638443069,-0.0325284743612409,-0.0037991587832393,-0.0325310748099614,-2.600448720413429e-06,0.1,0.1,0.1,12000,213,CDU-protocol-fast-v1,duplicate_Var-96
364_UCR_id_62_Sensor_tr_2833_1st_5988.csv,UCR,duplicate_Var-96,UCR,0.1289663307076008,0.13297061898198,0.1291504155813644,0.1329702546068605,-0.0040042882743792,-0.0001840848737636,-0.0040039238992597,3.643751194937206e-07,0.1,0.1,0.1,11334,97,CDU-protocol-fast-v1,duplicate_Var-96
369_UCR_id_67_Sensor_tr_2750_1st_5400.csv,UCR,duplicate_Var-96,UCR,0.1661395726686433,0.166349141931808,0.1685648264673981,0.1663475901538474,-0.0002095692631647,-0.0024252537987548,-0.0002080174852041,1.551777960573375e-06,0.1,0.1,0.1,11000,200,CDU-protocol-fast-v1,duplicate_Var-96
371_UCR_id_69_Medical_tr_1853_1st_6200.csv,UCR,duplicate_Var-96,UCR,0.1844671305137593,0.2065679232548847,0.1812111786443582,0.2065691374707954,-0.0221007927411254,0.003255951869401,-0.0221020069570361,-1.214215910705363e-06,0.1,0.1,0.1,7415,170,CDU-protocol-fast-v1,duplicate_Var-96
373_UCR_id_71_Sensor_tr_2827_1st_5988.csv,UCR,duplicate_Var-96,UCR,0.1290423412004535,0.1230449017027189,0.1261988212271842,0.1230437155367406,0.0059974394977345,0.0028435199732692,0.0059986256637128,1.1861659783007903e-06,0.1,0.1,0.1,11308,97,CDU-protocol-fast-v1,duplicate_Var-96
381_UCR_id_79_HumanActivity_tr_16000_1st_31200.csv,UCR,duplicate_Var-96,UCR,0.1351387468437211,0.1361784592362256,0.1365306410906826,0.1361788521639879,-0.0010397123925044,-0.0013918942469615,-0.0010401053202667,-3.929277622993777e-07,0.1,0.1,0.1,64000,650,CDU-protocol-fast-v1,duplicate_Var-96
382_UCR_id_80_Medical_tr_7500_1st_11800.csv,UCR,duplicate_Var-96,UCR,0.1345351909427048,0.1248570381131004,0.128846171609644,0.1248573254142267,0.0096781528296044,0.0056890193330607,0.009677865528478,-2.873011263199166e-07,0.1,0.1,0.1,30000,300,CDU-protocol-fast-v1,duplicate_Var-96
385_UCR_id_83_Environment_tr_2046_1st_6006.csv,UCR,duplicate_Var-96,UCR,0.1185630840489511,0.1210456169044645,0.1180458121573627,0.1210459617188733,-0.0024825328555133,0.0005172718915883,-0.0024828776699222,-3.448144088175065e-07,0.1,0.1,0.1,8184,48,CDU-protocol-fast-v1,duplicate_Var-96
387_UCR_id_85_Environment_tr_2046_1st_5549.csv,UCR,duplicate_Var-96,UCR,0.118563084048951,0.1143698838539108,0.1163686568238724,0.1143694430582749,0.0041932001950402,0.0021944272250785,0.004193640990676,4.407956358670751e-07,0.1,0.1,0.1,8184,48,CDU-protocol-fast-v1,duplicate_Var-96
391_UCR_id_89_Medical_tr_1875_1st_5759.csv,UCR,duplicate_Var-96,UCR,0.1783131122964121,0.1816617179863321,0.1787033418564729,0.1816633214300259,-0.0033486056899199,-0.0003902295600607,-0.0033502091336138,-1.6034436938761054e-06,0.1,0.1,0.1,7500,160,CDU-protocol-fast-v1,duplicate_Var-96
393_UCR_id_91_Environment_tr_2046_1st_4852.csv,UCR,duplicate_Var-96,UCR,0.1185630840489511,0.1237082154513768,0.1187832854402599,0.1237092173635559,-0.0051451314024256,-0.0002202013913088,-0.0051461333146048,-1.0019121791798868e-06,0.1,0.1,0.1,8184,48,CDU-protocol-fast-v1,duplicate_Var-96
396_UCR_id_94_Medical_tr_1875_1st_5607.csv,UCR,duplicate_Var-96,UCR,0.1098116873605375,0.1064036109495425,0.1096899524615831,0.1064037661973248,0.0034080764109949,0.0001217348989543,0.0034079211632126,-1.552477823102416e-07,0.1,0.1,0.1,7501,27,CDU-protocol-fast-v1,duplicate_Var-96
400_UCR_id_98_Environment_tr_2046_1st_5391.csv,UCR,duplicate_Var-96,UCR,0.0963796022520707,0.0955401527676991,0.0967000346284327,0.0955398115834845,0.0008394494843716,-0.000320432376362,0.0008397906685862,3.411842146028299e-07,0.1,0.1,0.1,8184,1,CDU-protocol-fast-v1,duplicate_Var-96
401_UCR_id_99_HumanActivity_tr_1671_1st_5920.csv,UCR,duplicate_Var-96,UCR,0.1300043679490801,0.1193934825873274,0.123710813199168,0.1193929682901865,0.0106108853617526,0.006293554749912,0.0106113996588935,5.142971408605979e-07,0.1,0.1,0.1,6684,59,CDU-protocol-fast-v1,duplicate_Var-96
405_UCR_id_103_Sensor_tr_2827_1st_5988.csv,UCR,duplicate_Var-96,UCR,0.1290423412004535,0.1247824993521574,0.1250258658290182,0.1247811287445164,0.004259841848296,0.0040164753714352,0.004261212455937,1.3706076409658596e-06,0.1,0.1,0.1,11308,97,CDU-protocol-fast-v1,duplicate_Var-96
406_UCR_id_104_Facility_tr_20000_1st_67950.csv,UCR,duplicate_Var-96,UCR,0.1079787312979927,0.1094411026475816,0.1070138428869572,0.1094399862194668,-0.0014623713495889,0.0009648884110354,-0.0014612549214741,1.116428114775192e-06,0.1,0.1,0.1,80000,250,CDU-protocol-fast-v1,duplicate_Var-96
411_UCR_id_109_Environment_tr_2046_1st_4852.csv,UCR,duplicate_Var-96,UCR,0.1185630840489511,0.1240104231602162,0.1195455128558391,0.1240112186287964,-0.005447339111265,-0.000982428806888,-0.0054481345798453,-7.954685802558092e-07,0.1,0.1,0.1,8184,48,CDU-protocol-fast-v1,duplicate_Var-96
415_UCR_id_113_Medical_tr_3000_1st_8612.csv,UCR,duplicate_Var-96,UCR,0.1293848472540334,0.1267073059284675,0.1261633825670282,0.1267074541278352,0.0026775413255659,0.0032214646870052,0.0026773931261981,-1.481993677776572e-07,0.1,0.1,0.1,12000,104,CDU-protocol-fast-v1,duplicate_Var-96
417_UCR_id_115_Sensor_tr_2750_1st_5400.csv,UCR,duplicate_Var-96,UCR,0.1661395726686433,0.1608358609505415,0.16747729238721,0.1608346542740061,0.0053037117181017,-0.0013377197185667,0.0053049183946371,1.2066765353313524e-06,0.1,0.1,0.1,11000,200,CDU-protocol-fast-v1,duplicate_Var-96
419_UCR_id_117_Facility_tr_3000_1st_6168.csv,UCR,duplicate_Var-96,UCR,0.1100710584215155,0.1124714480144066,0.1108197248908813,0.1124713722147492,-0.0024003895928911,-0.0007486664693658,-0.0024003137932337,7.579965737025686e-08,0.1,0.1,0.1,12000,44,CDU-protocol-fast-v1,duplicate_Var-96
420_UCR_id_118_Facility_tr_13750_1st_52600.csv,UCR,duplicate_Var-96,UCR,0.1099540051558639,0.0972937176125173,0.1084047548593031,0.0972932258831744,0.0126602875433465,0.0015492502965607,0.0126607792726894,4.917293428413627e-07,0.1,0.1,0.1,55000,200,CDU-protocol-fast-v1,duplicate_Var-96
421_UCR_id_119_HumanActivity_tr_48750_1st_130700.csv,UCR,duplicate_Var-96,UCR,0.1192822500185625,0.1254996965721977,0.1195337097080952,0.125499505155744,-0.0062174465536351,-0.0002514596895327,-0.0062172551371815,1.9141645365983173e-07,0.1,0.1,0.1,195000,1180,CDU-protocol-fast-v1,duplicate_Var-96
426_UCR_id_124_Sensor_tr_2827_1st_4711.csv,UCR,duplicate_Var-96,UCR,0.1293839363336781,0.1321180934816139,0.1310971158260359,0.1321179391146778,-0.0027341571479358,-0.0017131794923578,-0.0027340027809997,1.543669360670741e-07,0.1,0.1,0.1,11308,98,CDU-protocol-fast-v1,duplicate_Var-96
430_UCR_id_128_HumanActivity_tr_12500_1st_46500.csv,UCR,duplicate_Var-96,UCR,0.1190841598766905,0.1121757640096573,0.1197011388191129,0.1121747232192427,0.0069083958670332,-0.0006169789424224,0.0069094366574477,1.0407904145331992e-06,0.1,0.1,0.1,50000,300,CDU-protocol-fast-v1,duplicate_Var-96
432_UCR_id_130_Facility_tr_23000_1st_26970.csv,UCR,duplicate_Var-96,UCR,0.1085035625162677,0.1028047953014382,0.1085457164621971,0.1028056695146162,0.0056987672148294,-4.215394592947674e-05,0.0056978930016514,-8.742131780148377e-07,0.1,0.1,0.1,92000,300,CDU-protocol-fast-v1,duplicate_Var-96
436_UCR_id_134_Medical_tr_1875_1st_4526.csv,UCR,duplicate_Var-96,UCR,0.1113565844808563,0.1104582342207061,0.1133635591635016,0.110458100536065,0.0008983502601501,-0.0020069746826453,0.0008984839447912,1.336846410099346e-07,0.1,0.1,0.1,7501,30,CDU-protocol-fast-v1,duplicate_Var-96
437_UCR_id_135_Medical_tr_2499_1st_8000.csv,UCR,duplicate_Var-96,UCR,0.1055664394591643,0.1078479284693596,0.1078958516454789,0.1078516901915237,-0.0022814890101953,-0.0023294121863146,-0.0022852507323593,-3.761722164097314e-06,0.1,0.1,0.1,9998,25,CDU-protocol-fast-v1,duplicate_Var-96
439_UCR_id_137_HumanActivity_tr_48750_1st_110800.csv,UCR,duplicate_Var-96,UCR,0.0959274222918562,0.1013864875275362,0.0962600861161593,0.1013861237669606,-0.00545906523568,-0.0003326638243031,-0.0054587014751044,3.6376057557796493e-07,0.1,0.1,0.1,195000,1,CDU-protocol-fast-v1,duplicate_Var-96
445_UCR_id_143_Environment_tr_6166_1st_19280.csv,UCR,duplicate_Var-96,UCR,0.1209630007443481,0.1093531037103283,0.11652913548438,0.1093524942592146,0.0116098970340197,0.004433865259968,0.0116105064851334,6.094511136311986e-07,0.1,0.1,0.1,24667,160,CDU-protocol-fast-v1,duplicate_Var-96
449_UCR_id_147_Sensor_tr_2847_1st_9330.csv,UCR,duplicate_Var-96,UCR,0.0992995677617782,0.0966774425345316,0.0998353496924206,0.0966772824488617,0.0026221252272465,-0.0005357819306424,0.0026222853129164,1.600856698175113e-07,0.1,0.1,0.1,11388,10,CDU-protocol-fast-v1,duplicate_Var-96
452_UCR_id_150_Facility_tr_10000_1st_35774.csv,UCR,duplicate_Var-96,UCR,0.105564507693928,0.101140679958303,0.1039850495771436,0.1011404333152349,0.0044238277356249,0.0015794581167843,0.004424074378693,2.466430680664322e-07,0.1,0.1,0.1,40000,100,CDU-protocol-fast-v1,duplicate_Var-96
459_UCR_id_157_HumanActivity_tr_50000_1st_110260.csv,UCR,duplicate_Var-96,UCR,0.0988433091802118,0.1179875297797118,0.0996889820270661,0.1179871843107278,-0.0191442205995,-0.0008456728468543,-0.019143875130516,3.454689839615943e-07,0.1,0.1,0.1,200000,152,CDU-protocol-fast-v1,duplicate_Var-96
463_UCR_id_161_Environment_tr_2046_1st_6006.csv,UCR,duplicate_Var-96,UCR,0.1185630840489511,0.1196583708489805,0.1185176910518617,0.1196583424229873,-0.0010952868000293,4.539299708936073e-05,-0.0010952583740362,2.842599317043337e-08,0.1,0.1,0.1,8184,48,CDU-protocol-fast-v1,duplicate_Var-96
467_UCR_id_165_Environment_tr_6166_1st_19280.csv,UCR,duplicate_Var-96,UCR,0.1209630007443481,0.1116393572166555,0.1165245252192741,0.1116388011358287,0.0093236435276926,0.0044384755250739,0.0093241996085193,5.560808267190964e-07,0.1,0.1,0.1,24667,160,CDU-protocol-fast-v1,duplicate_Var-96
471_UCR_id_169_Facility_tr_10000_1st_35774.csv,UCR,duplicate_Var-96,UCR,0.105564507693928,0.1043751544922921,0.1058663628354455,0.1043741686797562,0.0011893532016359,-0.0003018551415175,0.0011903390141717,9.858125358391812e-07,0.1,0.1,0.1,40000,100,CDU-protocol-fast-v1,duplicate_Var-96
473_UCR_id_171_HumanActivity_tr_2617_1st_7290.csv,UCR,duplicate_Var-96,UCR,0.0981216509734105,0.1009039544452113,0.0982087976149175,0.1009029733780766,-0.0027823034718008,-8.714664150709373e-05,-0.0027813224046661,9.810671346976996e-07,0.1,0.1,0.1,10468,6,CDU-protocol-fast-v1,duplicate_Var-96
474_UCR_id_172_Environment_tr_2046_1st_6520.csv,UCR,duplicate_Var-96,UCR,0.10723534866331,0.1103791402818818,0.1088707970896372,0.1103789050970873,-0.0031437916185717,-0.0016354484263272,-0.0031435564337773,2.35184794486476e-07,0.1,0.1,0.1,8184,24,CDU-protocol-fast-v1,duplicate_Var-96
493_UCR_id_191_Sensor_tr_2847_1st_9330.csv,UCR,duplicate_Var-96,UCR,0.0992995677617782,0.0951077209347968,0.0997165312147876,0.095107415589128,0.0041918468269813,-0.0004169634530094,0.0041921521726501,3.053456687218681e-07,0.1,0.1,0.1,11388,10,CDU-protocol-fast-v1,duplicate_Var-96
494_UCR_id_192_Facility_tr_22500_1st_72150.csv,UCR,duplicate_Var-96,UCR,0.1107148513825994,0.1176258723324208,0.1108759408896623,0.1176260460422049,-0.0069110209498214,-0.0001610895070629,-0.0069111946596055,-1.7370978412645233e-07,0.1,0.1,0.1,90000,345,CDU-protocol-fast-v1,duplicate_Var-96
495_UCR_id_193_Environment_tr_2046_1st_6520.csv,UCR,duplicate_Var-96,UCR,0.10723534866331,0.109465303789644,0.1087950844200536,0.1094649021443222,-0.002229955126334,-0.0015597357567436,-0.0022295534810122,4.016453217653426e-07,0.1,0.1,0.1,8184,24,CDU-protocol-fast-v1,duplicate_Var-96
496_UCR_id_194_Environment_tr_2046_1st_5391.csv,UCR,duplicate_Var-96,UCR,0.0963796022520707,0.0954090603423968,0.0967156122419812,0.0954086953664409,0.0009705419096739,-0.0003360099899105,0.0009709068856297,3.649759558466137e-07,0.1,0.1,0.1,8184,1,CDU-protocol-fast-v1,duplicate_Var-96
499_UCR_id_197_Environment_tr_2046_1st_5703.csv,UCR,duplicate_Var-96,UCR,0.10723534866331,0.1103768919333269,0.1076651955295343,0.1103769650643781,-0.0031415432700169,-0.0004298468662243,-0.0031416164010681,-7.313105121475871e-08,0.1,0.1,0.1,8184,24,CDU-protocol-fast-v1,duplicate_Var-96
500_UCR_id_198_Facility_tr_7482_1st_23357.csv,UCR,duplicate_Var-96,UCR,0.1423675643632088,0.1708549424138867,0.1519236095768626,0.1708555721330666,-0.0284873780506779,-0.0095560452136538,-0.0284880077698578,-6.297191799675694e-07,0.1,0.1,0.1,29931,360,CDU-protocol-fast-v1,duplicate_Var-96
504_UCR_id_202_Environment_tr_2046_1st_5549.csv,UCR,duplicate_Var-96,UCR,0.118563084048951,0.1144266189270847,0.1168080052748946,0.1144262830165507,0.0041364651218663,0.0017550787740563,0.0041368010324002,3.359105339023616e-07,0.1,0.1,0.1,8184,48,CDU-protocol-fast-v1,duplicate_Var-96
506_UCR_id_204_Environment_tr_2046_1st_5549.csv,UCR,duplicate_Var-96,UCR,0.118563084048951,0.1137205390491078,0.1161456445496411,0.1137201285633851,0.0048425449998431,0.0024174394993098,0.0048429554855658,4.1048572267665673e-07,0.1,0.1,0.1,8184,48,CDU-protocol-fast-v1,duplicate_Var-96
516_UCR_id_214_HumanActivity_tr_2108_1st_4702.csv,UCR,duplicate_Var-96,UCR,0.0981981480063832,0.1015336485251135,0.0984867611020741,0.1015326193409327,-0.0033355005187303,-0.0002886130956909,-0.0033344713345495,1.0291841807397173e-06,0.1,0.1,0.1,8432,5,CDU-protocol-fast-v1,duplicate_Var-96
517_UCR_id_215_Facility_tr_7482_1st_24005.csv,UCR,duplicate_Var-96,UCR,0.105199603494777,0.1094371610742333,0.1053556413964715,0.1094370012603552,-0.0042375575794563,-0.0001560379016945,-0.0042373977655782,1.598138780617431e-07,0.1,0.1,0.1,29931,72,CDU-protocol-fast-v1,duplicate_Var-96
525_UCR_id_223_Facility_tr_50000_1st_250720.csv,UCR,duplicate_Var-96,UCR,0.1042827843915398,0.1054694677639835,0.1041614680990228,0.1054685884932458,-0.0011866833724436,0.000121316292517,-0.001185804101706,8.792707376359399e-07,0.1,0.1,0.1,299790,650,CDU-protocol-fast-v1,duplicate_Var-96
526_UCR_id_224_Sensor_tr_2827_1st_4711.csv,UCR,duplicate_Var-96,UCR,0.1293839363336781,0.1379882863957977,0.131949246789557,0.1379884411432512,-0.0086043500621195,-0.0025653104558789,-0.0086045048095731,-1.547474535734672e-07,0.1,0.1,0.1,11308,98,CDU-protocol-fast-v1,duplicate_Var-96
530_UCR_id_228_HumanActivity_tr_16250_1st_38500.csv,UCR,duplicate_Var-96,UCR,0.1137357260461471,0.1075878731359734,0.1145165267783643,0.1075878567243698,0.0061478529101736,-0.0007808007322172,0.0061478693217772,1.6411603520616325e-08,0.1,0.1,0.1,65000,300,CDU-protocol-fast-v1,duplicate_Var-96
531_SMAP_id_1_Sensor_tr_1811_1st_4510.csv,SMAP,duplicate_Var-96,SMAP,0.1377220089982345,0.135305076146723,0.1300406905968112,0.1353017111292206,0.0024169328515115,0.0076813184014232,0.0024202978690138,3.3650175023658413e-06,0.1,0.1,0.1,7244,81,CDU-protocol-fast-v1,duplicate_Var-96
532_SMAP_id_2_Sensor_tr_2075_1st_5550.csv,SMAP,duplicate_Var-96,SMAP,0.2586579717482491,0.2427579628868421,0.2573239207512092,0.2427599205417347,0.015900008861407,0.0013340509970399,0.0158980512065143,-1.9576548926925064e-06,0.1,0.1,0.1,8302,351,CDU-protocol-fast-v1,duplicate_Var-96
533_SMAP_id_3_Sensor_tr_2052_1st_5300.csv,SMAP,duplicate_Var-96,SMAP,0.6253025617499648,0.4043252835730163,0.5394501155229589,0.4043256545859745,0.2209772781769485,0.0858524462270059,0.2209769071639902,-3.710129582445987e-07,0.1,0.1,0.1,8209,1121,CDU-protocol-fast-v1,duplicate_Var-96
534_SMAP_id_4_Sensor_tr_1968_1st_4370.csv,SMAP,duplicate_Var-96,SMAP,0.1194258253104484,0.1202021127281363,0.1149776787130322,0.1201983218310304,-0.0007762874176878,0.0044481465974162,-0.000772496520582,3.790897105837576e-06,0.1,0.1,0.1,7874,51,CDU-protocol-fast-v1,duplicate_Var-96
536_SMAP_id_6_Sensor_tr_2160_1st_5600.csv,SMAP,duplicate_Var-96,SMAP,0.1396981700018532,0.12668589887794,0.132263622784761,0.1266852430802629,0.0130122711239132,0.0074345472170921,0.0130129269215902,6.557976770238394e-07,0.1,0.1,0.1,8640,101,CDU-protocol-fast-v1,duplicate_Var-96
537_SMAP_id_7_Sensor_tr_2077_1st_5394.csv,SMAP,duplicate_Var-96,SMAP,0.2257407489654368,0.1726738543664138,0.2019067146452364,0.1726718818479942,0.053066894599023,0.0238340343202003,0.0530688671174425,1.9725184195462653e-06,0.1,0.1,0.1,8310,281,CDU-protocol-fast-v1,duplicate_Var-96
538_SMAP_id_8_Sensor_tr_2007_1st_3650.csv,SMAP,duplicate_Var-96,SMAP,0.2240464097040339,0.1881823626861062,0.2007944819798056,0.1881845658024633,0.0358640470179277,0.0232519277242282,0.0358618439015705,-2.2031163571523127e-06,0.1,0.1,0.1,8029,268,CDU-protocol-fast-v1,duplicate_Var-96
539_SMAP_id_9_Sensor_tr_1857_1st_4270.csv,SMAP,duplicate_Var-96,SMAP,0.1261608779249332,0.1196230614268964,0.1204317506368045,0.1196209255749839,0.0065378164980367,0.0057291272881286,0.0065399523499492,2.135851912457576e-06,0.1,0.1,0.1,7431,61,CDU-protocol-fast-v1,duplicate_Var-96
540_SMAP_id_10_Sensor_tr_2051_1st_4575.csv,SMAP,duplicate_Var-96,SMAP,0.182396117271583,0.1848312881502736,0.185392036411533,0.1848310994789403,-0.0024351708786906,-0.00299591913995,-0.0024349822073573,1.8867133322331145e-07,0.1,0.1,0.1,8205,186,CDU-protocol-fast-v1,duplicate_Var-96
541_SMAP_id_11_Sensor_tr_1832_1st_5300.csv,SMAP,duplicate_Var-96,SMAP,0.3318923522564446,0.3198631523368086,0.3295790229312117,0.3198595726285159,0.0120291999196359,0.0023133293252328,0.0120327796279287,3.5797082927335744e-06,0.1,0.1,0.1,7331,448,CDU-protocol-fast-v1,duplicate_Var-96
542_SMAP_id_12_Sensor_tr_1908_1st_4690.csv,SMAP,duplicate_Var-96,SMAP,0.1100333486114171,0.1130300243989219,0.107344810439052,0.1130335079281638,-0.0029966757875048,0.002688538172365,-0.0030001593167467,-3.4835292419821418e-06,0.1,0.1,0.1,7632,31,CDU-protocol-fast-v1,duplicate_Var-96
544_SMAP_id_14_Sensor_tr_1978_1st_4450.csv,SMAP,duplicate_Var-96,SMAP,0.1487826190130445,0.1730303253664884,0.1609974424167506,0.17303123228961,-0.0242477063534439,-0.0122148234037061,-0.0242486132765655,-9.069231216018992e-07,0.1,0.1,0.1,7914,111,CDU-protocol-fast-v1,duplicate_Var-96
545_SMAP_id_15_Sensor_tr_1173_1st_2750.csv,SMAP,duplicate_Var-96,SMAP,0.1364992500618687,0.1211535084048017,0.1288948875767025,0.1211562422319993,0.0153457416570669,0.0076043624851661,0.0153430078298693,-2.73382719762072e-06,0.1,0.1,0.1,4693,51,CDU-protocol-fast-v1,duplicate_Var-96
546_SMAP_id_16_Sensor_tr_2117_1st_4770.csv,SMAP,duplicate_Var-96,SMAP,0.1498000626397371,0.1614007173179638,0.1588948802094547,0.1614029416600147,-0.0116006546782266,-0.0090948175697175,-0.0116028790202776,-2.224342050938244e-06,0.1,0.1,0.1,8469,121,CDU-protocol-fast-v1,duplicate_Var-96
547_SMAP_id_17_Sensor_tr_2133_1st_5400.csv,SMAP,duplicate_Var-96,SMAP,0.3782053894169124,0.3274853848874426,0.3946491956218507,0.3274827552388354,0.0507200045294697,-0.0164438062049383,0.0507226341780769,2.629648607144208e-06,0.1,0.1,0.1,8532,623,CDU-protocol-fast-v1,duplicate_Var-96
548_SMAP_id_18_Sensor_tr_2094_1st_5600.csv,SMAP,duplicate_Var-96,SMAP,0.1132732088639916,0.1077337556223167,0.109965224284976,0.1077358955474987,0.0055394532416749,0.0033079845790155,0.0055373133164928,-2.1399251820264364e-06,0.1,0.1,0.1,8376,41,CDU-protocol-fast-v1,duplicate_Var-96
549_SMAP_id_19_Sensor_tr_1998_1st_2098.csv,SMAP,duplicate_Var-96,SMAP,0.1776462153288513,0.1683522664057888,0.1652457188993797,0.1683545749534127,0.0092939489230625,0.0124004964294715,0.0092916403754385,-2.308547623952606e-06,0.1,0.1,0.1,8579,184,CDU-protocol-fast-v1,duplicate_Var-96
550_SWaT_id_1_Sensor_tr_43700_1st_43800.csv,SWaT,duplicate_Var-96,SWaT,0.5695013226659786,0.8095299149614791,0.6667040346753086,0.8094992345731785,-0.2400285922955004,-0.0972027120093299,-0.2399979119071998,3.068038830056352e-05,0.1,0.1,0.1,419919,50653,CDU-protocol-fast-v1,duplicate_Var-96
551_YAHOO_id_1_Synthetic_tr_500_1st_893.csv,YAHOO,duplicate_Var-96,YAHOO,0.0983326645536459,0.0955986661182077,0.0983784915803899,0.0955889504414379,0.0027339984354381,-4.582702674400807e-05,0.0027437141122079,9.71567676980034e-06,0.1,0.1,0.1,1421,1,CDU-protocol-fast-v1,duplicate_Var-96
552_YAHOO_id_2_Synthetic_tr_500_1st_893.csv,YAHOO,duplicate_Var-96,YAHOO,0.0983326645536459,0.0955913527988841,0.0984279937028028,0.0955964658027909,0.0027413117547617,-9.53291491569419e-05,0.0027361987508549,-5.1130039068481015e-06,0.1,0.1,0.1,1421,1,CDU-protocol-fast-v1,duplicate_Var-96
555_YAHOO_id_5_WebService_tr_500_1st_730.csv,YAHOO,duplicate_Var-96,YAHOO,0.1048191137585639,0.0979295190684634,0.1055275520857612,0.0979304969863432,0.0068895946901005,-0.0007084383271973,0.0068886167722206,-9.779178798824395e-07,0.1,0.1,0.1,1680,4,CDU-protocol-fast-v1,duplicate_Var-96
558_YAHOO_id_8_WebService_tr_500_1st_1125.csv,YAHOO,duplicate_Var-96,YAHOO,0.3124225835287523,0.411183101721512,0.335473816750421,0.4111761447159165,-0.0987605181927597,-0.0230512332216687,-0.0987535611871642,6.957005595498167e-06,0.1,0.1,0.1,1427,80,CDU-protocol-fast-v1,duplicate_Var-96
562_YAHOO_id_12_Synthetic_tr_500_1st_893.csv,YAHOO,duplicate_Var-96,YAHOO,0.0983326645536459,0.0924456409963272,0.0981953338392683,0.0924529523986515,0.0058870235573186,0.0001373307143775,0.0058797121549943,-7.311402324364224e-06,0.1,0.1,0.1,1421,1,CDU-protocol-fast-v1,duplicate_Var-96
570_YAHOO_id_20_Synthetic_tr_500_1st_658.csv,YAHOO,duplicate_Var-96,YAHOO,0.1064974257906056,0.1008862420452337,0.1067420338184812,0.1008881765764009,0.0056111837453718,-0.0002446080278756,0.0056092492142046,-1.9345311672025467e-06,0.1,0.1,0.1,1421,4,CDU-protocol-fast-v1,duplicate_Var-96
571_YAHOO_id_21_Synthetic_tr_500_1st_623.csv,YAHOO,duplicate_Var-96,YAHOO,0.1201053611855383,0.1057482784774065,0.1163063857551447,0.1057578118476378,0.0143570827081317,0.0037989754303935,0.0143475493379004,-9.533370231323834e-06,0.1,0.1,0.1,1421,9,CDU-protocol-fast-v1,duplicate_Var-96
579_YAHOO_id_29_WebService_tr_500_1st_1342.csv,YAHOO,duplicate_Var-96,YAHOO,0.0979130865456355,0.0914970985013801,0.0979169421767251,0.0914950754249849,0.0064159880442554,-3.855631089649814e-06,0.0064180111206505,2.0230763951578634e-06,0.1,0.1,0.1,1680,1,CDU-protocol-fast-v1,duplicate_Var-96
603_YAHOO_id_53_Synthetic_tr_500_1st_893.csv,YAHOO,duplicate_Var-96,YAHOO,0.0983326645536459,0.0976889505675179,0.0986631286794458,0.0977000091377183,0.0006437139861279,-0.0003304641257999,0.0006326554159275,-1.1058570200450646e-05,0.1,0.1,0.1,1421,1,CDU-protocol-fast-v1,duplicate_Var-96
644_YAHOO_id_94_WebService_tr_500_1st_1078.csv,YAHOO,duplicate_Var-96,YAHOO,0.2977387032189041,0.3796034061455574,0.3364390844448301,0.3796068220845101,-0.0818647029266532,-0.038700381225926,-0.0818681188656059,-3.4159389526999817e-06,0.1,0.1,0.1,1435,75,CDU-protocol-fast-v1,duplicate_Var-96
645_YAHOO_id_95_WebService_tr_500_1st_1047.csv,YAHOO,duplicate_Var-96,YAHOO,0.0979130865456355,0.0897913580715925,0.0979541284562392,0.0897896614353759,0.008121728474043,-4.104191060369522e-05,0.0081234251102595,1.6966362165471427e-06,0.1,0.1,0.1,1680,1,CDU-protocol-fast-v1,duplicate_Var-96
649_YAHOO_id_99_WebService_tr_500_1st_1386.csv,YAHOO,duplicate_Var-96,YAHOO,0.0979130865456355,0.0937424040205588,0.0983076930208195,0.0937403370894652,0.0041706825250766,-0.000394606475184,0.0041727494561702,2.0669310936000107e-06,0.1,0.1,0.1,1680,1,CDU-protocol-fast-v1,duplicate_Var-96
657_YAHOO_id_107_WebService_tr_500_1st_1260.csv,YAHOO,duplicate_Var-96,YAHOO,0.0982967547241315,0.0967903479376156,0.0981284490984023,0.0967937895421355,0.0015064067865159,0.0001683056257291,0.0015029651819959,-3.4416045199686662e-06,0.1,0.1,0.1,1440,1,CDU-protocol-fast-v1,duplicate_Var-96
658_YAHOO_id_108_Synthetic_tr_500_1st_893.csv,YAHOO,duplicate_Var-96,YAHOO,0.0983326645536459,0.0880665487412777,0.0981705828479408,0.0880630682301271,0.0102661158123681,0.000162081705705,0.0102695963235187,3.480511150580345e-06,0.1,0.1,0.1,1421,1,CDU-protocol-fast-v1,duplicate_Var-96
672_YAHOO_id_122_WebService_tr_500_1st_857.csv,YAHOO,duplicate_Var-96,YAHOO,0.0979130865456355,0.0983346713932742,0.0981866901430239,0.0983317316339208,-0.0004215848476386,-0.0002736035973884,-0.0004186450882852,2.9397593534069566e-06,0.1,0.1,0.1,1680,1,CDU-protocol-fast-v1,duplicate_Var-96
680_YAHOO_id_130_Synthetic_tr_500_1st_893.csv,YAHOO,duplicate_Var-96,YAHOO,0.0983326645536459,0.1001830517148691,0.0982687619618919,0.1001633152073435,-0.0018503871612232,6.39025917539282e-05,-0.0018306506536976,1.9736507525583424e-05,0.1,0.1,0.1,1421,1,CDU-protocol-fast-v1,duplicate_Var-96
689_YAHOO_id_139_WebService_tr_500_1st_1073.csv,YAHOO,duplicate_Var-96,YAHOO,0.0979130865456355,0.0957656139326319,0.09785437485147,0.0957661698932121,0.0021474726130036,5.871169416546418e-05,0.0021469166524233,-5.559605802257783e-07,0.1,0.1,0.1,1680,1,CDU-protocol-fast-v1,duplicate_Var-96
693_YAHOO_id_143_WebService_tr_500_1st_1003.csv,YAHOO,duplicate_Var-96,YAHOO,0.1010313651260117,0.0918877607419639,0.1004892668450222,0.0918892019676719,0.0091436043840477,0.0005420982809895,0.0091421631583397,-1.441225708012639e-06,0.1,0.1,0.1,1427,2,CDU-protocol-fast-v1,duplicate_Var-96
701_YAHOO_id_151_Synthetic_tr_500_1st_893.csv,YAHOO,duplicate_Var-96,YAHOO,0.0983326645536459,0.0909503657521677,0.0987662580196139,0.0909527668010373,0.0073822988014781,-0.000433593465968,0.0073798977526085,-2.4010488696019072e-06,0.1,0.1,0.1,1421,1,CDU-protocol-fast-v1,duplicate_Var-96
723_YAHOO_id_173_WebService_tr_500_1st_1214.csv,YAHOO,duplicate_Var-96,YAHOO,0.1010580848538705,0.1031989026030144,0.1003904211660111,0.103197653491155,-0.0021408177491439,0.0006676636878593,-0.0021395686372845,1.249111859322194e-06,0.1,0.1,0.1,1420,2,CDU-protocol-fast-v1,duplicate_Var-96
724_YAHOO_id_174_WebService_tr_500_1st_1030.csv,YAHOO,duplicate_Var-96,YAHOO,0.10712112282954,0.0964034489434117,0.1065860224997996,0.0964078959988413,0.0107176738861283,0.0005351003297403,0.0107132268306987,-4.447055429596114e-06,0.1,0.1,0.1,1680,5,CDU-protocol-fast-v1,duplicate_Var-96
734_YAHOO_id_184_WebService_tr_500_1st_768.csv,YAHOO,duplicate_Var-96,YAHOO,0.7121097988984328,0.4845239900791141,0.6255633035478901,0.4845339291973377,0.2275858088193187,0.0865464953505427,0.2275758697010951,-9.939118223611931e-06,0.1,0.1,0.1,1424,227,CDU-protocol-fast-v1,duplicate_Var-96
741_YAHOO_id_191_WebService_tr_500_1st_1114.csv,YAHOO,duplicate_Var-96,YAHOO,0.1002150956166116,0.0898240997735813,0.1003229716329033,0.0898211987516507,0.0103909958430302,-0.0001078760162917,0.0103938968649608,2.9010219305958262e-06,0.1,0.1,0.1,1680,2,CDU-protocol-fast-v1,duplicate_Var-96
755_YAHOO_id_205_Synthetic_tr_500_1st_893.csv,YAHOO,duplicate_Var-96,YAHOO,0.0983326645536459,0.0962903378989297,0.0981483068998429,0.0962961684204553,0.0020423266547161,0.0001843576538029,0.0020364961331905,-5.830521525626575e-06,0.1,0.1,0.1,1421,1,CDU-protocol-fast-v1,duplicate_Var-96
762_YAHOO_id_212_WebService_tr_500_1st_1055.csv,YAHOO,duplicate_Var-96,YAHOO,0.1002150956166116,0.1099210290942436,0.1009982268377478,0.1099177470312203,-0.009705933477632,-0.0007831312211362,-0.0097026514146087,3.282063023218873e-06,0.1,0.1,0.1,1680,2,CDU-protocol-fast-v1,duplicate_Var-96
780_YAHOO_id_230_Synthetic_tr_500_1st_893.csv,YAHOO,duplicate_Var-96,YAHOO,0.0983326645536459,0.0934989980731053,0.098820710298365,0.0935040419351701,0.0048336664805405,-0.0004880457447191,0.0048286226184757,-5.0438620648185495e-06,0.1,0.1,0.1,1421,1,CDU-protocol-fast-v1,duplicate_Var-96
788_YAHOO_id_238_WebService_tr_500_1st_973.csv,YAHOO,duplicate_Var-96,YAHOO,0.0979130865456355,0.0966041045957172,0.0983938706954086,0.0966034668293181,0.0013089819499183,-0.0004807841497731,0.0013096197163173,6.377663990531079e-07,0.1,0.1,0.1,1680,1,CDU-protocol-fast-v1,duplicate_Var-96
797_YAHOO_id_247_Synthetic_tr_500_1st_893.csv,YAHOO,duplicate_Var-96,YAHOO,0.0983326645536459,0.0948550639554532,0.0988685623337257,0.0948556058988027,0.0034776005981926,-0.0005358977800798,0.0034770586548431,-5.419433494885384e-07,0.1,0.1,0.1,1421,1,CDU-protocol-fast-v1,duplicate_Var-96
806_YAHOO_id_256_Synthetic_tr_500_1st_893.csv,YAHOO,duplicate_Var-96,YAHOO,0.0983326645536459,0.1071664767249786,0.0983553906411751,0.1071440426114418,-0.0088338121713327,-2.2726087529206795e-05,-0.0088113780577959,2.243411353676505e-05,0.1,0.1,0.1,1421,1,CDU-protocol-fast-v1,duplicate_Var-96
807_YAHOO_id_257_WebService_tr_500_1st_1210.csv,YAHOO,duplicate_Var-96,YAHOO,0.1417805852464838,0.1301972019891372,0.1347270619838833,0.1301969423434326,0.0115833832573465,0.0070535232626005,0.0115836429030511,2.596457045478396e-07,0.1,0.1,0.1,1424,17,CDU-protocol-fast-v1,duplicate_Var-96
810_Exathlon_id_1_Facility_tr_10766_1st_12590.csv,Exathlon,duplicate_Var-96,Exathlon,0.5910589381462512,0.6594060583860757,0.6016071217025941,0.6594760582995516,-0.0683471202398244,-0.0105481835563429,-0.0684171201533003,-6.99999134758933e-05,0.1,0.1,0.1,43066,5437,CDU-protocol-fast-v1,duplicate_Var-96
811_Exathlon_id_2_Facility_tr_10766_1st_12590.csv,Exathlon,duplicate_Var-96,Exathlon,0.5910589381462512,0.515289659163302,0.5300426302321933,0.5152015410730127,0.0757692789829491,0.0610163079140578,0.0758573970732384,8.811809028930195e-05,0.1,0.1,0.1,43066,5437,CDU-protocol-fast-v1,duplicate_Var-96
812_Exathlon_id_3_Facility_tr_10766_1st_12590.csv,Exathlon,duplicate_Var-96,Exathlon,0.5910589381462512,0.3949622386184044,0.5298510294834858,0.3949600479954281,0.1960966995278468,0.0612079086627653,0.196098890150823,2.190622976239176e-06,0.1,0.1,0.1,43066,5437,CDU-protocol-fast-v1,duplicate_Var-96
814_Exathlon_id_5_Facility_tr_10766_1st_12590.csv,Exathlon,duplicate_Var-96,Exathlon,0.5910589381462512,0.515289659163302,0.5300426302321933,0.5152015410730127,0.0757692789829491,0.0610163079140578,0.0758573970732384,8.811809028930195e-05,0.1,0.1,0.1,43066,5437,CDU-protocol-fast-v1,duplicate_Var-96
815_Exathlon_id_6_Facility_tr_10766_1st_12590.csv,Exathlon,duplicate_Var-96,Exathlon,0.5910589381462512,0.3949622386184044,0.5298510294834858,0.3949600479954281,0.1960966995278468,0.0612079086627653,0.196098890150823,2.190622976239176e-06,0.1,0.1,0.1,43066,5437,CDU-protocol-fast-v1,duplicate_Var-96
816_Exathlon_id_7_Facility_tr_10766_1st_12590.csv,Exathlon,duplicate_Var-96,Exathlon,0.5910589381462512,0.447824080505201,0.5308666674165559,0.4478068547270822,0.1432348576410502,0.0601922707296953,0.1432520834191689,1.7225778118745705e-05,0.1,0.1,0.1,43066,5437,CDU-protocol-fast-v1,duplicate_Var-96
817_Exathlon_id_8_Facility_tr_10766_1st_12590.csv,Exathlon,duplicate_Var-96,Exathlon,0.5910589381462512,0.5907887612902277,0.5497974291698302,0.5907888707610184,0.0002701768560234,0.041261508976421,0.0002700673852328,-1.0947079065459776e-07,0.1,0.1,0.1,43066,5437,CDU-protocol-fast-v1,duplicate_Var-96
818_Exathlon_id_9_Facility_tr_11665_1st_13484.csv,Exathlon,duplicate_Var-96,Exathlon,0.3383966554327336,0.2336089939081875,0.3056951204702073,0.2335972125770344,0.1047876615245461,0.0327015349625263,0.1047994428556991,1.1781331153037922e-05,0.1,0.1,0.1,46660,2928,CDU-protocol-fast-v1,duplicate_Var-96
819_Exathlon_id_10_Facility_tr_10766_1st_12590.csv,Exathlon,duplicate_Var-96,Exathlon,0.5910589381462512,0.4387458545297075,0.5304296623941775,0.4387215624731318,0.1523130836165437,0.0606292757520736,0.1523373756731194,2.4292056575669907e-05,0.1,0.1,0.1,43066,5437,CDU-protocol-fast-v1,duplicate_Var-96
820_Exathlon_id_11_Facility_tr_11665_1st_13484.csv,Exathlon,duplicate_Var-96,Exathlon,0.3383966554327336,0.2856122646634518,0.3060629555478236,0.2855768262069876,0.0527843907692818,0.03233369988491,0.052819829225746,3.543845646419852e-05,0.1,0.1,0.1,46660,2928,CDU-protocol-fast-v1,duplicate_Var-96
821_Exathlon_id_12_Facility_tr_6985_1st_7085.csv,Exathlon,duplicate_Var-96,Exathlon,0.5029142696878764,0.4050369672810656,0.4568899472032812,0.4050583886079116,0.0978773024068108,0.0460243224845952,0.0978558810799647,-2.1421326846071675e-05,0.1,0.1,0.1,46649,4856,CDU-protocol-fast-v1,duplicate_Var-96
822_Exathlon_id_13_Facility_tr_10766_1st_12590.csv,Exathlon,duplicate_Var-96,Exathlon,0.5910589381462512,0.5907887612902277,0.5497974291698302,0.5907888707610184,0.0002701768560234,0.041261508976421,0.0002700673852328,-1.0947079065459776e-07,0.1,0.1,0.1,43066,5437,CDU-protocol-fast-v1,duplicate_Var-96
823_Exathlon_id_14_Facility_tr_10766_1st_12590.csv,Exathlon,duplicate_Var-96,Exathlon,0.5910589381462512,0.4417425956896094,0.5303153246350191,0.4416944473919173,0.1493163424566418,0.0607436135112321,0.1493644907543339,4.81482976920633e-05,0.1,0.1,0.1,43066,5437,CDU-protocol-fast-v1,duplicate_Var-96
824_Exathlon_id_15_Facility_tr_10766_1st_12590.csv,Exathlon,duplicate_Var-96,Exathlon,0.5910589381462512,0.4367697206179154,0.5302658187524137,0.4367558989744975,0.1542892175283358,0.0607931193938374,0.1543030391717536,1.3821643417843976e-05,0.1,0.1,0.1,43066,5437,CDU-protocol-fast-v1,duplicate_Var-96
826_Exathlon_id_17_Facility_tr_11665_1st_13484.csv,Exathlon,duplicate_Var-96,Exathlon,0.3383966554327336,0.2856122646634518,0.3060629555478236,0.2855768262069876,0.0527843907692818,0.03233369988491,0.052819829225746,3.543845646419852e-05,0.1,0.1,0.1,46660,2928,CDU-protocol-fast-v1,duplicate_Var-96
827_Exathlon_id_18_Facility_tr_10766_1st_12590.csv,Exathlon,duplicate_Var-96,Exathlon,0.5910589381462512,0.4367697206179154,0.5302658187524137,0.4367558989744975,0.1542892175283358,0.0607931193938374,0.1543030391717536,1.3821643417843976e-05,0.1,0.1,0.1,43066,5437,CDU-protocol-fast-v1,duplicate_Var-96
828_Exathlon_id_19_Facility_tr_11663_1st_13482.csv,Exathlon,duplicate_Var-96,Exathlon,0.3401291997647747,0.3021399170343675,0.3074813546557508,0.3021139933363753,0.0379892827304071,0.0326478451090238,0.0380152064283993,2.592369799214733e-05,0.1,0.1,0.1,46655,2948,CDU-protocol-fast-v1,duplicate_Var-96
829_Exathlon_id_20_Facility_tr_10766_1st_12590.csv,Exathlon,duplicate_Var-96,Exathlon,0.5910589381462512,0.447824080505201,0.5308666674165559,0.4478068547270822,0.1432348576410502,0.0601922707296953,0.1432520834191689,1.7225778118745705e-05,0.1,0.1,0.1,43066,5437,CDU-protocol-fast-v1,duplicate_Var-96
830_Exathlon_id_21_Facility_tr_10766_1st_12590.csv,Exathlon,duplicate_Var-96,Exathlon,0.5910589381462512,0.5471087903381027,0.5303447070156185,0.547057402492661,0.0439501478081485,0.0607142311306326,0.0440015356535902,5.138784544167496e-05,0.1,0.1,0.1,43066,5437,CDU-protocol-fast-v1,duplicate_Var-96
831_Exathlon_id_22_Facility_tr_11665_1st_13484.csv,Exathlon,duplicate_Var-96,Exathlon,0.3383966554327336,0.2856122646634518,0.3060629555478236,0.2855768262069876,0.0527843907692818,0.03233369988491,0.052819829225746,3.543845646419852e-05,0.1,0.1,0.1,46660,2928,CDU-protocol-fast-v1,duplicate_Var-96
832_Exathlon_id_23_Facility_tr_10766_1st_12590.csv,Exathlon,duplicate_Var-96,Exathlon,0.5910589381462512,0.447824080505201,0.5308666674165559,0.4478068547270822,0.1432348576410502,0.0601922707296953,0.1432520834191689,1.7225778118745705e-05,0.1,0.1,0.1,43066,5437,CDU-protocol-fast-v1,duplicate_Var-96
833_Exathlon_id_24_Facility_tr_10766_1st_12590.csv,Exathlon,duplicate_Var-96,Exathlon,0.5910589381462512,0.3949622386184044,0.5298510294834858,0.3949600479954281,0.1960966995278468,0.0612079086627653,0.196098890150823,2.190622976239176e-06,0.1,0.1,0.1,43066,5437,CDU-protocol-fast-v1,duplicate_Var-96
834_Exathlon_id_25_Facility_tr_11665_1st_13484.csv,Exathlon,duplicate_Var-96,Exathlon,0.3383966554327336,0.2856122646634518,0.3060629555478236,0.2855768262069876,0.0527843907692818,0.03233369988491,0.052819829225746,3.543845646419852e-05,0.1,0.1,0.1,46660,2928,CDU-protocol-fast-v1,duplicate_Var-96
835_Exathlon_id_26_Facility_tr_10766_1st_12590.csv,Exathlon,duplicate_Var-96,Exathlon,0.5910589381462512,0.6540245625665059,0.5568223092212282,0.6540241995399996,-0.0629656244202546,0.0342366289250229,-0.0629652613937483,3.63026506300379e-07,0.1,0.1,0.1,43066,5437,CDU-protocol-fast-v1,duplicate_Var-96
836_Exathlon_id_27_Facility_tr_10766_1st_12590.csv,Exathlon,duplicate_Var-96,Exathlon,0.5910589381462512,0.3949622386184044,0.5298510294834858,0.3949600479954281,0.1960966995278468,0.0612079086627653,0.196098890150823,2.190622976239176e-06,0.1,0.1,0.1,43066,5437,CDU-protocol-fast-v1,duplicate_Var-96
837_Exathlon_id_28_Facility_tr_8898_1st_8998.csv,Exathlon,duplicate_Var-96,Exathlon,0.4205924877163967,0.4659297475088861,0.4542604562069083,0.4659354759809999,-0.0453372597924894,-0.0336679684905116,-0.0453429882646032,-5.7284721137751404e-06,0.1,0.1,0.1,46650,3891,CDU-protocol-fast-v1,duplicate_Var-96
838_Exathlon_id_29_Facility_tr_10766_1st_12590.csv,Exathlon,duplicate_Var-96,Exathlon,0.5910589381462512,0.5907887612902277,0.5497974291698302,0.5907888707610184,0.0002701768560234,0.041261508976421,0.0002700673852328,-1.0947079065459776e-07,0.1,0.1,0.1,43066,5437,CDU-protocol-fast-v1,duplicate_Var-96
839_Exathlon_id_30_Facility_tr_10766_1st_12590.csv,Exathlon,duplicate_Var-96,Exathlon,0.5910589381462512,0.447824080505201,0.5308666674165559,0.4478068547270822,0.1432348576410502,0.0601922707296953,0.1432520834191689,1.7225778118745705e-05,0.1,0.1,0.1,43066,5437,CDU-protocol-fast-v1,duplicate_Var-96
840_Exathlon_id_31_Facility_tr_10766_1st_12590.csv,Exathlon,duplicate_Var-96,Exathlon,0.5910589381462512,0.4367697206179154,0.5302658187524137,0.4367558989744975,0.1542892175283358,0.0607931193938374,0.1543030391717536,1.3821643417843976e-05,0.1,0.1,0.1,43066,5437,CDU-protocol-fast-v1,duplicate_Var-96
841_Exathlon_id_32_Facility_tr_11663_1st_13482.csv,Exathlon,duplicate_Var-96,Exathlon,0.3401291997647747,0.2352715670401938,0.3073694487904716,0.2352674222981678,0.1048576327245808,0.032759750974303,0.1048617774666068,4.144742025924408e-06,0.1,0.1,0.1,46655,2948,CDU-protocol-fast-v1,duplicate_Var-96
842_OPPORTUNITY_id_1_HumanActivity_tr_7295_1st_27516.csv,OPPORTUNITY,duplicate_Var-96,OPPORTUNITY,0.1361741528429222,0.1560156124175955,0.1447885990392471,0.156011641803104,-0.0198414595746733,-0.0086144461963249,-0.0198374889601818,3.970614491505264e-06,0.1,0.1,0.1,29182,330,CDU-protocol-fast-v1,duplicate_Var-96
843_OPPORTUNITY_id_2_HumanActivity_tr_808_1st_908.csv,OPPORTUNITY,duplicate_Var-96,OPPORTUNITY,0.5871383142152801,0.7917259023505411,0.6478834068660589,0.791717931372642,-0.204587588135261,-0.0607450926507788,-0.2045796171573619,7.970977899063314e-06,0.1,0.1,0.1,9057,1142,CDU-protocol-fast-v1,duplicate_Var-96
844_OPPORTUNITY_id_3_HumanActivity_tr_500_1st_566.csv,OPPORTUNITY,duplicate_Var-96,OPPORTUNITY,0.3344604207133003,0.359826741030982,0.355443075032096,0.359814864296739,-0.0253663203176817,-0.0209826543187957,-0.0253544435834387,1.187673424296598e-05,0.1,0.1,0.1,15653,967,CDU-protocol-fast-v1,duplicate_Var-96
845_OPPORTUNITY_id_4_HumanActivity_tr_7295_1st_27516.csv,OPPORTUNITY,duplicate_Var-96,OPPORTUNITY,0.1361741528429222,0.1554119769111372,0.1442390819198258,0.1554067733104754,-0.019237824068215,-0.0080649290769036,-0.0192326204675532,5.203600661723984e-06,0.1,0.1,0.1,29182,330,CDU-protocol-fast-v1,duplicate_Var-96
846_OPPORTUNITY_id_5_HumanActivity_tr_2085_1st_2185.csv,OPPORTUNITY,duplicate_Var-96,OPPORTUNITY,0.2365509154601663,0.3009542656110027,0.2594757095553909,0.3009449607205535,-0.0644033501508364,-0.0229247940952246,-0.0643940452603872,9.30489044920213e-06,0.1,0.1,0.1,22194,818,CDU-protocol-fast-v1,duplicate_Var-96
847_OPPORTUNITY_id_6_HumanActivity_tr_808_1st_908.csv,OPPORTUNITY,duplicate_Var-96,OPPORTUNITY,0.5871383142152801,0.8632380219754142,0.6804663269089628,0.8632222997606706,-0.2760997077601341,-0.0933280126936827,-0.2760839855453905,1.5722214743663088e-05,0.1,0.1,0.1,9057,1142,CDU-protocol-fast-v1,duplicate_Var-96
848_OPPORTUNITY_id_7_HumanActivity_tr_1477_1st_1577.csv,OPPORTUNITY,duplicate_Var-96,OPPORTUNITY,0.1781275678879195,0.1663103770423931,0.1725256610205601,0.1663062222791481,0.0118171908455264,0.0056019068673593,0.0118213456087713,4.154763244973436e-06,0.1,0.1,0.1,18011,396,CDU-protocol-fast-v1,duplicate_Var-96
849_OPPORTUNITY_id_8_HumanActivity_tr_1100_1st_1200.csv,OPPORTUNITY,duplicate_Var-96,OPPORTUNITY,0.1877099177944515,0.2074945180166798,0.1970028693719369,0.2074867544271293,-0.0197846002222283,-0.0092929515774853,-0.0197768366326778,7.763589550430217e-06,0.1,0.1,0.1,24892,608,CDU-protocol-fast-v1,duplicate_Var-96
850_OPPORTUNITY_id_9_HumanActivity_tr_895_1st_995.csv,OPPORTUNITY,duplicate_Var-96,OPPORTUNITY,0.2084048165942393,0.2201727948202856,0.2113288598454886,0.2201704188868103,-0.0117679782260463,-0.0029240432512493,-0.011765602292571,2.375933475295966e-06,0.1,0.1,0.1,14751,438,CDU-protocol-fast-v1,duplicate_Var-96
851_OPPORTUNITY_id_10_HumanActivity_tr_6213_1st_7311.csv,OPPORTUNITY,duplicate_Var-96,OPPORTUNITY,0.2296003845866163,0.3405770580164143,0.2634930266321171,0.3405719134203884,-0.110976673429798,-0.0338926420455008,-0.1109715288337721,5.144596025852266e-06,0.1,0.1,0.1,24852,872,CDU-protocol-fast-v1,duplicate_Var-96
853_OPPORTUNITY_id_12_HumanActivity_tr_808_1st_908.csv,OPPORTUNITY,duplicate_Var-96,OPPORTUNITY,0.5871383142152801,0.8985644465983316,0.691288090841442,0.8985478848011661,-0.3114261323830515,-0.1041497766261619,-0.311409570585886,1.6561797165470793e-05,0.1,0.1,0.1,9057,1142,CDU-protocol-fast-v1,duplicate_Var-96
854_OPPORTUNITY_id_13_HumanActivity_tr_1477_1st_1577.csv,OPPORTUNITY,duplicate_Var-96,OPPORTUNITY,0.1781275678879195,0.177713748489127,0.1833829229773836,0.1777111859139093,0.0004138193987925,-0.0052553550894641,0.0004163819740101,2.5625752176350325e-06,0.1,0.1,0.1,18011,396,CDU-protocol-fast-v1,duplicate_Var-96
855_OPPORTUNITY_id_14_HumanActivity_tr_808_1st_908.csv,OPPORTUNITY,duplicate_Var-96,OPPORTUNITY,0.5871383142152801,0.850462249982976,0.6815891047302326,0.8504513569848445,-0.2633239357676959,-0.0944507905149525,-0.2633130427695644,1.089299813150646e-05,0.1,0.1,0.1,9057,1142,CDU-protocol-fast-v1,duplicate_Var-96
856_OPPORTUNITY_id_15_HumanActivity_tr_808_1st_908.csv,OPPORTUNITY,duplicate_Var-96,OPPORTUNITY,0.5871383142152801,0.8821147358487812,0.6837658353011048,0.8821123439958378,-0.2949764216335011,-0.0966275210858247,-0.2949740297805577,2.391852943373074e-06,0.1,0.1,0.1,9057,1142,CDU-protocol-fast-v1,duplicate_Var-96
857_OPPORTUNITY_id_16_HumanActivity_tr_500_1st_566.csv,OPPORTUNITY,duplicate_Var-96,OPPORTUNITY,0.3344604207133003,0.4337740256159521,0.3759106058602571,0.4337620110206991,-0.0993136049026517,-0.0414501851469568,-0.0993015903073988,1.2014595252962668e-05,0.1,0.1,0.1,15653,967,CDU-protocol-fast-v1,duplicate_Var-96
858_OPPORTUNITY_id_17_HumanActivity_tr_808_1st_908.csv,OPPORTUNITY,duplicate_Var-96,OPPORTUNITY,0.5871383142152801,0.924768669751845,0.6945782028397138,0.9247495114741952,-0.3376303555365649,-0.1074398886244337,-0.3376111972589152,1.915827764975564e-05,0.1,0.1,0.1,9057,1142,CDU-protocol-fast-v1,duplicate_Var-96
859_OPPORTUNITY_id_18_HumanActivity_tr_895_1st_995.csv,OPPORTUNITY,duplicate_Var-96,OPPORTUNITY,0.2084048165942393,0.231208047481942,0.2184852423054425,0.2312026637376703,-0.0228032308877026,-0.0100804257112032,-0.022797847143431,5.3837442716975215e-06,0.1,0.1,0.1,14751,438,CDU-protocol-fast-v1,duplicate_Var-96
860_OPPORTUNITY_id_19_HumanActivity_tr_808_1st_908.csv,OPPORTUNITY,duplicate_Var-96,OPPORTUNITY,0.5871383142152801,0.8533380355622447,0.6920642822736539,0.8533256647640626,-0.2661997213469647,-0.1049259680583738,-0.2661873505487825,1.2370798182170796e-05,0.1,0.1,0.1,9057,1142,CDU-protocol-fast-v1,duplicate_Var-96
861_OPPORTUNITY_id_20_HumanActivity_tr_2085_1st_2185.csv,OPPORTUNITY,duplicate_Var-96,OPPORTUNITY,0.2365509154601663,0.2669523683629944,0.2519347471291637,0.2669442070993081,-0.0304014529028281,-0.0153838316689974,-0.0303932916391418,8.161263686246034e-06,0.1,0.1,0.1,22194,818,CDU-protocol-fast-v1,duplicate_Var-96
862_OPPORTUNITY_id_21_HumanActivity_tr_500_1st_566.csv,OPPORTUNITY,duplicate_Var-96,OPPORTUNITY,0.3344604207133003,0.4067945500712892,0.3730911693815329,0.4067849119592021,-0.0723341293579888,-0.0386307486682326,-0.0723244912459017,9.638112087095864e-06,0.1,0.1,0.1,15653,967,CDU-protocol-fast-v1,duplicate_Var-96
863_OPPORTUNITY_id_22_HumanActivity_tr_808_1st_908.csv,OPPORTUNITY,duplicate_Var-96,OPPORTUNITY,0.5871383142152801,0.8387032793027022,0.6736600466701209,0.8386984189350125,-0.2515649650874221,-0.0865217324548408,-0.2515601047197324,4.860367689651923e-06,0.1,0.1,0.1,9057,1142,CDU-protocol-fast-v1,duplicate_Var-96
865_OPPORTUNITY_id_24_HumanActivity_tr_2085_1st_2185.csv,OPPORTUNITY,duplicate_Var-96,OPPORTUNITY,0.2365509154601663,0.2672391635365892,0.253671088120692,0.2672287865777403,-0.0306882480764229,-0.0171201726605257,-0.030677871117574,1.03769588488678e-05,0.1,0.1,0.1,22194,818,CDU-protocol-fast-v1,duplicate_Var-96
866_OPPORTUNITY_id_25_HumanActivity_tr_6213_1st_7311.csv,OPPORTUNITY,duplicate_Var-96,OPPORTUNITY,0.2296003845866163,0.3173672055964974,0.2586515819030723,0.3173628743576805,-0.087766821009881,-0.029051197316456,-0.0877624897710642,4.331238816823735e-06,0.1,0.1,0.1,24852,872,CDU-protocol-fast-v1,duplicate_Var-96
867_OPPORTUNITY_id_26_HumanActivity_tr_808_1st_908.csv,OPPORTUNITY,duplicate_Var-96,OPPORTUNITY,0.5871383142152801,0.9450234805858582,0.6928039210708595,0.9450288013311124,-0.3578851663705781,-0.1056656068555794,-0.3578904871158324,-5.320745254278059e-06,0.1,0.1,0.1,9057,1142,CDU-protocol-fast-v1,duplicate_Var-96
868_OPPORTUNITY_id_27_HumanActivity_tr_2085_1st_2185.csv,OPPORTUNITY,duplicate_Var-96,OPPORTUNITY,0.2365509154601663,0.2875607068096743,0.2580993322690001,0.2875516063414062,-0.051009791349508,-0.0215484168088338,-0.0510006908812399,9.10046826807509e-06,0.1,0.1,0.1,22194,818,CDU-protocol-fast-v1,duplicate_Var-96
869_OPPORTUNITY_id_28_HumanActivity_tr_500_1st_566.csv,OPPORTUNITY,duplicate_Var-96,OPPORTUNITY,0.3344604207133003,0.4593897499875343,0.3783657664347164,0.4593754487824886,-0.124929329274234,-0.0439053457214161,-0.1249150280691883,1.4301205045641474e-05,0.1,0.1,0.1,15653,967,CDU-protocol-fast-v1,duplicate_Var-96
870_OPPORTUNITY_id_29_HumanActivity_tr_1477_1st_1577.csv,OPPORTUNITY,duplicate_Var-96,OPPORTUNITY,0.1781275678879195,0.1837525974478287,0.1806882736796743,0.1837484960106259,-0.0056250295599092,-0.0025607057917547,-0.0056209281227064,4.101437202780334e-06,0.1,0.1,0.1,18011,396,CDU-protocol-fast-v1,duplicate_Var-96
001_NAB_id_1_Facility_tr_1007_1st_2014.csv,NAB,independent_noise,NAB,0.4271930261014086,0.4049530644436562,0.4271954521006555,0.4049576387528901,0.0222399616577523,-2.42599924693554e-06,0.0222353873485184,-4.57430923395119e-06,0.1,0.1,0.1,4031,343,CDU-protocol-fast-v1,independent_noise
002_NAB_id_2_WebService_tr_1500_1st_4106.csv,NAB,independent_noise,NAB,0.5109811005857584,0.5019596616707005,0.5109159888982445,0.5018781073655538,0.0090214389150579,6.511168751388574e-05,0.0091029932202045,8.155430514666939e-05,0.1,0.1,0.1,6000,637,CDU-protocol-fast-v1,independent_noise
005_NAB_id_5_Traffic_tr_594_1st_1645.csv,NAB,independent_noise,NAB,0.4866326352417378,0.4225410306074325,0.4867293397505633,0.4226442337618886,0.0640916046343053,-9.670450882554028e-05,0.0639884014798491,-0.0001032031544561,0.1,0.1,0.1,2379,238,CDU-protocol-fast-v1,independent_noise
006_NAB_id_6_Traffic_tr_2579_1st_5839.csv,NAB,independent_noise,NAB,0.4857335332016683,0.5030185169729929,0.4857458528319859,0.503036504991772,-0.0172849837713246,-1.2319630317669804e-05,-0.0173029717901037,-1.79880187790582e-05,0.1,0.1,0.1,10319,1030,CDU-protocol-fast-v1,independent_noise
008_NAB_id_8_Synthetic_tr_1007_1st_2734.csv,NAB,independent_noise,NAB,0.4853806728505995,0.3491487638325485,0.4853893037770126,0.3491564106006492,0.136231909018051,-8.630926413122353e-06,0.1362242622499502,-7.646768100721957e-06,0.1,0.1,0.1,4031,402,CDU-protocol-fast-v1,independent_noise
009_NAB_id_9_Traffic_tr_500_1st_438.csv,NAB,independent_noise,NAB,0.4862815616001811,0.4577284733710112,0.4863043306141503,0.4577497202661149,0.0285530882291699,-2.276901396919273e-05,0.0285318413340661,-2.1246895103743668e-05,0.1,0.1,0.1,2161,216,CDU-protocol-fast-v1,independent_noise
010_NAB_id_10_WebService_tr_500_1st_271.csv,NAB,independent_noise,NAB,0.6772894492172364,0.6757135752540563,0.6773428070100447,0.675844231500568,0.0015758739631801,-5.33577928082396e-05,0.0014452177166683,-0.0001306562465117,0.1,0.1,0.1,1000,148,CDU-protocol-fast-v1,independent_noise
011_NAB_id_11_Facility_tr_1007_1st_1526.csv,NAB,independent_noise,NAB,0.5563893265106291,0.4704058326094067,0.5563856776153021,0.470417040129233,0.0859834939012224,3.6488953270019664e-06,0.085972286381396,-1.120751982630619e-05,0.1,0.1,0.1,4031,474,CDU-protocol-fast-v1,independent_noise
013_NAB_id_13_Traffic_tr_623_1st_2084.csv,NAB,independent_noise,NAB,0.4842338922682348,0.3962528349165996,0.4843174654340816,0.3963408201431559,0.0879810573516352,-8.35731658467842e-05,0.0878930721250789,-8.798522655634189e-05,0.1,0.1,0.1,2494,248,CDU-protocol-fast-v1,independent_noise
014_NAB_id_14_WebService_tr_500_1st_1045.csv,NAB,independent_noise,NAB,0.4820684243308183,0.4939130394542483,0.4820033276215918,0.4938424905902629,-0.0118446151234299,6.509670922649757e-05,-0.0117740662594446,7.054886398538684e-05,0.1,0.1,0.1,1537,152,CDU-protocol-fast-v1,independent_noise
015_NAB_id_15_Synthetic_tr_1007_1st_2787.csv,NAB,independent_noise,NAB,0.5948523472431452,0.7760293975346706,0.5949145638994359,0.776082204298086,-0.1811770502915254,-6.221665629069228e-05,-0.1812298570549408,-5.280676341545831e-05,0.1,0.1,0.1,4031,513,CDU-protocol-fast-v1,independent_noise
016_NAB_id_16_Environment_tr_1816_1st_3540.csv,NAB,independent_noise,NAB,0.4850429707481395,0.4376926895900296,0.4850750728334823,0.4377317470303756,0.0473502811581099,-3.210208534282222e-05,0.0473112237177639,-3.90574403459909e-05,0.1,0.1,0.1,7266,724,CDU-protocol-fast-v1,independent_noise
017_NAB_id_17_Synthetic_tr_1007_1st_1805.csv,NAB,independent_noise,NAB,0.4853806728505994,0.5534003198707411,0.4854114093181755,0.553353019969375,-0.0680196470201417,-3.073646757612014e-05,-0.0679723471187756,4.729990136609352e-05,0.1,0.1,0.1,4031,402,CDU-protocol-fast-v1,independent_noise
018_NAB_id_18_Facility_tr_500_1st_669.csv,NAB,independent_noise,NAB,0.4862541770224173,0.5522336731389618,0.4862331023910375,0.5521746935797495,-0.0659794961165444,2.10746313797916e-05,-0.0659205165573321,5.8979559212302135e-05,0.1,0.1,0.1,1881,188,CDU-protocol-fast-v1,independent_noise
019_NAB_id_19_Facility_tr_1007_1st_1171.csv,NAB,independent_noise,NAB,0.483408210248932,0.4719329833680825,0.4833637112193006,0.4719155727008725,0.0114752268808495,4.449902963138408e-05,0.0114926375480594,1.7410667209949438e-05,0.1,0.1,0.1,4031,400,CDU-protocol-fast-v1,independent_noise
020_NAB_id_20_Synthetic_tr_1007_1st_2679.csv,NAB,independent_noise,NAB,0.7013653277331897,0.8742667449843253,0.7013228906319168,0.8742132245920067,-0.1729014172511356,4.243710127294076e-05,-0.1728478968588169,5.352039231865113e-05,0.1,0.1,0.1,4031,621,CDU-protocol-fast-v1,independent_noise
022_NAB_id_22_Facility_tr_1007_1st_2980.csv,NAB,independent_noise,NAB,0.6017559663489813,0.4471628834985517,0.6018053382862284,0.4472120069882407,0.1545930828504296,-4.9371937247078e-05,0.1545439593607406,-4.912348968899583e-05,0.1,0.1,0.1,4031,520,CDU-protocol-fast-v1,independent_noise
023_NAB_id_23_Facility_tr_4512_1st_16551.csv,NAB,independent_noise,NAB,0.4188672974141275,0.4009310411488355,0.4188546000073047,0.4009455156626724,0.0179362562652919,1.2697406822748114e-05,0.017921781751455,-1.4474513836904013e-05,0.1,0.1,0.1,18049,1498,CDU-protocol-fast-v1,independent_noise
024_NAB_id_24_Synthetic_tr_1007_1st_2787.csv,NAB,independent_noise,NAB,0.5948523472431452,0.5576899651953611,0.5948699333607322,0.5576809811387132,0.0371623820477841,-1.7586117587065075e-05,0.0371713661044319,8.984056647842742e-06,0.1,0.1,0.1,4031,513,CDU-protocol-fast-v1,independent_noise
025_NAB_id_25_WebService_tr_3958_1st_4614.csv,NAB,independent_noise,NAB,0.4856619904702664,0.5141484620284618,0.4856784919539544,0.5141581877481439,-0.0284864715581953,-1.6501483688036167e-05,-0.0284961972778775,-9.72571968216318e-06,0.1,0.1,0.1,15832,1580,CDU-protocol-fast-v1,independent_noise
026_NAB_id_26_Traffic_tr_624_1st_2261.csv,NAB,independent_noise,NAB,0.4675345826450365,0.3812191677117147,0.4675661882262131,0.3812538685749697,0.0863154149333217,-3.160558117659695e-05,0.0862807140700667,-3.470086325502164e-05,0.1,0.1,0.1,2499,238,CDU-protocol-fast-v1,independent_noise
027_NAB_id_27_Facility_tr_757_1st_2582.csv,NAB,independent_noise,NAB,0.3512382483885998,0.2900068948565441,0.3512377057526838,0.2900254279752481,0.0612313535320557,5.426359159788063e-07,0.0612128204133516,-1.8533118704033846e-05,0.1,0.1,0.1,3031,200,CDU-protocol-fast-v1,independent_noise
028_NAB_id_28_Facility_tr_1007_1st_3447.csv,NAB,independent_noise,NAB,0.5129951492739443,0.4682624740937041,0.5129531468434358,0.4683289499078751,0.0447326751802402,4.200243050844765e-05,0.0446661993660691,-6.647581417107418e-05,0.1,0.1,0.1,4031,430,CDU-protocol-fast-v1,independent_noise
032_WSD_id_4_WebService_tr_4559_1st_11822.csv,WSD,independent_noise,WSD,0.1075299854438183,0.1116774515005216,0.1075323718356394,0.1116726104669958,-0.0041474660567032,-2.386391821193601e-06,-0.0041426250231775,4.841033525743166e-06,0.1,0.1,0.1,10686,32,CDU-protocol-fast-v1,independent_noise
039_WSD_id_11_WebService_tr_1746_1st_1846.csv,WSD,independent_noise,WSD,0.123945251401589,0.117165915369355,0.1239501867822749,0.1171654195057032,0.006779336032234,-4.935380685910928e-06,0.0067798318958858,4.958636518059834e-07,0.1,0.1,0.1,18219,132,CDU-protocol-fast-v1,independent_noise
040_WSD_id_12_WebService_tr_4559_1st_9714.csv,WSD,independent_noise,WSD,0.1046479863466841,0.1124326024770673,0.1046497532052522,0.1124332511410659,-0.0077846161303831,-1.7668585681335225e-06,-0.0077852647943818,-6.486639986674758e-07,0.1,0.1,0.1,18236,41,CDU-protocol-fast-v1,independent_noise
043_WSD_id_15_WebService_tr_4521_1st_6828.csv,WSD,independent_noise,WSD,0.097246602480544,0.102515453101583,0.0972505169319543,0.1025074625290973,-0.005268850621039,-3.914451410361175e-06,-0.0052608600485533,7.990572485641612e-06,0.1,0.1,0.1,18085,6,CDU-protocol-fast-v1,independent_noise
049_WSD_id_21_WebService_tr_4297_1st_7097.csv,WSD,independent_noise,WSD,0.1029301495095835,0.104141769354132,0.1029347723245714,0.1041355111016752,-0.0012116198445484,-4.622814987989554e-06,-0.0012053615920917,6.258252456717295e-06,0.1,0.1,0.1,17189,31,CDU-protocol-fast-v1,independent_noise
054_WSD_id_26_WebService_tr_2409_1st_2509.csv,WSD,independent_noise,WSD,0.1098244691869262,0.1131182814548376,0.1098181326301507,0.1131078422500923,-0.0032938122679113,6.336556775496383e-06,-0.003283373063166,1.043920474530502e-05,0.1,0.1,0.1,18391,66,CDU-protocol-fast-v1,independent_noise
058_WSD_id_30_WebService_tr_1136_1st_1236.csv,WSD,independent_noise,WSD,0.0976595358796754,0.1041579276002816,0.0976601842646555,0.1041485660260047,-0.0064983917206062,-6.483849801786068e-07,-0.0064890301463293,9.361574276861573e-06,0.1,0.1,0.1,18236,8,CDU-protocol-fast-v1,independent_noise
060_WSD_id_32_WebService_tr_4576_1st_4766.csv,WSD,independent_noise,WSD,0.1174846082653973,0.1171885962943928,0.1174834901479201,0.117177656003764,0.0002960119710045,1.118117477202918e-06,0.0003069522616332,1.0940290628744244e-05,0.1,0.1,0.1,18305,102,CDU-protocol-fast-v1,independent_noise
068_WSD_id_40_WebService_tr_4549_1st_13322.csv,WSD,independent_noise,WSD,0.1021198938700692,0.1071976929509372,0.1021239007787804,0.1071963863836679,-0.005077799080868,-4.006908711245982e-06,-0.0050764925135987,1.3065672692103014e-06,0.1,0.1,0.1,18197,29,CDU-protocol-fast-v1,independent_noise
074_WSD_id_46_WebService_tr_990_1st_1090.csv,WSD,independent_noise,WSD,0.1573790216886592,0.1352386893013269,0.1573778860761088,0.1352292489552093,0.0221403323873322,1.1356125503569905e-06,0.0221497727334498,9.440346117578493e-06,0.1,0.1,0.1,18236,290,CDU-protocol-fast-v1,independent_noise
089_WSD_id_61_WebService_tr_1010_1st_1110.csv,WSD,independent_noise,WSD,0.1493653476999775,0.128044486996481,0.1493676110155948,0.1280356294081735,0.0213208607034965,-2.263315617340167e-06,0.0213297182918039,8.857588307431552e-06,0.1,0.1,0.1,17429,241,CDU-protocol-fast-v1,independent_noise
094_WSD_id_66_WebService_tr_3309_1st_3914.csv,WSD,independent_noise,WSD,0.1061765244045372,0.1079952254932525,0.1061766415003673,0.1079877119375336,-0.0018187010887152,-1.1709583015717673e-07,-0.0018111875329964,7.513555718874354e-06,0.1,0.1,0.1,13237,35,CDU-protocol-fast-v1,independent_noise
099_WSD_id_71_WebService_tr_4559_1st_14411.csv,WSD,independent_noise,WSD,0.1046479863466841,0.111021903213316,0.1046566554274518,0.1110239632175983,-0.0063739168666318,-8.669080767728654e-06,-0.0063759768709142,-2.0600042823920584e-06,0.1,0.1,0.1,18236,41,CDU-protocol-fast-v1,independent_noise
106_WSD_id_78_WebService_tr_3363_1st_3463.csv,WSD,independent_noise,WSD,0.1427668070758227,0.1281631660111524,0.1427830794446948,0.1281692473039805,0.0146036410646702,-1.6272368872083387e-05,0.0145975597718421,-6.081292828169493e-06,0.1,0.1,0.1,18236,221,CDU-protocol-fast-v1,independent_noise
113_WSD_id_85_WebService_tr_500_1st_335.csv,WSD,independent_noise,WSD,0.1198876437419788,0.1188265995285171,0.1198877538150448,0.1188119541907868,0.0010610442134617,-1.1007306609245317e-07,0.0010756895511919,1.4645337730281873e-05,0.1,0.1,0.1,18242,113,CDU-protocol-fast-v1,independent_noise
117_WSD_id_89_WebService_tr_3251_1st_3351.csv,WSD,independent_noise,WSD,0.0966728392159828,0.1038122200571789,0.0966753999726112,0.1038085135597537,-0.0071393808411961,-2.560756628466887e-06,-0.0071356743437709,3.706497425134958e-06,0.1,0.1,0.1,16376,3,CDU-protocol-fast-v1,independent_noise
125_WSD_id_97_WebService_tr_2217_1st_2317.csv,WSD,independent_noise,WSD,0.1302459870741442,0.1302520570592606,0.1302510199742277,0.1302466520489933,-6.069985116402554e-06,-5.032900083523639e-06,-6.649748491849294e-07,5.405010267217625e-06,0.1,0.1,0.1,18250,162,CDU-protocol-fast-v1,independent_noise
130_WSD_id_102_WebService_tr_2362_1st_2462.csv,WSD,independent_noise,WSD,0.1372607551927249,0.1338780040566449,0.1372658324866066,0.1338643963238759,0.0033827511360799,-5.077293881716738e-06,0.0033963588688489,1.3607732768983194e-05,0.1,0.1,0.1,18236,195,CDU-protocol-fast-v1,independent_noise
137_WSD_id_109_WebService_tr_4559_1st_14404.csv,WSD,independent_noise,WSD,0.108459868419598,0.1147442587137088,0.1084618966878728,0.1147372397647761,-0.0062843902941108,-2.028268274847922e-06,-0.0062773713451781,7.01894893266608e-06,0.1,0.1,0.1,18236,59,CDU-protocol-fast-v1,independent_noise
139_WSD_id_111_WebService_tr_1701_1st_1801.csv,WSD,independent_noise,WSD,0.1142441227835626,0.1124211147084028,0.1142476471640763,0.1124201575107326,0.0018230080751597,-3.5243805137780138e-06,0.0018239652728299,9.57197670126142e-07,0.1,0.1,0.1,18381,87,CDU-protocol-fast-v1,independent_noise
140_MSL_id_1_Sensor_tr_530_1st_630.csv,MSL,independent_noise,MSL,0.2873686381761706,0.3059045243505106,0.2873404592898802,0.3058650691664094,-0.0185358861743399,2.8178886290364247e-05,-0.0184964309902387,3.94551841012003e-05,0.1,0.1,0.1,2430,121,CDU-protocol-fast-v1,independent_noise
141_MSL_id_2_Sensor_tr_500_1st_550.csv,MSL,independent_noise,MSL,0.6332567791885708,0.6388590499559477,0.6332805838314814,0.6388768539906768,-0.0056022707673768,-2.380464291062978e-05,-0.005620074802106,-1.7804034729174134e-05,0.1,0.1,0.1,2264,312,CDU-protocol-fast-v1,independent_noise
143_MSL_id_4_Sensor_tr_980_1st_3550.csv,MSL,independent_noise,MSL,0.2429866472843507,0.1940817129302176,0.2429746862733561,0.1940593431782895,0.0489049343541331,1.1961010994571142e-05,0.0489273041060611,2.236975192801416e-05,0.1,0.1,0.1,3922,151,CDU-protocol-fast-v1,independent_noise
144_MSL_id_5_Sensor_tr_1525_1st_4590.csv,MSL,independent_noise,MSL,0.1760790536021126,0.169985411306579,0.1760919509162739,0.1700049286616971,0.0060936422955336,-1.289731416134754e-05,0.0060741249404154,-1.951735511815378e-05,0.1,0.1,0.1,6100,131,CDU-protocol-fast-v1,independent_noise
145_MSL_id_6_Sensor_tr_530_1st_630.csv,MSL,independent_noise,MSL,0.2873686381761706,0.2761726888593286,0.2873914330671932,0.27617270444413,0.0111959493168419,-2.279489102263721e-05,0.0111959337320405,-1.5584801449364253e-08,0.1,0.1,0.1,2430,121,CDU-protocol-fast-v1,independent_noise
147_MSL_id_8_Sensor_tr_590_1st_690.csv,MSL,independent_noise,MSL,0.4992263389006856,0.3907201765619901,0.4992193887943064,0.3906969047119847,0.1085061623386954,6.950106379133292e-06,0.1085294341887008,2.327185000533527e-05,0.1,0.1,0.1,2430,252,CDU-protocol-fast-v1,independent_noise
148_MSL_id_9_Sensor_tr_883_1st_1238.csv,MSL,independent_noise,MSL,0.3451521701195715,0.2882097530028368,0.3451452707136052,0.2881844825457048,0.0569424171167347,6.89940596626526e-06,0.0569676875738666,2.5270457131965077e-05,0.1,0.1,0.1,3535,228,CDU-protocol-fast-v1,independent_noise
149_Stock_id_1_Finance_tr_500_1st_7.csv,Stock,independent_noise,Stock,0.2842191306939363,0.2454306815710683,0.2841938855833173,0.2454036753271717,0.0387884491228679,2.5245110618965505e-05,0.0388154553667645,2.7006243896565696e-05,0.1,0.1,0.1,20000,981,CDU-protocol-fast-v1,independent_noise
151_Stock_id_3_Finance_tr_500_1st_62.csv,Stock,independent_noise,Stock,0.2828372009833035,0.2527133972023364,0.2828506030138627,0.2527233946134742,0.0301238037809671,-1.3402030559217517e-05,0.0301138063698292,-9.997411137885326e-06,0.1,0.1,0.1,10000,487,CDU-protocol-fast-v1,independent_noise
155_Stock_id_7_Finance_tr_500_1st_18.csv,Stock,independent_noise,Stock,0.2826397824532131,0.2421855532885009,0.2826447000293795,0.2421888536725565,0.0404542291647122,-4.917576166441062e-06,0.0404509287806565,-3.3003840556877773e-06,0.1,0.1,0.1,20000,973,CDU-protocol-fast-v1,independent_noise
156_Stock_id_8_Finance_tr_500_1st_24.csv,Stock,independent_noise,Stock,0.2820475268629419,0.2562301892201621,0.2820471069875909,0.256227918848613,0.0258173376427797,4.198753509321307e-07,0.0258196080143288,2.2703715490957066e-06,0.1,0.1,0.1,10000,485,CDU-protocol-fast-v1,independent_noise
160_Stock_id_12_Finance_tr_500_1st_14.csv,Stock,independent_noise,Stock,0.2842191306939363,0.2453936984954448,0.2842308029027568,0.2454039845371714,0.0388254321984914,-1.1672208820534546e-05,0.0388151461567648,-1.0286041726648154e-05,0.1,0.1,0.1,20000,981,CDU-protocol-fast-v1,independent_noise
162_Stock_id_14_Finance_tr_500_1st_4.csv,Stock,independent_noise,Stock,0.6354266957247445,0.5522324078821944,0.6354213980473206,0.5522262615665479,0.0831942878425501,5.2976774239654745e-06,0.0832004341581966,6.146315646549105e-06,0.1,0.1,0.1,10000,1380,CDU-protocol-fast-v1,independent_noise
165_Stock_id_17_Finance_tr_500_1st_7.csv,Stock,independent_noise,Stock,0.6429285998681795,0.5576391440709365,0.6429226561273838,0.5576356755049428,0.085289455797243,5.943740795766317e-06,0.0852929243632367,3.4685659937583324e-06,0.1,0.1,0.1,20000,2798,CDU-protocol-fast-v1,independent_noise
166_Stock_id_18_Finance_tr_500_1st_18.csv,Stock,independent_noise,Stock,0.642731181338089,0.5600653335879421,0.6427199659353697,0.5600552486073384,0.0826658477501469,1.1215402719311209e-05,0.0826759327307506,1.0084980603730642e-05,0.1,0.1,0.1,20000,2797,CDU-protocol-fast-v1,independent_noise
169_Daphnet_id_1_HumanActivity_tr_9693_1st_20732.csv,Daphnet,independent_noise,Daphnet,0.3254223915528967,0.2368700903937531,0.3254224108634169,0.2368699319781393,0.0885523011591436,-1.931052023840252e-08,0.0885524595747574,1.5841561379348337e-07,0.1,0.1,0.1,38774,2306,CDU-protocol-fast-v1,independent_noise
170_MITDB_id_1_Medical_tr_17675_1st_17775.csv,MITDB,independent_noise,MITDB,0.271582878822378,0.2887418738617924,0.2715837318501848,0.2887417836345177,-0.0171589950394143,-8.530278068352715e-07,-0.0171589048121396,9.022727470719972e-08,0.1,0.1,0.1,500000,22845,CDU-protocol-fast-v1,independent_noise
171_MITDB_id_2_Medical_tr_50000_1st_88864.csv,MITDB,independent_noise,MITDB,0.211197624167007,0.1696606055995633,0.2111968288105712,0.1696575925913204,0.0415370185674436,7.953564357954246e-07,0.0415400315756865,3.013008242902515e-06,0.1,0.1,0.1,650000,19657,CDU-protocol-fast-v1,independent_noise
172_MITDB_id_3_Medical_tr_27274_1st_27374.csv,MITDB,independent_noise,MITDB,0.2018886191173119,0.2604056175074725,0.2018908004933058,0.2604047863416969,-0.0585169983901605,-2.1813759939204318e-06,-0.058516167224385,8.311657755388779e-07,0.1,0.1,0.1,650000,18109,CDU-protocol-fast-v1,independent_noise
173_MITDB_id_4_Medical_tr_13620_1st_13720.csv,MITDB,independent_noise,MITDB,0.49398571361269,0.5355416748998293,0.4939891809796622,0.5355388444167829,-0.0415559612871392,-3.467366972265129e-06,-0.0415531308040929,2.8304830463898867e-06,0.1,0.1,0.1,650000,66682,CDU-protocol-fast-v1,independent_noise
175_MITDB_id_6_Medical_tr_27274_1st_27374.csv,MITDB,independent_noise,MITDB,0.2018886191173119,0.2007848397009577,0.2018908707544023,0.2007859956796252,0.0011037794163542,-2.251637090444625e-06,0.0011026234376866,-1.155978667538582e-06,0.1,0.1,0.1,650000,18109,CDU-protocol-fast-v1,independent_noise
176_MITDB_id_7_Medical_tr_6232_1st_6332.csv,MITDB,independent_noise,MITDB,0.3231402139603378,0.2623315432049894,0.3231415176896858,0.2623317178940363,0.0608086707553484,-1.3037293479789549e-06,0.0608084960663015,-1.7468904689454945e-07,0.1,0.1,0.1,650000,38272,CDU-protocol-fast-v1,independent_noise
177_MITDB_id_8_Medical_tr_17675_1st_17775.csv,MITDB,independent_noise,MITDB,0.2561009450365638,0.2477174295812171,0.2561029526385138,0.2477179655523877,0.0083835154553466,-2.007601950071436e-06,0.008382979484176,-5.35971170612104e-07,0.1,0.1,0.1,650000,27124,CDU-protocol-fast-v1,independent_noise
178_SMD_id_1_Facility_tr_6000_1st_10609.csv,SMD,independent_noise,SMD,0.1638312951952854,0.1537953957124617,0.1638306131721091,0.1537947736997814,0.0100358994828236,6.820231762683093e-07,0.0100365214955039,6.22012680306927e-07,0.1,0.1,0.1,24000,427,CDU-protocol-fast-v1,independent_noise
179_SMD_id_2_Facility_tr_5925_1st_17580.csv,SMD,independent_noise,SMD,0.1211528492406375,0.1171366726745031,0.1211565504674867,0.1171394430791033,0.0040161765661343,-3.7012268492009337e-06,0.0040134061615341,-2.7704046002691163e-06,0.1,0.1,0.1,23703,161,CDU-protocol-fast-v1,independent_noise
180_SMD_id_3_Facility_tr_5925_1st_17580.csv,SMD,independent_noise,SMD,0.1211528492406375,0.1100294495002292,0.1211527159146134,0.110025137250436,0.0111233997404082,1.3332602408211436e-07,0.0111277119902014,4.312249793150813e-06,0.1,0.1,0.1,23703,161,CDU-protocol-fast-v1,independent_noise
181_SMD_id_4_Facility_tr_5000_1st_15144.csv,SMD,independent_noise,SMD,0.2709547640029155,0.2117561266938344,0.2709690096195961,0.2117650078821852,0.0591986373090811,-1.4245616680563788e-05,0.0591897561207303,-8.881188350795544e-06,0.1,0.1,0.1,20000,908,CDU-protocol-fast-v1,independent_noise
183_SMD_id_6_Facility_tr_5925_1st_17580.csv,SMD,independent_noise,SMD,0.1211528492406375,0.1188709987924464,0.1211586458159836,0.1188724855525234,0.002281850448191,-5.796575346134203e-06,0.002280363688114,-1.4867600770657186e-06,0.1,0.1,0.1,23703,161,CDU-protocol-fast-v1,independent_noise
184_SMD_id_7_Facility_tr_7119_1st_15849.csv,SMD,independent_noise,SMD,0.4618409014875731,0.3905077706318494,0.4618487076280714,0.3905228215017576,0.0713331308557237,-7.806140498278769e-06,0.0713180799858154,-1.505086990827298e-05,0.1,0.1,0.1,28479,2694,CDU-protocol-fast-v1,independent_noise
185_SMD_id_8_Facility_tr_5000_1st_15144.csv,SMD,independent_noise,SMD,0.2709547640029155,0.2062684251945096,0.2709569531387267,0.2062706209480875,0.0646863388084059,-2.18913581123692e-06,0.064684143054828,-2.195753577904913e-06,0.1,0.1,0.1,20000,908,CDU-protocol-fast-v1,independent_noise
187_SMD_id_10_Facility_tr_5000_1st_15849.csv,SMD,independent_noise,SMD,0.5196700438303502,0.4536615152933103,0.5196655163595758,0.4536585866159469,0.0660085285370399,4.527470774395859e-06,0.0660114572144032,2.928677363345233e-06,0.1,0.1,0.1,20000,2190,CDU-protocol-fast-v1,independent_noise
188_SMD_id_11_Facility_tr_500_1st_392.csv,SMD,independent_noise,SMD,0.2285381802882731,0.1818046186838234,0.2285443250715874,0.181811394555036,0.0467335616044497,-6.144783314315783e-06,0.046726785733237,-6.775871212644224e-06,0.1,0.1,0.1,23703,817,CDU-protocol-fast-v1,independent_noise
189_SMD_id_12_Facility_tr_5925_1st_17580.csv,SMD,independent_noise,SMD,0.1211528492406375,0.1190850138092801,0.1211562372844278,0.1190864761748019,0.0020678354313573,-3.3880437903810456e-06,0.0020663730658355,-1.462365521884279e-06,0.1,0.1,0.1,23703,161,CDU-protocol-fast-v1,independent_noise
190_SMD_id_13_Facility_tr_7119_1st_15849.csv,SMD,independent_noise,SMD,0.4618409014875731,0.3919164966075203,0.4618424090519668,0.3919271525099168,0.0699244048800528,-1.5075643937101368e-06,0.0699137489776563,-1.0655902396461414e-05,0.1,0.1,0.1,28479,2694,CDU-protocol-fast-v1,independent_noise
191_SMD_id_14_Facility_tr_4596_1st_4696.csv,SMD,independent_noise,SMD,0.119753404460246,0.1130077511720168,0.1197531648020164,0.1130046336397188,0.0067456532882292,2.396582295255412e-07,0.0067487708205271,3.1175322979665188e-06,0.1,0.1,0.1,22700,146,CDU-protocol-fast-v1,independent_noise
192_SMD_id_15_Facility_tr_5925_1st_17580.csv,SMD,independent_noise,SMD,0.1211528492406375,0.1188449945822097,0.1211539425812568,0.1188440826801896,0.0023078546584277,-1.093340619318095e-06,0.0023087665604478,9.119020200759608e-07,0.1,0.1,0.1,23703,161,CDU-protocol-fast-v1,independent_noise
194_SMD_id_17_Facility_tr_5925_1st_17580.csv,SMD,independent_noise,SMD,0.1211528492406375,0.120780238185619,0.1211557403072905,0.1207803513025303,0.0003726110550184,-2.8910666530629348e-06,0.0003724979381071,-1.1311691132387393e-07,0.1,0.1,0.1,23703,161,CDU-protocol-fast-v1,independent_noise
195_SMD_id_18_Facility_tr_5925_1st_17580.csv,SMD,independent_noise,SMD,0.1211528492406375,0.1199466435746843,0.1211523770966867,0.1199428234030393,0.0012062056659531,4.721439507276992e-07,0.0012100258375982,3.820171645005366e-06,0.1,0.1,0.1,23703,161,CDU-protocol-fast-v1,independent_noise
196_SMD_id_19_Facility_tr_7174_1st_21230.csv,SMD,independent_noise,SMD,0.1207587804090861,0.1132244898334223,0.1207648274835744,0.1132270799809391,0.0075342905756637,-6.047074488368942e-06,0.0075317004281469,-2.590147516801089e-06,0.1,0.1,0.1,28696,192,CDU-protocol-fast-v1,independent_noise
197_SMD_id_20_Facility_tr_5000_1st_15144.csv,SMD,independent_noise,SMD,0.2709547640029155,0.2110341991262148,0.2709538309053485,0.2110379881632779,0.0599205648767007,9.330975669907816e-07,0.0599167758396375,-3.789037063189893e-06,0.1,0.1,0.1,20000,908,CDU-protocol-fast-v1,independent_noise
198_SMD_id_21_Facility_tr_5925_1st_17580.csv,SMD,independent_noise,SMD,0.1211528492406375,0.1026275190672519,0.121153040190488,0.1026250384505944,0.0185253301733856,-1.9094985054257665e-07,0.018527810790043,2.480616657446477e-06,0.1,0.1,0.1,23703,161,CDU-protocol-fast-v1,independent_noise
199_SMD_id_22_Facility_tr_5925_1st_17580.csv,SMD,independent_noise,SMD,0.1211528492406375,0.1183540435536104,0.1211505186154846,0.1183509874011363,0.0027988056870271,2.330625152827115e-06,0.0028018618395011,3.0561524740069235e-06,0.1,0.1,0.1,23703,161,CDU-protocol-fast-v1,independent_noise
201_SMD_id_24_Facility_tr_7174_1st_21230.csv,SMD,independent_noise,SMD,0.1215700670490047,0.1156505215331957,0.1215754706127867,0.1156526435482278,0.0059195455158089,-5.403563782008236e-06,0.0059174235007768,-2.122015032149372e-06,0.1,0.1,0.1,28696,198,CDU-protocol-fast-v1,independent_noise
202_SMD_id_25_Facility_tr_6250_1st_21230.csv,SMD,independent_noise,SMD,0.1050411077560964,0.1013703232409772,0.1050490923490726,0.1013706593246903,0.0036707845151192,-7.984592976267857e-06,0.003670448431406,-3.360837131788364e-07,0.1,0.1,0.1,25000,66,CDU-protocol-fast-v1,independent_noise
203_SMD_id_26_Facility_tr_7174_1st_21230.csv,SMD,independent_noise,SMD,0.1215700670490047,0.1200077187712047,0.1215695069838773,0.1200060557042304,0.0015623482777999,5.600651273723889e-07,0.0015640113447742,1.6630669742168092e-06,0.1,0.1,0.1,28696,198,CDU-protocol-fast-v1,independent_noise
204_SMD_id_27_Facility_tr_5000_1st_15144.csv,SMD,independent_noise,SMD,0.2709547640029155,0.2069648302629172,0.2709500211967179,0.2069591128460989,0.0639899337399983,4.742806197610694e-06,0.0639956511568165,5.7174168182350105e-06,0.1,0.1,0.1,20000,908,CDU-protocol-fast-v1,independent_noise
205_SMD_id_28_Facility_tr_5925_1st_17580.csv,SMD,independent_noise,SMD,0.1211528492406375,0.1193331199463451,0.1211538456469078,0.1193313345366647,0.0018197292942924,-9.964062703815555e-07,0.0018215147039727,1.7854096803354702e-06,0.1,0.1,0.1,23703,161,CDU-protocol-fast-v1,independent_noise
206_SMD_id_29_Facility_tr_6250_1st_21230.csv,SMD,independent_noise,SMD,0.1050411077560964,0.0999328127973178,0.1050433035386285,0.0999303787085855,0.0051082949587785,-2.195782532091184e-06,0.0051107290475108,2.434088732225504e-06,0.1,0.1,0.1,25000,66,CDU-protocol-fast-v1,independent_noise
207_SMD_id_30_Facility_tr_7174_1st_21230.csv,SMD,independent_noise,SMD,0.1215700670490047,0.1169352311823476,0.1215702426126832,0.1169340425882349,0.004634835866657,-1.7556367856719213e-07,0.0046360244607697,1.18859411268879e-06,0.1,0.1,0.1,28696,198,CDU-protocol-fast-v1,independent_noise
208_SMD_id_31_Facility_tr_5000_1st_15144.csv,SMD,independent_noise,SMD,0.2709547640029155,0.206706762159856,0.2709802610269378,0.2067302839185017,0.0642480018430595,-2.549702402232512e-05,0.0642244800844138,-2.3521758645700382e-05,0.1,0.1,0.1,20000,908,CDU-protocol-fast-v1,independent_noise
209_SMD_id_32_Facility_tr_5925_1st_17580.csv,SMD,independent_noise,SMD,0.1211528492406375,0.1135918212557138,0.1211558148593737,0.1135934608869902,0.0075610279849236,-2.965618736236464e-06,0.0075593883536473,-1.6396312763899967e-06,0.1,0.1,0.1,23703,161,CDU-protocol-fast-v1,independent_noise
211_SMD_id_34_Facility_tr_5925_1st_17580.csv,SMD,independent_noise,SMD,0.1211528492406375,0.1167572483688051,0.1211549636990667,0.1167569557637256,0.0043956008718323,-2.1144584292642765e-06,0.0043958934769118,2.92605079429964e-07,0.1,0.1,0.1,23703,161,CDU-protocol-fast-v1,independent_noise
212_SMD_id_35_Facility_tr_5925_1st_17580.csv,SMD,independent_noise,SMD,0.1211528492406375,0.1120833026663713,0.1211590389997225,0.1120881616484903,0.0090695465742662,-6.189759085076241e-06,0.0090646875921471,-4.858982119076982e-06,0.1,0.1,0.1,23703,161,CDU-protocol-fast-v1,independent_noise
213_SMD_id_36_Facility_tr_5925_1st_17580.csv,SMD,independent_noise,SMD,0.1211528492406375,0.1163881516323721,0.1211615894235935,0.1163971045685828,0.0047646976082654,-8.740182956087916e-06,0.0047557446720546,-8.95293621072657e-06,0.1,0.1,0.1,23703,161,CDU-protocol-fast-v1,independent_noise
214_SMD_id_37_Facility_tr_5925_1st_17580.csv,SMD,independent_noise,SMD,0.1211528492406375,0.1171415301151051,0.1211590627529927,0.1171470104724912,0.0040113191255324,-6.213512355288109e-06,0.0040058387681462,-5.480357386122847e-06,0.1,0.1,0.1,23703,161,CDU-protocol-fast-v1,independent_noise
215_SMD_id_38_Facility_tr_5925_1st_17580.csv,SMD,independent_noise,SMD,0.1211528492406375,0.112376640965352,0.1211557688033938,0.1123792746090856,0.0087762082752854,-2.919562756359406e-06,0.0087735746315518,-2.6336437336793583e-06,0.1,0.1,0.1,23703,161,CDU-protocol-fast-v1,independent_noise
216_LTDB_id_1_Medical_tr_500_1st_266.csv,LTDB,independent_noise,LTDB,0.6891010258760193,0.8135599863558549,0.6890927166299874,0.8135592429048923,-0.1244589604798356,8.309246031901196e-06,-0.124458217028873,7.434509625703356e-07,0.1,0.1,0.1,100000,14857,CDU-protocol-fast-v1,independent_noise
218_LTDB_id_3_Medical_tr_500_1st_266.csv,LTDB,independent_noise,LTDB,0.6891010258760193,0.8116671806914406,0.6891209777807177,0.811693225858551,-0.1225661548154213,-1.995190469838981e-05,-0.1225921999825316,-2.604516711035565e-05,0.1,0.1,0.1,100000,14857,CDU-protocol-fast-v1,independent_noise
219_LTDB_id_4_Medical_tr_3618_1st_3718.csv,LTDB,independent_noise,LTDB,0.6859997535145896,0.5360155259800385,0.6859897128837629,0.5360134114250501,0.1499842275345511,1.0040630826768648e-05,0.1499863420895395,2.114554988441597e-06,0.1,0.1,0.1,100000,14781,CDU-protocol-fast-v1,independent_noise
220_LTDB_id_5_Medical_tr_500_1st_26.csv,LTDB,independent_noise,LTDB,1.370891270807115,1.255518898174517,1.370880032190312,1.255524703979474,0.1153723726325981,1.123861680296656e-05,0.1153665668276409,-5.80580495723737e-06,0.1,0.1,0.1,100000,31565,CDU-protocol-fast-v1,independent_noise
221_LTDB_id_6_Medical_tr_500_1st_26.csv,LTDB,independent_noise,LTDB,1.370891270807115,1.3280117005197238,1.3708785231316951,1.3280205268233305,0.0428795702873912,1.2747675419921832e-05,0.0428707439837845,-8.826303606657149e-06,0.1,0.1,0.1,100000,31565,CDU-protocol-fast-v1,independent_noise
222_LTDB_id_7_Medical_tr_3618_1st_3718.csv,LTDB,independent_noise,LTDB,0.6859997535145896,0.54009858408009,0.6859895603940549,0.5401023972904306,0.1459011694344996,1.019312053474053e-05,0.145897356224159,-3.8132103405974505e-06,0.1,0.1,0.1,100000,14781,CDU-protocol-fast-v1,independent_noise
223_LTDB_id_8_Medical_tr_4456_1st_4556.csv,LTDB,independent_noise,LTDB,0.7422307181731396,0.6884882427890551,0.742230044215848,0.6885050470997662,0.0537424753840845,6.739572915304137e-07,0.0537256710733733,-1.6804310711160397e-05,0.1,0.1,0.1,100000,16159,CDU-protocol-fast-v1,independent_noise
224_LTDB_id_9_Medical_tr_4456_1st_4556.csv,LTDB,independent_noise,LTDB,0.7422307181731396,0.6489258264292193,0.7422140367193104,0.6489172379394953,0.0933048917439203,1.668145382915931e-05,0.0933134802336442,8.588489723959647e-06,0.1,0.1,0.1,100000,16159,CDU-protocol-fast-v1,independent_noise
225_MGAB_id_1_Synthetic_tr_25000_1st_38478.csv,MGAB,independent_noise,MGAB,0.1039169459995007,0.0979115798404858,0.1039192237297247,0.0979005735700257,0.0060053661590148,-2.277730224042873e-06,0.006016372429475,1.1006270460106604e-05,0.1,0.1,0.1,100000,200,CDU-protocol-fast-v1,independent_noise
226_MGAB_id_2_Synthetic_tr_20000_1st_45134.csv,MGAB,independent_noise,MGAB,0.1029523934361121,0.0978226278592649,0.1029556084918843,0.0978136459004842,0.0051297655768471,-3.2150557722904205e-06,0.0051387475356278,8.981958780629462e-06,0.1,0.1,0.1,80000,140,CDU-protocol-fast-v1,independent_noise
227_MGAB_id_3_Synthetic_tr_25000_1st_44340.csv,MGAB,independent_noise,MGAB,0.1039169459995007,0.0979524953332422,0.1039188604791344,0.0979423498448869,0.0059644506662585,-1.914479633768895e-06,0.0059745961546137,1.0145488355262078e-05,0.1,0.1,0.1,100000,200,CDU-protocol-fast-v1,independent_noise
228_MGAB_id_4_Synthetic_tr_25000_1st_38948.csv,MGAB,independent_noise,MGAB,0.1039169459995007,0.0986708666196153,0.103918802867602,0.098659815977993,0.0052460793798854,-1.856868101363096e-06,0.0052571300215076,1.1050641622226132e-05,0.1,0.1,0.1,100000,200,CDU-protocol-fast-v1,independent_noise
229_MGAB_id_5_Synthetic_tr_25000_1st_33098.csv,MGAB,independent_noise,MGAB,0.1039169459995007,0.0981966680969096,0.1039196168616551,0.0981875792563616,0.005720277902591,-2.6708621544691e-06,0.005729366743139,9.088840547913368e-06,0.1,0.1,0.1,100000,200,CDU-protocol-fast-v1,independent_noise
231_MGAB_id_7_Synthetic_tr_25000_1st_35544.csv,MGAB,independent_noise,MGAB,0.1039169459995007,0.0978956366509571,0.1039194551316333,0.0978863022100027,0.0060213093485435,-2.509132132663683e-06,0.0060306437894979,9.334440954356094e-06,0.1,0.1,0.1,100000,200,CDU-protocol-fast-v1,independent_noise
232_MGAB_id_8_Synthetic_tr_25000_1st_32708.csv,MGAB,independent_noise,MGAB,0.1039169459995007,0.098360244024226,0.1039198423794091,0.0983511998769267,0.0055567019752747,-2.8963799084680275e-06,0.0055657461225739,9.044147299214211e-06,0.1,0.1,0.1,100000,200,CDU-protocol-fast-v1,independent_noise
233_MGAB_id_9_Synthetic_tr_25000_1st_41300.csv,MGAB,independent_noise,MGAB,0.1039169459995007,0.0983871495209075,0.1039198570688077,0.0983785483561512,0.0055297964785931,-2.911069307040548e-06,0.0055383976433494,8.601164756275037e-06,0.1,0.1,0.1,100000,200,CDU-protocol-fast-v1,independent_noise
234_SED_id_1_Medical_tr_3740_1st_3840.csv,SED,independent_noise,SED,0.2807100157311135,0.3622889568139242,0.280717618042513,0.3623019974669185,-0.0815789410828107,-7.602311399512729e-06,-0.081591981735805,-1.304065299434498e-05,0.1,0.1,0.1,19999,960,CDU-protocol-fast-v1,independent_noise
236_SED_id_3_Medical_tr_3740_1st_3840.csv,SED,independent_noise,SED,0.2369935222269394,0.3042156069040745,0.2369870609987338,0.3042084247396706,-0.0672220846771351,6.461228205578706e-06,-0.0672149025127311,7.182164403929381e-06,0.1,0.1,0.1,39999,1472,CDU-protocol-fast-v1,independent_noise
237_SVDB_id_1_Medical_tr_11587_1st_11687.csv,SVDB,independent_noise,SVDB,0.388165207582728,0.285981930812124,0.388155151469622,0.2859726236626665,0.102183276770604,1.005611310594956e-05,0.1021925839200614,9.30714945740485e-06,0.1,0.1,0.1,130400,9852,CDU-protocol-fast-v1,independent_noise
238_SVDB_id_2_Medical_tr_25000_1st_71963.csv,SVDB,independent_noise,SVDB,0.1200336852038119,0.1106797733902398,0.1200367103706612,0.1106812677574287,0.0093539118135721,-3.0251668493158634e-06,0.0093524174463831,-1.4943671889783294e-06,0.1,0.1,0.1,100000,676,CDU-protocol-fast-v1,independent_noise
239_SVDB_id_3_Medical_tr_50000_1st_106634.csv,SVDB,independent_noise,SVDB,0.1529458823630081,0.1454441598335838,0.1529500409183308,0.1454387030700628,0.0075017225294242,-4.15855532270859e-06,0.0075071792929453,5.45676352101121e-06,0.1,0.1,0.1,230400,3503,CDU-protocol-fast-v1,independent_noise
240_SVDB_id_4_Medical_tr_18462_1st_18562.csv,SVDB,independent_noise,SVDB,0.273147030425738,0.2512344580954489,0.2731418819716544,0.2512313707059427,0.021912572330289,5.148454083614418e-06,0.0219156597197952,3.0873895061622747e-06,0.1,0.1,0.1,130400,6004,CDU-protocol-fast-v1,independent_noise
241_SVDB_id_5_Medical_tr_11587_1st_11687.csv,SVDB,independent_noise,SVDB,0.388165207582728,0.3260048650495591,0.3881697844605878,0.3259988751896423,0.0621603425331688,-4.576877859874262e-06,0.0621663323930856,5.989859916788465e-06,0.1,0.1,0.1,130400,9852,CDU-protocol-fast-v1,independent_noise
243_SVDB_id_7_Medical_tr_11393_1st_11493.csv,SVDB,independent_noise,SVDB,0.213533155492278,0.210862519827718,0.2135373897858664,0.2108568499272171,0.0026706356645599,-4.234293588450955e-06,0.0026763055650608,5.6699005008542525e-06,0.1,0.1,0.1,180400,5547,CDU-protocol-fast-v1,independent_noise
244_SVDB_id_8_Medical_tr_17803_1st_17903.csv,SVDB,independent_noise,SVDB,0.211483179210855,0.1833569314321821,0.2114876691132826,0.1833751410726213,0.0281262477786728,-4.489902427629033e-06,0.0281080381382336,-1.82096404392762e-05,0.1,0.1,0.1,130400,3941,CDU-protocol-fast-v1,independent_noise
245_SVDB_id_9_Medical_tr_12607_1st_12707.csv,SVDB,independent_noise,SVDB,0.4154187379111702,0.3297470153080774,0.4154147438723126,0.3297451623495299,0.0856717226030928,3.994038857590976e-06,0.0856735755616402,1.852958547488015e-06,0.1,0.1,0.1,180400,14891,CDU-protocol-fast-v1,independent_noise
246_SVDB_id_10_Medical_tr_20100_1st_68460.csv,SVDB,independent_noise,SVDB,0.119621420445735,0.114088665285106,0.1196239133292311,0.1140952771369281,0.0055327551606289,-2.492883496102438e-06,0.0055261433088068,-6.611851822102555e-06,0.1,0.1,0.1,80400,535,CDU-protocol-fast-v1,independent_noise
247_SVDB_id_11_Medical_tr_20100_1st_23611.csv,SVDB,independent_noise,SVDB,0.139497778725546,0.1302767391436085,0.1395041736066626,0.1302827836340804,0.0092210395819375,-6.394881116672524e-06,0.0092149950914655,-6.044490471951436e-06,0.1,0.1,0.1,80400,945,CDU-protocol-fast-v1,independent_noise
248_SVDB_id_12_Medical_tr_18462_1st_18562.csv,SVDB,independent_noise,SVDB,0.273147030425738,0.2433546891235372,0.2731507034232481,0.2433494232357101,0.0297923413022008,-3.6729975100846528e-06,0.0297976071900278,5.265887827038407e-06,0.1,0.1,0.1,130400,6004,CDU-protocol-fast-v1,independent_noise
249_SVDB_id_13_Medical_tr_50000_1st_54982.csv,SVDB,independent_noise,SVDB,0.2388002868865439,0.216361872411146,0.2388020416441806,0.2163535077300876,0.0224384144753979,-1.754757636723836e-06,0.0224467791564562,8.364681058387058e-06,0.1,0.1,0.1,230400,8578,CDU-protocol-fast-v1,independent_noise
250_SVDB_id_14_Medical_tr_50000_1st_107354.csv,SVDB,independent_noise,SVDB,0.2031220722776498,0.1857485190772914,0.2031232154469593,0.1857456112442358,0.0173735532003584,-1.1431693095753648e-06,0.0173764610334139,2.907833055565412e-06,0.1,0.1,0.1,230400,6469,CDU-protocol-fast-v1,independent_noise
251_SVDB_id_15_Medical_tr_5421_1st_5521.csv,SVDB,independent_noise,SVDB,0.3103766387169045,0.247370481310884,0.3103732840847538,0.2473650096466333,0.0630061574060205,3.3546321506761068e-06,0.0630116290702712,5.471664250689123e-06,0.1,0.1,0.1,230400,12809,CDU-protocol-fast-v1,independent_noise
253_SVDB_id_17_Medical_tr_17803_1st_17903.csv,SVDB,independent_noise,SVDB,0.211483179210855,0.1771340492479634,0.211488463031265,0.1771493553510685,0.0343491299628916,-5.28382041006803e-06,0.0343338238597864,-1.530610310515601e-05,0.1,0.1,0.1,130400,3941,CDU-protocol-fast-v1,independent_noise
254_SVDB_id_18_Medical_tr_30824_1st_30924.csv,SVDB,independent_noise,SVDB,0.2264338692103459,0.2070460778166376,0.2264378917865221,0.2070458566944605,0.0193877913937082,-4.022576176238024e-06,0.0193880125158854,2.2112217712422225e-07,0.1,0.1,0.1,230400,7847,CDU-protocol-fast-v1,independent_noise
255_SVDB_id_19_Medical_tr_50000_1st_54982.csv,SVDB,independent_noise,SVDB,0.2388002868865439,0.2268156172329392,0.2388038771647134,0.2268116475560814,0.0119846696536047,-3.5902781695684727e-06,0.0119886393304624,3.969676857756843e-06,0.1,0.1,0.1,230400,8578,CDU-protocol-fast-v1,independent_noise
256_SVDB_id_20_Medical_tr_6264_1st_6364.csv,SVDB,independent_noise,SVDB,0.2199546107014761,0.2250920153077216,0.2199605428582137,0.2250915897821381,-0.0051374046062455,-5.932156737636918e-06,-0.005136979080662,4.2552558343622593e-07,0.1,0.1,0.1,230400,7464,CDU-protocol-fast-v1,independent_noise
257_TAO_id_1_Environment_tr_500_1st_3.csv,TAO,independent_noise,TAO,0.468621312894117,0.430256857375221,0.4686086732006715,0.4302023710048948,0.038364455518896,1.2639693445448684e-05,0.0384189418892222,5.448637032623438e-05,0.1,0.1,0.1,10000,954,CDU-protocol-fast-v1,independent_noise
258_TAO_id_2_Environment_tr_500_1st_4.csv,TAO,independent_noise,TAO,0.6385037656405279,0.5969515644455765,0.63850405416545,0.5968592845549516,0.0415522011949514,-2.885249220652142e-07,0.0416444810855762,9.227989062488008e-05,0.1,0.1,0.1,10000,1380,CDU-protocol-fast-v1,independent_noise
260_IOPS_id_1_WebService_tr_5000_1st_11804.csv,IOPS,independent_noise,IOPS,0.0979723308130136,0.1037534639417617,0.0979743531553287,0.1037521427513804,-0.0057811331287481,-2.022342315180503e-06,-0.0057798119383668,1.3211903812787584e-06,0.1,0.1,0.1,20000,14,CDU-protocol-fast-v1,independent_noise
261_IOPS_id_2_WebService_tr_2178_1st_2278.csv,IOPS,independent_noise,IOPS,0.097906725345047,0.0929611708911408,0.0979080851606713,0.0929601691587865,0.0049455544539062,-1.3598156243382895e-06,0.0049465561862604,1.0017323542610423e-06,0.1,0.1,0.1,8784,6,CDU-protocol-fast-v1,independent_noise
262_IOPS_id_3_WebService_tr_7028_1st_7128.csv,IOPS,independent_noise,IOPS,0.1789482131720608,0.156210492951902,0.1789511413558858,0.1562115816487397,0.0227377202201587,-2.9281838250794223e-06,0.022736631523321,-1.088696837764358e-06,0.1,0.1,0.1,125135,2704,CDU-protocol-fast-v1,independent_noise
263_IOPS_id_4_WebService_tr_3482_1st_3582.csv,IOPS,independent_noise,IOPS,0.1157782507106415,0.1117566293448858,0.115777619712584,0.1117528680127319,0.0040216213657557,6.309980574853435e-07,0.0040253826979095,3.761332153864872e-06,0.1,0.1,0.1,149123,790,CDU-protocol-fast-v1,independent_noise
264_IOPS_id_5_WebService_tr_11665_1st_11765.csv,IOPS,independent_noise,IOPS,0.1534184746192168,0.1631623585719787,0.1534231573511259,0.163164734761837,-0.0097438839527619,-4.682731909122495e-06,-0.0097462601426202,-2.376189858349642e-06,0.1,0.1,0.1,60000,901,CDU-protocol-fast-v1,independent_noise
266_IOPS_id_7_WebService_tr_4010_1st_4110.csv,IOPS,independent_noise,IOPS,0.1585090970453211,0.1445908611305169,0.1585103256242373,0.1445908701508707,0.0139182359148042,-1.2285789162680416e-06,0.0139182268944503,-9.020353852751128e-09,0.1,0.1,0.1,89155,1456,CDU-protocol-fast-v1,independent_noise
267_IOPS_id_8_WebService_tr_1534_1st_1882.csv,IOPS,independent_noise,IOPS,0.1287022791406064,0.1255397389426583,0.1286997691415506,0.1255349032222147,0.003162540197948,2.509999055710921e-06,0.0031673759183916,4.835720443546743e-06,0.1,0.1,0.1,6138,53,CDU-protocol-fast-v1,independent_noise
268_IOPS_id_9_WebService_tr_6216_1st_6316.csv,IOPS,independent_noise,IOPS,0.2809736274044396,0.244889539856972,0.2809759761810904,0.2448935760764535,0.0360840875474675,-2.348776650840101e-06,0.036080051327986,-4.036219481529102e-06,0.1,0.1,0.1,29133,1397,CDU-protocol-fast-v1,independent_noise
269_IOPS_id_10_WebService_tr_1216_1st_1728.csv,IOPS,independent_noise,IOPS,0.1342603379941231,0.1153162438858632,0.1342804575417928,0.1153306160917749,0.0189440941082598,-2.011954766975577e-05,0.0189297219023481,-1.4372205911758472e-05,0.1,0.1,0.1,4866,49,CDU-protocol-fast-v1,independent_noise
271_IOPS_id_12_WebService_tr_500_1st_341.csv,IOPS,independent_noise,IOPS,0.1464053911806096,0.1525055190611706,0.1464074406046964,0.1525015302129313,-0.0061001278805609,-2.0494240867974245e-06,-0.0060961390323217,3.988848239239173e-06,0.1,0.1,0.1,8784,116,CDU-protocol-fast-v1,independent_noise
272_IOPS_id_13_WebService_tr_3442_1st_3542.csv,IOPS,independent_noise,IOPS,0.1116972028972023,0.1090794746046213,0.1116988298003589,0.1090793461140482,0.002617728292581,-1.6269031566651382e-06,0.002617856783154,1.284905730147834e-07,0.1,0.1,0.1,149156,633,CDU-protocol-fast-v1,independent_noise
273_IOPS_id_14_WebService_tr_5569_1st_5669.csv,IOPS,independent_noise,IOPS,0.115025230957413,0.1161877990007938,0.1150272452824238,0.116187101763824,-0.0011625680433808,-2.014325010860074e-06,-0.001161870806411,6.972369697155756e-07,0.1,0.1,0.1,149122,761,CDU-protocol-fast-v1,independent_noise
274_IOPS_id_15_WebService_tr_4591_1st_4691.csv,IOPS,independent_noise,IOPS,0.2712546201996806,0.2337061163941324,0.2712580530580611,0.2337101246539984,0.0375485038055481,-3.432858380503223e-06,0.0375444955456821,-4.008259866017383e-06,0.1,0.1,0.1,149132,6777,CDU-protocol-fast-v1,independent_noise
275_IOPS_id_16_WebService_tr_1482_1st_1582.csv,IOPS,independent_noise,IOPS,0.1265650278842431,0.1315398594882176,0.1265731597904619,0.1315444911861875,-0.0049748316039744,-8.13190621884452e-06,-0.0049794633019444,-4.631697969964543e-06,0.1,0.1,0.1,8784,71,CDU-protocol-fast-v1,independent_noise
276_IOPS_id_17_WebService_tr_19197_1st_19297.csv,IOPS,independent_noise,IOPS,0.2044485280550822,0.2008358287702317,0.204447936264257,0.2008355607123062,0.0036126992848505,5.917908251218407e-07,0.0036129673427759,2.680579254954463e-07,0.1,0.1,0.1,91370,2576,CDU-protocol-fast-v1,independent_noise
277_NEK_id_1_WebService_tr_500_1st_17.csv,NEK,independent_noise,NEK,0.4143751117544829,0.3169886044543096,0.4143852940937773,0.3170096760682596,0.0973865073001732,-1.0182339294395604e-05,0.0973654356862233,-2.107161394998558e-05,0.1,0.1,0.1,1073,88,CDU-protocol-fast-v1,independent_noise
278_NEK_id_2_WebService_tr_500_1st_64.csv,NEK,independent_noise,NEK,0.329735165526574,0.3158793864036325,0.329712035461236,0.3158552982346089,0.0138557791229415,2.313006533799511e-05,0.013879867291965,2.40881690235506e-05,0.1,0.1,0.1,1073,65,CDU-protocol-fast-v1,independent_noise
279_NEK_id_3_WebService_tr_500_1st_974.csv,NEK,independent_noise,NEK,0.4254151047407318,0.3412269868998816,0.4253907669976912,0.3411945983265377,0.0841881178408501,2.4337743040614424e-05,0.084220506414194,3.238857334386669e-05,0.1,0.1,0.1,1073,91,CDU-protocol-fast-v1,independent_noise
281_NEK_id_5_WebService_tr_500_1st_974.csv,NEK,independent_noise,NEK,0.4143751117544828,0.339140602898704,0.4143461229095894,0.3391130452624953,0.0752345088557788,2.898884489344056e-05,0.0752620664919875,2.755763620870821e-05,0.1,0.1,0.1,1073,88,CDU-protocol-fast-v1,independent_noise
282_NEK_id_6_WebService_tr_500_1st_64.csv,NEK,independent_noise,NEK,0.3223751702024081,0.3029530015469098,0.3223832371954124,0.3029616543728809,0.0194221686554982,-8.06699300437419e-06,0.0194135158295271,-8.652825971122713e-06,0.1,0.1,0.1,1073,63,CDU-protocol-fast-v1,independent_noise
283_NEK_id_7_WebService_tr_500_1st_777.csv,NEK,independent_noise,NEK,0.5321350369411385,0.4443764273923862,0.532135215776781,0.4443690259641263,0.0877586095487523,-1.7883564251697237e-07,0.0877660109770122,7.401428259889986e-06,0.1,0.1,0.1,1073,120,CDU-protocol-fast-v1,independent_noise
284_NEK_id_8_WebService_tr_500_1st_976.csv,NEK,independent_noise,NEK,0.4180551094165658,0.3351338221072413,0.4180621088339336,0.3351356446791457,0.0829212873093245,-6.999417367814509e-06,0.0829194647374201,-1.8225719043973852e-06,0.1,0.1,0.1,1073,89,CDU-protocol-fast-v1,independent_noise
285_NEK_id_9_WebService_tr_500_1st_780.csv,NEK,independent_noise,NEK,0.4879750649961427,0.3957686584433449,0.4879490408939975,0.3957394891460752,0.0922064065527977,2.602410214519457e-05,0.0922355758500674,2.9169297269648897e-05,0.1,0.1,0.1,1073,108,CDU-protocol-fast-v1,independent_noise
286_CATSv2_id_1_Sensor_tr_17792_1st_17892.csv,CATSv2,independent_noise,CATSv2,0.2858020924202719,0.297887201276486,0.2858039310571921,0.2978921791357221,-0.0120851088562141,-1.83863692021502e-06,-0.0120900867154502,-4.9778592361438e-06,0.1,0.1,0.1,300000,14800,CDU-protocol-fast-v1,independent_noise
287_TODS_id_1_Synthetic_tr_500_1st_11.csv,TODS,independent_noise,TODS,0.2968561285603248,0.2632115387714191,0.2968622398082691,0.2632152886070623,0.0336445897889056,-6.111247944362575e-06,0.0336408399532625,-3.749835643163113e-06,0.1,0.1,0.1,5000,261,CDU-protocol-fast-v1,independent_noise
288_TODS_id_2_Synthetic_tr_500_1st_65.csv,TODS,independent_noise,TODS,0.3573222301852886,0.3817251963674657,0.3573238470233643,0.3817304128813242,-0.0244029661821771,-1.6168380757020095e-06,-0.0244081826960356,-5.216513858485872e-06,0.1,0.1,0.1,5000,338,CDU-protocol-fast-v1,independent_noise
289_TODS_id_3_Synthetic_tr_500_1st_26.csv,TODS,independent_noise,TODS,0.2685862628655366,0.2766149033540605,0.2686047291095879,0.2766344405266908,-0.0080286404885239,-1.846624405127395e-05,-0.0080481776611542,-1.953717263031285e-05,0.1,0.1,0.1,5000,225,CDU-protocol-fast-v1,independent_noise
290_TODS_id_4_Synthetic_tr_500_1st_26.csv,TODS,independent_noise,TODS,0.4287821684693367,0.4898865076333286,0.4287666018557077,0.4898672916438179,-0.0611043391639918,1.5566613629003356e-05,-0.0610851231744812,1.921598951065695e-05,0.1,0.1,0.1,5000,429,CDU-protocol-fast-v1,independent_noise
292_TODS_id_6_Synthetic_tr_500_1st_11.csv,TODS,independent_noise,TODS,0.2968561285603248,0.2798892010110749,0.2968413496790846,0.2798758404176744,0.0169669275492498,1.4778881240185004e-05,0.0169802881426503,1.33605934004577e-05,0.1,0.1,0.1,5000,261,CDU-protocol-fast-v1,independent_noise
293_TODS_id_7_Synthetic_tr_500_1st_7.csv,TODS,independent_noise,TODS,0.2890033880895503,0.3003444009916962,0.2890468776922845,0.3003887450963782,-0.0113410129021458,-4.348960273420355e-05,-0.0113853570068279,-4.434410468207029e-05,0.1,0.1,0.1,5000,251,CDU-protocol-fast-v1,independent_noise
294_TODS_id_8_Synthetic_tr_500_1st_200.csv,TODS,independent_noise,TODS,0.4923893662826101,0.5751491892771025,0.4923481816145551,0.5751056503681464,-0.0827598229944923,4.118466805497212e-05,-0.0827162840855363,4.353890895603119e-05,0.1,0.1,0.1,5000,510,CDU-protocol-fast-v1,independent_noise
295_TODS_id_9_Synthetic_tr_1250_1st_2046.csv,TODS,independent_noise,TODS,0.3981564806333161,0.3837574069007844,0.3981390558089193,0.3837437978329853,0.0143990737325316,1.7424824396816696e-05,0.0144126828003308,1.3609067799125183e-05,0.1,0.1,0.1,5000,390,CDU-protocol-fast-v1,independent_noise
296_TODS_id_10_Synthetic_tr_500_1st_26.csv,TODS,independent_noise,TODS,0.2520955078769101,0.2388564062663503,0.2520891059564542,0.2388515854147591,0.0132391016105598,6.401920455867405e-06,0.0132439224621509,4.820851591119668e-06,0.1,0.1,0.1,5000,204,CDU-protocol-fast-v1,independent_noise
297_TODS_id_11_Synthetic_tr_500_1st_7.csv,TODS,independent_noise,TODS,0.2890033880895503,0.2366447118720453,0.2890244070306256,0.2366648798820186,0.0523586762175049,-2.101894107536806e-05,0.0523385082075316,-2.0168009973314804e-05,0.1,0.1,0.1,5000,251,CDU-protocol-fast-v1,independent_noise
298_TODS_id_12_Synthetic_tr_500_1st_0.csv,TODS,independent_noise,TODS,0.3463283935262043,0.3565012412689944,0.3462957586531424,0.3564694820335421,-0.01017284774279,3.263487306193191e-05,-0.0101410885073378,3.175923545228887e-05,0.1,0.1,0.1,5000,324,CDU-protocol-fast-v1,independent_noise
299_TODS_id_13_Synthetic_tr_500_1st_65.csv,TODS,independent_noise,TODS,0.302353046889867,0.2899726326073493,0.302345400326241,0.2899636996912033,0.0123804142825177,7.646563626007019e-06,0.0123893471986636,8.932916145953929e-06,0.1,0.1,0.1,5000,268,CDU-protocol-fast-v1,independent_noise
301_TODS_id_15_Synthetic_tr_500_1st_245.csv,TODS,independent_noise,TODS,0.4138619615748651,0.4705356245807724,0.4138809628515926,0.470554380655919,-0.0566736630059073,-1.9001276727548252e-05,-0.0566924190810538,-1.87560751465643e-05,0.1,0.1,0.1,5000,410,CDU-protocol-fast-v1,independent_noise
302_Power_id_1_Facility_tr_7685_1st_7785.csv,Power,independent_noise,Power,0.4286798769583611,0.5020106680322937,0.4286703834973857,0.5019975584474117,-0.0733307910739325,9.49346097539605e-06,-0.0733176814890506,1.3109584881987324e-05,0.1,0.1,0.1,35040,3000,CDU-protocol-fast-v1,independent_noise
304_UCR_id_2_Medical_tr_2499_1st_7000.csv,UCR,independent_noise,UCR,0.1152252656406595,0.1110899096162959,0.1152272502210725,0.1110951766041669,0.0041353560243636,-1.9845804130752542e-06,0.0041300890364925,-5.2669878710664975e-06,0.1,0.1,0.1,9998,50,CDU-protocol-fast-v1,independent_noise
307_UCR_id_5_Facility_tr_29895_1st_39240.csv,UCR,independent_noise,UCR,0.0990086732006021,0.0966392657136543,0.0990116151486861,0.0966392679749608,0.0023694074869477,-2.941948084075885e-06,0.0023694052256413,-2.2613064892818e-09,0.1,0.1,0.1,119580,96,CDU-protocol-fast-v1,independent_noise
309_UCR_id_7_Medical_tr_3000_1st_5948.csv,UCR,independent_noise,UCR,0.1103929549020575,0.1109068424328983,0.1103959411391692,0.1109059057401672,-0.0005138875308408,-2.9862371117850284e-06,-0.0005129508381097,9.366927310600072e-07,0.1,0.1,0.1,12000,45,CDU-protocol-fast-v1,independent_noise
310_UCR_id_8_HumanActivity_tr_2631_1st_8285.csv,UCR,independent_noise,UCR,0.1069188953942699,0.1127515648017287,0.1069239645629301,0.1127454915254293,-0.0058326694074588,-5.069168660221113e-06,-0.0058265961311594,6.073276299339847e-06,0.1,0.1,0.1,10524,30,CDU-protocol-fast-v1,independent_noise
311_UCR_id_9_HumanActivity_tr_16000_1st_38400.csv,UCR,independent_noise,UCR,0.1441920853589638,0.1515141701194055,0.1441965184397536,0.1515147683940637,-0.0073220847604416,-4.433080789872923e-06,-0.0073226830350999,-5.982746582866572e-07,0.1,0.1,0.1,64000,800,CDU-protocol-fast-v1,independent_noise
313_UCR_id_11_Sensor_tr_2827_1st_4711.csv,UCR,independent_noise,UCR,0.1293839363336781,0.134219822392986,0.1293986313120719,0.1342349537963671,-0.0048358860593079,-1.4694978393847702e-05,-0.004851017462689,-1.5131403381107855e-05,0.1,0.1,0.1,11308,98,CDU-protocol-fast-v1,independent_noise
315_UCR_id_13_HumanActivity_tr_16000_1st_33070.csv,UCR,independent_noise,UCR,0.1025467281888471,0.0990009677212396,0.1025504480908894,0.0990025070533154,0.0035457604676074,-3.719902042315093e-06,0.0035442211355316,-1.5393320758477769e-06,0.1,0.1,0.1,64000,110,CDU-protocol-fast-v1,independent_noise
316_UCR_id_14_Sensor_tr_2833_1st_5988.csv,UCR,independent_noise,UCR,0.1289663307076008,0.1296935736331781,0.1289657283778729,0.1296921904045837,-0.0007272429255772,6.023297278445749e-07,-0.0007258596969829,1.3832285943871092e-06,0.1,0.1,0.1,11334,97,CDU-protocol-fast-v1,independent_noise
319_UCR_id_17_Environment_tr_6166_1st_19280.csv,UCR,independent_noise,UCR,0.1209630007443481,0.1116901804703351,0.1209656297558324,0.1116921261592059,0.0092728202740129,-2.629011484317489e-06,0.0092708745851421,-1.9456888708108133e-06,0.1,0.1,0.1,24667,160,CDU-protocol-fast-v1,independent_noise
326_UCR_id_24_Medical_tr_1875_1st_4187.csv,UCR,independent_noise,UCR,0.1020872017589439,0.1001795176066661,0.1020914175802905,0.1001766014463406,0.0019076841522777,-4.215821346686965e-06,0.0019106003126032,2.9161603254390656e-06,0.1,0.1,0.1,7501,12,CDU-protocol-fast-v1,independent_noise
331_UCR_id_29_Facility_tr_50000_1st_837400.csv,UCR,independent_noise,UCR,0.1032039335032869,0.1004711037257508,0.1032069563550927,0.1004715071015586,0.002732829777536,-3.0228518058811327e-06,0.0027324264017282,-4.033758078253458e-07,0.1,0.1,0.1,900000,1700,CDU-protocol-fast-v1,independent_noise
332_UCR_id_30_Facility_tr_13750_1st_52600.csv,UCR,independent_noise,UCR,0.1099540051558639,0.1076224595435888,0.109957687517641,0.1076236647412934,0.002331545612275,-3.6823617771408745e-06,0.0023303404145704,-1.2051977046068083e-06,0.1,0.1,0.1,55000,200,CDU-protocol-fast-v1,independent_noise
334_UCR_id_32_HumanActivity_tr_1671_1st_2764.csv,UCR,independent_noise,UCR,0.2294050764826851,0.2760111658598515,0.2293971456236004,0.2759961507254233,-0.0466060893771664,7.930859084709363e-06,-0.0465910742427382,1.5015134428197909e-05,0.1,0.1,0.1,6684,231,CDU-protocol-fast-v1,independent_noise
339_UCR_id_37_Sensor_tr_2750_1st_5400.csv,UCR,independent_noise,UCR,0.1661395726686433,0.1666742000209456,0.1661419493528323,0.1666734550106481,-0.0005346273523023,-2.376684189037137e-06,-0.0005338823420048,7.450102974537742e-07,0.1,0.1,0.1,11000,200,CDU-protocol-fast-v1,independent_noise
341_UCR_id_39_HumanActivity_tr_48812_1st_128430.csv,UCR,independent_noise,UCR,0.0959273969282017,0.1009726138436852,0.0959307404276071,0.1009715084969296,-0.0050452169154835,-3.343499405450423e-06,-0.0050441115687279,1.1053467555977026e-06,0.1,0.1,0.1,195250,1,CDU-protocol-fast-v1,independent_noise
344_UCR_id_42_Sensor_tr_2851_1st_5365.csv,UCR,independent_noise,UCR,0.100987515653397,0.0994930978175845,0.1009905678008125,0.099494174525258,0.0014944178358125,-3.052147415499862e-06,0.0014933411281389,-1.076707673519639e-06,0.1,0.1,0.1,11406,15,CDU-protocol-fast-v1,independent_noise
346_UCR_id_44_Medical_tr_7456_1st_17390.csv,UCR,independent_noise,UCR,0.1127438806164159,0.1171284058470091,0.1127483172228121,0.1171299389339736,-0.0043845252305932,-4.436606396263088e-06,-0.0043860583175577,-1.5330869645446832e-06,0.1,0.1,0.1,29826,130,CDU-protocol-fast-v1,independent_noise
349_UCR_id_47_Facility_tr_29954_1st_74900.csv,UCR,independent_noise,UCR,0.0990024875929641,0.0976882223381206,0.0990053724844888,0.0976874902377288,0.0013142652548434,-2.884891524709832e-06,0.0013149973552352,7.321003917676316e-07,0.1,0.1,0.1,119819,96,CDU-protocol-fast-v1,independent_noise
355_UCR_id_53_HumanActivity_tr_48750_1st_143411.csv,UCR,independent_noise,UCR,0.0978885146963888,0.1027793260202971,0.097891888695915,0.1027790859373013,-0.0048908113239082,-3.3739995261988787e-06,-0.0048905712409125,2.4008299573385905e-07,0.1,0.1,0.1,195000,100,CDU-protocol-fast-v1,independent_noise
358_UCR_id_56_Facility_tr_10500_1st_29080.csv,UCR,independent_noise,UCR,0.1014258386583884,0.0986108272087863,0.1014284308078582,0.0986097403547805,0.002815011449602,-2.5921494698349923e-06,0.0028160983036078,1.0868540057801246e-06,0.1,0.1,0.1,42000,60,CDU-protocol-fast-v1,independent_noise
361_UCR_id_59_Medical_tr_3000_1st_7175.csv,UCR,independent_noise,UCR,0.1644715636331076,0.1970000379943486,0.1644648082031929,0.1969902309426004,-0.0325284743612409,6.755429914712119e-06,-0.0325186673094928,9.807051748161875e-06,0.1,0.1,0.1,12000,213,CDU-protocol-fast-v1,independent_noise
364_UCR_id_62_Sensor_tr_2833_1st_5988.csv,UCR,independent_noise,UCR,0.1289663307076008,0.13297061898198,0.1289678122991148,0.1329634735454437,-0.0040042882743792,-1.481591514029823e-06,-0.0039971428378429,7.145436536265537e-06,0.1,0.1,0.1,11334,97,CDU-protocol-fast-v1,independent_noise
369_UCR_id_67_Sensor_tr_2750_1st_5400.csv,UCR,independent_noise,UCR,0.1661395726686433,0.166349141931808,0.1661299874527144,0.1663377266056177,-0.0002095692631647,9.58521592886452e-06,-0.0001981539369743,1.1415326190311603e-05,0.1,0.1,0.1,11000,200,CDU-protocol-fast-v1,independent_noise
371_UCR_id_69_Medical_tr_1853_1st_6200.csv,UCR,independent_noise,UCR,0.1844671305137593,0.2065679232548847,0.1844548980692087,0.2065513835602443,-0.0221007927411254,1.2232444550508426e-05,-0.022084253046485,1.653969464032734e-05,0.1,0.1,0.1,7415,170,CDU-protocol-fast-v1,independent_noise
373_UCR_id_71_Sensor_tr_2827_1st_5988.csv,UCR,independent_noise,UCR,0.1290423412004535,0.1230449017027189,0.1290400802339882,0.123039719661917,0.0059974394977345,2.260966465272851e-06,0.0060026215385364,5.18204080185436e-06,0.1,0.1,0.1,11308,97,CDU-protocol-fast-v1,independent_noise
381_UCR_id_79_HumanActivity_tr_16000_1st_31200.csv,UCR,independent_noise,UCR,0.1351387468437211,0.1361784592362256,0.13514193162902,0.1361786011002108,-0.0010397123925044,-3.184785298926407e-06,-0.0010398542564897,-1.4186398528126534e-07,0.1,0.1,0.1,64000,650,CDU-protocol-fast-v1,independent_noise
382_UCR_id_80_Medical_tr_7500_1st_11800.csv,UCR,independent_noise,UCR,0.1345351909427048,0.1248570381131004,0.134539686229915,0.1248605175172964,0.0096781528296044,-4.495287210221077e-06,0.0096746734254083,-3.479404196093938e-06,0.1,0.1,0.1,30000,300,CDU-protocol-fast-v1,independent_noise
385_UCR_id_83_Environment_tr_2046_1st_6006.csv,UCR,independent_noise,UCR,0.1185630840489511,0.1210456169044645,0.1185716673898817,0.1210539732424985,-0.0024825328555133,-8.583340930679029e-06,-0.0024908891935474,-8.356338034046229e-06,0.1,0.1,0.1,8184,48,CDU-protocol-fast-v1,independent_noise
387_UCR_id_85_Environment_tr_2046_1st_5549.csv,UCR,independent_noise,UCR,0.118563084048951,0.1143698838539108,0.1185608706845547,0.1143638068638447,0.0041932001950402,2.213364396222439e-06,0.0041992771851062,6.076990066064547e-06,0.1,0.1,0.1,8184,48,CDU-protocol-fast-v1,independent_noise
391_UCR_id_89_Medical_tr_1875_1st_5759.csv,UCR,independent_noise,UCR,0.1783131122964121,0.1816617179863321,0.178306736775588,0.1816567379529286,-0.0033486056899199,6.375520824081216e-06,-0.0033436256565165,4.980033403434447e-06,0.1,0.1,0.1,7500,160,CDU-protocol-fast-v1,independent_noise
393_UCR_id_91_Environment_tr_2046_1st_4852.csv,UCR,independent_noise,UCR,0.1185630840489511,0.1237082154513768,0.1185586999909251,0.1237013244741265,-0.0051451314024256,4.384058025941329e-06,-0.0051382404251754,6.890977250220698e-06,0.1,0.1,0.1,8184,48,CDU-protocol-fast-v1,independent_noise
396_UCR_id_94_Medical_tr_1875_1st_5607.csv,UCR,independent_noise,UCR,0.1098116873605375,0.1064036109495425,0.1098172304958684,0.1064034969784988,0.0034080764109949,-5.543135330965399e-06,0.0034081903820386,1.139710436304231e-07,0.1,0.1,0.1,7501,27,CDU-protocol-fast-v1,independent_noise
400_UCR_id_98_Environment_tr_2046_1st_5391.csv,UCR,independent_noise,UCR,0.0963796022520707,0.0955401527676991,0.0963822661982646,0.0955386838282751,0.0008394494843716,-2.6639461939842457e-06,0.0008409184237955,1.4689394239597586e-06,0.1,0.1,0.1,8184,1,CDU-protocol-fast-v1,independent_noise
401_UCR_id_99_HumanActivity_tr_1671_1st_5920.csv,UCR,independent_noise,UCR,0.1300043679490801,0.1193934825873274,0.1300105946690669,0.1193978777252399,0.0106108853617526,-6.226719986790474e-06,0.0106064902238401,-4.395137912532876e-06,0.1,0.1,0.1,6684,59,CDU-protocol-fast-v1,independent_noise
405_UCR_id_103_Sensor_tr_2827_1st_5988.csv,UCR,independent_noise,UCR,0.1290423412004535,0.1247824993521574,0.1290482350899932,0.1247886552006078,0.004259841848296,-5.893889539781982e-06,0.0042536859998456,-6.155848450484225e-06,0.1,0.1,0.1,11308,97,CDU-protocol-fast-v1,independent_noise
406_UCR_id_104_Facility_tr_20000_1st_67950.csv,UCR,independent_noise,UCR,0.1079787312979927,0.1094411026475816,0.1079829457042551,0.1094410276232543,-0.0014623713495889,-4.214406262498249e-06,-0.0014622963252616,7.502432726458341e-08,0.1,0.1,0.1,80000,250,CDU-protocol-fast-v1,independent_noise
411_UCR_id_109_Environment_tr_2046_1st_4852.csv,UCR,independent_noise,UCR,0.1185630840489511,0.1240104231602162,0.1185635160152287,0.1240093827756334,-0.005447339111265,-4.3196627760866413e-07,-0.0054462987266823,1.0403845827067215e-06,0.1,0.1,0.1,8184,48,CDU-protocol-fast-v1,independent_noise
415_UCR_id_113_Medical_tr_3000_1st_8612.csv,UCR,independent_noise,UCR,0.1293848472540334,0.1267073059284675,0.1293765424634165,0.1266958958324497,0.0026775413255659,8.304790616892044e-06,0.0026889514215836,1.1410096017766548e-05,0.1,0.1,0.1,12000,104,CDU-protocol-fast-v1,independent_noise
417_UCR_id_115_Sensor_tr_2750_1st_5400.csv,UCR,independent_noise,UCR,0.1661395726686433,0.1608358609505415,0.1661390163669662,0.1608327991172572,0.0053037117181017,5.563016770293583e-07,0.005306773551386,3.061833284273563e-06,0.1,0.1,0.1,11000,200,CDU-protocol-fast-v1,independent_noise
419_UCR_id_117_Facility_tr_3000_1st_6168.csv,UCR,independent_noise,UCR,0.1100710584215155,0.1124714480144066,0.1100684286481827,0.1124686814813209,-0.0024003895928911,2.6297733327629302e-06,-0.0023976230598054,2.7665330856185832e-06,0.1,0.1,0.1,12000,44,CDU-protocol-fast-v1,independent_noise
420_UCR_id_118_Facility_tr_13750_1st_52600.csv,UCR,independent_noise,UCR,0.1099540051558639,0.0972937176125173,0.1099551884764614,0.0972919515402241,0.0126602875433465,-1.1833205975919636e-06,0.0126620536156397,1.7660722931855943e-06,0.1,0.1,0.1,55000,200,CDU-protocol-fast-v1,independent_noise
421_UCR_id_119_HumanActivity_tr_48750_1st_130700.csv,UCR,independent_noise,UCR,0.1192822500185625,0.1254996965721977,0.11928464802643,0.1254991818080018,-0.0062174465536351,-2.398007867498997e-06,-0.0062169317894392,5.147641959080129e-07,0.1,0.1,0.1,195000,1180,CDU-protocol-fast-v1,independent_noise
426_UCR_id_124_Sensor_tr_2827_1st_4711.csv,UCR,independent_noise,UCR,0.1293839363336781,0.1321180934816139,0.1293836712063435,0.1321131047832006,-0.0027341571479358,2.651273345588568e-07,-0.0027291684495225,4.9886984132552215e-06,0.1,0.1,0.1,11308,98,CDU-protocol-fast-v1,independent_noise
430_UCR_id_128_HumanActivity_tr_12500_1st_46500.csv,UCR,independent_noise,UCR,0.1190841598766905,0.1121757640096573,0.1190884319044455,0.1121762766068794,0.0069083958670332,-4.272027754992358e-06,0.006907883269811,-5.125972221686759e-07,0.1,0.1,0.1,50000,300,CDU-protocol-fast-v1,independent_noise
432_UCR_id_130_Facility_tr_23000_1st_26970.csv,UCR,independent_noise,UCR,0.1085035625162677,0.1028047953014382,0.1085076287850999,0.1028060981286573,0.0056987672148294,-4.066268832259024e-06,0.0056974643876103,-1.3028272191212276e-06,0.1,0.1,0.1,92000,300,CDU-protocol-fast-v1,independent_noise
436_UCR_id_134_Medical_tr_1875_1st_4526.csv,UCR,independent_noise,UCR,0.1113565844808563,0.1104582342207061,0.1113554390513257,0.1104531158259628,0.0008983502601501,1.1454295305718398e-06,0.0009034686548934,5.118394743222621e-06,0.1,0.1,0.1,7501,30,CDU-protocol-fast-v1,independent_noise
437_UCR_id_135_Medical_tr_2499_1st_8000.csv,UCR,independent_noise,UCR,0.1055664394591643,0.1078479284693596,0.1055719676365025,0.1078510086826178,-0.0022814890101953,-5.528177338245954e-06,-0.0022845692234535,-3.080213258246922e-06,0.1,0.1,0.1,9998,25,CDU-protocol-fast-v1,independent_noise
439_UCR_id_137_HumanActivity_tr_48750_1st_110800.csv,UCR,independent_noise,UCR,0.0959274222918562,0.1013864875275362,0.0959307560440779,0.1013864078376345,-0.00545906523568,-3.3337522217097293e-06,-0.0054589855457783,7.968990166362656e-08,0.1,0.1,0.1,195000,1,CDU-protocol-fast-v1,independent_noise
445_UCR_id_143_Environment_tr_6166_1st_19280.csv,UCR,independent_noise,UCR,0.1209630007443481,0.1093531037103283,0.1209678506392418,0.1093535316510625,0.0116098970340197,-4.8498948937159e-06,0.0116094690932855,-4.2794073419616396e-07,0.1,0.1,0.1,24667,160,CDU-protocol-fast-v1,independent_noise
449_UCR_id_147_Sensor_tr_2847_1st_9330.csv,UCR,independent_noise,UCR,0.0992995677617782,0.0966774425345316,0.0993049819380233,0.096677293977382,0.0026221252272465,-5.414176245166491e-06,0.0026222737843961,1.4855714956796273e-07,0.1,0.1,0.1,11388,10,CDU-protocol-fast-v1,independent_noise
452_UCR_id_150_Facility_tr_10000_1st_35774.csv,UCR,independent_noise,UCR,0.105564507693928,0.101140679958303,0.1055690189908839,0.1011429352771629,0.0044238277356249,-4.51129695597241e-06,0.004421572416765,-2.2553188599311325e-06,0.1,0.1,0.1,40000,100,CDU-protocol-fast-v1,independent_noise
459_UCR_id_157_HumanActivity_tr_50000_1st_110260.csv,UCR,independent_noise,UCR,0.0988433091802118,0.1179875297797118,0.0988464807409441,0.1179867950667787,-0.0191442205995,-3.17156073235958e-06,-0.0191434858865669,7.347129330759206e-07,0.1,0.1,0.1,200000,152,CDU-protocol-fast-v1,independent_noise
463_UCR_id_161_Environment_tr_2046_1st_6006.csv,UCR,independent_noise,UCR,0.1185630840489511,0.1196583708489805,0.118567286118108,0.1196569439074012,-0.0010952868000293,-4.202069156980515e-06,-0.0010938598584501,1.426941579271701e-06,0.1,0.1,0.1,8184,48,CDU-protocol-fast-v1,independent_noise
467_UCR_id_165_Environment_tr_6166_1st_19280.csv,UCR,independent_noise,UCR,0.1209630007443481,0.1116393572166555,0.1209692388476848,0.1116449647242806,0.0093236435276926,-6.2381033367892025e-06,0.0093180360200675,-5.607507625099428e-06,0.1,0.1,0.1,24667,160,CDU-protocol-fast-v1,independent_noise
471_UCR_id_169_Facility_tr_10000_1st_35774.csv,UCR,independent_noise,UCR,0.105564507693928,0.1043751544922921,0.1055659460177602,0.1043725120438707,0.0011893532016359,-1.4383238322729364e-06,0.0011919956500572,2.642448421366628e-06,0.1,0.1,0.1,40000,100,CDU-protocol-fast-v1,independent_noise
473_UCR_id_171_HumanActivity_tr_2617_1st_7290.csv,UCR,independent_noise,UCR,0.0981216509734105,0.1009039544452113,0.0981256593687694,0.1009049911888937,-0.0027823034718008,-4.008395358925943e-06,-0.0027833402154832,-1.0367436824587628e-06,0.1,0.1,0.1,10468,6,CDU-protocol-fast-v1,independent_noise
474_UCR_id_172_Environment_tr_2046_1st_6520.csv,UCR,independent_noise,UCR,0.10723534866331,0.1103791402818818,0.1072390356544012,0.1103796370977574,-0.0031437916185717,-3.6869910911979664e-06,-0.0031442884344474,-4.968158756335495e-07,0.1,0.1,0.1,8184,24,CDU-protocol-fast-v1,independent_noise
493_UCR_id_191_Sensor_tr_2847_1st_9330.csv,UCR,independent_noise,UCR,0.0992995677617782,0.0951077209347968,0.0993011610919442,0.0951055186015562,0.0041918468269813,-1.5933301660275845e-06,0.004194049160222,2.2023332406084783e-06,0.1,0.1,0.1,11388,10,CDU-protocol-fast-v1,independent_noise
494_UCR_id_192_Facility_tr_22500_1st_72150.csv,UCR,independent_noise,UCR,0.1107148513825994,0.1176258723324208,0.1107190359261369,0.1176266713503166,-0.0069110209498214,-4.184543537510965e-06,-0.0069118199677172,-7.990178958472427e-07,0.1,0.1,0.1,90000,345,CDU-protocol-fast-v1,independent_noise
495_UCR_id_193_Environment_tr_2046_1st_6520.csv,UCR,independent_noise,UCR,0.10723534866331,0.109465303789644,0.1072357484736834,0.1094598258188517,-0.002229955126334,-3.998103734609293e-07,-0.0022244771555417,5.477970792283626e-06,0.1,0.1,0.1,8184,24,CDU-protocol-fast-v1,independent_noise
496_UCR_id_194_Environment_tr_2046_1st_5391.csv,UCR,independent_noise,UCR,0.0963796022520707,0.0954090603423968,0.0963819348415707,0.0954084814456757,0.0009705419096739,-2.332589500053661e-06,0.0009711208063949,5.788967210040852e-07,0.1,0.1,0.1,8184,1,CDU-protocol-fast-v1,independent_noise
499_UCR_id_197_Environment_tr_2046_1st_5703.csv,UCR,independent_noise,UCR,0.10723534866331,0.1103768919333269,0.1072400091683537,0.1103754974641843,-0.0031415432700169,-4.660505043760366e-06,-0.0031401488008743,1.3944691425599176e-06,0.1,0.1,0.1,8184,24,CDU-protocol-fast-v1,independent_noise
500_UCR_id_198_Facility_tr_7482_1st_23357.csv,UCR,independent_noise,UCR,0.1423675643632088,0.1708549424138867,0.1423694928397397,0.1708510717266262,-0.0284873780506779,-1.928476530937973e-06,-0.0284835073634174,3.87068726043216e-06,0.1,0.1,0.1,29931,360,CDU-protocol-fast-v1,independent_noise
504_UCR_id_202_Environment_tr_2046_1st_5549.csv,UCR,independent_noise,UCR,0.118563084048951,0.1144266189270847,0.1185734337048366,0.1144311430837717,0.0041364651218663,-1.0349655885616428e-05,0.0041319409651792,-4.524156687085723e-06,0.1,0.1,0.1,8184,48,CDU-protocol-fast-v1,independent_noise
506_UCR_id_204_Environment_tr_2046_1st_5549.csv,UCR,independent_noise,UCR,0.118563084048951,0.1137205390491078,0.1185691733169181,0.1137231198265811,0.0048425449998431,-6.0892679671076255e-06,0.0048399642223698,-2.5807774733238587e-06,0.1,0.1,0.1,8184,48,CDU-protocol-fast-v1,independent_noise
516_UCR_id_214_HumanActivity_tr_2108_1st_4702.csv,UCR,independent_noise,UCR,0.0981981480063832,0.1015336485251135,0.0982038434309509,0.1015400013912225,-0.0033355005187303,-5.69542456774208e-06,-0.0033418533848393,-6.352866109088362e-06,0.1,0.1,0.1,8432,5,CDU-protocol-fast-v1,independent_noise
517_UCR_id_215_Facility_tr_7482_1st_24005.csv,UCR,independent_noise,UCR,0.105199603494777,0.1094371610742333,0.1052055091658528,0.1094383316536506,-0.0042375575794563,-5.905671075875918e-06,-0.0042387281588736,-1.1705794173699768e-06,0.1,0.1,0.1,29931,72,CDU-protocol-fast-v1,independent_noise
525_UCR_id_223_Facility_tr_50000_1st_250720.csv,UCR,independent_noise,UCR,0.1042827843915398,0.1054694677639835,0.104285718191061,0.1054694856616461,-0.0011866833724436,-2.933799521195879e-06,-0.0011867012701063,-1.7897662685228966e-08,0.1,0.1,0.1,299790,650,CDU-protocol-fast-v1,independent_noise
526_UCR_id_224_Sensor_tr_2827_1st_4711.csv,UCR,independent_noise,UCR,0.1293839363336781,0.1379882863957977,0.1293817536644647,0.1379827778155731,-0.0086043500621195,2.1826692133131158e-06,-0.008598841481895,5.508580224578008e-06,0.1,0.1,0.1,11308,98,CDU-protocol-fast-v1,independent_noise
530_UCR_id_228_HumanActivity_tr_16250_1st_38500.csv,UCR,independent_noise,UCR,0.1137357260461471,0.1075878731359734,0.1137384732898701,0.1075875354994699,0.0061478529101736,-2.7472437230530167e-06,0.0061481905466771,3.376365034779561e-07,0.1,0.1,0.1,65000,300,CDU-protocol-fast-v1,independent_noise
531_SMAP_id_1_Sensor_tr_1811_1st_4510.csv,SMAP,independent_noise,SMAP,0.1377220089982345,0.135305076146723,0.1377232369233224,0.1352991593765482,0.0024169328515115,-1.2279250878877157e-06,0.0024228496216862,5.916770174779762e-06,0.1,0.1,0.1,7244,81,CDU-protocol-fast-v1,independent_noise
532_SMAP_id_2_Sensor_tr_2075_1st_5550.csv,SMAP,independent_noise,SMAP,0.2586579717482491,0.2427579628868421,0.2586361665481899,0.2427373054043571,0.015900008861407,2.180520005923281e-05,0.0159206663438919,2.0657482484920383e-05,0.1,0.1,0.1,8302,351,CDU-protocol-fast-v1,independent_noise
533_SMAP_id_3_Sensor_tr_2052_1st_5300.csv,SMAP,independent_noise,SMAP,0.6253025617499648,0.4043252835730163,0.6253281253264567,0.4043565249088423,0.2209772781769485,-2.5563576491860477e-05,0.2209460368411225,-3.124133582599331e-05,0.1,0.1,0.1,8209,1121,CDU-protocol-fast-v1,independent_noise
534_SMAP_id_4_Sensor_tr_1968_1st_4370.csv,SMAP,independent_noise,SMAP,0.1194258253104484,0.1202021127281363,0.1194302571474486,0.1202012273939007,-0.0007762874176878,-4.431837000287708e-06,-0.0007754020834523,8.853342355619187e-07,0.1,0.1,0.1,7874,51,CDU-protocol-fast-v1,independent_noise
536_SMAP_id_6_Sensor_tr_2160_1st_5600.csv,SMAP,independent_noise,SMAP,0.1396981700018532,0.12668589887794,0.1396918769990333,0.1266775152366696,0.0130122711239132,6.293002819818261e-06,0.0130206547651836,8.38364127039859e-06,0.1,0.1,0.1,8640,101,CDU-protocol-fast-v1,independent_noise
537_SMAP_id_7_Sensor_tr_2077_1st_5394.csv,SMAP,independent_noise,SMAP,0.2257407489654368,0.1726738543664138,0.2257327301156649,0.1726652480754059,0.053066894599023,8.018849771862513e-06,0.0530755008900308,8.606291007851041e-06,0.1,0.1,0.1,8310,281,CDU-protocol-fast-v1,independent_noise
538_SMAP_id_8_Sensor_tr_2007_1st_3650.csv,SMAP,independent_noise,SMAP,0.2240464097040339,0.1881823626861062,0.2240469608415243,0.1881804647074508,0.0358640470179277,-5.511374904509925e-07,0.035865944996583,1.8979786553241509e-06,0.1,0.1,0.1,8029,268,CDU-protocol-fast-v1,independent_noise
539_SMAP_id_9_Sensor_tr_1857_1st_4270.csv,SMAP,independent_noise,SMAP,0.1261608779249332,0.1196230614268964,0.1261665595704043,0.1196288728105574,0.0065378164980367,-5.681645471183883e-06,0.0065320051143757,-5.81138366101408e-06,0.1,0.1,0.1,7431,61,CDU-protocol-fast-v1,independent_noise
540_SMAP_id_10_Sensor_tr_2051_1st_4575.csv,SMAP,independent_noise,SMAP,0.182396117271583,0.1848312881502736,0.1824083865845867,0.1848435266765901,-0.0024351708786906,-1.2269313003715476e-05,-0.002447409405007,-1.223852631648814e-05,0.1,0.1,0.1,8205,186,CDU-protocol-fast-v1,independent_noise
541_SMAP_id_11_Sensor_tr_1832_1st_5300.csv,SMAP,independent_noise,SMAP,0.3318923522564446,0.3198631523368086,0.3319114914530194,0.319875900746137,0.0120291999196359,-1.9139196574813333e-05,0.0120164515103075,-1.274840932841137e-05,0.1,0.1,0.1,7331,448,CDU-protocol-fast-v1,independent_noise
542_SMAP_id_12_Sensor_tr_1908_1st_4690.csv,SMAP,independent_noise,SMAP,0.1100333486114171,0.1130300243989219,0.110036365769032,0.1130270586180037,-0.0029966757875048,-3.017157614970678e-06,-0.0029937100065866,2.965780918143257e-06,0.1,0.1,0.1,7632,31,CDU-protocol-fast-v1,independent_noise
544_SMAP_id_14_Sensor_tr_1978_1st_4450.csv,SMAP,independent_noise,SMAP,0.1487826190130445,0.1730303253664884,0.1487821187353259,0.1730316887259482,-0.0242477063534439,5.002777185847407e-07,-0.0242490697129037,-1.3633594598549958e-06,0.1,0.1,0.1,7914,111,CDU-protocol-fast-v1,independent_noise
545_SMAP_id_15_Sensor_tr_1173_1st_2750.csv,SMAP,independent_noise,SMAP,0.1364992500618687,0.1211535084048017,0.1365032975131401,0.1211583241790821,0.0153457416570669,-4.047451271471658e-06,0.0153409258827865,-4.815774280395035e-06,0.1,0.1,0.1,4693,51,CDU-protocol-fast-v1,independent_noise
546_SMAP_id_16_Sensor_tr_2117_1st_4770.csv,SMAP,independent_noise,SMAP,0.1498000626397371,0.1614007173179638,0.1497994335194681,0.1614034929854594,-0.0116006546782266,6.291202689912012e-07,-0.0116034303457222,-2.7756674955969896e-06,0.1,0.1,0.1,8469,121,CDU-protocol-fast-v1,independent_noise
547_SMAP_id_17_Sensor_tr_2133_1st_5400.csv,SMAP,independent_noise,SMAP,0.3782053894169124,0.3274853848874426,0.3781775743049724,0.3274622860332147,0.0507200045294697,2.7815111939999412e-05,0.0507431033836976,2.3098854227909804e-05,0.1,0.1,0.1,8532,623,CDU-protocol-fast-v1,independent_noise
548_SMAP_id_18_Sensor_tr_2094_1st_5600.csv,SMAP,independent_noise,SMAP,0.1132732088639916,0.1077337556223167,0.1132660075866104,0.1077275659308881,0.0055394532416749,7.201277381185811e-06,0.0055456429331035,6.189691428598598e-06,0.1,0.1,0.1,8376,41,CDU-protocol-fast-v1,independent_noise
549_SMAP_id_19_Sensor_tr_1998_1st_2098.csv,SMAP,independent_noise,SMAP,0.1776462153288513,0.1683522664057888,0.1776638845826889,0.1683702964184497,0.0092939489230625,-1.7669253837643284e-05,0.0092759189104016,-1.803001266090232e-05,0.1,0.1,0.1,8579,184,CDU-protocol-fast-v1,independent_noise
550_SWaT_id_1_Sensor_tr_43700_1st_43800.csv,SWaT,independent_noise,SWaT,0.5695013226659786,0.8095299149614791,0.5694977245082262,0.809488290121241,-0.2400285922955004,3.598157752415787e-06,-0.2399869674552623,4.162484023806368e-05,0.1,0.1,0.1,419919,50653,CDU-protocol-fast-v1,independent_noise
551_YAHOO_id_1_Synthetic_tr_500_1st_893.csv,YAHOO,independent_noise,YAHOO,0.0983326645536459,0.0955986661182077,0.098335392528985,0.0955736467607206,0.0027339984354381,-2.7279753391923345e-06,0.0027590177929252,2.501935748704109e-05,0.1,0.1,0.1,1421,1,CDU-protocol-fast-v1,independent_noise
552_YAHOO_id_2_Synthetic_tr_500_1st_893.csv,YAHOO,independent_noise,YAHOO,0.0983326645536459,0.0955913527988841,0.098336211397294,0.0956014040048371,0.0027413117547617,-3.5468436481306265e-06,0.0027312605488087,-1.0051205953015565e-05,0.1,0.1,0.1,1421,1,CDU-protocol-fast-v1,independent_noise
555_YAHOO_id_5_WebService_tr_500_1st_730.csv,YAHOO,independent_noise,YAHOO,0.1048191137585639,0.0979295190684634,0.1048167564074374,0.0979431320237328,0.0068895946901005,2.3573511264418645e-06,0.0068759817348311,-1.3612955269401428e-05,0.1,0.1,0.1,1680,4,CDU-protocol-fast-v1,independent_noise
558_YAHOO_id_8_WebService_tr_500_1st_1125.csv,YAHOO,independent_noise,YAHOO,0.3124225835287523,0.411183101721512,0.3125074327200247,0.4111906633934059,-0.0987605181927597,-8.484919127238477e-05,-0.0987680798646535,-7.561671893863142e-06,0.1,0.1,0.1,1427,80,CDU-protocol-fast-v1,independent_noise
562_YAHOO_id_12_Synthetic_tr_500_1st_893.csv,YAHOO,independent_noise,YAHOO,0.0983326645536459,0.0924456409963272,0.0983347046791987,0.0924486268712015,0.0058870235573186,-2.040125552812966e-06,0.0058840376824443,-2.9858748743782915e-06,0.1,0.1,0.1,1421,1,CDU-protocol-fast-v1,independent_noise
570_YAHOO_id_20_Synthetic_tr_500_1st_658.csv,YAHOO,independent_noise,YAHOO,0.1064974257906056,0.1008862420452337,0.1064931684653334,0.1008748258474502,0.0056111837453718,4.257325272136181e-06,0.0056225999431553,1.1416197783428728e-05,0.1,0.1,0.1,1421,4,CDU-protocol-fast-v1,independent_noise
571_YAHOO_id_21_Synthetic_tr_500_1st_623.csv,YAHOO,independent_noise,YAHOO,0.1201053611855383,0.1057482784774065,0.1201021232230933,0.1057548730160624,0.0143570827081317,3.2379624449602185e-06,0.0143504881694758,-6.594538655924076e-06,0.1,0.1,0.1,1421,9,CDU-protocol-fast-v1,independent_noise
579_YAHOO_id_29_WebService_tr_500_1st_1342.csv,YAHOO,independent_noise,YAHOO,0.0979130865456355,0.0914970985013801,0.0979177619768388,0.0915155819194765,0.0064159880442554,-4.675431203360336e-06,0.0063975046261589,-1.848341809643217e-05,0.1,0.1,0.1,1680,1,CDU-protocol-fast-v1,independent_noise
603_YAHOO_id_53_Synthetic_tr_500_1st_893.csv,YAHOO,independent_noise,YAHOO,0.0983326645536459,0.0976889505675179,0.0983341150935354,0.0977029310940963,0.0006437139861279,-1.4505398895081625e-06,0.0006297334595495,-1.3980526578402652e-05,0.1,0.1,0.1,1421,1,CDU-protocol-fast-v1,independent_noise
644_YAHOO_id_94_WebService_tr_500_1st_1078.csv,YAHOO,independent_noise,YAHOO,0.2977387032189041,0.3796034061455574,0.2977414527221402,0.3795518853462929,-0.0818647029266532,-2.7495032360880245e-06,-0.0818131821273888,5.152079926445952e-05,0.1,0.1,0.1,1435,75,CDU-protocol-fast-v1,independent_noise
645_YAHOO_id_95_WebService_tr_500_1st_1047.csv,YAHOO,independent_noise,YAHOO,0.0979130865456355,0.0897913580715925,0.0979117238518757,0.0898079910706275,0.008121728474043,1.3626937597349675e-06,0.0081050954750079,-1.6632999035065543e-05,0.1,0.1,0.1,1680,1,CDU-protocol-fast-v1,independent_noise
649_YAHOO_id_99_WebService_tr_500_1st_1386.csv,YAHOO,independent_noise,YAHOO,0.0979130865456355,0.0937424040205588,0.0979143562558667,0.0937512775828308,0.0041706825250766,-1.2697102312608788e-06,0.0041618089628046,-8.873562272054825e-06,0.1,0.1,0.1,1680,1,CDU-protocol-fast-v1,independent_noise
657_YAHOO_id_107_WebService_tr_500_1st_1260.csv,YAHOO,independent_noise,YAHOO,0.0982967547241315,0.0967903479376156,0.098302008370794,0.096801943829689,0.0015064067865159,-5.253646662581324e-06,0.0014948108944424,-1.159589207347378e-05,0.1,0.1,0.1,1440,1,CDU-protocol-fast-v1,independent_noise
658_YAHOO_id_108_Synthetic_tr_500_1st_893.csv,YAHOO,independent_noise,YAHOO,0.0983326645536459,0.0880665487412777,0.0983369320024046,0.0880599753855623,0.0102661158123681,-4.267448758726866e-06,0.0102726891680835,6.573355715314144e-06,0.1,0.1,0.1,1421,1,CDU-protocol-fast-v1,independent_noise
672_YAHOO_id_122_WebService_tr_500_1st_857.csv,YAHOO,independent_noise,YAHOO,0.0979130865456355,0.0983346713932742,0.0979188086896011,0.0983344980779898,-0.0004215848476386,-5.722143965616877e-06,-0.0004214115323543,1.7331528438802038e-07,0.1,0.1,0.1,1680,1,CDU-protocol-fast-v1,independent_noise
680_YAHOO_id_130_Synthetic_tr_500_1st_893.csv,YAHOO,independent_noise,YAHOO,0.0983326645536459,0.1001830517148691,0.0983300425864075,0.1001585238241072,-0.0018503871612232,2.621967238339296e-06,-0.0018258592704613,2.4527890761877336e-05,0.1,0.1,0.1,1421,1,CDU-protocol-fast-v1,independent_noise
689_YAHOO_id_139_WebService_tr_500_1st_1073.csv,YAHOO,independent_noise,YAHOO,0.0979130865456355,0.0957656139326319,0.0979182540882672,0.0957757263765006,0.0021474726130036,-5.167542631689948e-06,0.0021373601691348,-1.0112443868726118e-05,0.1,0.1,0.1,1680,1,CDU-protocol-fast-v1,independent_noise
693_YAHOO_id_143_WebService_tr_500_1st_1003.csv,YAHOO,independent_noise,YAHOO,0.1010313651260117,0.0918877607419639,0.1010256925158686,0.0918955621197835,0.0091436043840477,5.672610143059309e-06,0.0091358030062281,-7.801377819596778e-06,0.1,0.1,0.1,1427,2,CDU-protocol-fast-v1,independent_noise
701_YAHOO_id_151_Synthetic_tr_500_1st_893.csv,YAHOO,independent_noise,YAHOO,0.0983326645536459,0.0909503657521677,0.0983420854158112,0.090965987492301,0.0073822988014781,-9.420862165349098e-06,0.0073666770613448,-1.5621740133364703e-05,0.1,0.1,0.1,1421,1,CDU-protocol-fast-v1,independent_noise
723_YAHOO_id_173_WebService_tr_500_1st_1214.csv,YAHOO,independent_noise,YAHOO,0.1010580848538705,0.1031989026030144,0.1010593813025943,0.1031915105084444,-0.0021408177491439,-1.2964487238059652e-06,-0.0021334256545739,7.392094569916296e-06,0.1,0.1,0.1,1420,2,CDU-protocol-fast-v1,independent_noise
724_YAHOO_id_174_WebService_tr_500_1st_1030.csv,YAHOO,independent_noise,YAHOO,0.10712112282954,0.0964034489434117,0.1071159863886057,0.0964043732780687,0.0107176738861283,5.136440934222497e-06,0.0107167495514712,-9.2433465705144e-07,0.1,0.1,0.1,1680,5,CDU-protocol-fast-v1,independent_noise
734_YAHOO_id_184_WebService_tr_500_1st_768.csv,YAHOO,independent_noise,YAHOO,0.7121097988984328,0.4845239900791141,0.7121278025569806,0.4845971415587704,0.2275858088193187,-1.8003658547760537e-05,0.2275126573396624,-7.31514796563082e-05,0.1,0.1,0.1,1424,227,CDU-protocol-fast-v1,independent_noise
741_YAHOO_id_191_WebService_tr_500_1st_1114.csv,YAHOO,independent_noise,YAHOO,0.1002150956166116,0.0898240997735813,0.1002157265301843,0.0898396802058246,0.0103909958430302,-6.309135727328163e-07,0.0103754154107869,-1.5580432243325615e-05,0.1,0.1,0.1,1680,2,CDU-protocol-fast-v1,independent_noise
755_YAHOO_id_205_Synthetic_tr_500_1st_893.csv,YAHOO,independent_noise,YAHOO,0.0983326645536459,0.0962903378989297,0.0983391156521532,0.0963011963056072,0.0020423266547161,-6.451098507304076e-06,0.0020314682480386,-1.0858406677513588e-05,0.1,0.1,0.1,1421,1,CDU-protocol-fast-v1,independent_noise
762_YAHOO_id_212_WebService_tr_500_1st_1055.csv,YAHOO,independent_noise,YAHOO,0.1002150956166116,0.1099210290942436,0.1002221005413718,0.1099094658988024,-0.009705933477632,-7.004924760287135e-06,-0.0096943702821908,1.1563195441127716e-05,0.1,0.1,0.1,1680,2,CDU-protocol-fast-v1,independent_noise
780_YAHOO_id_230_Synthetic_tr_500_1st_893.csv,YAHOO,independent_noise,YAHOO,0.0983326645536459,0.0934989980731053,0.0983320624627717,0.0934882829970324,0.0048336664805405,6.02090874143868e-07,0.0048443815566134,1.0715076072809191e-05,0.1,0.1,0.1,1421,1,CDU-protocol-fast-v1,independent_noise
788_YAHOO_id_238_WebService_tr_500_1st_973.csv,YAHOO,independent_noise,YAHOO,0.0979130865456355,0.0966041045957172,0.0979162778323911,0.0966092859518175,0.0013089819499183,-3.191286755604983e-06,0.0013038005938179,-5.181356100322776e-06,0.1,0.1,0.1,1680,1,CDU-protocol-fast-v1,independent_noise
797_YAHOO_id_247_Synthetic_tr_500_1st_893.csv,YAHOO,independent_noise,YAHOO,0.0983326645536459,0.0948550639554532,0.0983341150935354,0.094847971492919,0.0034776005981926,-1.45053988952204e-06,0.0034846930607268,7.09246253420559e-06,0.1,0.1,0.1,1421,1,CDU-protocol-fast-v1,independent_noise
806_YAHOO_id_256_Synthetic_tr_500_1st_893.csv,YAHOO,independent_noise,YAHOO,0.0983326645536459,0.1071664767249786,0.098336211397294,0.1071392307481567,-0.0088338121713327,-3.5468436481445043e-06,-0.0088065661945108,2.72459768218547e-05,0.1,0.1,0.1,1421,1,CDU-protocol-fast-v1,independent_noise
807_YAHOO_id_257_WebService_tr_500_1st_1210.csv,YAHOO,independent_noise,YAHOO,0.1417805852464838,0.1301972019891372,0.1417512465396662,0.1301675553793977,0.0115833832573465,2.933870681759432e-05,0.011613029867086,2.964660973944766e-05,0.1,0.1,0.1,1424,17,CDU-protocol-fast-v1,independent_noise
810_Exathlon_id_1_Facility_tr_10766_1st_12590.csv,Exathlon,independent_noise,Exathlon,0.5910589381462512,0.6594060583860757,0.5910519281611495,0.659386874021099,-0.0683471202398244,7.009985101724681e-06,-0.0683279358748477,1.9184364976720936e-05,0.1,0.1,0.1,43066,5437,CDU-protocol-fast-v1,independent_noise
811_Exathlon_id_2_Facility_tr_10766_1st_12590.csv,Exathlon,independent_noise,Exathlon,0.5910589381462512,0.515289659163302,0.5910455497649822,0.515242697285509,0.0757692789829491,1.3388381268963911e-05,0.0758162408607422,4.696187779307248e-05,0.1,0.1,0.1,43066,5437,CDU-protocol-fast-v1,independent_noise
812_Exathlon_id_3_Facility_tr_10766_1st_12590.csv,Exathlon,independent_noise,Exathlon,0.5910589381462512,0.3949622386184044,0.5910613592520548,0.3949602443446764,0.1960966995278468,-2.421105803618317e-06,0.1960986938015748,1.994273727989881e-06,0.1,0.1,0.1,43066,5437,CDU-protocol-fast-v1,independent_noise
814_Exathlon_id_5_Facility_tr_10766_1st_12590.csv,Exathlon,independent_noise,Exathlon,0.5910589381462512,0.515289659163302,0.5910621214101529,0.515258687655305,0.0757692789829491,-3.183263901695988e-06,0.0758002504909461,3.0971507997024084e-05,0.1,0.1,0.1,43066,5437,CDU-protocol-fast-v1,independent_noise
815_Exathlon_id_6_Facility_tr_10766_1st_12590.csv,Exathlon,independent_noise,Exathlon,0.5910589381462512,0.3949622386184044,0.5910722722099245,0.3949717811896254,0.1960966995278468,-1.3334063673320353e-05,0.1960871569566257,-9.54257122104396e-06,0.1,0.1,0.1,43066,5437,CDU-protocol-fast-v1,independent_noise
816_Exathlon_id_7_Facility_tr_10766_1st_12590.csv,Exathlon,independent_noise,Exathlon,0.5910589381462512,0.447824080505201,0.5910568586599102,0.4478029239702401,0.1432348576410502,2.079486341011183e-06,0.1432560141760111,2.115653496093106e-05,0.1,0.1,0.1,43066,5437,CDU-protocol-fast-v1,independent_noise
817_Exathlon_id_8_Facility_tr_10766_1st_12590.csv,Exathlon,independent_noise,Exathlon,0.5910589381462512,0.5907887612902277,0.5910688645394571,0.5907429960230938,0.0002701768560234,-9.926393205850204e-06,0.0003159421231574,4.576526713395701e-05,0.1,0.1,0.1,43066,5437,CDU-protocol-fast-v1,independent_noise
818_Exathlon_id_9_Facility_tr_11665_1st_13484.csv,Exathlon,independent_noise,Exathlon,0.3383966554327336,0.2336089939081875,0.3383978831087768,0.2336007222667996,0.1047876615245461,-1.2276760431584322e-06,0.1047959331659339,8.271641387863626e-06,0.1,0.1,0.1,46660,2928,CDU-protocol-fast-v1,independent_noise
819_Exathlon_id_10_Facility_tr_10766_1st_12590.csv,Exathlon,independent_noise,Exathlon,0.5910589381462512,0.4387458545297075,0.5910661153785739,0.4387302735840477,0.1523130836165437,-7.177232322685967e-06,0.1523286645622034,1.5580945659732226e-05,0.1,0.1,0.1,43066,5437,CDU-protocol-fast-v1,independent_noise
820_Exathlon_id_11_Facility_tr_11665_1st_13484.csv,Exathlon,independent_noise,Exathlon,0.3383966554327336,0.2856122646634518,0.3384085709089784,0.2855947633492821,0.0527843907692818,-1.1915476244794831e-05,0.0528018920834515,1.7501314169721116e-05,0.1,0.1,0.1,46660,2928,CDU-protocol-fast-v1,independent_noise
821_Exathlon_id_12_Facility_tr_6985_1st_7085.csv,Exathlon,independent_noise,Exathlon,0.5029142696878764,0.4050369672810656,0.5029073242982053,0.4050262542114624,0.0978773024068108,6.945389671164648e-06,0.097888015476414,1.0713069603152103e-05,0.1,0.1,0.1,46649,4856,CDU-protocol-fast-v1,independent_noise
822_Exathlon_id_13_Facility_tr_10766_1st_12590.csv,Exathlon,independent_noise,Exathlon,0.5910589381462512,0.5907887612902277,0.591054109799094,0.5907280202364045,0.0002701768560234,4.828347157204149e-06,0.0003309179098467,6.074105382325445e-05,0.1,0.1,0.1,43066,5437,CDU-protocol-fast-v1,independent_noise
823_Exathlon_id_14_Facility_tr_10766_1st_12590.csv,Exathlon,independent_noise,Exathlon,0.5910589381462512,0.4417425956896094,0.5910661602055148,0.4417232599917063,0.1493163424566418,-7.22205926362296e-06,0.1493356781545449,1.9335697903077875e-05,0.1,0.1,0.1,43066,5437,CDU-protocol-fast-v1,independent_noise
824_Exathlon_id_15_Facility_tr_10766_1st_12590.csv,Exathlon,independent_noise,Exathlon,0.5910589381462512,0.4367697206179154,0.591062488267703,0.4367453854300989,0.1542892175283358,-3.550121451811883e-06,0.1543135527161522,2.433518781647104e-05,0.1,0.1,0.1,43066,5437,CDU-protocol-fast-v1,independent_noise
826_Exathlon_id_17_Facility_tr_11665_1st_13484.csv,Exathlon,independent_noise,Exathlon,0.3383966554327336,0.2856122646634518,0.3383863348205878,0.2855749613615025,0.0527843907692818,1.0320612145842125e-05,0.052821694071231,3.7303301949231926e-05,0.1,0.1,0.1,46660,2928,CDU-protocol-fast-v1,independent_noise
827_Exathlon_id_18_Facility_tr_10766_1st_12590.csv,Exathlon,independent_noise,Exathlon,0.5910589381462512,0.4367697206179154,0.5910576312084614,0.4367432403685302,0.1542892175283358,1.3069377897689805e-06,0.1543156977777209,2.648024938517457e-05,0.1,0.1,0.1,43066,5437,CDU-protocol-fast-v1,independent_noise
828_Exathlon_id_19_Facility_tr_11663_1st_13482.csv,Exathlon,independent_noise,Exathlon,0.3401291997647747,0.3021399170343675,0.3401263795246546,0.3021015442046431,0.0379892827304071,2.8202401201049554e-06,0.0380276555601316,3.837282972440903e-05,0.1,0.1,0.1,46655,2948,CDU-protocol-fast-v1,independent_noise
829_Exathlon_id_20_Facility_tr_10766_1st_12590.csv,Exathlon,independent_noise,Exathlon,0.5910589381462512,0.447824080505201,0.5910480336616888,0.4477939135899257,0.1432348576410502,1.0904484562423988e-05,0.1432650245563254,3.0166915275242623e-05,0.1,0.1,0.1,43066,5437,CDU-protocol-fast-v1,independent_noise
830_Exathlon_id_21_Facility_tr_10766_1st_12590.csv,Exathlon,independent_noise,Exathlon,0.5910589381462512,0.5471087903381027,0.5910536172285732,0.547026279768868,0.0439501478081485,5.32091767802001e-06,0.0440326583773832,8.251056923469502e-05,0.1,0.1,0.1,43066,5437,CDU-protocol-fast-v1,independent_noise
831_Exathlon_id_22_Facility_tr_11665_1st_13484.csv,Exathlon,independent_noise,Exathlon,0.3383966554327336,0.2856122646634518,0.338377070568789,0.2855646546887514,0.0527843907692818,1.9584863944599466e-05,0.0528320007439822,4.7609974700379976e-05,0.1,0.1,0.1,46660,2928,CDU-protocol-fast-v1,independent_noise
832_Exathlon_id_23_Facility_tr_10766_1st_12590.csv,Exathlon,independent_noise,Exathlon,0.5910589381462512,0.447824080505201,0.5910398529043757,0.4477872427610811,0.1432348576410502,1.9085241875549382e-05,0.1432716953851701,3.6837744119888605e-05,0.1,0.1,0.1,43066,5437,CDU-protocol-fast-v1,independent_noise
833_Exathlon_id_24_Facility_tr_10766_1st_12590.csv,Exathlon,independent_noise,Exathlon,0.5910589381462512,0.3949622386184044,0.5910627231054277,0.3949618877342577,0.1960966995278468,-3.784959176522662e-06,0.1960970504119935,3.5088414668260626e-07,0.1,0.1,0.1,43066,5437,CDU-protocol-fast-v1,independent_noise
834_Exathlon_id_25_Facility_tr_11665_1st_13484.csv,Exathlon,independent_noise,Exathlon,0.3383966554327336,0.2856122646634518,0.3384009488815322,0.2855886102528952,0.0527843907692818,-4.293448798597943e-06,0.0528080451798383,2.36544105565728e-05,0.1,0.1,0.1,46660,2928,CDU-protocol-fast-v1,independent_noise
835_Exathlon_id_26_Facility_tr_10766_1st_12590.csv,Exathlon,independent_noise,Exathlon,0.5910589381462512,0.6540245625665059,0.5910509307319791,0.6540039263531283,-0.0629656244202546,8.007414272093172e-06,-0.0629449882068771,2.0636213377556167e-05,0.1,0.1,0.1,43066,5437,CDU-protocol-fast-v1,independent_noise
836_Exathlon_id_27_Facility_tr_10766_1st_12590.csv,Exathlon,independent_noise,Exathlon,0.5910589381462512,0.3949622386184044,0.5910661595812732,0.3949653522736502,0.1960966995278468,-7.221435021964595e-06,0.196093585872601,-3.1136552458010947e-06,0.1,0.1,0.1,43066,5437,CDU-protocol-fast-v1,independent_noise
837_Exathlon_id_28_Facility_tr_8898_1st_8998.csv,Exathlon,independent_noise,Exathlon,0.4205924877163967,0.4659297475088861,0.4205883180682789,0.4659285980314684,-0.0453372597924894,4.169648117724467e-06,-0.0453361103150717,1.1494774176945557e-06,0.1,0.1,0.1,46650,3891,CDU-protocol-fast-v1,independent_noise
838_Exathlon_id_29_Facility_tr_10766_1st_12590.csv,Exathlon,independent_noise,Exathlon,0.5910589381462512,0.5907887612902277,0.5910573924539002,0.5907286591962058,0.0002701768560234,1.5456923510015486e-06,0.0003302789500454,6.01020940219632e-05,0.1,0.1,0.1,43066,5437,CDU-protocol-fast-v1,independent_noise
839_Exathlon_id_30_Facility_tr_10766_1st_12590.csv,Exathlon,independent_noise,Exathlon,0.5910589381462512,0.447824080505201,0.5910594789841702,0.4478034684280376,0.1432348576410502,-5.40837919005277e-07,0.1432554697182135,2.061207716336222e-05,0.1,0.1,0.1,43066,5437,CDU-protocol-fast-v1,independent_noise
840_Exathlon_id_31_Facility_tr_10766_1st_12590.csv,Exathlon,independent_noise,Exathlon,0.5910589381462512,0.4367697206179154,0.5910592494783325,0.436746643861082,0.1542892175283358,-3.113320813374898e-07,0.1543122942851691,2.3076756833384504e-05,0.1,0.1,0.1,43066,5437,CDU-protocol-fast-v1,independent_noise
841_Exathlon_id_32_Facility_tr_11663_1st_13482.csv,Exathlon,independent_noise,Exathlon,0.3401291997647747,0.2352715670401938,0.3401158122799725,0.2352530687883009,0.1048576327245808,1.338748480211871e-05,0.1048761309764737,1.84982518928456e-05,0.1,0.1,0.1,46655,2948,CDU-protocol-fast-v1,independent_noise
842_OPPORTUNITY_id_1_HumanActivity_tr_7295_1st_27516.csv,OPPORTUNITY,independent_noise,OPPORTUNITY,0.1361741528429222,0.1560156124175955,0.1361762300259754,0.1560075721795953,-0.0198414595746733,-2.077183053283971e-06,-0.019833419336673,8.040238000217581e-06,0.1,0.1,0.1,29182,330,CDU-protocol-fast-v1,independent_noise
843_OPPORTUNITY_id_2_HumanActivity_tr_808_1st_908.csv,OPPORTUNITY,independent_noise,OPPORTUNITY,0.5871383142152801,0.7917259023505411,0.587171175931046,0.7917140606586315,-0.204587588135261,-3.2861715765886146e-05,-0.2045757464433514,1.1841691909597609e-05,0.1,0.1,0.1,9057,1142,CDU-protocol-fast-v1,independent_noise
844_OPPORTUNITY_id_3_HumanActivity_tr_500_1st_566.csv,OPPORTUNITY,independent_noise,OPPORTUNITY,0.3344604207133003,0.359826741030982,0.3344409676693343,0.3597942324784233,-0.0253663203176817,1.9453043965944605e-05,-0.025333811765123,3.250855255870766e-05,0.1,0.1,0.1,15653,967,CDU-protocol-fast-v1,independent_noise
845_OPPORTUNITY_id_4_HumanActivity_tr_7295_1st_27516.csv,OPPORTUNITY,independent_noise,OPPORTUNITY,0.1361741528429222,0.1554119769111372,0.1361826396242578,0.155411929015659,-0.019237824068215,-8.486781335664828e-06,-0.0192377761727368,4.789547816685946e-08,0.1,0.1,0.1,29182,330,CDU-protocol-fast-v1,independent_noise
846_OPPORTUNITY_id_5_HumanActivity_tr_2085_1st_2185.csv,OPPORTUNITY,independent_noise,OPPORTUNITY,0.2365509154601663,0.3009542656110027,0.2365573608646883,0.3009464702680043,-0.0644033501508364,-6.445404522020803e-06,-0.064395554807838,7.79534299838458e-06,0.1,0.1,0.1,22194,818,CDU-protocol-fast-v1,independent_noise
847_OPPORTUNITY_id_6_HumanActivity_tr_808_1st_908.csv,OPPORTUNITY,independent_noise,OPPORTUNITY,0.5871383142152801,0.8632380219754142,0.5871456204416319,0.863217068913176,-0.2760997077601341,-7.306226351810885e-06,-0.2760787546978959,2.0953062238260323e-05,0.1,0.1,0.1,9057,1142,CDU-protocol-fast-v1,independent_noise
848_OPPORTUNITY_id_7_HumanActivity_tr_1477_1st_1577.csv,OPPORTUNITY,independent_noise,OPPORTUNITY,0.1781275678879195,0.1663103770423931,0.1781211129414884,0.1662938256361525,0.0118171908455264,6.454946431089237e-06,0.0118337422517669,1.6551406240572497e-05,0.1,0.1,0.1,18011,396,CDU-protocol-fast-v1,independent_noise
849_OPPORTUNITY_id_8_HumanActivity_tr_1100_1st_1200.csv,OPPORTUNITY,independent_noise,OPPORTUNITY,0.1877099177944515,0.2074945180166798,0.1877178725077169,0.2074952286230948,-0.0197846002222283,-7.954713265451163e-06,-0.0197853108286433,-7.106064150441682e-07,0.1,0.1,0.1,24892,608,CDU-protocol-fast-v1,independent_noise
850_OPPORTUNITY_id_9_HumanActivity_tr_895_1st_995.csv,OPPORTUNITY,independent_noise,OPPORTUNITY,0.2084048165942393,0.2201727948202856,0.2084041501952751,0.2201614287632105,-0.0117679782260463,6.663989641220169e-07,-0.0117566121689712,1.1366057075024028e-05,0.1,0.1,0.1,14751,438,CDU-protocol-fast-v1,independent_noise
851_OPPORTUNITY_id_10_HumanActivity_tr_6213_1st_7311.csv,OPPORTUNITY,independent_noise,OPPORTUNITY,0.2296003845866163,0.3405770580164143,0.2295915906620139,0.3405628842346941,-0.110976673429798,8.79392460234607e-06,-0.1109624996480778,1.4173781720194787e-05,0.1,0.1,0.1,24852,872,CDU-protocol-fast-v1,independent_noise
853_OPPORTUNITY_id_12_HumanActivity_tr_808_1st_908.csv,OPPORTUNITY,independent_noise,OPPORTUNITY,0.5871383142152801,0.8985644465983316,0.587124842490908,0.8985263093292367,-0.3114261323830515,1.3471724372049463e-05,-0.3113879951139566,3.813726909485116e-05,0.1,0.1,0.1,9057,1142,CDU-protocol-fast-v1,independent_noise
854_OPPORTUNITY_id_13_HumanActivity_tr_1477_1st_1577.csv,OPPORTUNITY,independent_noise,OPPORTUNITY,0.1781275678879195,0.177713748489127,0.1781354848684748,0.1777156186235921,0.0004138193987925,-7.916980555300324e-06,0.0004119492643273,-1.8701344651483875e-06,0.1,0.1,0.1,18011,396,CDU-protocol-fast-v1,independent_noise
855_OPPORTUNITY_id_14_HumanActivity_tr_808_1st_908.csv,OPPORTUNITY,independent_noise,OPPORTUNITY,0.5871383142152801,0.850462249982976,0.5871419051669601,0.8504381563254547,-0.2633239357676959,-3.5909516800103347e-06,-0.2632998421101746,2.409365752131798e-05,0.1,0.1,0.1,9057,1142,CDU-protocol-fast-v1,independent_noise
856_OPPORTUNITY_id_15_HumanActivity_tr_808_1st_908.csv,OPPORTUNITY,independent_noise,OPPORTUNITY,0.5871383142152801,0.8821147358487812,0.5871392453911932,0.8820987032453743,-0.2949764216335011,-9.311759131547248e-07,-0.2949603890300942,1.6032603406879176e-05,0.1,0.1,0.1,9057,1142,CDU-protocol-fast-v1,independent_noise
857_OPPORTUNITY_id_16_HumanActivity_tr_500_1st_566.csv,OPPORTUNITY,independent_noise,OPPORTUNITY,0.3344604207133003,0.4337740256159521,0.3344761952289244,0.4337679464927648,-0.0993136049026517,-1.577451562412291e-05,-0.0993075257794645,6.079123187285873e-06,0.1,0.1,0.1,15653,967,CDU-protocol-fast-v1,independent_noise
858_OPPORTUNITY_id_17_HumanActivity_tr_808_1st_908.csv,OPPORTUNITY,independent_noise,OPPORTUNITY,0.5871383142152801,0.924768669751845,0.5871502115226044,0.9247519041293392,-0.3376303555365649,-1.1897307324315598e-05,-0.3376135899140591,1.676562250585434e-05,0.1,0.1,0.1,9057,1142,CDU-protocol-fast-v1,independent_noise
859_OPPORTUNITY_id_18_HumanActivity_tr_895_1st_995.csv,OPPORTUNITY,independent_noise,OPPORTUNITY,0.2084048165942393,0.231208047481942,0.2083994976870925,0.2311937438818829,-0.0228032308877026,5.318907146778518e-06,-0.0227889272876436,1.4303600059051291e-05,0.1,0.1,0.1,14751,438,CDU-protocol-fast-v1,independent_noise
860_OPPORTUNITY_id_19_HumanActivity_tr_808_1st_908.csv,OPPORTUNITY,independent_noise,OPPORTUNITY,0.5871383142152801,0.8533380355622447,0.5871594283964949,0.8533410175705115,-0.2661997213469647,-2.111418121486519e-05,-0.2662027033552314,-2.982008266760872e-06,0.1,0.1,0.1,9057,1142,CDU-protocol-fast-v1,independent_noise
861_OPPORTUNITY_id_20_HumanActivity_tr_2085_1st_2185.csv,OPPORTUNITY,independent_noise,OPPORTUNITY,0.2365509154601663,0.2669523683629944,0.2365477541527415,0.2669409632176319,-0.0304014529028281,3.1613074247260897e-06,-0.0303900477574656,1.1405145362464175e-05,0.1,0.1,0.1,22194,818,CDU-protocol-fast-v1,independent_noise
862_OPPORTUNITY_id_21_HumanActivity_tr_500_1st_566.csv,OPPORTUNITY,independent_noise,OPPORTUNITY,0.3344604207133003,0.4067945500712892,0.3344711609907234,0.4067852534869095,-0.0723341293579888,-1.0740277423149092e-05,-0.0723248327736092,9.296584379647754e-06,0.1,0.1,0.1,15653,967,CDU-protocol-fast-v1,independent_noise
863_OPPORTUNITY_id_22_HumanActivity_tr_808_1st_908.csv,OPPORTUNITY,independent_noise,OPPORTUNITY,0.5871383142152801,0.8387032793027022,0.5871517028702169,0.8386749752632408,-0.2515649650874221,-1.3388654936830058e-05,-0.2515366610479607,2.8304039461413133e-05,0.1,0.1,0.1,9057,1142,CDU-protocol-fast-v1,independent_noise
865_OPPORTUNITY_id_24_HumanActivity_tr_2085_1st_2185.csv,OPPORTUNITY,independent_noise,OPPORTUNITY,0.2365509154601663,0.2672391635365892,0.2365450983394337,0.2672202201133781,-0.0306882480764229,5.817120732581893e-06,-0.0306693046532118,1.8943423211070787e-05,0.1,0.1,0.1,22194,818,CDU-protocol-fast-v1,independent_noise
866_OPPORTUNITY_id_25_HumanActivity_tr_6213_1st_7311.csv,OPPORTUNITY,independent_noise,OPPORTUNITY,0.2296003845866163,0.3173672055964974,0.2296071897961971,0.3173627490928312,-0.087766821009881,-6.80520958085129e-06,-0.0877623645062148,4.456503666205869e-06,0.1,0.1,0.1,24852,872,CDU-protocol-fast-v1,independent_noise
867_OPPORTUNITY_id_26_HumanActivity_tr_808_1st_908.csv,OPPORTUNITY,independent_noise,OPPORTUNITY,0.5871383142152801,0.9450234805858582,0.587147536160357,0.9450257526403268,-0.3578851663705781,-9.22194507690932e-06,-0.3578874384250466,-2.2720544685661537e-06,0.1,0.1,0.1,9057,1142,CDU-protocol-fast-v1,independent_noise
868_OPPORTUNITY_id_27_HumanActivity_tr_2085_1st_2185.csv,OPPORTUNITY,independent_noise,OPPORTUNITY,0.2365509154601663,0.2875607068096743,0.2365462984923724,0.287542767477814,-0.051009791349508,4.61696779383014e-06,-0.0509918520176476,1.7939331860339358e-05,0.1,0.1,0.1,22194,818,CDU-protocol-fast-v1,independent_noise
869_OPPORTUNITY_id_28_HumanActivity_tr_500_1st_566.csv,OPPORTUNITY,independent_noise,OPPORTUNITY,0.3344604207133003,0.4593897499875343,0.3344831035485496,0.459388606802579,-0.124929329274234,-2.2682835249365763e-05,-0.1249281860892786,1.1431849553100726e-06,0.1,0.1,0.1,15653,967,CDU-protocol-fast-v1,independent_noise
870_OPPORTUNITY_id_29_HumanActivity_tr_1477_1st_1577.csv,OPPORTUNITY,independent_noise,OPPORTUNITY,0.1781275678879195,0.1837525974478287,0.1781333913765139,0.1837550653239486,-0.0056250295599092,-5.823488594458581e-06,-0.0056274974360291,-2.467876119960355e-06,0.1,0.1,0.1,18011,396,CDU-protocol-fast-v1,independent_noise
001_NAB_id_1_Facility_tr_1007_1st_2014.csv,NAB,complementary_alpha_2,NAB,0.4271930261014086,0.4049530644436562,0.2719307168367274,0.258922543972604,0.0222399616577523,0.1552623092646811,0.1682704821288045,0.1460305204710522,0.1,0.1,0.1,4031,343,CDU-protocol-fast-v1,complementary_alpha_2
002_NAB_id_2_WebService_tr_1500_1st_4106.csv,NAB,complementary_alpha_2,NAB,0.5109811005857584,0.5019596616707005,0.3168760632794767,0.313128571793405,0.0090214389150579,0.1941050373062816,0.1978525287923534,0.1888310898772955,0.1,0.1,0.1,6000,637,CDU-protocol-fast-v1,complementary_alpha_2
005_NAB_id_5_Traffic_tr_594_1st_1645.csv,NAB,complementary_alpha_2,NAB,0.4866326352417378,0.4225410306074325,0.301377670058474,0.2528652878049414,0.0640916046343053,0.1852549651832637,0.2337673474367963,0.169675742802491,0.1,0.1,0.1,2379,238,CDU-protocol-fast-v1,complementary_alpha_2
006_NAB_id_6_Traffic_tr_2579_1st_5839.csv,NAB,complementary_alpha_2,NAB,0.4857335332016683,0.5030185169729929,0.300859898221006,0.3120751235374601,-0.0172849837713246,0.1848736349806622,0.1736584096642082,0.1909433934355328,0.1,0.1,0.1,10319,1030,CDU-protocol-fast-v1,complementary_alpha_2
008_NAB_id_8_Synthetic_tr_1007_1st_2734.csv,NAB,complementary_alpha_2,NAB,0.4853806728505995,0.3491487638325485,0.3050330933469347,0.2172806284850822,0.136231909018051,0.1803475795036647,0.2681000443655172,0.1318681353474663,0.1,0.1,0.1,4031,402,CDU-protocol-fast-v1,complementary_alpha_2
009_NAB_id_9_Traffic_tr_500_1st_438.csv,NAB,complementary_alpha_2,NAB,0.4862815616001811,0.4577284733710112,0.2957113594171052,0.2776676654632538,0.0285530882291699,0.1905702021830759,0.2086138961369273,0.1800608079077574,0.1,0.1,0.1,2161,216,CDU-protocol-fast-v1,complementary_alpha_2
010_NAB_id_10_WebService_tr_500_1st_271.csv,NAB,complementary_alpha_2,NAB,0.6772894492172364,0.6757135752540563,0.4528871781354394,0.4614328041917629,0.0015758739631801,0.224402271081797,0.2158566450254735,0.2142807710622933,0.1,0.1,0.1,1000,148,CDU-protocol-fast-v1,complementary_alpha_2
011_NAB_id_11_Facility_tr_1007_1st_1526.csv,NAB,complementary_alpha_2,NAB,0.5563893265106291,0.4704058326094067,0.3783072876801882,0.3201877616748748,0.0859834939012224,0.1780820388304409,0.2362015648357543,0.1502180709345319,0.1,0.1,0.1,4031,474,CDU-protocol-fast-v1,complementary_alpha_2
013_NAB_id_13_Traffic_tr_623_1st_2084.csv,NAB,complementary_alpha_2,NAB,0.4842338922682348,0.3962528349165996,0.3061519003128388,0.2491539749050917,0.0879810573516352,0.1780819919553959,0.2350799173631431,0.1470988600115078,0.1,0.1,0.1,2494,248,CDU-protocol-fast-v1,complementary_alpha_2
014_NAB_id_14_WebService_tr_500_1st_1045.csv,NAB,complementary_alpha_2,NAB,0.4820684243308183,0.4939130394542483,0.3018496078439062,0.3132303332055183,-0.0118446151234299,0.1802188164869121,0.1688380911253,0.18068270624873,0.1,0.1,0.1,1537,152,CDU-protocol-fast-v1,complementary_alpha_2
015_NAB_id_15_Synthetic_tr_1007_1st_2787.csv,NAB,complementary_alpha_2,NAB,0.5948523472431452,0.7760293975346706,0.3825963815130158,0.5172854101974089,-0.1811770502915254,0.2122559657301294,0.0775669370457362,0.2587439873372616,0.1,0.1,0.1,4031,513,CDU-protocol-fast-v1,complementary_alpha_2
016_NAB_id_16_Environment_tr_1816_1st_3540.csv,NAB,complementary_alpha_2,NAB,0.4850429707481395,0.4376926895900296,0.3029253607931665,0.2731565208722662,0.0473502811581099,0.1821176099549729,0.2118864498758733,0.1645361687177634,0.1,0.1,0.1,7266,724,CDU-protocol-fast-v1,complementary_alpha_2
017_NAB_id_17_Synthetic_tr_1007_1st_1805.csv,NAB,complementary_alpha_2,NAB,0.4853806728505994,0.5534003198707411,0.3058025361138834,0.3574314762227356,-0.0680196470201417,0.1795781367367159,0.1279491966278638,0.1959688436480055,0.1,0.1,0.1,4031,402,CDU-protocol-fast-v1,complementary_alpha_2
018_NAB_id_18_Facility_tr_500_1st_669.csv,NAB,complementary_alpha_2,NAB,0.4862541770224173,0.5522336731389618,0.3130366208227488,0.3586105871414424,-0.0659794961165444,0.1732175561996685,0.1276435898809749,0.1936230859975193,0.1,0.1,0.1,1881,188,CDU-protocol-fast-v1,complementary_alpha_2
019_NAB_id_19_Facility_tr_1007_1st_1171.csv,NAB,complementary_alpha_2,NAB,0.483408210248932,0.4719329833680825,0.3195915762472656,0.3144726961424566,0.0114752268808495,0.1638166340016663,0.1689355141064753,0.1574602872256258,0.1,0.1,0.1,4031,400,CDU-protocol-fast-v1,complementary_alpha_2
020_NAB_id_20_Synthetic_tr_1007_1st_2679.csv,NAB,complementary_alpha_2,NAB,0.7013653277331897,0.8742667449843253,0.446076019300034,0.5795325707716369,-0.1729014172511356,0.2552893084331556,0.1218327569615528,0.2947341742126884,0.1,0.1,0.1,4031,621,CDU-protocol-fast-v1,complementary_alpha_2
022_NAB_id_22_Facility_tr_1007_1st_2980.csv,NAB,complementary_alpha_2,NAB,0.6017559663489813,0.4471628834985517,0.3940925431328593,0.2911761781096907,0.1545930828504296,0.207663423216122,0.3105797882392905,0.1559867053888609,0.1,0.1,0.1,4031,520,CDU-protocol-fast-v1,complementary_alpha_2
023_NAB_id_23_Facility_tr_4512_1st_16551.csv,NAB,complementary_alpha_2,NAB,0.4188672974141275,0.4009310411488355,0.2630247012764901,0.2539461339925525,0.0179362562652919,0.1558425961376374,0.1649211634215749,0.1469849071562829,0.1,0.1,0.1,18049,1498,CDU-protocol-fast-v1,complementary_alpha_2
024_NAB_id_24_Synthetic_tr_1007_1st_2787.csv,NAB,complementary_alpha_2,NAB,0.5948523472431452,0.5576899651953611,0.383241379795859,0.3599469816705048,0.0371623820477841,0.2116109674472861,0.2349053655726403,0.1977429835248562,0.1,0.1,0.1,4031,513,CDU-protocol-fast-v1,complementary_alpha_2
025_NAB_id_25_WebService_tr_3958_1st_4614.csv,NAB,complementary_alpha_2,NAB,0.4856619904702664,0.5141484620284618,0.3082358452452537,0.3298421561455155,-0.0284864715581953,0.1774261452250126,0.1558198343247508,0.1843063058829462,0.1,0.1,0.1,15832,1580,CDU-protocol-fast-v1,complementary_alpha_2
026_NAB_id_26_Traffic_tr_624_1st_2261.csv,NAB,complementary_alpha_2,NAB,0.4675345826450365,0.3812191677117147,0.289836534588325,0.2296842786553756,0.0863154149333217,0.1776980480567115,0.2378503039896608,0.151534889056339,0.1,0.1,0.1,2499,238,CDU-protocol-fast-v1,complementary_alpha_2
027_NAB_id_27_Facility_tr_757_1st_2582.csv,NAB,complementary_alpha_2,NAB,0.3512382483885998,0.2900068948565441,0.2340630447414741,0.1920333757053299,0.0612313535320557,0.1171752036471256,0.1592048726832698,0.0979735191512141,0.1,0.1,0.1,3031,200,CDU-protocol-fast-v1,complementary_alpha_2
028_NAB_id_28_Facility_tr_1007_1st_3447.csv,NAB,complementary_alpha_2,NAB,0.5129951492739443,0.4682624740937041,0.3128856354727569,0.2842098530421414,0.0447326751802402,0.2001095138011873,0.2287852962318028,0.1840526210515626,0.1,0.1,0.1,4031,430,CDU-protocol-fast-v1,complementary_alpha_2
032_WSD_id_4_WebService_tr_4559_1st_11822.csv,WSD,complementary_alpha_2,WSD,0.1075299854438183,0.1116774515005216,0.1148165574171449,0.1135404393378904,-0.0041474660567032,-0.0072865719733266,-0.0060104538940721,-0.0018629878373688,0.1,0.1,0.1,10686,32,CDU-protocol-fast-v1,complementary_alpha_2
039_WSD_id_11_WebService_tr_1746_1st_1846.csv,WSD,complementary_alpha_2,WSD,0.123945251401589,0.117165915369355,0.1187582302256333,0.1101075627282814,0.006779336032234,0.0051870211759556,0.0138376886733076,0.0070583526410736,0.1,0.1,0.1,18219,132,CDU-protocol-fast-v1,complementary_alpha_2
040_WSD_id_12_WebService_tr_4559_1st_9714.csv,WSD,complementary_alpha_2,WSD,0.1046479863466841,0.1124326024770673,0.1113846299139296,0.1081706582000266,-0.0077846161303831,-0.0067366435672455,-0.0035226718533425,0.0042619442770406,0.1,0.1,0.1,18236,41,CDU-protocol-fast-v1,complementary_alpha_2
043_WSD_id_15_WebService_tr_4521_1st_6828.csv,WSD,complementary_alpha_2,WSD,0.097246602480544,0.102515453101583,0.1081739032234123,0.1068931015518882,-0.005268850621039,-0.0109273007428683,-0.0096464990713442,-0.0043776484503052,0.1,0.1,0.1,18085,6,CDU-protocol-fast-v1,complementary_alpha_2
049_WSD_id_21_WebService_tr_4297_1st_7097.csv,WSD,complementary_alpha_2,WSD,0.1029301495095835,0.104141769354132,0.1091861779496957,0.1037455413599073,-0.0012116198445484,-0.0062560284401122,-0.0008153918503238,0.0003962279942246,0.1,0.1,0.1,17189,31,CDU-protocol-fast-v1,complementary_alpha_2
054_WSD_id_26_WebService_tr_2409_1st_2509.csv,WSD,complementary_alpha_2,WSD,0.1098244691869262,0.1131182814548376,0.114238806860912,0.1106932326270073,-0.0032938122679113,-0.0044143376739858,-0.0008687634400811,0.0024250488278302,0.1,0.1,0.1,18391,66,CDU-protocol-fast-v1,complementary_alpha_2
058_WSD_id_30_WebService_tr_1136_1st_1236.csv,WSD,complementary_alpha_2,WSD,0.0976595358796754,0.1041579276002816,0.1078697542275261,0.1074364942970343,-0.0064983917206062,-0.0102102183478507,-0.0097769584173589,-0.0032785666967526,0.1,0.1,0.1,18236,8,CDU-protocol-fast-v1,complementary_alpha_2
060_WSD_id_32_WebService_tr_4576_1st_4766.csv,WSD,complementary_alpha_2,WSD,0.1174846082653973,0.1171885962943928,0.1149505511898853,0.1102194208891153,0.0002960119710045,0.0025340570755119,0.0072651873762819,0.0069691754052774,0.1,0.1,0.1,18305,102,CDU-protocol-fast-v1,complementary_alpha_2
068_WSD_id_40_WebService_tr_4549_1st_13322.csv,WSD,complementary_alpha_2,WSD,0.1021198938700692,0.1071976929509372,0.1102294297093347,0.1088770764038718,-0.005077799080868,-0.0081095358392655,-0.0067571825338026,-0.0016793834529346,0.1,0.1,0.1,18197,29,CDU-protocol-fast-v1,complementary_alpha_2
074_WSD_id_46_WebService_tr_990_1st_1090.csv,WSD,complementary_alpha_2,WSD,0.1573790216886592,0.1352386893013269,0.1314899913444416,0.1162651550779756,0.0221403323873322,0.0258890303442175,0.0411138666106835,0.0189735342233512,0.1,0.1,0.1,18236,290,CDU-protocol-fast-v1,complementary_alpha_2
089_WSD_id_61_WebService_tr_1010_1st_1110.csv,WSD,complementary_alpha_2,WSD,0.1493653476999775,0.128044486996481,0.1267217285803312,0.1101199245723394,0.0213208607034965,0.0226436191196462,0.039245423127638,0.0179245624241415,0.1,0.1,0.1,17429,241,CDU-protocol-fast-v1,complementary_alpha_2
094_WSD_id_66_WebService_tr_3309_1st_3914.csv,WSD,complementary_alpha_2,WSD,0.1061765244045372,0.1079952254932525,0.1099046088465262,0.1061449958084669,-0.0018187010887152,-0.003728084441989,3.1528596070237724e-05,0.0018502296847855,0.1,0.1,0.1,13237,35,CDU-protocol-fast-v1,complementary_alpha_2
099_WSD_id_71_WebService_tr_4559_1st_14411.csv,WSD,complementary_alpha_2,WSD,0.1046479863466841,0.111021903213316,0.1106510323431356,0.109156586557183,-0.0063739168666318,-0.0060030459964515,-0.0045086002104989,0.0018653166561329,0.1,0.1,0.1,18236,41,CDU-protocol-fast-v1,complementary_alpha_2
106_WSD_id_78_WebService_tr_3363_1st_3463.csv,WSD,complementary_alpha_2,WSD,0.1427668070758227,0.1281631660111524,0.1255042527340036,0.1127095314647937,0.0146036410646702,0.017262554341819,0.0300572756110289,0.0154536345463586,0.1,0.1,0.1,18236,221,CDU-protocol-fast-v1,complementary_alpha_2
113_WSD_id_85_WebService_tr_500_1st_335.csv,WSD,complementary_alpha_2,WSD,0.1198876437419788,0.1188265995285171,0.1151234382497952,0.1087286867931415,0.0010610442134617,0.0047642054921835,0.0111589569488372,0.0100979127353755,0.1,0.1,0.1,18242,113,CDU-protocol-fast-v1,complementary_alpha_2
117_WSD_id_89_WebService_tr_3251_1st_3351.csv,WSD,complementary_alpha_2,WSD,0.0966728392159828,0.1038122200571789,0.1076753219854935,0.1078693438517221,-0.0071393808411961,-0.0110024827695107,-0.0111965046357393,-0.0040571237945432,0.1,0.1,0.1,16376,3,CDU-protocol-fast-v1,complementary_alpha_2
125_WSD_id_97_WebService_tr_2217_1st_2317.csv,WSD,complementary_alpha_2,WSD,0.1302459870741442,0.1302520570592606,0.1189519407510048,0.113040857916505,-6.069985116402554e-06,0.0112940463231393,0.0172051291576391,0.0172111991427555,0.1,0.1,0.1,18250,162,CDU-protocol-fast-v1,complementary_alpha_2
130_WSD_id_102_WebService_tr_2362_1st_2462.csv,WSD,complementary_alpha_2,WSD,0.1372607551927249,0.1338780040566449,0.1254651738928537,0.1188052697934732,0.0033827511360799,0.0117955812998711,0.0184554853992516,0.0150727342631716,0.1,0.1,0.1,18236,195,CDU-protocol-fast-v1,complementary_alpha_2
137_WSD_id_109_WebService_tr_4559_1st_14404.csv,WSD,complementary_alpha_2,WSD,0.108459868419598,0.1147442587137088,0.1113089024946979,0.109971575618486,-0.0062843902941108,-0.0028490340750999,-0.001511707198888,0.0047726830952227,0.1,0.1,0.1,18236,59,CDU-protocol-fast-v1,complementary_alpha_2
139_WSD_id_111_WebService_tr_1701_1st_1801.csv,WSD,complementary_alpha_2,WSD,0.1142441227835626,0.1124211147084028,0.1146569131544739,0.1094134913381105,0.0018230080751597,-0.0004127903709113,0.004830631445452,0.0030076233702922,0.1,0.1,0.1,18381,87,CDU-protocol-fast-v1,complementary_alpha_2
140_MSL_id_1_Sensor_tr_530_1st_630.csv,MSL,complementary_alpha_2,MSL,0.2873686381761706,0.3059045243505106,0.2021778901912507,0.2143050366773606,-0.0185358861743399,0.0851907479849198,0.0730636014988099,0.0915994876731499,0.1,0.1,0.1,2430,121,CDU-protocol-fast-v1,complementary_alpha_2
141_MSL_id_2_Sensor_tr_500_1st_550.csv,MSL,complementary_alpha_2,MSL,0.6332567791885708,0.6388590499559477,0.3989543502235769,0.4182597149630062,-0.0056022707673768,0.2343024289649938,0.2149970642255645,0.2205993349929414,0.1,0.1,0.1,2264,312,CDU-protocol-fast-v1,complementary_alpha_2
143_MSL_id_4_Sensor_tr_980_1st_3550.csv,MSL,complementary_alpha_2,MSL,0.2429866472843507,0.1940817129302176,0.1679489287279321,0.1376802415808339,0.0489049343541331,0.0750377185564185,0.1053064057035167,0.0564014713493836,0.1,0.1,0.1,3922,151,CDU-protocol-fast-v1,complementary_alpha_2
144_MSL_id_5_Sensor_tr_1525_1st_4590.csv,MSL,complementary_alpha_2,MSL,0.1760790536021126,0.169985411306579,0.1353991426604245,0.1284705512394962,0.0060936422955336,0.040679910941688,0.0476085023626163,0.0415148600670827,0.1,0.1,0.1,6100,131,CDU-protocol-fast-v1,complementary_alpha_2
145_MSL_id_6_Sensor_tr_530_1st_630.csv,MSL,complementary_alpha_2,MSL,0.2873686381761706,0.2761726888593286,0.1849954647751534,0.1803343264943861,0.0111959493168419,0.1023731734010171,0.1070343116817844,0.0958383623649424,0.1,0.1,0.1,2430,121,CDU-protocol-fast-v1,complementary_alpha_2
147_MSL_id_8_Sensor_tr_590_1st_690.csv,MSL,complementary_alpha_2,MSL,0.4992263389006856,0.3907201765619901,0.3194635788589726,0.2522293653625591,0.1085061623386954,0.179762760041713,0.2469969735381265,0.138490811199431,0.1,0.1,0.1,2430,252,CDU-protocol-fast-v1,complementary_alpha_2
148_MSL_id_9_Sensor_tr_883_1st_1238.csv,MSL,complementary_alpha_2,MSL,0.3451521701195715,0.2882097530028368,0.21755770254983,0.1828554032494167,0.0569424171167347,0.1275944675697414,0.1622967668701547,0.10535434975342,0.1,0.1,0.1,3535,228,CDU-protocol-fast-v1,complementary_alpha_2
149_Stock_id_1_Finance_tr_500_1st_7.csv,Stock,complementary_alpha_2,Stock,0.2842191306939363,0.2454306815710683,0.1856136941932618,0.1617314157898547,0.0387884491228679,0.0986054365006744,0.1224877149040815,0.0836992657812135,0.1,0.1,0.1,20000,981,CDU-protocol-fast-v1,complementary_alpha_2
151_Stock_id_3_Finance_tr_500_1st_62.csv,Stock,complementary_alpha_2,Stock,0.2828372009833035,0.2527133972023364,0.1774405130216489,0.1564995137540408,0.0301238037809671,0.1053966879616545,0.1263376872292627,0.0962138834482955,0.1,0.1,0.1,10000,487,CDU-protocol-fast-v1,complementary_alpha_2
155_Stock_id_7_Finance_tr_500_1st_18.csv,Stock,complementary_alpha_2,Stock,0.2826397824532131,0.2421855532885009,0.1826702980552251,0.1562366107729669,0.0404542291647122,0.0999694843979879,0.1264031716802461,0.0859489425155339,0.1,0.1,0.1,20000,973,CDU-protocol-fast-v1,complementary_alpha_2
156_Stock_id_8_Finance_tr_500_1st_24.csv,Stock,complementary_alpha_2,Stock,0.2820475268629419,0.2562301892201621,0.184674468565835,0.1654554713046295,0.0258173376427797,0.0973730582971068,0.1165920555583123,0.0907747179155325,0.1,0.1,0.1,10000,485,CDU-protocol-fast-v1,complementary_alpha_2
160_Stock_id_12_Finance_tr_500_1st_14.csv,Stock,complementary_alpha_2,Stock,0.2842191306939363,0.2453936984954448,0.1847390001282816,0.1592644929670124,0.0388254321984914,0.0994801305656546,0.1249546377269238,0.0861292055284323,0.1,0.1,0.1,20000,981,CDU-protocol-fast-v1,complementary_alpha_2
162_Stock_id_14_Finance_tr_500_1st_4.csv,Stock,complementary_alpha_2,Stock,0.6354266957247445,0.5522324078821944,0.4092139557615441,0.3550073833292498,0.0831942878425501,0.2262127399632004,0.2804193123954946,0.1972250245529445,0.1,0.1,0.1,10000,1380,CDU-protocol-fast-v1,complementary_alpha_2
165_Stock_id_17_Finance_tr_500_1st_7.csv,Stock,complementary_alpha_2,Stock,0.6429285998681795,0.5576391440709365,0.4106489991089951,0.3566611692429718,0.085289455797243,0.2322796007591844,0.2862674306252076,0.2009779748279646,0.1,0.1,0.1,20000,2798,CDU-protocol-fast-v1,complementary_alpha_2
166_Stock_id_18_Finance_tr_500_1st_18.csv,Stock,complementary_alpha_2,Stock,0.642731181338089,0.5600653335879421,0.4168478837256276,0.3643398039994254,0.0826658477501469,0.2258832976124614,0.2783913773386636,0.1957255295885166,0.1,0.1,0.1,20000,2797,CDU-protocol-fast-v1,complementary_alpha_2
169_Daphnet_id_1_HumanActivity_tr_9693_1st_20732.csv,Daphnet,complementary_alpha_2,Daphnet,0.3254223915528967,0.2368700903937531,0.2082142480585329,0.1520876006900126,0.0885523011591436,0.1172081434943638,0.173334790862884,0.0847824897037404,0.1,0.1,0.1,38774,2306,CDU-protocol-fast-v1,complementary_alpha_2
170_MITDB_id_1_Medical_tr_17675_1st_17775.csv,MITDB,complementary_alpha_2,MITDB,0.271582878822378,0.2887418738617924,0.1803974959565782,0.1915761496801187,-0.0171589950394143,0.0911853828657998,0.0800067291422592,0.0971657241816736,0.1,0.1,0.1,500000,22845,CDU-protocol-fast-v1,complementary_alpha_2
171_MITDB_id_2_Medical_tr_50000_1st_88864.csv,MITDB,complementary_alpha_2,MITDB,0.211197624167007,0.1696606055995633,0.1517320845926982,0.1245442726648192,0.0415370185674436,0.0594655395743087,0.0866533515021877,0.045116332934744,0.1,0.1,0.1,650000,19657,CDU-protocol-fast-v1,complementary_alpha_2
172_MITDB_id_3_Medical_tr_27274_1st_27374.csv,MITDB,complementary_alpha_2,MITDB,0.2018886191173119,0.2604056175074725,0.1473236357952511,0.1834807210345422,-0.0585169983901605,0.0545649833220608,0.0184078980827696,0.0769248964729302,0.1,0.1,0.1,650000,18109,CDU-protocol-fast-v1,complementary_alpha_2
173_MITDB_id_4_Medical_tr_13620_1st_13720.csv,MITDB,complementary_alpha_2,MITDB,0.49398571361269,0.5355416748998293,0.3067799413088341,0.3352009565142625,-0.0415559612871392,0.1872057723038558,0.1587847570984274,0.2003407183855667,0.1,0.1,0.1,650000,66682,CDU-protocol-fast-v1,complementary_alpha_2
175_MITDB_id_6_Medical_tr_27274_1st_27374.csv,MITDB,complementary_alpha_2,MITDB,0.2018886191173119,0.2007848397009577,0.1473564753559512,0.1443145940881453,0.0011037794163542,0.0545321437613606,0.0575740250291665,0.0564702456128123,0.1,0.1,0.1,650000,18109,CDU-protocol-fast-v1,complementary_alpha_2
176_MITDB_id_7_Medical_tr_6232_1st_6332.csv,MITDB,complementary_alpha_2,MITDB,0.3231402139603378,0.2623315432049894,0.2074909589232596,0.1682228603587275,0.0608086707553484,0.1156492550370782,0.1549173536016103,0.0941086828462618,0.1,0.1,0.1,650000,38272,CDU-protocol-fast-v1,complementary_alpha_2
177_MITDB_id_8_Medical_tr_17675_1st_17775.csv,MITDB,complementary_alpha_2,MITDB,0.2561009450365638,0.2477174295812171,0.1728431152274274,0.1663471894515721,0.0083835154553466,0.0832578298091363,0.0897537555849916,0.081370240129645,0.1,0.1,0.1,650000,27124,CDU-protocol-fast-v1,complementary_alpha_2
178_SMD_id_1_Facility_tr_6000_1st_10609.csv,SMD,complementary_alpha_2,SMD,0.1638312951952854,0.1537953957124617,0.1331865015748152,0.123100303651292,0.0100358994828236,0.0306447936204701,0.0407309915439933,0.0306950920611696,0.1,0.1,0.1,24000,427,CDU-protocol-fast-v1,complementary_alpha_2
179_SMD_id_2_Facility_tr_5925_1st_17580.csv,SMD,complementary_alpha_2,SMD,0.1211528492406375,0.1171366726745031,0.1155300568646518,0.1088505695327947,0.0040161765661343,0.0056227923759856,0.0123022797078427,0.0082861031417083,0.1,0.1,0.1,23703,161,CDU-protocol-fast-v1,complementary_alpha_2
180_SMD_id_3_Facility_tr_5925_1st_17580.csv,SMD,complementary_alpha_2,SMD,0.1211528492406375,0.1100294495002292,0.1163538896629319,0.1048135252276704,0.0111233997404082,0.0047989595777055,0.016339324012967,0.0052159242725587,0.1,0.1,0.1,23703,161,CDU-protocol-fast-v1,complementary_alpha_2
181_SMD_id_4_Facility_tr_5000_1st_15144.csv,SMD,complementary_alpha_2,SMD,0.2709547640029155,0.2117561266938344,0.181091371185999,0.1427976663211181,0.0591986373090811,0.0898633928169164,0.1281570976817973,0.0689584603727162,0.1,0.1,0.1,20000,908,CDU-protocol-fast-v1,complementary_alpha_2
183_SMD_id_6_Facility_tr_5925_1st_17580.csv,SMD,complementary_alpha_2,SMD,0.1211528492406375,0.1188709987924464,0.11417481979229,0.1079450967500967,0.002281850448191,0.0069780294483474,0.0132077524905407,0.0109259020423496,0.1,0.1,0.1,23703,161,CDU-protocol-fast-v1,complementary_alpha_2
184_SMD_id_7_Facility_tr_7119_1st_15849.csv,SMD,complementary_alpha_2,SMD,0.4618409014875731,0.3905077706318494,0.2912483030453358,0.2494274067869034,0.0713331308557237,0.1705925984422373,0.2124134947006697,0.141080363844946,0.1,0.1,0.1,28479,2694,CDU-protocol-fast-v1,complementary_alpha_2
185_SMD_id_8_Facility_tr_5000_1st_15144.csv,SMD,complementary_alpha_2,SMD,0.2709547640029155,0.2062684251945096,0.1775795895589312,0.1385578665694346,0.0646863388084059,0.0933751744439842,0.1323968974334808,0.0677105586250749,0.1,0.1,0.1,20000,908,CDU-protocol-fast-v1,complementary_alpha_2
187_SMD_id_10_Facility_tr_5000_1st_15849.csv,SMD,complementary_alpha_2,SMD,0.5196700438303502,0.4536615152933103,0.3263373024090427,0.2848490108229338,0.0660085285370399,0.1933327414213075,0.2348210330074163,0.1688125044703764,0.1,0.1,0.1,20000,2190,CDU-protocol-fast-v1,complementary_alpha_2
188_SMD_id_11_Facility_tr_500_1st_392.csv,SMD,complementary_alpha_2,SMD,0.2285381802882731,0.1818046186838234,0.1638526494903545,0.1334796263552841,0.0467335616044497,0.0646855307979185,0.0950585539329889,0.0483249923285392,0.1,0.1,0.1,23703,817,CDU-protocol-fast-v1,complementary_alpha_2
189_SMD_id_12_Facility_tr_5925_1st_17580.csv,SMD,complementary_alpha_2,SMD,0.1211528492406375,0.1190850138092801,0.1148884832624475,0.1100695757822586,0.0020678354313573,0.00626436597819,0.0110832734583788,0.0090154380270214,0.1,0.1,0.1,23703,161,CDU-protocol-fast-v1,complementary_alpha_2
190_SMD_id_13_Facility_tr_7119_1st_15849.csv,SMD,complementary_alpha_2,SMD,0.4618409014875731,0.3919164966075203,0.283749875478766,0.2433140018910452,0.0699244048800528,0.1780910260088071,0.2185268995965279,0.1486024947164751,0.1,0.1,0.1,28479,2694,CDU-protocol-fast-v1,complementary_alpha_2
191_SMD_id_14_Facility_tr_4596_1st_4696.csv,SMD,complementary_alpha_2,SMD,0.119753404460246,0.1130077511720168,0.1175307514724403,0.1083159485342171,0.0067456532882292,0.0022226529878057,0.0114374559260288,0.0046918026377996,0.1,0.1,0.1,22700,146,CDU-protocol-fast-v1,complementary_alpha_2
192_SMD_id_15_Facility_tr_5925_1st_17580.csv,SMD,complementary_alpha_2,SMD,0.1211528492406375,0.1188449945822097,0.1156917393150018,0.1094033691775444,0.0023078546584277,0.0054611099256356,0.011749480063093,0.0094416254046652,0.1,0.1,0.1,23703,161,CDU-protocol-fast-v1,complementary_alpha_2
194_SMD_id_17_Facility_tr_5925_1st_17580.csv,SMD,complementary_alpha_2,SMD,0.1211528492406375,0.120780238185619,0.1159312590142108,0.1107605994986511,0.0003726110550184,0.0052215902264266,0.0103922497419863,0.0100196386869678,0.1,0.1,0.1,23703,161,CDU-protocol-fast-v1,complementary_alpha_2
195_SMD_id_18_Facility_tr_5925_1st_17580.csv,SMD,complementary_alpha_2,SMD,0.1211528492406375,0.1199466435746843,0.115341127727426,0.1088657057644214,0.0012062056659531,0.0058117215132114,0.012287143476216,0.0110809378102628,0.1,0.1,0.1,23703,161,CDU-protocol-fast-v1,complementary_alpha_2
196_SMD_id_19_Facility_tr_7174_1st_21230.csv,SMD,complementary_alpha_2,SMD,0.1207587804090861,0.1132244898334223,0.1168210677064869,0.1077568724854545,0.0075342905756637,0.0039377127025991,0.0130019079236315,0.0054676173479677,0.1,0.1,0.1,28696,192,CDU-protocol-fast-v1,complementary_alpha_2
197_SMD_id_20_Facility_tr_5000_1st_15144.csv,SMD,complementary_alpha_2,SMD,0.2709547640029155,0.2110341991262148,0.1852669666871846,0.145995659459676,0.0599205648767007,0.0856877973157308,0.1249591045432395,0.0650385396665388,0.1,0.1,0.1,20000,908,CDU-protocol-fast-v1,complementary_alpha_2
198_SMD_id_21_Facility_tr_5925_1st_17580.csv,SMD,complementary_alpha_2,SMD,0.1211528492406375,0.1026275190672519,0.1140540783461376,0.0991681676126503,0.0185253301733856,0.0070987708944998,0.0219846816279871,0.0034593514546015,0.1,0.1,0.1,23703,161,CDU-protocol-fast-v1,complementary_alpha_2
199_SMD_id_22_Facility_tr_5925_1st_17580.csv,SMD,complementary_alpha_2,SMD,0.1211528492406375,0.1183540435536104,0.114132081267556,0.1084154736267172,0.0027988056870271,0.0070207679730815,0.0127373756139202,0.0099385699268931,0.1,0.1,0.1,23703,161,CDU-protocol-fast-v1,complementary_alpha_2
201_SMD_id_24_Facility_tr_7174_1st_21230.csv,SMD,complementary_alpha_2,SMD,0.1215700670490047,0.1156505215331957,0.1147281667909008,0.106888980080763,0.0059195455158089,0.0068419002581038,0.0146810869682416,0.0087615414524326,0.1,0.1,0.1,28696,198,CDU-protocol-fast-v1,complementary_alpha_2
202_SMD_id_25_Facility_tr_6250_1st_21230.csv,SMD,complementary_alpha_2,SMD,0.1050411077560964,0.1013703232409772,0.1095011490008863,0.1025161954814423,0.0036707845151192,-0.0044600412447899,0.002524912274654,-0.0011458722404651,0.1,0.1,0.1,25000,66,CDU-protocol-fast-v1,complementary_alpha_2
203_SMD_id_26_Facility_tr_7174_1st_21230.csv,SMD,complementary_alpha_2,SMD,0.1215700670490047,0.1200077187712047,0.1174628990996083,0.1114462625387254,0.0015623482777999,0.0041071679493963,0.0101238045102792,0.0085614562324792,0.1,0.1,0.1,28696,198,CDU-protocol-fast-v1,complementary_alpha_2
204_SMD_id_27_Facility_tr_5000_1st_15144.csv,SMD,complementary_alpha_2,SMD,0.2709547640029155,0.2069648302629172,0.1767197082929066,0.1387278467359166,0.0639899337399983,0.0942350557100089,0.1322269172669989,0.0682369835270005,0.1,0.1,0.1,20000,908,CDU-protocol-fast-v1,complementary_alpha_2
205_SMD_id_28_Facility_tr_5925_1st_17580.csv,SMD,complementary_alpha_2,SMD,0.1211528492406375,0.1193331199463451,0.1155019350504076,0.1106386904120216,0.0018197292942924,0.0056509141902298,0.0105141588286158,0.0086944295343234,0.1,0.1,0.1,23703,161,CDU-protocol-fast-v1,complementary_alpha_2
206_SMD_id_29_Facility_tr_6250_1st_21230.csv,SMD,complementary_alpha_2,SMD,0.1050411077560964,0.0999328127973178,0.1089135750736509,0.1005732954687337,0.0051082949587785,-0.0038724673175545,0.0044678122873626,-0.0006404826714159,0.1,0.1,0.1,25000,66,CDU-protocol-fast-v1,complementary_alpha_2
207_SMD_id_30_Facility_tr_7174_1st_21230.csv,SMD,complementary_alpha_2,SMD,0.1215700670490047,0.1169352311823476,0.1142824450960081,0.1072586880529504,0.004634835866657,0.0072876219529965,0.0143113789960542,0.0096765431293971,0.1,0.1,0.1,28696,198,CDU-protocol-fast-v1,complementary_alpha_2
208_SMD_id_31_Facility_tr_5000_1st_15144.csv,SMD,complementary_alpha_2,SMD,0.2709547640029155,0.206706762159856,0.1799887797372596,0.1386883471567302,0.0642480018430595,0.0909659842656558,0.1322664168461852,0.0680184150031257,0.1,0.1,0.1,20000,908,CDU-protocol-fast-v1,complementary_alpha_2
209_SMD_id_32_Facility_tr_5925_1st_17580.csv,SMD,complementary_alpha_2,SMD,0.1211528492406375,0.1135918212557138,0.1165463427086248,0.1094506398203224,0.0075610279849236,0.0046065065320126,0.0117022094203151,0.0041411814353914,0.1,0.1,0.1,23703,161,CDU-protocol-fast-v1,complementary_alpha_2
211_SMD_id_34_Facility_tr_5925_1st_17580.csv,SMD,complementary_alpha_2,SMD,0.1211528492406375,0.1167572483688051,0.1174793750173375,0.1106179741538937,0.0043956008718323,0.0036734742232999,0.0105348750867437,0.0061392742149113,0.1,0.1,0.1,23703,161,CDU-protocol-fast-v1,complementary_alpha_2
212_SMD_id_35_Facility_tr_5925_1st_17580.csv,SMD,complementary_alpha_2,SMD,0.1211528492406375,0.1120833026663713,0.1152477513749089,0.1050432543580786,0.0090695465742662,0.0059050978657285,0.0161095948825588,0.0070400483082926,0.1,0.1,0.1,23703,161,CDU-protocol-fast-v1,complementary_alpha_2
213_SMD_id_36_Facility_tr_5925_1st_17580.csv,SMD,complementary_alpha_2,SMD,0.1211528492406375,0.1163881516323721,0.1154261317179143,0.1070530706718248,0.0047646976082654,0.0057267175227231,0.0140997785688126,0.0093350809605472,0.1,0.1,0.1,23703,161,CDU-protocol-fast-v1,complementary_alpha_2
214_SMD_id_37_Facility_tr_5925_1st_17580.csv,SMD,complementary_alpha_2,SMD,0.1211528492406375,0.1171415301151051,0.1172217852804267,0.1101672825710329,0.0040113191255324,0.0039310639602107,0.0109855666696045,0.0069742475440721,0.1,0.1,0.1,23703,161,CDU-protocol-fast-v1,complementary_alpha_2
215_SMD_id_38_Facility_tr_5925_1st_17580.csv,SMD,complementary_alpha_2,SMD,0.1211528492406375,0.112376640965352,0.1165428895986118,0.1057307345555234,0.0087762082752854,0.0046099596420257,0.015422114685114,0.0066459064098285,0.1,0.1,0.1,23703,161,CDU-protocol-fast-v1,complementary_alpha_2
216_LTDB_id_1_Medical_tr_500_1st_266.csv,LTDB,complementary_alpha_2,LTDB,0.6891010258760193,0.8135599863558549,0.4601635486103422,0.5487230096723161,-0.1244589604798356,0.2289374772656771,0.1403780162037031,0.2648369766835388,0.1,0.1,0.1,100000,14857,CDU-protocol-fast-v1,complementary_alpha_2
218_LTDB_id_3_Medical_tr_500_1st_266.csv,LTDB,complementary_alpha_2,LTDB,0.6891010258760193,0.8116671806914406,0.4565529761779132,0.5419065888973986,-0.1225661548154213,0.232548049698106,0.1471944369786206,0.269760591794042,0.1,0.1,0.1,100000,14857,CDU-protocol-fast-v1,complementary_alpha_2
219_LTDB_id_4_Medical_tr_3618_1st_3718.csv,LTDB,complementary_alpha_2,LTDB,0.6859997535145896,0.5360155259800385,0.4532196109739401,0.3558304706818319,0.1499842275345511,0.2327801425406495,0.3301692828327577,0.1801850552982066,0.1,0.1,0.1,100000,14781,CDU-protocol-fast-v1,complementary_alpha_2
220_LTDB_id_5_Medical_tr_500_1st_26.csv,LTDB,complementary_alpha_2,LTDB,1.370891270807115,1.255518898174517,1.180340563897211,1.0952212270192871,0.1153723726325981,0.1905507069099039,0.2756700437878279,0.1602976711552297,0.1,0.1,0.1,100000,31565,CDU-protocol-fast-v1,complementary_alpha_2
221_LTDB_id_6_Medical_tr_500_1st_26.csv,LTDB,complementary_alpha_2,LTDB,1.370891270807115,1.3280117005197238,1.177256717962612,1.1445133972530623,0.0428795702873912,0.1936345528445031,0.2263778735540527,0.1834983032666615,0.1,0.1,0.1,100000,31565,CDU-protocol-fast-v1,complementary_alpha_2
222_LTDB_id_7_Medical_tr_3618_1st_3718.csv,LTDB,complementary_alpha_2,LTDB,0.6859997535145896,0.54009858408009,0.4524208375361235,0.3538212814628197,0.1459011694344996,0.2335789159784661,0.3321784720517698,0.1862773026172702,0.1,0.1,0.1,100000,14781,CDU-protocol-fast-v1,complementary_alpha_2
223_LTDB_id_8_Medical_tr_4456_1st_4556.csv,LTDB,complementary_alpha_2,LTDB,0.7422307181731396,0.6884882427890551,0.4998499090854614,0.4599114002378163,0.0537424753840845,0.2423808090876781,0.2823193179353233,0.2285768425512387,0.1,0.1,0.1,100000,16159,CDU-protocol-fast-v1,complementary_alpha_2
224_LTDB_id_9_Medical_tr_4456_1st_4556.csv,LTDB,complementary_alpha_2,LTDB,0.7422307181731396,0.6489258264292193,0.5000122421733659,0.4368087016109843,0.0933048917439203,0.2422184759997736,0.3054220165621552,0.2121171248182349,0.1,0.1,0.1,100000,16159,CDU-protocol-fast-v1,complementary_alpha_2
225_MGAB_id_1_Synthetic_tr_25000_1st_38478.csv,MGAB,complementary_alpha_2,MGAB,0.1039169459995007,0.0979115798404858,0.1104879192501187,0.1030085510570092,0.0060053661590148,-0.006570973250618,0.0009083949424914,-0.0050969712165234,0.1,0.1,0.1,100000,200,CDU-protocol-fast-v1,complementary_alpha_2
226_MGAB_id_2_Synthetic_tr_20000_1st_45134.csv,MGAB,complementary_alpha_2,MGAB,0.1029523934361121,0.0978226278592649,0.1104999461386394,0.1044365386675919,0.0051297655768471,-0.0075475527025272,-0.0014841452314798,-0.006613910808327,0.1,0.1,0.1,80000,140,CDU-protocol-fast-v1,complementary_alpha_2
227_MGAB_id_3_Synthetic_tr_25000_1st_44340.csv,MGAB,complementary_alpha_2,MGAB,0.1039169459995007,0.0979524953332422,0.1108983613727826,0.1041540813551799,0.0059644506662585,-0.0069814153732819,-0.0002371353556792,-0.0062015860219377,0.1,0.1,0.1,100000,200,CDU-protocol-fast-v1,complementary_alpha_2
228_MGAB_id_4_Synthetic_tr_25000_1st_38948.csv,MGAB,complementary_alpha_2,MGAB,0.1039169459995007,0.0986708666196153,0.110539649972376,0.1037434227709444,0.0052460793798854,-0.0066227039728753,0.0001735232285562,-0.0050725561513291,0.1,0.1,0.1,100000,200,CDU-protocol-fast-v1,complementary_alpha_2
229_MGAB_id_5_Synthetic_tr_25000_1st_33098.csv,MGAB,complementary_alpha_2,MGAB,0.1039169459995007,0.0981966680969096,0.1104646229972673,0.1033150027657979,0.005720277902591,-0.0065476769977665,0.0006019432337027,-0.0051183346688883,0.1,0.1,0.1,100000,200,CDU-protocol-fast-v1,complementary_alpha_2
231_MGAB_id_7_Synthetic_tr_25000_1st_35544.csv,MGAB,complementary_alpha_2,MGAB,0.1039169459995007,0.0978956366509571,0.110654017791334,0.1029620486222701,0.0060213093485435,-0.0067370717918333,0.0009548973772305,-0.005066411971313,0.1,0.1,0.1,100000,200,CDU-protocol-fast-v1,complementary_alpha_2
232_MGAB_id_8_Synthetic_tr_25000_1st_32708.csv,MGAB,complementary_alpha_2,MGAB,0.1039169459995007,0.098360244024226,0.1104136666716652,0.1032728291522801,0.0055567019752747,-0.0064967206721645,0.0006441168472205,-0.0049125851280541,0.1,0.1,0.1,100000,200,CDU-protocol-fast-v1,complementary_alpha_2
233_MGAB_id_9_Synthetic_tr_25000_1st_41300.csv,MGAB,complementary_alpha_2,MGAB,0.1039169459995007,0.0983871495209075,0.1104838601534618,0.1030453766631616,0.0055297964785931,-0.0065669141539611,0.000871569336339,-0.0046582271422541,0.1,0.1,0.1,100000,200,CDU-protocol-fast-v1,complementary_alpha_2
234_SED_id_1_Medical_tr_3740_1st_3840.csv,SED,complementary_alpha_2,SED,0.2807100157311135,0.3622889568139242,0.1913524891996844,0.2477841473981859,-0.0815789410828107,0.089357526531429,0.0329258683329275,0.1145048094157382,0.1,0.1,0.1,19999,960,CDU-protocol-fast-v1,complementary_alpha_2
236_SED_id_3_Medical_tr_3740_1st_3840.csv,SED,complementary_alpha_2,SED,0.2369935222269394,0.3042156069040745,0.1632705189551439,0.2089792761926759,-0.0672220846771351,0.0737230032717954,0.0280142460342635,0.0952363307113986,0.1,0.1,0.1,39999,1472,CDU-protocol-fast-v1,complementary_alpha_2
237_SVDB_id_1_Medical_tr_11587_1st_11687.csv,SVDB,complementary_alpha_2,SVDB,0.388165207582728,0.285981930812124,0.2414325078273712,0.178624649384992,0.102183276770604,0.1467326997553567,0.2095405581977359,0.1073572814271319,0.1,0.1,0.1,130400,9852,CDU-protocol-fast-v1,complementary_alpha_2
238_SVDB_id_2_Medical_tr_25000_1st_71963.csv,SVDB,complementary_alpha_2,SVDB,0.1200336852038119,0.1106797733902398,0.1141868158623788,0.1048293036692009,0.0093539118135721,0.005846869341433,0.0152043815346109,0.0058504697210388,0.1,0.1,0.1,100000,676,CDU-protocol-fast-v1,complementary_alpha_2
239_SVDB_id_3_Medical_tr_50000_1st_106634.csv,SVDB,complementary_alpha_2,SVDB,0.1529458823630081,0.1454441598335838,0.1277080902373793,0.1208509739474868,0.0075017225294242,0.0252377921256287,0.0320949084155212,0.0245931858860969,0.1,0.1,0.1,230400,3503,CDU-protocol-fast-v1,complementary_alpha_2
240_SVDB_id_4_Medical_tr_18462_1st_18562.csv,SVDB,complementary_alpha_2,SVDB,0.273147030425738,0.2512344580954489,0.1799448596543742,0.1663659919050664,0.021912572330289,0.0932021707713637,0.1067810385206715,0.0848684661903824,0.1,0.1,0.1,130400,6004,CDU-protocol-fast-v1,complementary_alpha_2
241_SVDB_id_5_Medical_tr_11587_1st_11687.csv,SVDB,complementary_alpha_2,SVDB,0.388165207582728,0.3260048650495591,0.2421325565575249,0.2038047701040107,0.0621603425331688,0.1460326510252031,0.1843604374787172,0.1222000949455483,0.1,0.1,0.1,130400,9852,CDU-protocol-fast-v1,complementary_alpha_2
243_SVDB_id_7_Medical_tr_11393_1st_11493.csv,SVDB,complementary_alpha_2,SVDB,0.213533155492278,0.210862519827718,0.1531532260229275,0.1489773342508485,0.0026706356645599,0.0603799294693504,0.0645558212414294,0.0618851855768694,0.1,0.1,0.1,180400,5547,CDU-protocol-fast-v1,complementary_alpha_2
244_SVDB_id_8_Medical_tr_17803_1st_17903.csv,SVDB,complementary_alpha_2,SVDB,0.211483179210855,0.1833569314321821,0.1516480104737333,0.1315684740703648,0.0281262477786728,0.0598351687371216,0.0799147051404902,0.0517884573618173,0.1,0.1,0.1,130400,3941,CDU-protocol-fast-v1,complementary_alpha_2
245_SVDB_id_9_Medical_tr_12607_1st_12707.csv,SVDB,complementary_alpha_2,SVDB,0.4154187379111702,0.3297470153080774,0.2577315188518539,0.2035636236584462,0.0856717226030928,0.1576872190593162,0.2118551142527239,0.1261833916496311,0.1,0.1,0.1,180400,14891,CDU-protocol-fast-v1,complementary_alpha_2
246_SVDB_id_10_Medical_tr_20100_1st_68460.csv,SVDB,complementary_alpha_2,SVDB,0.119621420445735,0.114088665285106,0.114202458401921,0.106687118304135,0.0055327551606289,0.0054189620438139,0.0129343021415999,0.0074015469809709,0.1,0.1,0.1,80400,535,CDU-protocol-fast-v1,complementary_alpha_2
247_SVDB_id_11_Medical_tr_20100_1st_23611.csv,SVDB,complementary_alpha_2,SVDB,0.139497778725546,0.1302767391436085,0.1207492789171478,0.1127297478457169,0.0092210395819375,0.0187484998083981,0.026768030879829,0.0175469912978915,0.1,0.1,0.1,80400,945,CDU-protocol-fast-v1,complementary_alpha_2
248_SVDB_id_12_Medical_tr_18462_1st_18562.csv,SVDB,complementary_alpha_2,SVDB,0.273147030425738,0.2433546891235372,0.180448624560126,0.1609467878997237,0.0297923413022008,0.0926984058656119,0.1122002425260143,0.0824079012238135,0.1,0.1,0.1,130400,6004,CDU-protocol-fast-v1,complementary_alpha_2
249_SVDB_id_13_Medical_tr_50000_1st_54982.csv,SVDB,complementary_alpha_2,SVDB,0.2388002868865439,0.216361872411146,0.1646150275211108,0.1486493904038217,0.0224384144753979,0.074185259365433,0.0901508964827222,0.0677124820073243,0.1,0.1,0.1,230400,8578,CDU-protocol-fast-v1,complementary_alpha_2
250_SVDB_id_14_Medical_tr_50000_1st_107354.csv,SVDB,complementary_alpha_2,SVDB,0.2031220722776498,0.1857485190772914,0.1492266532210055,0.1369850137484297,0.0173735532003584,0.0538954190566443,0.0661370585292201,0.0487635053288617,0.1,0.1,0.1,230400,6469,CDU-protocol-fast-v1,complementary_alpha_2
251_SVDB_id_15_Medical_tr_5421_1st_5521.csv,SVDB,complementary_alpha_2,SVDB,0.3103766387169045,0.247370481310884,0.1993730204419877,0.1585381114965766,0.0630061574060205,0.1110036182749167,0.1518385272203278,0.0888323698143073,0.1,0.1,0.1,230400,12809,CDU-protocol-fast-v1,complementary_alpha_2
253_SVDB_id_17_Medical_tr_17803_1st_17903.csv,SVDB,complementary_alpha_2,SVDB,0.211483179210855,0.1771340492479634,0.1521260447950385,0.1276232717996979,0.0343491299628916,0.0593571344158164,0.083859907411157,0.0495107774482654,0.1,0.1,0.1,130400,3941,CDU-protocol-fast-v1,complementary_alpha_2
254_SVDB_id_18_Medical_tr_30824_1st_30924.csv,SVDB,complementary_alpha_2,SVDB,0.2264338692103459,0.2070460778166376,0.1588059700794078,0.1456514413089756,0.0193877913937082,0.067627899130938,0.0807824279013702,0.0613946365076619,0.1,0.1,0.1,230400,7847,CDU-protocol-fast-v1,complementary_alpha_2
255_SVDB_id_19_Medical_tr_50000_1st_54982.csv,SVDB,complementary_alpha_2,SVDB,0.2388002868865439,0.2268156172329392,0.1640941310851466,0.1549733390991249,0.0119846696536047,0.0747061558013972,0.0838269477874189,0.0718422781338142,0.1,0.1,0.1,230400,8578,CDU-protocol-fast-v1,complementary_alpha_2
256_SVDB_id_20_Medical_tr_6264_1st_6364.csv,SVDB,complementary_alpha_2,SVDB,0.2199546107014761,0.2250920153077216,0.1563789053945893,0.1585975071955621,-0.0051374046062455,0.0635757053068867,0.0613571035059139,0.0664945081121594,0.1,0.1,0.1,230400,7464,CDU-protocol-fast-v1,complementary_alpha_2
257_TAO_id_1_Environment_tr_500_1st_3.csv,TAO,complementary_alpha_2,TAO,0.468621312894117,0.430256857375221,0.2906300001250389,0.2702685219766039,0.038364455518896,0.1779913127690781,0.198352790917513,0.159988335398617,0.1,0.1,0.1,10000,954,CDU-protocol-fast-v1,complementary_alpha_2
258_TAO_id_2_Environment_tr_500_1st_4.csv,TAO,complementary_alpha_2,TAO,0.6385037656405279,0.5969515644455765,0.4141400995668414,0.3920996234080989,0.0415522011949514,0.2243636660736865,0.2464041422324289,0.2048519410374775,0.1,0.1,0.1,10000,1380,CDU-protocol-fast-v1,complementary_alpha_2
260_IOPS_id_1_WebService_tr_5000_1st_11804.csv,IOPS,complementary_alpha_2,IOPS,0.0979723308130136,0.1037534639417617,0.1082423157003411,0.1071359960917656,-0.0057811331287481,-0.0102699848873275,-0.009163665278752,-0.0033825321500039,0.1,0.1,0.1,20000,14,CDU-protocol-fast-v1,complementary_alpha_2
261_IOPS_id_2_WebService_tr_2178_1st_2278.csv,IOPS,complementary_alpha_2,IOPS,0.097906725345047,0.0929611708911408,0.108127663538294,0.0997333313586751,0.0049455544539062,-0.010220938193247,-0.001826606013628,-0.0067721604675343,0.1,0.1,0.1,8784,6,CDU-protocol-fast-v1,complementary_alpha_2
262_IOPS_id_3_WebService_tr_7028_1st_7128.csv,IOPS,complementary_alpha_2,IOPS,0.1789482131720608,0.156210492951902,0.1385962628074836,0.1218482469582724,0.0227377202201587,0.0403519503645772,0.0570999662137883,0.0343622459936295,0.1,0.1,0.1,125135,2704,CDU-protocol-fast-v1,complementary_alpha_2
263_IOPS_id_4_WebService_tr_3482_1st_3582.csv,IOPS,complementary_alpha_2,IOPS,0.1157782507106415,0.1117566293448858,0.1140293744414191,0.1074617467009668,0.0040216213657557,0.0017488762692223,0.0083165040096746,0.0042948826439189,0.1,0.1,0.1,149123,790,CDU-protocol-fast-v1,complementary_alpha_2
264_IOPS_id_5_WebService_tr_11665_1st_11765.csv,IOPS,complementary_alpha_2,IOPS,0.1534184746192168,0.1631623585719787,0.1295758984050439,0.1333362419324582,-0.0097438839527619,0.0238425762141728,0.0200822326867585,0.0298261166395204,0.1,0.1,0.1,60000,901,CDU-protocol-fast-v1,complementary_alpha_2
266_IOPS_id_7_WebService_tr_4010_1st_4110.csv,IOPS,complementary_alpha_2,IOPS,0.1585090970453211,0.1445908611305169,0.131516507948476,0.1193790559786504,0.0139182359148042,0.026992589096845,0.0391300410666706,0.0252118051518664,0.1,0.1,0.1,89155,1456,CDU-protocol-fast-v1,complementary_alpha_2
267_IOPS_id_8_WebService_tr_1534_1st_1882.csv,IOPS,complementary_alpha_2,IOPS,0.1287022791406064,0.1255397389426583,0.1203989369372164,0.112090149423979,0.003162540197948,0.0083033422033899,0.0166121297166273,0.0134495895186792,0.1,0.1,0.1,6138,53,CDU-protocol-fast-v1,complementary_alpha_2
268_IOPS_id_9_WebService_tr_6216_1st_6316.csv,IOPS,complementary_alpha_2,IOPS,0.2809736274044396,0.244889539856972,0.1871412160330673,0.1639165334860871,0.0360840875474675,0.0938324113713722,0.1170570939183525,0.0809730063708849,0.1,0.1,0.1,29133,1397,CDU-protocol-fast-v1,complementary_alpha_2
269_IOPS_id_10_WebService_tr_1216_1st_1728.csv,IOPS,complementary_alpha_2,IOPS,0.1342603379941231,0.1153162438858632,0.1238639122681824,0.1096726863156711,0.0189440941082598,0.0103964257259406,0.0245876516784519,0.005643557570192,0.1,0.1,0.1,4866,49,CDU-protocol-fast-v1,complementary_alpha_2
271_IOPS_id_12_WebService_tr_500_1st_341.csv,IOPS,complementary_alpha_2,IOPS,0.1464053911806096,0.1525055190611706,0.1242480506729707,0.1253429871928224,-0.0061001278805609,0.0221573405076388,0.0210624039877871,0.0271625318683481,0.1,0.1,0.1,8784,116,CDU-protocol-fast-v1,complementary_alpha_2
272_IOPS_id_13_WebService_tr_3442_1st_3542.csv,IOPS,complementary_alpha_2,IOPS,0.1116972028972023,0.1090794746046213,0.112654152584004,0.1071604657687471,0.002617728292581,-0.0009569496868017,0.0045367371284551,0.0019190088358741,0.1,0.1,0.1,149156,633,CDU-protocol-fast-v1,complementary_alpha_2
273_IOPS_id_14_WebService_tr_5569_1st_5669.csv,IOPS,complementary_alpha_2,IOPS,0.115025230957413,0.1161877990007938,0.1140736717019454,0.1102001480377549,-0.0011625680433808,0.0009515592554675,0.004825082919658,0.0059876509630388,0.1,0.1,0.1,149122,761,CDU-protocol-fast-v1,complementary_alpha_2
274_IOPS_id_15_WebService_tr_4591_1st_4691.csv,IOPS,complementary_alpha_2,IOPS,0.2712546201996806,0.2337061163941324,0.1801264535841014,0.1559072742300604,0.0375485038055481,0.0911281666155791,0.1153473459696201,0.0777988421640719,0.1,0.1,0.1,149132,6777,CDU-protocol-fast-v1,complementary_alpha_2
275_IOPS_id_16_WebService_tr_1482_1st_1582.csv,IOPS,complementary_alpha_2,IOPS,0.1265650278842431,0.1315398594882176,0.1159906814506331,0.114639491775792,-0.0049748316039744,0.0105743464336099,0.011925536108451,0.0169003677124255,0.1,0.1,0.1,8784,71,CDU-protocol-fast-v1,complementary_alpha_2
276_IOPS_id_17_WebService_tr_19197_1st_19297.csv,IOPS,complementary_alpha_2,IOPS,0.2044485280550822,0.2008358287702317,0.1492581684284547,0.145643100109307,0.0036126992848505,0.0551903596266274,0.0588054279457751,0.0551927286609246,0.1,0.1,0.1,91370,2576,CDU-protocol-fast-v1,complementary_alpha_2
277_NEK_id_1_WebService_tr_500_1st_17.csv,NEK,complementary_alpha_2,NEK,0.4143751117544829,0.3169886044543096,0.2625987444601053,0.2053765256122273,0.0973865073001732,0.1517763672943775,0.2089985861422555,0.1116120788420822,0.1,0.1,0.1,1073,88,CDU-protocol-fast-v1,complementary_alpha_2
278_NEK_id_2_WebService_tr_500_1st_64.csv,NEK,complementary_alpha_2,NEK,0.329735165526574,0.3158793864036325,0.2216450624994235,0.2174471794116872,0.0138557791229415,0.1080901030271504,0.1122879861148868,0.0984322069919453,0.1,0.1,0.1,1073,65,CDU-protocol-fast-v1,complementary_alpha_2
279_NEK_id_3_WebService_tr_500_1st_974.csv,NEK,complementary_alpha_2,NEK,0.4254151047407318,0.3412269868998816,0.2802499202550282,0.2281224243032457,0.0841881178408501,0.1451651844857036,0.197292680437486,0.1131045625966358,0.1,0.1,0.1,1073,91,CDU-protocol-fast-v1,complementary_alpha_2
281_NEK_id_5_WebService_tr_500_1st_974.csv,NEK,complementary_alpha_2,NEK,0.4143751117544828,0.339140602898704,0.2734259961321466,0.2286416497548087,0.0752345088557788,0.1409491156223362,0.185733461999674,0.1104989531438952,0.1,0.1,0.1,1073,88,CDU-protocol-fast-v1,complementary_alpha_2
282_NEK_id_6_WebService_tr_500_1st_64.csv,NEK,complementary_alpha_2,NEK,0.3223751702024081,0.3029530015469098,0.200971628214326,0.190255024503795,0.0194221686554982,0.121403541988082,0.132120145698613,0.1126979770431147,0.1,0.1,0.1,1073,63,CDU-protocol-fast-v1,complementary_alpha_2
283_NEK_id_7_WebService_tr_500_1st_777.csv,NEK,complementary_alpha_2,NEK,0.5321350369411385,0.4443764273923862,0.3435775451500941,0.2923254541792047,0.0877586095487523,0.1885574917910443,0.2398095827619338,0.1520509732131815,0.1,0.1,0.1,1073,120,CDU-protocol-fast-v1,complementary_alpha_2
284_NEK_id_8_WebService_tr_500_1st_976.csv,NEK,complementary_alpha_2,NEK,0.4180551094165658,0.3351338221072413,0.2619876425376826,0.212554401729384,0.0829212873093245,0.1560674668788832,0.2055007076871817,0.1225794203778572,0.1,0.1,0.1,1073,89,CDU-protocol-fast-v1,complementary_alpha_2
285_NEK_id_9_WebService_tr_500_1st_780.csv,NEK,complementary_alpha_2,NEK,0.4879750649961427,0.3957686584433449,0.3239401530388437,0.2669128402227557,0.0922064065527977,0.1640349119572989,0.2210622247733869,0.1288558182205891,0.1,0.1,0.1,1073,108,CDU-protocol-fast-v1,complementary_alpha_2
286_CATSv2_id_1_Sensor_tr_17792_1st_17892.csv,CATSv2,complementary_alpha_2,CATSv2,0.2858020924202719,0.297887201276486,0.1870805166644056,0.1953293557098848,-0.0120851088562141,0.0987215757558662,0.090472736710387,0.1025578455666011,0.1,0.1,0.1,300000,14800,CDU-protocol-fast-v1,complementary_alpha_2
287_TODS_id_1_Synthetic_tr_500_1st_11.csv,TODS,complementary_alpha_2,TODS,0.2968561285603248,0.2632115387714191,0.1943849110885389,0.1726156742665741,0.0336445897889056,0.1024712174717858,0.1242404542937506,0.0905958645048449,0.1,0.1,0.1,5000,261,CDU-protocol-fast-v1,complementary_alpha_2
288_TODS_id_2_Synthetic_tr_500_1st_65.csv,TODS,complementary_alpha_2,TODS,0.3573222301852886,0.3817251963674657,0.2284899697987751,0.2474621393003592,-0.0244029661821771,0.1288322603865134,0.1098600908849293,0.1342630570671065,0.1,0.1,0.1,5000,338,CDU-protocol-fast-v1,complementary_alpha_2
289_TODS_id_3_Synthetic_tr_500_1st_26.csv,TODS,complementary_alpha_2,TODS,0.2685862628655366,0.2766149033540605,0.1793567108478544,0.1844200875312212,-0.0080286404885239,0.0892295520176821,0.0841661753343154,0.0921948158228393,0.1,0.1,0.1,5000,225,CDU-protocol-fast-v1,complementary_alpha_2
290_TODS_id_4_Synthetic_tr_500_1st_26.csv,TODS,complementary_alpha_2,TODS,0.4287821684693367,0.4898865076333286,0.2644245309639169,0.3088972753779159,-0.0611043391639918,0.1643576375054197,0.1198848930914207,0.1809892322554126,0.1,0.1,0.1,5000,429,CDU-protocol-fast-v1,complementary_alpha_2
292_TODS_id_6_Synthetic_tr_500_1st_11.csv,TODS,complementary_alpha_2,TODS,0.2968561285603248,0.2798892010110749,0.1811512541774358,0.1694611982463652,0.0169669275492498,0.1157048743828889,0.1273949303139595,0.1104280027647096,0.1,0.1,0.1,5000,261,CDU-protocol-fast-v1,complementary_alpha_2
293_TODS_id_7_Synthetic_tr_500_1st_7.csv,TODS,complementary_alpha_2,TODS,0.2890033880895503,0.3003444009916962,0.1840147525195738,0.1927330965005239,-0.0113410129021458,0.1049886355699764,0.0962702915890263,0.1076113044911722,0.1,0.1,0.1,5000,251,CDU-protocol-fast-v1,complementary_alpha_2
294_TODS_id_8_Synthetic_tr_500_1st_200.csv,TODS,complementary_alpha_2,TODS,0.4923893662826101,0.5751491892771025,0.3101111434974847,0.3724911627138124,-0.0827598229944923,0.1822782227851254,0.1198982035687976,0.20265802656329,0.1,0.1,0.1,5000,510,CDU-protocol-fast-v1,complementary_alpha_2
295_TODS_id_9_Synthetic_tr_1250_1st_2046.csv,TODS,complementary_alpha_2,TODS,0.3981564806333161,0.3837574069007844,0.2581510221961153,0.2468837041768867,0.0143990737325316,0.1400054584372007,0.1512727764564294,0.1368737027238977,0.1,0.1,0.1,5000,390,CDU-protocol-fast-v1,complementary_alpha_2
296_TODS_id_10_Synthetic_tr_500_1st_26.csv,TODS,complementary_alpha_2,TODS,0.2520955078769101,0.2388564062663503,0.169412151042803,0.1607652388510898,0.0132391016105598,0.082683356834107,0.0913302690258203,0.0780911674152605,0.1,0.1,0.1,5000,204,CDU-protocol-fast-v1,complementary_alpha_2
297_TODS_id_11_Synthetic_tr_500_1st_7.csv,TODS,complementary_alpha_2,TODS,0.2890033880895503,0.2366447118720453,0.1984232702944131,0.1642382181232465,0.0523586762175049,0.0905801177951372,0.1247651699663037,0.0724064937487987,0.1,0.1,0.1,5000,251,CDU-protocol-fast-v1,complementary_alpha_2
298_TODS_id_12_Synthetic_tr_500_1st_0.csv,TODS,complementary_alpha_2,TODS,0.3463283935262043,0.3565012412689944,0.2224196974581261,0.2320423014662037,-0.01017284774279,0.1239086960680782,0.1142860920600006,0.1244589398027906,0.1,0.1,0.1,5000,324,CDU-protocol-fast-v1,complementary_alpha_2
299_TODS_id_13_Synthetic_tr_500_1st_65.csv,TODS,complementary_alpha_2,TODS,0.302353046889867,0.2899726326073493,0.1931110787729051,0.1868169866255039,0.0123804142825177,0.1092419681169619,0.115536060264363,0.1031556459818453,0.1,0.1,0.1,5000,268,CDU-protocol-fast-v1,complementary_alpha_2
301_TODS_id_15_Synthetic_tr_500_1st_245.csv,TODS,complementary_alpha_2,TODS,0.4138619615748651,0.4705356245807724,0.2524261358044318,0.294574893226289,-0.0566736630059073,0.1614358257704332,0.1192870683485761,0.1759607313544834,0.1,0.1,0.1,5000,410,CDU-protocol-fast-v1,complementary_alpha_2
302_Power_id_1_Facility_tr_7685_1st_7785.csv,Power,complementary_alpha_2,Power,0.4286798769583611,0.5020106680322937,0.266439967295926,0.3183004027500101,-0.0733307910739325,0.162239909662435,0.1103794742083509,0.1837102652822835,0.1,0.1,0.1,35040,3000,CDU-protocol-fast-v1,complementary_alpha_2
304_UCR_id_2_Medical_tr_2499_1st_7000.csv,UCR,complementary_alpha_2,UCR,0.1152252656406595,0.1110899096162959,0.1130964332348647,0.1083767674199694,0.0041353560243636,0.0021288324057947,0.00684849822069,0.0027131421963264,0.1,0.1,0.1,9998,50,CDU-protocol-fast-v1,complementary_alpha_2
307_UCR_id_5_Facility_tr_29895_1st_39240.csv,UCR,complementary_alpha_2,UCR,0.0990086732006021,0.0966392657136543,0.1084083177343148,0.1022241308174764,0.0023694074869477,-0.0093996445337127,-0.0032154576168743,-0.0055848651038221,0.1,0.1,0.1,119580,96,CDU-protocol-fast-v1,complementary_alpha_2
309_UCR_id_7_Medical_tr_3000_1st_5948.csv,UCR,complementary_alpha_2,UCR,0.1103929549020575,0.1109068424328983,0.1116208197037161,0.1086966754449292,-0.0005138875308408,-0.0012278648016586,0.0016962794571282,0.002210166987969,0.1,0.1,0.1,12000,45,CDU-protocol-fast-v1,complementary_alpha_2
310_UCR_id_8_HumanActivity_tr_2631_1st_8285.csv,UCR,complementary_alpha_2,UCR,0.1069188953942699,0.1127515648017287,0.1120004157330934,0.110694587200529,-0.0058326694074588,-0.0050815203388235,-0.0037756918062591,0.0020569776011996,0.1,0.1,0.1,10524,30,CDU-protocol-fast-v1,complementary_alpha_2
311_UCR_id_9_HumanActivity_tr_16000_1st_38400.csv,UCR,complementary_alpha_2,UCR,0.1441920853589638,0.1515141701194055,0.1241105538957473,0.1250217741581043,-0.0073220847604416,0.0200815314632164,0.0191703112008594,0.0264923959613011,0.1,0.1,0.1,64000,800,CDU-protocol-fast-v1,complementary_alpha_2
313_UCR_id_11_Sensor_tr_2827_1st_4711.csv,UCR,complementary_alpha_2,UCR,0.1293839363336781,0.134219822392986,0.1177527225555083,0.1177178487123378,-0.0048358860593079,0.0116312137781697,0.0116660876213402,0.0165019736806481,0.1,0.1,0.1,11308,98,CDU-protocol-fast-v1,complementary_alpha_2
315_UCR_id_13_HumanActivity_tr_16000_1st_33070.csv,UCR,complementary_alpha_2,UCR,0.1025467281888471,0.0990009677212396,0.1104781889576839,0.1033207867622447,0.0035457604676074,-0.0079314607688368,-0.0007740585733976,-0.0043198190410051,0.1,0.1,0.1,64000,110,CDU-protocol-fast-v1,complementary_alpha_2
316_UCR_id_14_Sensor_tr_2833_1st_5988.csv,UCR,complementary_alpha_2,UCR,0.1289663307076008,0.1296935736331781,0.1179198627323779,0.1151169268663447,-0.0007272429255772,0.0110464679752228,0.0138494038412561,0.0145766467668334,0.1,0.1,0.1,11334,97,CDU-protocol-fast-v1,complementary_alpha_2
319_UCR_id_17_Environment_tr_6166_1st_19280.csv,UCR,complementary_alpha_2,UCR,0.1209630007443481,0.1116901804703351,0.1164779592448425,0.1061838743399317,0.0092728202740129,0.0044850414995055,0.0147791264044163,0.0055063061304033,0.1,0.1,0.1,24667,160,CDU-protocol-fast-v1,complementary_alpha_2
326_UCR_id_24_Medical_tr_1875_1st_4187.csv,UCR,complementary_alpha_2,UCR,0.1020872017589439,0.1001795176066661,0.1085329106730356,0.1032442377938746,0.0019076841522777,-0.0064457089140917,-0.0011570360349307,-0.0030647201872085,0.1,0.1,0.1,7501,12,CDU-protocol-fast-v1,complementary_alpha_2
331_UCR_id_29_Facility_tr_50000_1st_837400.csv,UCR,complementary_alpha_2,UCR,0.1032039335032869,0.1004711037257508,0.1100568948492006,0.1033636645236134,0.002732829777536,-0.0068529613459137,-0.0001597310203265,-0.0028925607978626,0.1,0.1,0.1,900000,1700,CDU-protocol-fast-v1,complementary_alpha_2
332_UCR_id_30_Facility_tr_13750_1st_52600.csv,UCR,complementary_alpha_2,UCR,0.1099540051558639,0.1076224595435888,0.1120519172953993,0.1062100183892287,0.002331545612275,-0.0020979121395354,0.0037439867666351,0.00141244115436,0.1,0.1,0.1,55000,200,CDU-protocol-fast-v1,complementary_alpha_2
334_UCR_id_32_HumanActivity_tr_1671_1st_2764.csv,UCR,complementary_alpha_2,UCR,0.2294050764826851,0.2760111658598515,0.1600592698167479,0.1878832988741205,-0.0466060893771664,0.0693458066659372,0.0415217776085646,0.088127866985731,0.1,0.1,0.1,6684,231,CDU-protocol-fast-v1,complementary_alpha_2
339_UCR_id_37_Sensor_tr_2750_1st_5400.csv,UCR,complementary_alpha_2,UCR,0.1661395726686433,0.1666742000209456,0.134772865991552,0.1328179600903638,-0.0005346273523023,0.0313667066770912,0.0333216125782794,0.0338562399305817,0.1,0.1,0.1,11000,200,CDU-protocol-fast-v1,complementary_alpha_2
341_UCR_id_39_HumanActivity_tr_48812_1st_128430.csv,UCR,complementary_alpha_2,UCR,0.0959273969282017,0.1009726138436852,0.1075221827905579,0.104193812314054,-0.0050452169154835,-0.0115947858623562,-0.0082664153858523,-0.0032211984703688,0.1,0.1,0.1,195250,1,CDU-protocol-fast-v1,complementary_alpha_2
344_UCR_id_42_Sensor_tr_2851_1st_5365.csv,UCR,complementary_alpha_2,UCR,0.100987515653397,0.0994930978175845,0.1103055771117574,0.1034695387425997,0.0014944178358125,-0.0093180614583604,-0.0024820230892027,-0.0039764409250152,0.1,0.1,0.1,11406,15,CDU-protocol-fast-v1,complementary_alpha_2
346_UCR_id_44_Medical_tr_7456_1st_17390.csv,UCR,complementary_alpha_2,UCR,0.1127438806164159,0.1171284058470091,0.1140511818659921,0.1144804354075555,-0.0043845252305932,-0.0013073012495762,-0.0017365547911395,0.0026479704394536,0.1,0.1,0.1,29826,130,CDU-protocol-fast-v1,complementary_alpha_2
349_UCR_id_47_Facility_tr_29954_1st_74900.csv,UCR,complementary_alpha_2,UCR,0.0990024875929641,0.0976882223381206,0.1084440199174691,0.103358658906658,0.0013142652548434,-0.009441532324505,-0.0043561713136939,-0.0056704365685374,0.1,0.1,0.1,119819,96,CDU-protocol-fast-v1,complementary_alpha_2
355_UCR_id_53_HumanActivity_tr_48750_1st_143411.csv,UCR,complementary_alpha_2,UCR,0.0978885146963888,0.1027793260202971,0.1082114194330684,0.1053033189151117,-0.0048908113239082,-0.0103229047366796,-0.0074148042187229,-0.0025239928948146,0.1,0.1,0.1,195000,100,CDU-protocol-fast-v1,complementary_alpha_2
358_UCR_id_56_Facility_tr_10500_1st_29080.csv,UCR,complementary_alpha_2,UCR,0.1014258386583884,0.0986108272087863,0.110091349652832,0.1043590553936917,0.002815011449602,-0.0086655109944436,-0.0029332167353033,-0.0057482281849054,0.1,0.1,0.1,42000,60,CDU-protocol-fast-v1,complementary_alpha_2
361_UCR_id_59_Medical_tr_3000_1st_7175.csv,UCR,complementary_alpha_2,UCR,0.1644715636331076,0.1970000379943486,0.1318994157462187,0.1531923176784535,-0.0325284743612409,0.0325721478868888,0.011279245954654,0.043807720315895,0.1,0.1,0.1,12000,213,CDU-protocol-fast-v1,complementary_alpha_2
364_UCR_id_62_Sensor_tr_2833_1st_5988.csv,UCR,complementary_alpha_2,UCR,0.1289663307076008,0.13297061898198,0.1199121205197314,0.1167929104254977,-0.0040042882743792,0.0090542101878693,0.012173420282103,0.0161777085564822,0.1,0.1,0.1,11334,97,CDU-protocol-fast-v1,complementary_alpha_2
369_UCR_id_67_Sensor_tr_2750_1st_5400.csv,UCR,complementary_alpha_2,UCR,0.1661395726686433,0.166349141931808,0.1358294693182669,0.1339902654378265,-0.0002095692631647,0.0303101033503763,0.0321493072308167,0.0323588764939814,0.1,0.1,0.1,11000,200,CDU-protocol-fast-v1,complementary_alpha_2
371_UCR_id_69_Medical_tr_1853_1st_6200.csv,UCR,complementary_alpha_2,UCR,0.1844671305137593,0.2065679232548847,0.1383394438365102,0.1519374912492296,-0.0221007927411254,0.046127686677249,0.0325296392645297,0.0546304320056551,0.1,0.1,0.1,7415,170,CDU-protocol-fast-v1,complementary_alpha_2
373_UCR_id_71_Sensor_tr_2827_1st_5988.csv,UCR,complementary_alpha_2,UCR,0.1290423412004535,0.1230449017027189,0.119960223632463,0.1129064369492076,0.0059974394977345,0.0090821175679904,0.0161359042512458,0.0101384647535112,0.1,0.1,0.1,11308,97,CDU-protocol-fast-v1,complementary_alpha_2
381_UCR_id_79_HumanActivity_tr_16000_1st_31200.csv,UCR,complementary_alpha_2,UCR,0.1351387468437211,0.1361784592362256,0.122706008435348,0.1208658951398402,-0.0010397123925044,0.012432738408373,0.0142728517038808,0.0153125640963853,0.1,0.1,0.1,64000,650,CDU-protocol-fast-v1,complementary_alpha_2
382_UCR_id_80_Medical_tr_7500_1st_11800.csv,UCR,complementary_alpha_2,UCR,0.1345351909427048,0.1248570381131004,0.1250193445180914,0.1145631176609272,0.0096781528296044,0.0095158464246133,0.0199720732817775,0.0102939204521731,0.1,0.1,0.1,30000,300,CDU-protocol-fast-v1,complementary_alpha_2
385_UCR_id_83_Environment_tr_2046_1st_6006.csv,UCR,complementary_alpha_2,UCR,0.1185630840489511,0.1210456169044645,0.1153228207069556,0.115660301776657,-0.0024825328555133,0.0032402633419954,0.002902782272294,0.0053853151278074,0.1,0.1,0.1,8184,48,CDU-protocol-fast-v1,complementary_alpha_2
387_UCR_id_85_Environment_tr_2046_1st_5549.csv,UCR,complementary_alpha_2,UCR,0.118563084048951,0.1143698838539108,0.117518974583389,0.108137643581653,0.0041932001950402,0.0010441094655619,0.0104254404672979,0.0062322402722577,0.1,0.1,0.1,8184,48,CDU-protocol-fast-v1,complementary_alpha_2
391_UCR_id_89_Medical_tr_1875_1st_5759.csv,UCR,complementary_alpha_2,UCR,0.1783131122964121,0.1816617179863321,0.1377406628095399,0.1372995328065575,-0.0033486056899199,0.0405724494868722,0.0410135794898545,0.0443621851797745,0.1,0.1,0.1,7500,160,CDU-protocol-fast-v1,complementary_alpha_2
393_UCR_id_91_Environment_tr_2046_1st_4852.csv,UCR,complementary_alpha_2,UCR,0.1185630840489511,0.1237082154513768,0.1166840500171364,0.1183811408616378,-0.0051451314024256,0.0018790340318146,0.0001819431873132,0.0053270745897389,0.1,0.1,0.1,8184,48,CDU-protocol-fast-v1,complementary_alpha_2
396_UCR_id_94_Medical_tr_1875_1st_5607.csv,UCR,complementary_alpha_2,UCR,0.1098116873605375,0.1064036109495425,0.1124333984451954,0.1069093074624695,0.0034080764109949,-0.0026217110846579,0.0029023798980679,-0.000505696512927,0.1,0.1,0.1,7501,27,CDU-protocol-fast-v1,complementary_alpha_2
400_UCR_id_98_Environment_tr_2046_1st_5391.csv,UCR,complementary_alpha_2,UCR,0.0963796022520707,0.0955401527676991,0.1076971648908573,0.1023728539493492,0.0008394494843716,-0.0113175626387866,-0.0059932516972785,-0.0068327011816501,0.1,0.1,0.1,8184,1,CDU-protocol-fast-v1,complementary_alpha_2
401_UCR_id_99_HumanActivity_tr_1671_1st_5920.csv,UCR,complementary_alpha_2,UCR,0.1300043679490801,0.1193934825873274,0.1194945410421001,0.1083228798812677,0.0106108853617526,0.01050982690698,0.0216814880678123,0.0110706027060596,0.1,0.1,0.1,6684,59,CDU-protocol-fast-v1,complementary_alpha_2
405_UCR_id_103_Sensor_tr_2827_1st_5988.csv,UCR,complementary_alpha_2,UCR,0.1290423412004535,0.1247824993521574,0.1188574199521295,0.1116317435584536,0.004259841848296,0.0101849212483239,0.0174105976419998,0.0131507557937037,0.1,0.1,0.1,11308,97,CDU-protocol-fast-v1,complementary_alpha_2
406_UCR_id_104_Facility_tr_20000_1st_67950.csv,UCR,complementary_alpha_2,UCR,0.1079787312979927,0.1094411026475816,0.1124594515238531,0.1077028683007676,-0.0014623713495889,-0.0044807202258604,0.000275862997225,0.0017382343468139,0.1,0.1,0.1,80000,250,CDU-protocol-fast-v1,complementary_alpha_2
411_UCR_id_109_Environment_tr_2046_1st_4852.csv,UCR,complementary_alpha_2,UCR,0.1185630840489511,0.1240104231602162,0.1194870955879776,0.1187654191525769,-0.005447339111265,-0.0009240115390264,-0.0002023351036258,0.0052450040076392,0.1,0.1,0.1,8184,48,CDU-protocol-fast-v1,complementary_alpha_2
415_UCR_id_113_Medical_tr_3000_1st_8612.csv,UCR,complementary_alpha_2,UCR,0.1293848472540334,0.1267073059284675,0.1183522793939424,0.1125124653149025,0.0026775413255659,0.0110325678600909,0.0168723819391308,0.0141948406135649,0.1,0.1,0.1,12000,104,CDU-protocol-fast-v1,complementary_alpha_2
417_UCR_id_115_Sensor_tr_2750_1st_5400.csv,UCR,complementary_alpha_2,UCR,0.1661395726686433,0.1608358609505415,0.1388297695384934,0.1318798633345911,0.0053037117181017,0.0273098031301498,0.0342597093340522,0.0289559976159504,0.1,0.1,0.1,11000,200,CDU-protocol-fast-v1,complementary_alpha_2
419_UCR_id_117_Facility_tr_3000_1st_6168.csv,UCR,complementary_alpha_2,UCR,0.1100710584215155,0.1124714480144066,0.1114161479566505,0.107013056730123,-0.0024003895928911,-0.001345089535135,0.0030580016913924,0.0054583912842835,0.1,0.1,0.1,12000,44,CDU-protocol-fast-v1,complementary_alpha_2
420_UCR_id_118_Facility_tr_13750_1st_52600.csv,UCR,complementary_alpha_2,UCR,0.1099540051558639,0.0972937176125173,0.1123955110127661,0.0998409669771687,0.0126602875433465,-0.0024415058569022,0.0101130381786952,-0.0025472493646513,0.1,0.1,0.1,55000,200,CDU-protocol-fast-v1,complementary_alpha_2
421_UCR_id_119_HumanActivity_tr_48750_1st_130700.csv,UCR,complementary_alpha_2,UCR,0.1192822500185625,0.1254996965721977,0.1156709284577203,0.1136502617409499,-0.0062174465536351,0.0036113215608421,0.0056319882776126,0.0118494348312477,0.1,0.1,0.1,195000,1180,CDU-protocol-fast-v1,complementary_alpha_2
426_UCR_id_124_Sensor_tr_2827_1st_4711.csv,UCR,complementary_alpha_2,UCR,0.1293839363336781,0.1321180934816139,0.1188683454682041,0.1172398826477206,-0.0027341571479358,0.0105155908654739,0.0121440536859574,0.0148782108338932,0.1,0.1,0.1,11308,98,CDU-protocol-fast-v1,complementary_alpha_2
430_UCR_id_128_HumanActivity_tr_12500_1st_46500.csv,UCR,complementary_alpha_2,UCR,0.1190841598766905,0.1121757640096573,0.1155870252949155,0.1069707724477107,0.0069083958670332,0.0034971345817749,0.0121133874289797,0.0052049915619465,0.1,0.1,0.1,50000,300,CDU-protocol-fast-v1,complementary_alpha_2
432_UCR_id_130_Facility_tr_23000_1st_26970.csv,UCR,complementary_alpha_2,UCR,0.1085035625162677,0.1028047953014382,0.1122058106943065,0.1043063002646951,0.0056987672148294,-0.0037022481780388,0.0041972622515725,-0.0015015049632569,0.1,0.1,0.1,92000,300,CDU-protocol-fast-v1,complementary_alpha_2
436_UCR_id_134_Medical_tr_1875_1st_4526.csv,UCR,complementary_alpha_2,UCR,0.1113565844808563,0.1104582342207061,0.1126910152457002,0.1070443202749822,0.0008983502601501,-0.0013344307648439,0.004312264205874,0.0034139139457238,0.1,0.1,0.1,7501,30,CDU-protocol-fast-v1,complementary_alpha_2
437_UCR_id_135_Medical_tr_2499_1st_8000.csv,UCR,complementary_alpha_2,UCR,0.1055664394591643,0.1078479284693596,0.1110623816425169,0.1099226937532379,-0.0022814890101953,-0.0054959421833526,-0.0043562542940736,-0.0020747652838783,0.1,0.1,0.1,9998,25,CDU-protocol-fast-v1,complementary_alpha_2
439_UCR_id_137_HumanActivity_tr_48750_1st_110800.csv,UCR,complementary_alpha_2,UCR,0.0959274222918562,0.1013864875275362,0.1074970639407295,0.1048718269465375,-0.00545906523568,-0.0115696416488732,-0.0089444046546813,-0.0034853394190013,0.1,0.1,0.1,195000,1,CDU-protocol-fast-v1,complementary_alpha_2
445_UCR_id_143_Environment_tr_6166_1st_19280.csv,UCR,complementary_alpha_2,UCR,0.1209630007443481,0.1093531037103283,0.1157742709433501,0.1038840162753548,0.0116098970340197,0.0051887298009979,0.0170789844689932,0.0054690874349734,0.1,0.1,0.1,24667,160,CDU-protocol-fast-v1,complementary_alpha_2
449_UCR_id_147_Sensor_tr_2847_1st_9330.csv,UCR,complementary_alpha_2,UCR,0.0992995677617782,0.0966774425345316,0.1086944438604444,0.1032570616484833,0.0026221252272465,-0.0093948760986662,-0.0039574938867051,-0.0065796191139517,0.1,0.1,0.1,11388,10,CDU-protocol-fast-v1,complementary_alpha_2
452_UCR_id_150_Facility_tr_10000_1st_35774.csv,UCR,complementary_alpha_2,UCR,0.105564507693928,0.101140679958303,0.1107346966500368,0.1039722910375722,0.0044238277356249,-0.0051701889561088,0.0015922166563557,-0.0028316110792692,0.1,0.1,0.1,40000,100,CDU-protocol-fast-v1,complementary_alpha_2
459_UCR_id_157_HumanActivity_tr_50000_1st_110260.csv,UCR,complementary_alpha_2,UCR,0.0988433091802118,0.1179875297797118,0.1083271583960547,0.1137126199233397,-0.0191442205995,-0.0094838492158429,-0.0148693107431279,0.004274909856372,0.1,0.1,0.1,200000,152,CDU-protocol-fast-v1,complementary_alpha_2
463_UCR_id_161_Environment_tr_2046_1st_6006.csv,UCR,complementary_alpha_2,UCR,0.1185630840489511,0.1196583708489805,0.1151493096782339,0.1125951702496027,-0.0010952868000293,0.0034137743707171,0.0059679137993483,0.0070632005993777,0.1,0.1,0.1,8184,48,CDU-protocol-fast-v1,complementary_alpha_2
467_UCR_id_165_Environment_tr_6166_1st_19280.csv,UCR,complementary_alpha_2,UCR,0.1209630007443481,0.1116393572166555,0.1180373892328161,0.1067409384498593,0.0093236435276926,0.0029256115115319,0.0142220622944887,0.0048984187667961,0.1,0.1,0.1,24667,160,CDU-protocol-fast-v1,complementary_alpha_2
471_UCR_id_169_Facility_tr_10000_1st_35774.csv,UCR,complementary_alpha_2,UCR,0.105564507693928,0.1043751544922921,0.1106460865734028,0.1059180043375082,0.0011893532016359,-0.0050815788794748,-0.0003534966435802,-0.0015428498452161,0.1,0.1,0.1,40000,100,CDU-protocol-fast-v1,complementary_alpha_2
473_UCR_id_171_HumanActivity_tr_2617_1st_7290.csv,UCR,complementary_alpha_2,UCR,0.0981216509734105,0.1009039544452113,0.1084791676365138,0.1062610960066664,-0.0027823034718008,-0.0103575166631033,-0.0081394450332559,-0.0053571415614551,0.1,0.1,0.1,10468,6,CDU-protocol-fast-v1,complementary_alpha_2
474_UCR_id_172_Environment_tr_2046_1st_6520.csv,UCR,complementary_alpha_2,UCR,0.10723534866331,0.1103791402818818,0.1107870659293147,0.1086549776574761,-0.0031437916185717,-0.0035517172660047,-0.0014196289941661,0.0017241626244056,0.1,0.1,0.1,8184,24,CDU-protocol-fast-v1,complementary_alpha_2
493_UCR_id_191_Sensor_tr_2847_1st_9330.csv,UCR,complementary_alpha_2,UCR,0.0992995677617782,0.0951077209347968,0.1089373818179947,0.1021314686442063,0.0041918468269813,-0.0096378140562165,-0.0028319008824281,-0.0070237477094095,0.1,0.1,0.1,11388,10,CDU-protocol-fast-v1,complementary_alpha_2
494_UCR_id_192_Facility_tr_22500_1st_72150.csv,UCR,complementary_alpha_2,UCR,0.1107148513825994,0.1176258723324208,0.1131994932992322,0.1130004803293275,-0.0069110209498214,-0.0024846419166328,-0.0022856289467281,0.0046253920030932,0.1,0.1,0.1,90000,345,CDU-protocol-fast-v1,complementary_alpha_2
495_UCR_id_193_Environment_tr_2046_1st_6520.csv,UCR,complementary_alpha_2,UCR,0.10723534866331,0.109465303789644,0.1112658144700084,0.1084380930385178,-0.002229955126334,-0.0040304658066984,-0.0012027443752078,0.0010272107511261,0.1,0.1,0.1,8184,24,CDU-protocol-fast-v1,complementary_alpha_2
496_UCR_id_194_Environment_tr_2046_1st_5391.csv,UCR,complementary_alpha_2,UCR,0.0963796022520707,0.0954090603423968,0.1075507147958164,0.1027095209292623,0.0009705419096739,-0.0111711125437457,-0.0063299186771915,-0.0073004605868655,0.1,0.1,0.1,8184,1,CDU-protocol-fast-v1,complementary_alpha_2
499_UCR_id_197_Environment_tr_2046_1st_5703.csv,UCR,complementary_alpha_2,UCR,0.10723534866331,0.1103768919333269,0.1103039399556568,0.1091639431191771,-0.0031415432700169,-0.0030685912923468,-0.0019285944558671,0.0012129488141497,0.1,0.1,0.1,8184,24,CDU-protocol-fast-v1,complementary_alpha_2
500_UCR_id_198_Facility_tr_7482_1st_23357.csv,UCR,complementary_alpha_2,UCR,0.1423675643632088,0.1708549424138867,0.1262832370492624,0.1430990139585519,-0.0284873780506779,0.0160843273139463,-0.0007314495953431,0.0277559284553347,0.1,0.1,0.1,29931,360,CDU-protocol-fast-v1,complementary_alpha_2
504_UCR_id_202_Environment_tr_2046_1st_5549.csv,UCR,complementary_alpha_2,UCR,0.118563084048951,0.1144266189270847,0.1157496352474613,0.1099350381547346,0.0041364651218663,0.0028134488014896,0.0086280458942163,0.00449158077235,0.1,0.1,0.1,8184,48,CDU-protocol-fast-v1,complementary_alpha_2
506_UCR_id_204_Environment_tr_2046_1st_5549.csv,UCR,complementary_alpha_2,UCR,0.118563084048951,0.1137205390491078,0.1148034802682886,0.1073604858229071,0.0048425449998431,0.0037596037806623,0.0112025982260439,0.0063600532262007,0.1,0.1,0.1,8184,48,CDU-protocol-fast-v1,complementary_alpha_2
516_UCR_id_214_HumanActivity_tr_2108_1st_4702.csv,UCR,complementary_alpha_2,UCR,0.0981981480063832,0.1015336485251135,0.1078742553811756,0.1047511697574488,-0.0033355005187303,-0.0096761073747924,-0.0065530217510656,-0.0032175212323353,0.1,0.1,0.1,8432,5,CDU-protocol-fast-v1,complementary_alpha_2
517_UCR_id_215_Facility_tr_7482_1st_24005.csv,UCR,complementary_alpha_2,UCR,0.105199603494777,0.1094371610742333,0.1107969099936165,0.1089195570520376,-0.0042375575794563,-0.0055973064988395,-0.0037199535572606,0.0005176040221956,0.1,0.1,0.1,29931,72,CDU-protocol-fast-v1,complementary_alpha_2
525_UCR_id_223_Facility_tr_50000_1st_250720.csv,UCR,complementary_alpha_2,UCR,0.1042827843915398,0.1054694677639835,0.1104084564967093,0.1054288787784945,-0.0011866833724436,-0.0061256721051695,-0.0011460943869547,4.058898548894852e-05,0.1,0.1,0.1,299790,650,CDU-protocol-fast-v1,complementary_alpha_2
526_UCR_id_224_Sensor_tr_2827_1st_4711.csv,UCR,complementary_alpha_2,UCR,0.1293839363336781,0.1379882863957977,0.1178870683691802,0.1205114280045518,-0.0086043500621195,0.0114968679644978,0.0088725083291262,0.0174768583912457,0.1,0.1,0.1,11308,98,CDU-protocol-fast-v1,complementary_alpha_2
530_UCR_id_228_HumanActivity_tr_16250_1st_38500.csv,UCR,complementary_alpha_2,UCR,0.1137357260461471,0.1075878731359734,0.1130789582137359,0.1049957966665282,0.0061478529101736,0.0006567678324111,0.0087399293796188,0.0025920764694451,0.1,0.1,0.1,65000,300,CDU-protocol-fast-v1,complementary_alpha_2
531_SMAP_id_1_Sensor_tr_1811_1st_4510.csv,SMAP,complementary_alpha_2,SMAP,0.1377220089982345,0.135305076146723,0.1227415626973021,0.1152786354648798,0.0024169328515115,0.0149804463009323,0.0224433735333546,0.0200264406818431,0.1,0.1,0.1,7244,81,CDU-protocol-fast-v1,complementary_alpha_2
532_SMAP_id_2_Sensor_tr_2075_1st_5550.csv,SMAP,complementary_alpha_2,SMAP,0.2586579717482491,0.2427579628868421,0.176726332206938,0.1656212803935695,0.015900008861407,0.0819316395413111,0.0930366913546796,0.0771366824932726,0.1,0.1,0.1,8302,351,CDU-protocol-fast-v1,complementary_alpha_2
533_SMAP_id_3_Sensor_tr_2052_1st_5300.csv,SMAP,complementary_alpha_2,SMAP,0.6253025617499648,0.4043252835730163,0.39869527131692,0.2631507876155072,0.2209772781769485,0.2266072904330447,0.3621517741344576,0.141174495957509,0.1,0.1,0.1,8209,1121,CDU-protocol-fast-v1,complementary_alpha_2
534_SMAP_id_4_Sensor_tr_1968_1st_4370.csv,SMAP,complementary_alpha_2,SMAP,0.1194258253104484,0.1202021127281363,0.115102128911561,0.1099723380313261,-0.0007762874176878,0.0043236963988873,0.0094534872791222,0.0102297746968101,0.1,0.1,0.1,7874,51,CDU-protocol-fast-v1,complementary_alpha_2
536_SMAP_id_6_Sensor_tr_2160_1st_5600.csv,SMAP,complementary_alpha_2,SMAP,0.1396981700018532,0.12668589887794,0.1233681010570664,0.1133743952163473,0.0130122711239132,0.0163300689447867,0.0263237747855058,0.0133115036615926,0.1,0.1,0.1,8640,101,CDU-protocol-fast-v1,complementary_alpha_2
537_SMAP_id_7_Sensor_tr_2077_1st_5394.csv,SMAP,complementary_alpha_2,SMAP,0.2257407489654368,0.1726738543664138,0.1636369087836956,0.1296742588386625,0.053066894599023,0.0621038401817411,0.0960664901267742,0.0429995955277512,0.1,0.1,0.1,8310,281,CDU-protocol-fast-v1,complementary_alpha_2
538_SMAP_id_8_Sensor_tr_2007_1st_3650.csv,SMAP,complementary_alpha_2,SMAP,0.2240464097040339,0.1881823626861062,0.1591262530459505,0.135330122678576,0.0358640470179277,0.0649201566580833,0.0887162870254578,0.0528522400075301,0.1,0.1,0.1,8029,268,CDU-protocol-fast-v1,complementary_alpha_2
539_SMAP_id_9_Sensor_tr_1857_1st_4270.csv,SMAP,complementary_alpha_2,SMAP,0.1261608779249332,0.1196230614268964,0.1171109155821096,0.1069327008460486,0.0065378164980367,0.0090499623428235,0.0192281770788845,0.0126903605808477,0.1,0.1,0.1,7431,61,CDU-protocol-fast-v1,complementary_alpha_2
540_SMAP_id_10_Sensor_tr_2051_1st_4575.csv,SMAP,complementary_alpha_2,SMAP,0.182396117271583,0.1848312881502736,0.140878348804105,0.1388331087151594,-0.0024351708786906,0.0415177684674779,0.0435630085564235,0.0459981794351141,0.1,0.1,0.1,8205,186,CDU-protocol-fast-v1,complementary_alpha_2
541_SMAP_id_11_Sensor_tr_1832_1st_5300.csv,SMAP,complementary_alpha_2,SMAP,0.3318923522564446,0.3198631523368086,0.2081048598602727,0.1994242326024204,0.0120291999196359,0.1237874923961718,0.1324681196540241,0.1204389197343881,0.1,0.1,0.1,7331,448,CDU-protocol-fast-v1,complementary_alpha_2
542_SMAP_id_12_Sensor_tr_1908_1st_4690.csv,SMAP,complementary_alpha_2,SMAP,0.1100333486114171,0.1130300243989219,0.1108697400802883,0.1081836636399854,-0.0029966757875048,-0.0008363914688712,0.0018496849714316,0.0048463607589364,0.1,0.1,0.1,7632,31,CDU-protocol-fast-v1,complementary_alpha_2
544_SMAP_id_14_Sensor_tr_1978_1st_4450.csv,SMAP,complementary_alpha_2,SMAP,0.1487826190130445,0.1730303253664884,0.1291464250845072,0.1439048818498814,-0.0242477063534439,0.0196361939285373,0.004877737163163,0.0291254435166069,0.1,0.1,0.1,7914,111,CDU-protocol-fast-v1,complementary_alpha_2
545_SMAP_id_15_Sensor_tr_1173_1st_2750.csv,SMAP,complementary_alpha_2,SMAP,0.1364992500618687,0.1211535084048017,0.1220261021028052,0.110884734619183,0.0153457416570669,0.0144731479590634,0.0256145154426856,0.0102687737856186,0.1,0.1,0.1,4693,51,CDU-protocol-fast-v1,complementary_alpha_2
546_SMAP_id_16_Sensor_tr_2117_1st_4770.csv,SMAP,complementary_alpha_2,SMAP,0.1498000626397371,0.1614007173179638,0.1244996089831316,0.1269687426641005,-0.0116006546782266,0.0253004536566054,0.0228313199756365,0.0344319746538632,0.1,0.1,0.1,8469,121,CDU-protocol-fast-v1,complementary_alpha_2
547_SMAP_id_17_Sensor_tr_2133_1st_5400.csv,SMAP,complementary_alpha_2,SMAP,0.3782053894169124,0.3274853848874426,0.2383515965473651,0.201500750567686,0.0507200045294697,0.1398537928695473,0.1767046388492263,0.1259846343197566,0.1,0.1,0.1,8532,623,CDU-protocol-fast-v1,complementary_alpha_2
548_SMAP_id_18_Sensor_tr_2094_1st_5600.csv,SMAP,complementary_alpha_2,SMAP,0.1132732088639916,0.1077337556223167,0.1119971954561415,0.1046953090727567,0.0055394532416749,0.00127601340785,0.0085778997912348,0.0030384465495599,0.1,0.1,0.1,8376,41,CDU-protocol-fast-v1,complementary_alpha_2
549_SMAP_id_19_Sensor_tr_1998_1st_2098.csv,SMAP,complementary_alpha_2,SMAP,0.1776462153288513,0.1683522664057888,0.1353569589149179,0.1263363610536288,0.0092939489230625,0.0422892564139333,0.0513098542752224,0.0420159053521599,0.1,0.1,0.1,8579,184,CDU-protocol-fast-v1,complementary_alpha_2
550_SWaT_id_1_Sensor_tr_43700_1st_43800.csv,SWaT,complementary_alpha_2,SWaT,0.5695013226659786,0.8095299149614791,0.3615451302785271,0.5433825344914041,-0.2400285922955004,0.2079561923874515,0.0261187881745745,0.266147380470075,0.1,0.1,0.1,419919,50653,CDU-protocol-fast-v1,complementary_alpha_2
551_YAHOO_id_1_Synthetic_tr_500_1st_893.csv,YAHOO,complementary_alpha_2,YAHOO,0.0983326645536459,0.0955986661182077,0.1082359510951164,0.0980160194065819,0.0027339984354381,-0.0099032865414705,0.0003166451470639,-0.0024173532883742,0.1,0.1,0.1,1421,1,CDU-protocol-fast-v1,complementary_alpha_2
552_YAHOO_id_2_Synthetic_tr_500_1st_893.csv,YAHOO,complementary_alpha_2,YAHOO,0.0983326645536459,0.0955913527988841,0.1126953128905302,0.1053769140915547,0.0027413117547617,-0.0143626483368843,-0.0070442495379088,-0.0097855612926706,0.1,0.1,0.1,1421,1,CDU-protocol-fast-v1,complementary_alpha_2
555_YAHOO_id_5_WebService_tr_500_1st_730.csv,YAHOO,complementary_alpha_2,YAHOO,0.1048191137585639,0.0979295190684634,0.1104460158677608,0.1057813849918292,0.0068895946901005,-0.0056269021091969,-0.0009622712332653,-0.0078518659233658,0.1,0.1,0.1,1680,4,CDU-protocol-fast-v1,complementary_alpha_2
558_YAHOO_id_8_WebService_tr_500_1st_1125.csv,YAHOO,complementary_alpha_2,YAHOO,0.3124225835287523,0.411183101721512,0.222502724467548,0.2879080560236215,-0.0987605181927597,0.0899198590612042,0.0245145275051307,0.1232750456978905,0.1,0.1,0.1,1427,80,CDU-protocol-fast-v1,complementary_alpha_2
562_YAHOO_id_12_Synthetic_tr_500_1st_893.csv,YAHOO,complementary_alpha_2,YAHOO,0.0983326645536459,0.0924456409963272,0.1085134223340706,0.1016618178815875,0.0058870235573186,-0.0101807577804247,-0.0033291533279416,-0.0092161768852603,0.1,0.1,0.1,1421,1,CDU-protocol-fast-v1,complementary_alpha_2
570_YAHOO_id_20_Synthetic_tr_500_1st_658.csv,YAHOO,complementary_alpha_2,YAHOO,0.1064974257906056,0.1008862420452337,0.108968770418156,0.1004500206583106,0.0056111837453718,-0.0024713446275504,0.006047405132295,0.0004362213869231,0.1,0.1,0.1,1421,4,CDU-protocol-fast-v1,complementary_alpha_2
571_YAHOO_id_21_Synthetic_tr_500_1st_623.csv,YAHOO,complementary_alpha_2,YAHOO,0.1201053611855383,0.1057482784774065,0.1195118557678635,0.1057471911410515,0.0143570827081317,0.0005935054176747,0.0143581700444867,1.087336354996249e-06,0.1,0.1,0.1,1421,9,CDU-protocol-fast-v1,complementary_alpha_2
579_YAHOO_id_29_WebService_tr_500_1st_1342.csv,YAHOO,complementary_alpha_2,YAHOO,0.0979130865456355,0.0914970985013801,0.1079377540330509,0.100399149225813,0.0064159880442554,-0.0100246674874154,-0.0024860626801775,-0.0089020507244329,0.1,0.1,0.1,1680,1,CDU-protocol-fast-v1,complementary_alpha_2
603_YAHOO_id_53_Synthetic_tr_500_1st_893.csv,YAHOO,complementary_alpha_2,YAHOO,0.0983326645536459,0.0976889505675179,0.1075488785498544,0.1052930027492138,0.0006437139861279,-0.0092162139962085,-0.0069603381955679,-0.0076040521816959,0.1,0.1,0.1,1421,1,CDU-protocol-fast-v1,complementary_alpha_2
644_YAHOO_id_94_WebService_tr_500_1st_1078.csv,YAHOO,complementary_alpha_2,YAHOO,0.2977387032189041,0.3796034061455574,0.174208833899947,0.2262873452160655,-0.0818647029266532,0.123529869318957,0.0714513580028386,0.1533160609294918,0.1,0.1,0.1,1435,75,CDU-protocol-fast-v1,complementary_alpha_2
645_YAHOO_id_95_WebService_tr_500_1st_1047.csv,YAHOO,complementary_alpha_2,YAHOO,0.0979130865456355,0.0897913580715925,0.1080937283879648,0.0992328735337448,0.008121728474043,-0.0101806418423293,-0.0013197869881093,-0.0094415154621523,0.1,0.1,0.1,1680,1,CDU-protocol-fast-v1,complementary_alpha_2
649_YAHOO_id_99_WebService_tr_500_1st_1386.csv,YAHOO,complementary_alpha_2,YAHOO,0.0979130865456355,0.0937424040205588,0.1073233105942097,0.0997028438081032,0.0041706825250766,-0.0094102240485742,-0.0017897572624677,-0.0059604397875444,0.1,0.1,0.1,1680,1,CDU-protocol-fast-v1,complementary_alpha_2
657_YAHOO_id_107_WebService_tr_500_1st_1260.csv,YAHOO,complementary_alpha_2,YAHOO,0.0982967547241315,0.0967903479376156,0.108628165916698,0.1010479613131588,0.0015064067865159,-0.0103314111925665,-0.0027512065890273,-0.0042576133755432,0.1,0.1,0.1,1440,1,CDU-protocol-fast-v1,complementary_alpha_2
658_YAHOO_id_108_Synthetic_tr_500_1st_893.csv,YAHOO,complementary_alpha_2,YAHOO,0.0983326645536459,0.0880665487412777,0.1087710741188772,0.0961738623078442,0.0102661158123681,-0.0104384095652313,0.0021588022458016,-0.0081073135665665,0.1,0.1,0.1,1421,1,CDU-protocol-fast-v1,complementary_alpha_2
672_YAHOO_id_122_WebService_tr_500_1st_857.csv,YAHOO,complementary_alpha_2,YAHOO,0.0979130865456355,0.0983346713932742,0.1074036611485477,0.1040795951082604,-0.0004215848476386,-0.0094905746029121,-0.0061665085626249,-0.0057449237149862,0.1,0.1,0.1,1680,1,CDU-protocol-fast-v1,complementary_alpha_2
680_YAHOO_id_130_Synthetic_tr_500_1st_893.csv,YAHOO,complementary_alpha_2,YAHOO,0.0983326645536459,0.1001830517148691,0.1083284411350642,0.1045962745177818,-0.0018503871612232,-0.0099957765814183,-0.0062636099641359,-0.0044132228029127,0.1,0.1,0.1,1421,1,CDU-protocol-fast-v1,complementary_alpha_2
689_YAHOO_id_139_WebService_tr_500_1st_1073.csv,YAHOO,complementary_alpha_2,YAHOO,0.0979130865456355,0.0957656139326319,0.1076069002013376,0.1021898993471662,0.0021474726130036,-0.0096938136557021,-0.0042768128015307,-0.0064242854145343,0.1,0.1,0.1,1680,1,CDU-protocol-fast-v1,complementary_alpha_2
693_YAHOO_id_143_WebService_tr_500_1st_1003.csv,YAHOO,complementary_alpha_2,YAHOO,0.1010313651260117,0.0918877607419639,0.1095320375106923,0.1014062698866718,0.0091436043840477,-0.0085006723846806,-0.0003749047606601,-0.0095185091447079,0.1,0.1,0.1,1427,2,CDU-protocol-fast-v1,complementary_alpha_2
701_YAHOO_id_151_Synthetic_tr_500_1st_893.csv,YAHOO,complementary_alpha_2,YAHOO,0.0983326645536459,0.0909503657521677,0.1075092402011148,0.0992978191018548,0.0073822988014781,-0.0091765756474689,-0.0009651545482089,-0.0083474533496871,0.1,0.1,0.1,1421,1,CDU-protocol-fast-v1,complementary_alpha_2
723_YAHOO_id_173_WebService_tr_500_1st_1214.csv,YAHOO,complementary_alpha_2,YAHOO,0.1010580848538705,0.1031989026030144,0.1078996229736218,0.1090761990316703,-0.0021408177491439,-0.0068415381197513,-0.0080181141777998,-0.0058772964286559,0.1,0.1,0.1,1420,2,CDU-protocol-fast-v1,complementary_alpha_2
724_YAHOO_id_174_WebService_tr_500_1st_1030.csv,YAHOO,complementary_alpha_2,YAHOO,0.10712112282954,0.0964034489434117,0.1090937393675288,0.0975189839857463,0.0107176738861283,-0.0019726165379888,0.0096021388437936,-0.0011155350423346,0.1,0.1,0.1,1680,5,CDU-protocol-fast-v1,complementary_alpha_2
734_YAHOO_id_184_WebService_tr_500_1st_768.csv,YAHOO,complementary_alpha_2,YAHOO,0.7121097988984328,0.4845239900791141,0.4376370637846657,0.2991012024007786,0.2275858088193187,0.2744727351137671,0.4130085964976542,0.1854227876783355,0.1,0.1,0.1,1424,227,CDU-protocol-fast-v1,complementary_alpha_2
741_YAHOO_id_191_WebService_tr_500_1st_1114.csv,YAHOO,complementary_alpha_2,YAHOO,0.1002150956166116,0.0898240997735813,0.1088069268522224,0.0989969521996795,0.0103909958430302,-0.0085918312356108,0.001218143416932,-0.0091728524260982,0.1,0.1,0.1,1680,2,CDU-protocol-fast-v1,complementary_alpha_2
755_YAHOO_id_205_Synthetic_tr_500_1st_893.csv,YAHOO,complementary_alpha_2,YAHOO,0.0983326645536459,0.0962903378989297,0.1089362358637362,0.1068811996022592,0.0020423266547161,-0.0106035713100903,-0.0085485350486133,-0.0105908617033295,0.1,0.1,0.1,1421,1,CDU-protocol-fast-v1,complementary_alpha_2
762_YAHOO_id_212_WebService_tr_500_1st_1055.csv,YAHOO,complementary_alpha_2,YAHOO,0.1002150956166116,0.1099210290942436,0.1121532803826778,0.1072541787605679,-0.009705933477632,-0.0119381847660662,-0.0070390831439563,0.0026668503336756,0.1,0.1,0.1,1680,2,CDU-protocol-fast-v1,complementary_alpha_2
780_YAHOO_id_230_Synthetic_tr_500_1st_893.csv,YAHOO,complementary_alpha_2,YAHOO,0.0983326645536459,0.0934989980731053,0.1073969301474641,0.0994450393533356,0.0048336664805405,-0.0090642655938182,-0.0011123747996897,-0.0059460412802303,0.1,0.1,0.1,1421,1,CDU-protocol-fast-v1,complementary_alpha_2
788_YAHOO_id_238_WebService_tr_500_1st_973.csv,YAHOO,complementary_alpha_2,YAHOO,0.0979130865456355,0.0966041045957172,0.1074272934974857,0.1015142713435499,0.0013089819499183,-0.0095142069518501,-0.0036011847979144,-0.0049101667478327,0.1,0.1,0.1,1680,1,CDU-protocol-fast-v1,complementary_alpha_2
797_YAHOO_id_247_Synthetic_tr_500_1st_893.csv,YAHOO,complementary_alpha_2,YAHOO,0.0983326645536459,0.0948550639554532,0.1079386598424593,0.1005197946666606,0.0034776005981926,-0.0096059952888134,-0.0021871301130147,-0.0056647307112074,0.1,0.1,0.1,1421,1,CDU-protocol-fast-v1,complementary_alpha_2
806_YAHOO_id_256_Synthetic_tr_500_1st_893.csv,YAHOO,complementary_alpha_2,YAHOO,0.0983326645536459,0.1071664767249786,0.1075290596552623,0.1092459991044676,-0.0088338121713327,-0.0091963951016164,-0.0109133345508217,-0.002079522379489,0.1,0.1,0.1,1421,1,CDU-protocol-fast-v1,complementary_alpha_2
807_YAHOO_id_257_WebService_tr_500_1st_1210.csv,YAHOO,complementary_alpha_2,YAHOO,0.1417805852464838,0.1301972019891372,0.1254000748617523,0.1109573228433159,0.0115833832573465,0.0163805103847314,0.0308232624031678,0.0192398791458212,0.1,0.1,0.1,1424,17,CDU-protocol-fast-v1,complementary_alpha_2
810_Exathlon_id_1_Facility_tr_10766_1st_12590.csv,Exathlon,complementary_alpha_2,Exathlon,0.5910589381462512,0.6594060583860757,0.3791355085847238,0.4331390372952687,-0.0683471202398244,0.2119234295615273,0.1579199008509824,0.2262670210908069,0.1,0.1,0.1,43066,5437,CDU-protocol-fast-v1,complementary_alpha_2
811_Exathlon_id_2_Facility_tr_10766_1st_12590.csv,Exathlon,complementary_alpha_2,Exathlon,0.5910589381462512,0.515289659163302,0.3767604648442166,0.3354308692748867,0.0757692789829491,0.2142984733020346,0.2556280688713644,0.1798587898884153,0.1,0.1,0.1,43066,5437,CDU-protocol-fast-v1,complementary_alpha_2
812_Exathlon_id_3_Facility_tr_10766_1st_12590.csv,Exathlon,complementary_alpha_2,Exathlon,0.5910589381462512,0.3949622386184044,0.3763837589483939,0.253313495160763,0.1960966995278468,0.2146751791978573,0.3377454429854882,0.1416487434576414,0.1,0.1,0.1,43066,5437,CDU-protocol-fast-v1,complementary_alpha_2
814_Exathlon_id_5_Facility_tr_10766_1st_12590.csv,Exathlon,complementary_alpha_2,Exathlon,0.5910589381462512,0.515289659163302,0.3811982076794001,0.3400104853103992,0.0757692789829491,0.209860730466851,0.251048452835852,0.1752791738529028,0.1,0.1,0.1,43066,5437,CDU-protocol-fast-v1,complementary_alpha_2
815_Exathlon_id_6_Facility_tr_10766_1st_12590.csv,Exathlon,complementary_alpha_2,Exathlon,0.5910589381462512,0.3949622386184044,0.3792941650885661,0.2561656130095112,0.1960966995278468,0.2117647730576851,0.3348933251367399,0.1387966256088931,0.1,0.1,0.1,43066,5437,CDU-protocol-fast-v1,complementary_alpha_2
816_Exathlon_id_7_Facility_tr_10766_1st_12590.csv,Exathlon,complementary_alpha_2,Exathlon,0.5910589381462512,0.447824080505201,0.3809447661682729,0.2915002006824893,0.1432348576410502,0.2101141719779782,0.2995587374637619,0.1563238798227117,0.1,0.1,0.1,43066,5437,CDU-protocol-fast-v1,complementary_alpha_2
817_Exathlon_id_8_Facility_tr_10766_1st_12590.csv,Exathlon,complementary_alpha_2,Exathlon,0.5910589381462512,0.5907887612902277,0.3722172255815448,0.3800762623232331,0.0002701768560234,0.2188417125647064,0.2109826758230181,0.2107124989669946,0.1,0.1,0.1,43066,5437,CDU-protocol-fast-v1,complementary_alpha_2
818_Exathlon_id_9_Facility_tr_11665_1st_13484.csv,Exathlon,complementary_alpha_2,Exathlon,0.3383966554327336,0.2336089939081875,0.2148781623475254,0.1513342559372221,0.1047876615245461,0.1235184930852081,0.1870623994955114,0.0822747379709653,0.1,0.1,0.1,46660,2928,CDU-protocol-fast-v1,complementary_alpha_2
819_Exathlon_id_10_Facility_tr_10766_1st_12590.csv,Exathlon,complementary_alpha_2,Exathlon,0.5910589381462512,0.4387458545297075,0.3781578878130435,0.2844191138501313,0.1523130836165437,0.2129010503332077,0.3066398242961198,0.1543267406795761,0.1,0.1,0.1,43066,5437,CDU-protocol-fast-v1,complementary_alpha_2
820_Exathlon_id_11_Facility_tr_11665_1st_13484.csv,Exathlon,complementary_alpha_2,Exathlon,0.3383966554327336,0.2856122646634518,0.2148324282090131,0.1839922303391824,0.0527843907692818,0.1235642272237204,0.1544044250935512,0.1016200343242693,0.1,0.1,0.1,46660,2928,CDU-protocol-fast-v1,complementary_alpha_2
821_Exathlon_id_12_Facility_tr_6985_1st_7085.csv,Exathlon,complementary_alpha_2,Exathlon,0.5029142696878764,0.4050369672810656,0.3139757834227645,0.2515347517076415,0.0978773024068108,0.1889384862651119,0.2513795179802349,0.153502215573424,0.1,0.1,0.1,46649,4856,CDU-protocol-fast-v1,complementary_alpha_2
822_Exathlon_id_13_Facility_tr_10766_1st_12590.csv,Exathlon,complementary_alpha_2,Exathlon,0.5910589381462512,0.5907887612902277,0.3778698808873269,0.3849153033325299,0.0002701768560234,0.2131890572589242,0.2061436348137212,0.2058734579576978,0.1,0.1,0.1,43066,5437,CDU-protocol-fast-v1,complementary_alpha_2
823_Exathlon_id_14_Facility_tr_10766_1st_12590.csv,Exathlon,complementary_alpha_2,Exathlon,0.5910589381462512,0.4417425956896094,0.37615362848834,0.2857707298955127,0.1493163424566418,0.2149053096579112,0.3052882082507385,0.1559718657940966,0.1,0.1,0.1,43066,5437,CDU-protocol-fast-v1,complementary_alpha_2
824_Exathlon_id_15_Facility_tr_10766_1st_12590.csv,Exathlon,complementary_alpha_2,Exathlon,0.5910589381462512,0.4367697206179154,0.3764392402885373,0.2752780893020967,0.1542892175283358,0.2146196978577138,0.3157808488441545,0.1614916313158187,0.1,0.1,0.1,43066,5437,CDU-protocol-fast-v1,complementary_alpha_2
826_Exathlon_id_17_Facility_tr_11665_1st_13484.csv,Exathlon,complementary_alpha_2,Exathlon,0.3383966554327336,0.2856122646634518,0.2147112415029144,0.1843262086786117,0.0527843907692818,0.1236854139298191,0.1540704467541218,0.10128605598484,0.1,0.1,0.1,46660,2928,CDU-protocol-fast-v1,complementary_alpha_2
827_Exathlon_id_18_Facility_tr_10766_1st_12590.csv,Exathlon,complementary_alpha_2,Exathlon,0.5910589381462512,0.4367697206179154,0.3806237765636407,0.2798530366857816,0.1542892175283358,0.2104351615826105,0.3112059014604696,0.1569166839321338,0.1,0.1,0.1,43066,5437,CDU-protocol-fast-v1,complementary_alpha_2
828_Exathlon_id_19_Facility_tr_11663_1st_13482.csv,Exathlon,complementary_alpha_2,Exathlon,0.3401291997647747,0.3021399170343675,0.2147281205342773,0.1931099827688464,0.0379892827304071,0.1254010792304973,0.1470192169959283,0.1090299342655211,0.1,0.1,0.1,46655,2948,CDU-protocol-fast-v1,complementary_alpha_2
829_Exathlon_id_20_Facility_tr_10766_1st_12590.csv,Exathlon,complementary_alpha_2,Exathlon,0.5910589381462512,0.447824080505201,0.3738863414483014,0.2857484413141058,0.1432348576410502,0.2171725966979497,0.3053104968321453,0.1620756391910951,0.1,0.1,0.1,43066,5437,CDU-protocol-fast-v1,complementary_alpha_2
830_Exathlon_id_21_Facility_tr_10766_1st_12590.csv,Exathlon,complementary_alpha_2,Exathlon,0.5910589381462512,0.5471087903381027,0.3791988374123776,0.358114791522383,0.0439501478081485,0.2118601007338736,0.2329441466238681,0.1889939988157196,0.1,0.1,0.1,43066,5437,CDU-protocol-fast-v1,complementary_alpha_2
831_Exathlon_id_22_Facility_tr_11665_1st_13484.csv,Exathlon,complementary_alpha_2,Exathlon,0.3383966554327336,0.2856122646634518,0.2139550116230277,0.1834144623519221,0.0527843907692818,0.1244416438097059,0.1549821930808115,0.1021978023115296,0.1,0.1,0.1,46660,2928,CDU-protocol-fast-v1,complementary_alpha_2
832_Exathlon_id_23_Facility_tr_10766_1st_12590.csv,Exathlon,complementary_alpha_2,Exathlon,0.5910589381462512,0.447824080505201,0.380110763831602,0.2907018897934419,0.1432348576410502,0.2109481743146491,0.3003570483528093,0.1571221907117591,0.1,0.1,0.1,43066,5437,CDU-protocol-fast-v1,complementary_alpha_2
833_Exathlon_id_24_Facility_tr_10766_1st_12590.csv,Exathlon,complementary_alpha_2,Exathlon,0.5910589381462512,0.3949622386184044,0.3759278596606207,0.2531172309699671,0.1960966995278468,0.2151310784856305,0.3379417071762841,0.1418450076484372,0.1,0.1,0.1,43066,5437,CDU-protocol-fast-v1,complementary_alpha_2
834_Exathlon_id_25_Facility_tr_11665_1st_13484.csv,Exathlon,complementary_alpha_2,Exathlon,0.3383966554327336,0.2856122646634518,0.2123154753721563,0.181662834850488,0.0527843907692818,0.1260811800605772,0.1567338205822455,0.1039494298129637,0.1,0.1,0.1,46660,2928,CDU-protocol-fast-v1,complementary_alpha_2
835_Exathlon_id_26_Facility_tr_10766_1st_12590.csv,Exathlon,complementary_alpha_2,Exathlon,0.5910589381462512,0.6540245625665059,0.3772217946601793,0.4302999354755442,-0.0629656244202546,0.2138371434860718,0.160759002670707,0.2237246270909617,0.1,0.1,0.1,43066,5437,CDU-protocol-fast-v1,complementary_alpha_2
836_Exathlon_id_27_Facility_tr_10766_1st_12590.csv,Exathlon,complementary_alpha_2,Exathlon,0.5910589381462512,0.3949622386184044,0.3727570350313193,0.2502175366065777,0.1960966995278468,0.2183019031149319,0.3408414015396734,0.1447447020118266,0.1,0.1,0.1,43066,5437,CDU-protocol-fast-v1,complementary_alpha_2
837_Exathlon_id_28_Facility_tr_8898_1st_8998.csv,Exathlon,complementary_alpha_2,Exathlon,0.4205924877163967,0.4659297475088861,0.2641555343343096,0.2953901929140333,-0.0453372597924894,0.156436953382087,0.1252022948023633,0.1705395545948527,0.1,0.1,0.1,46650,3891,CDU-protocol-fast-v1,complementary_alpha_2
838_Exathlon_id_29_Facility_tr_10766_1st_12590.csv,Exathlon,complementary_alpha_2,Exathlon,0.5910589381462512,0.5907887612902277,0.3782016818573163,0.3850697964120286,0.0002701768560234,0.2128572562889348,0.2059891417342226,0.2057189648781991,0.1,0.1,0.1,43066,5437,CDU-protocol-fast-v1,complementary_alpha_2
839_Exathlon_id_30_Facility_tr_10766_1st_12590.csv,Exathlon,complementary_alpha_2,Exathlon,0.5910589381462512,0.447824080505201,0.373703204704364,0.2847791130528829,0.1432348576410502,0.2173557334418872,0.3062798250933683,0.1630449674523181,0.1,0.1,0.1,43066,5437,CDU-protocol-fast-v1,complementary_alpha_2
840_Exathlon_id_31_Facility_tr_10766_1st_12590.csv,Exathlon,complementary_alpha_2,Exathlon,0.5910589381462512,0.4367697206179154,0.3803261053236508,0.2798300431443666,0.1542892175283358,0.2107328328226004,0.3112288950018845,0.1569396774735487,0.1,0.1,0.1,43066,5437,CDU-protocol-fast-v1,complementary_alpha_2
841_Exathlon_id_32_Facility_tr_11663_1st_13482.csv,Exathlon,complementary_alpha_2,Exathlon,0.3401291997647747,0.2352715670401938,0.2132346463725034,0.1494244692494448,0.1048576327245808,0.1268945533922712,0.1907047305153298,0.085847097790749,0.1,0.1,0.1,46655,2948,CDU-protocol-fast-v1,complementary_alpha_2
842_OPPORTUNITY_id_1_HumanActivity_tr_7295_1st_27516.csv,OPPORTUNITY,complementary_alpha_2,OPPORTUNITY,0.1361741528429222,0.1560156124175955,0.1191025724110056,0.1280471337301772,-0.0198414595746733,0.0170715804319165,0.0081270191127449,0.0279684786874182,0.1,0.1,0.1,29182,330,CDU-protocol-fast-v1,complementary_alpha_2
843_OPPORTUNITY_id_2_HumanActivity_tr_808_1st_908.csv,OPPORTUNITY,complementary_alpha_2,OPPORTUNITY,0.5871383142152801,0.7917259023505411,0.3651851494544114,0.5104803525640367,-0.204587588135261,0.2219531647608686,0.0766579616512433,0.2812455497865044,0.1,0.1,0.1,9057,1142,CDU-protocol-fast-v1,complementary_alpha_2
844_OPPORTUNITY_id_3_HumanActivity_tr_500_1st_566.csv,OPPORTUNITY,complementary_alpha_2,OPPORTUNITY,0.3344604207133003,0.359826741030982,0.2124733991576508,0.2249541478133446,-0.0253663203176817,0.1219870215556494,0.1095062728999556,0.1348725932176373,0.1,0.1,0.1,15653,967,CDU-protocol-fast-v1,complementary_alpha_2
845_OPPORTUNITY_id_4_HumanActivity_tr_7295_1st_27516.csv,OPPORTUNITY,complementary_alpha_2,OPPORTUNITY,0.1361741528429222,0.1554119769111372,0.1192459191439744,0.1262870521481802,-0.019237824068215,0.0169282336989477,0.0098871006947419,0.0291249247629569,0.1,0.1,0.1,29182,330,CDU-protocol-fast-v1,complementary_alpha_2
846_OPPORTUNITY_id_5_HumanActivity_tr_2085_1st_2185.csv,OPPORTUNITY,complementary_alpha_2,OPPORTUNITY,0.2365509154601663,0.3009542656110027,0.1622136900095184,0.2021996745419026,-0.0644033501508364,0.0743372254506478,0.0343512409182636,0.0987545910691,0.1,0.1,0.1,22194,818,CDU-protocol-fast-v1,complementary_alpha_2
847_OPPORTUNITY_id_6_HumanActivity_tr_808_1st_908.csv,OPPORTUNITY,complementary_alpha_2,OPPORTUNITY,0.5871383142152801,0.8632380219754142,0.371853335932689,0.5715969709113942,-0.2760997077601341,0.215284978282591,0.0155413433038859,0.29164105106402,0.1,0.1,0.1,9057,1142,CDU-protocol-fast-v1,complementary_alpha_2
848_OPPORTUNITY_id_7_HumanActivity_tr_1477_1st_1577.csv,OPPORTUNITY,complementary_alpha_2,OPPORTUNITY,0.1781275678879195,0.1663103770423931,0.1389130395682196,0.1260452793618411,0.0118171908455264,0.0392145283196999,0.0520822885260783,0.0402650976805519,0.1,0.1,0.1,18011,396,CDU-protocol-fast-v1,complementary_alpha_2
849_OPPORTUNITY_id_8_HumanActivity_tr_1100_1st_1200.csv,OPPORTUNITY,complementary_alpha_2,OPPORTUNITY,0.1877099177944515,0.2074945180166798,0.1416225767999435,0.1505083811854889,-0.0197846002222283,0.0460873409945079,0.0372015366089625,0.0569861368311908,0.1,0.1,0.1,24892,608,CDU-protocol-fast-v1,complementary_alpha_2
850_OPPORTUNITY_id_9_HumanActivity_tr_895_1st_995.csv,OPPORTUNITY,complementary_alpha_2,OPPORTUNITY,0.2084048165942393,0.2201727948202856,0.1502803840210407,0.1546276022485611,-0.0117679782260463,0.0581244325731985,0.0537772143456782,0.0655451925717245,0.1,0.1,0.1,14751,438,CDU-protocol-fast-v1,complementary_alpha_2
851_OPPORTUNITY_id_10_HumanActivity_tr_6213_1st_7311.csv,OPPORTUNITY,complementary_alpha_2,OPPORTUNITY,0.2296003845866163,0.3405770580164143,0.1574110098347177,0.2318024694099592,-0.110976673429798,0.0721893747518985,-0.0022020848233428,0.1087745886064551,0.1,0.1,0.1,24852,872,CDU-protocol-fast-v1,complementary_alpha_2
853_OPPORTUNITY_id_12_HumanActivity_tr_808_1st_908.csv,OPPORTUNITY,complementary_alpha_2,OPPORTUNITY,0.5871383142152801,0.8985644465983316,0.3669142967322422,0.5989622703356585,-0.3114261323830515,0.2202240174830378,-0.0118239561203784,0.299602176262673,0.1,0.1,0.1,9057,1142,CDU-protocol-fast-v1,complementary_alpha_2
854_OPPORTUNITY_id_13_HumanActivity_tr_1477_1st_1577.csv,OPPORTUNITY,complementary_alpha_2,OPPORTUNITY,0.1781275678879195,0.177713748489127,0.1384926689144612,0.132491825962764,0.0004138193987925,0.0396348989734582,0.0456357419251554,0.0452219225263629,0.1,0.1,0.1,18011,396,CDU-protocol-fast-v1,complementary_alpha_2
855_OPPORTUNITY_id_14_HumanActivity_tr_808_1st_908.csv,OPPORTUNITY,complementary_alpha_2,OPPORTUNITY,0.5871383142152801,0.850462249982976,0.3624085520189223,0.5543567649447577,-0.2633239357676959,0.2247297621963577,0.0327815492705223,0.2961054850382183,0.1,0.1,0.1,9057,1142,CDU-protocol-fast-v1,complementary_alpha_2
856_OPPORTUNITY_id_15_HumanActivity_tr_808_1st_908.csv,OPPORTUNITY,complementary_alpha_2,OPPORTUNITY,0.5871383142152801,0.8821147358487812,0.3773989534556317,0.5938049075200665,-0.2949764216335011,0.2097393607596483,-0.0066665933047864,0.2883098283287146,0.1,0.1,0.1,9057,1142,CDU-protocol-fast-v1,complementary_alpha_2
857_OPPORTUNITY_id_16_HumanActivity_tr_500_1st_566.csv,OPPORTUNITY,complementary_alpha_2,OPPORTUNITY,0.3344604207133003,0.4337740256159521,0.2139307206902816,0.2837609207298168,-0.0993136049026517,0.1205297000230186,0.0506994999834834,0.1500131048861352,0.1,0.1,0.1,15653,967,CDU-protocol-fast-v1,complementary_alpha_2
858_OPPORTUNITY_id_17_HumanActivity_tr_808_1st_908.csv,OPPORTUNITY,complementary_alpha_2,OPPORTUNITY,0.5871383142152801,0.924768669751845,0.372408977382214,0.6234752222937745,-0.3376303555365649,0.214729336833066,-0.0363369080784944,0.3012934474580705,0.1,0.1,0.1,9057,1142,CDU-protocol-fast-v1,complementary_alpha_2
859_OPPORTUNITY_id_18_HumanActivity_tr_895_1st_995.csv,OPPORTUNITY,complementary_alpha_2,OPPORTUNITY,0.2084048165942393,0.231208047481942,0.150710928913229,0.1612151163339704,-0.0228032308877026,0.0576938876810102,0.0471897002602688,0.0699929311479715,0.1,0.1,0.1,14751,438,CDU-protocol-fast-v1,complementary_alpha_2
860_OPPORTUNITY_id_19_HumanActivity_tr_808_1st_908.csv,OPPORTUNITY,complementary_alpha_2,OPPORTUNITY,0.5871383142152801,0.8533380355622447,0.3785753603939429,0.5752171359729992,-0.2661997213469647,0.2085629538213371,0.0119211782422808,0.2781208995892456,0.1,0.1,0.1,9057,1142,CDU-protocol-fast-v1,complementary_alpha_2
861_OPPORTUNITY_id_20_HumanActivity_tr_2085_1st_2185.csv,OPPORTUNITY,complementary_alpha_2,OPPORTUNITY,0.2365509154601663,0.2669523683629944,0.165512284964227,0.1823339400321557,-0.0304014529028281,0.0710386304959392,0.0542169754280106,0.0846184283308387,0.1,0.1,0.1,22194,818,CDU-protocol-fast-v1,complementary_alpha_2
862_OPPORTUNITY_id_21_HumanActivity_tr_500_1st_566.csv,OPPORTUNITY,complementary_alpha_2,OPPORTUNITY,0.3344604207133003,0.4067945500712892,0.2139047630514866,0.2609855637044046,-0.0723341293579888,0.1205556576618137,0.0734748570088956,0.1458089863668845,0.1,0.1,0.1,15653,967,CDU-protocol-fast-v1,complementary_alpha_2
863_OPPORTUNITY_id_22_HumanActivity_tr_808_1st_908.csv,OPPORTUNITY,complementary_alpha_2,OPPORTUNITY,0.5871383142152801,0.8387032793027022,0.3660325548675786,0.5434586665762996,-0.2515649650874221,0.2211057593477015,0.0436796476389804,0.2952446127264025,0.1,0.1,0.1,9057,1142,CDU-protocol-fast-v1,complementary_alpha_2
865_OPPORTUNITY_id_24_HumanActivity_tr_2085_1st_2185.csv,OPPORTUNITY,complementary_alpha_2,OPPORTUNITY,0.2365509154601663,0.2672391635365892,0.1658386299149976,0.1805756092999258,-0.0306882480764229,0.0707122855451686,0.0559753061602404,0.0866635542366633,0.1,0.1,0.1,22194,818,CDU-protocol-fast-v1,complementary_alpha_2
866_OPPORTUNITY_id_25_HumanActivity_tr_6213_1st_7311.csv,OPPORTUNITY,complementary_alpha_2,OPPORTUNITY,0.2296003845866163,0.3173672055964974,0.1607860575745656,0.2178966344020494,-0.087766821009881,0.0688143270120506,0.0117037501845668,0.0994705711944479,0.1,0.1,0.1,24852,872,CDU-protocol-fast-v1,complementary_alpha_2
867_OPPORTUNITY_id_26_HumanActivity_tr_808_1st_908.csv,OPPORTUNITY,complementary_alpha_2,OPPORTUNITY,0.5871383142152801,0.9450234805858582,0.3692127879799226,0.631420264656855,-0.3578851663705781,0.2179255262353575,-0.0442819504415749,0.3136032159290032,0.1,0.1,0.1,9057,1142,CDU-protocol-fast-v1,complementary_alpha_2
868_OPPORTUNITY_id_27_HumanActivity_tr_2085_1st_2185.csv,OPPORTUNITY,complementary_alpha_2,OPPORTUNITY,0.2365509154601663,0.2875607068096743,0.1659833745274429,0.1972363752015171,-0.051009791349508,0.0705675409327233,0.0393145402586491,0.0903243316081572,0.1,0.1,0.1,22194,818,CDU-protocol-fast-v1,complementary_alpha_2
869_OPPORTUNITY_id_28_HumanActivity_tr_500_1st_566.csv,OPPORTUNITY,complementary_alpha_2,OPPORTUNITY,0.3344604207133003,0.4593897499875343,0.2123851095546724,0.2998534531853792,-0.124929329274234,0.1220753111586278,0.034606967527921,0.159536296802155,0.1,0.1,0.1,15653,967,CDU-protocol-fast-v1,complementary_alpha_2
870_OPPORTUNITY_id_29_HumanActivity_tr_1477_1st_1577.csv,OPPORTUNITY,complementary_alpha_2,OPPORTUNITY,0.1781275678879195,0.1837525974478287,0.134444513461283,0.1330997189199767,-0.0056250295599092,0.0436830544266364,0.0450278489679427,0.0506528785278519,0.1,0.1,0.1,18011,396,CDU-protocol-fast-v1,complementary_alpha_2
